any,tipus_de_territori,territori,renda,preu_lloguer,poblacio_total,Espanya,No consta,Resta de la Unió Europea,Resta del món,Educació primària o inferior,Educació superior,Primera etapa d’educació secundària i similar,Segona etapa d’educació secundària i similar,atur,num_contractes,superficie_mitja,hut,territori_id
2000,Barri,baro de viver,,,2368,2351.0,0.0,0.0,16.0,,,,,,,,,0
2001,Barri,baro de viver,,,2373,2354.0,0.0,0.0,18.0,0.0,0.0,0.0,0.0,,,,,0
2002,Barri,baro de viver,,,2393,2363.0,0.0,0.0,26.0,,,,,,,,,0
2003,Barri,baro de viver,,,2382,2334.0,0.0,6.0,41.0,,,,,,,,,0
2004,Barri,baro de viver,,,2365,2301.0,0.0,0.0,60.0,,,,,,,,,0
2005,Barri,baro de viver,,,2382,2300.0,0.0,5.0,77.0,,,,,,,,,0
2006,Barri,baro de viver,,,2421,2302.0,0.0,11.0,108.0,,,,,,,,,0
2007,Barri,baro de viver,,,2417,2287.0,0.0,13.0,117.0,,,,,,,,,0
2008,Barri,baro de viver,,,2458,2279.0,0.0,19.0,160.0,,,,,,,,,0
2009,Barri,baro de viver,,,2452,2278.0,0.0,17.0,157.0,,,,,,,,,0
2010,Barri,baro de viver,,,2392,2222.0,0.0,16.0,154.0,,,,,,,,,0
2011,Barri,baro de viver,,,2411,2244.0,0.0,18.0,149.0,0.0,0.0,0.0,0.0,1700.0,,,,0
2012,Barri,baro de viver,,,2411,2227.0,0.0,23.0,161.0,,,,,1830.0,,,,0
2013,Barri,baro de viver,,,2416,2210.0,0.0,25.0,181.0,,,,,1880.0,,,,0
2014,Barri,baro de viver,,39.0,2479,2226.0,0.0,28.0,225.0,,,,,1810.0,280.0,58.9,,0
2015,Barri,baro de viver,54.054970463386,48.0,2482,2226.0,0.0,32.0,224.0,,,,,1690.0,250.0,56.9,,0
2016,Barri,baro de viver,54.151999961414,35.0,2511,2249.0,0.0,35.0,227.0,,,,,1520.0,180.0,59.6,,0
2017,Barri,baro de viver,54.2584253524769,62.0,2539,2247.0,0.0,35.0,257.0,,,,,1320.0,110.0,72.9,,0
2018,Barri,baro de viver,55.4696950378068,75.0,2535,2211.0,0.0,39.0,285.0,,,,,1220.0,200.0,79.1,,0
2019,Barri,baro de viver,53.2264539677179,65.0,2604,2233.0,0.0,44.0,327.0,,,,,1150.0,90.0,71.4,,0
2020,Barri,baro de viver,54.6484731087538,75.0,2625,2233.0,0.0,44.0,348.0,,,,,1180.0,130.0,76.8,,0
2021,Barri,baro de viver,57.8508551232308,80.0,2653,2226.0,0.0,43.0,384.0,465.0,384.0,864.0,507.0,1450.0,180.0,68.4,,0
2022,Barri,baro de viver,,61.0,2603,2207.0,0.0,47.0,349.0,412.0,398.0,868.0,508.0,1070.0,70.0,83.0,,0
2023,Barri,baro de viver,,92.0,2582,2191.0,0.0,41.0,350.0,382.0,410.0,867.0,522.0,1080.0,100.0,77.3,,0
2024,Barri,baro de viver,,78.0,2612,2188.0,0.0,41.0,383.0,,,,,1070.0,80.0,66.6,,0
2025,Barri,baro de viver,,84.0,2678,2182.0,0.0,55.0,441.0,,,,,1060.0,150.0,63.4,,0
2000,Barri,can baro,,,8858,8703.0,0.0,40.0,115.0,,,,,,,,,1
2001,Barri,can baro,,,8848,8593.0,0.0,53.0,202.0,0.0,0.0,0.0,0.0,,,,,1
2002,Barri,can baro,,,9046,8639.0,0.0,68.0,337.0,,,,,,,,,1
2003,Barri,can baro,,,9072,8466.0,0.0,78.0,526.0,,,,,,,,,1
2004,Barri,can baro,,,8963,8271.0,0.0,103.0,588.0,,,,,,,,,1
2005,Barri,can baro,,,8980,8113.0,0.0,145.0,718.0,,,,,,,,,1
2006,Barri,can baro,,,8945,8040.0,0.0,170.0,731.0,,,,,,,,,1
2007,Barri,can baro,,,8931,7988.0,0.0,243.0,700.0,,,,,,,,,1
2008,Barri,can baro,,,9076,7956.0,0.0,275.0,844.0,,,,,,,,,1
2009,Barri,can baro,,,9161,7917.0,0.0,322.0,921.0,,,,,,,,,1
2010,Barri,can baro,,,9124,7867.0,0.0,364.0,893.0,,,,,,,,,1
2011,Barri,can baro,,,8925,7783.0,0.0,309.0,833.0,0.0,0.0,0.0,0.0,5670.0,,,,1
2012,Barri,can baro,,,9002,7762.0,0.0,346.0,894.0,,,,,5990.0,,,,1
2013,Barri,can baro,,,8973,7707.0,0.0,360.0,906.0,,,,,5970.0,,,,1
2014,Barri,can baro,,94.0,8860,7664.0,0.0,372.0,823.0,,,,,5670.0,2130.0,60.2,13.0,1
2015,Barri,can baro,91.8741526330145,101.0,8824,7667.0,0.0,365.0,790.0,,,,,5170.0,2110.0,58.5,13.0,1
2016,Barri,can baro,89.7182738545982,115.0,8969,7806.0,0.0,382.0,779.0,,,,,4430.0,2070.0,59.6,20.0,1
2017,Barri,can baro,89.8714921106339,124.0,9020,7751.0,0.0,421.0,846.0,,,,,3950.0,2690.0,59.8,20.0,1
2018,Barri,can baro,89.0371791620538,122.0,9071,7760.0,0.0,436.0,873.0,,,,,3830.0,2850.0,62.7,20.0,1
2019,Barri,can baro,89.1078607122457,134.0,9247,7719.0,0.0,501.0,1025.0,,,,,3680.0,2650.0,60.1,20.0,1
2020,Barri,can baro,91.5880802988794,129.0,9331,7661.0,0.0,563.0,1105.0,,,,,3840.0,2000.0,62.5,20.0,1
2021,Barri,can baro,92.5598988259354,125.0,9320,7605.0,0.0,555.0,1159.0,1056.0,3555.0,1575.0,1899.0,4940.0,2770.0,62.1,20.0,1
2022,Barri,can baro,,137.0,9271,7566.0,0.0,563.0,1141.0,953.0,3596.0,1598.0,1878.0,3220.0,2390.0,61.8,20.0,1
2023,Barri,can baro,,150.0,9421,7526.0,0.0,535.0,1359.0,949.0,3781.0,1565.0,1948.0,3120.0,1770.0,62.4,200.0,1
2024,Barri,can baro,,157.0,9525,7577.0,0.0,566.0,1381.0,,,,,3320.0,1620.0,61.0,250.0,1
2025,Barri,can baro,,160.0,9672,7548.0,0.0,615.0,1508.0,,,,,3200.0,1580.0,56.2,,1
2000,Barri,can peguera,,,2244,2211.0,,0.0,33.0,,,,,,,,,2
2001,Barri,can peguera,,,2185,2154.0,,0.0,31.0,0.0,0.0,0.0,0.0,,,,,2
2002,Barri,can peguera,,,2150,2114.0,,0.0,36.0,,,,,,,,,2
2003,Barri,can peguera,,,2125,2077.0,,0.0,48.0,,,,,,,,,2
2004,Barri,can peguera,,,2105,2056.0,,0.0,49.0,,,,,,,,,2
2005,Barri,can peguera,,,2120,2057.0,,0.0,62.0,,,,,,,,,2
2006,Barri,can peguera,,,2128,2060.0,,0.0,66.0,,,,,,,,,2
2007,Barri,can peguera,,,2138,2057.0,,14.0,67.0,,,,,,,,,2
2008,Barri,can peguera,,,2145,2070.0,,12.0,63.0,,,,,,,,,2
2009,Barri,can peguera,,,2161,2079.0,,16.0,66.0,,,,,,,,,2
2010,Barri,can peguera,,,2215,2132.0,,20.0,63.0,,,,,,,,,2
2011,Barri,can peguera,,,2240,2142.0,,23.0,75.0,0.0,0.0,0.0,0.0,1480.0,,,,2
2012,Barri,can peguera,,,2238,2127.0,,22.0,89.0,,,,,1670.0,,,,2
2013,Barri,can peguera,,,2229,2109.0,,19.0,101.0,,,,,1720.0,,,,2
2014,Barri,can peguera,,53.0,2261,2122.0,,25.0,114.0,,,,,1680.0,330.0,41.8,,2
2015,Barri,can peguera,60.3440976884801,58.0,2275,2113.0,,32.0,130.0,,,,,1570.0,110.0,45.2,,2
2016,Barri,can peguera,59.7325506803197,81.0,2255,2095.0,,27.0,133.0,,,,,1410.0,180.0,50.8,,2
2017,Barri,can peguera,59.836262310508,112.0,2273,2096.0,,27.0,150.0,,,,,1230.0,140.0,48.7,,2
2018,Barri,can peguera,60.8855416669999,81.0,2270,2065.0,,24.0,181.0,,,,,1180.0,70.0,55.5,,2
2019,Barri,can peguera,58.9120973275518,119.0,2289,2045.0,,26.0,218.0,,,,,1090.0,70.0,55.3,,2
2020,Barri,can peguera,59.044673436265,,2274,2015.0,,26.0,233.0,,,,,1090.0,60.0,,,2
2021,Barri,can peguera,62.5181418830408,,2215,1968.0,,25.0,222.0,375.0,441.0,687.0,459.0,1460.0,50.0,46.7,,2
2022,Barri,can peguera,,,2187,1963.0,,29.0,195.0,344.0,445.0,707.0,424.0,1040.0,50.0,52.0,,2
2023,Barri,can peguera,,,2170,1971.0,,21.0,178.0,321.0,444.0,699.0,439.0,1010.0,20.0,52.0,,2
2024,Barri,can peguera,,125.0,2180,1963.0,,28.0,189.0,,,,,1050.0,110.0,54.0,,2
2025,Barri,can peguera,,84.0,2170,1935.0,,31.0,204.0,,,,,1040.0,150.0,46.8,,2
2000,Barri,canyelles,,,8385,8346.0,0.0,10.0,29.0,,,,,,,,,3
2001,Barri,canyelles,,,8159,8103.0,0.0,9.0,47.0,0.0,0.0,0.0,0.0,,,,,3
2002,Barri,canyelles,,,8185,8059.0,0.0,14.0,111.0,,,,,,,,,3
2003,Barri,canyelles,,,8052,7843.0,0.0,22.0,186.0,,,,,,,,,3
2004,Barri,canyelles,,,7874,7651.0,0.0,25.0,198.0,,,,,,,,,3
2005,Barri,canyelles,,,7722,7450.0,0.0,28.0,244.0,,,,,,,,,3
2006,Barri,canyelles,,,7594,7267.0,0.0,35.0,292.0,,,,,,,,,3
2007,Barri,canyelles,,,7511,7135.0,0.0,47.0,329.0,,,,,,,,,3
2008,Barri,canyelles,,,7471,7060.0,0.0,53.0,358.0,,,,,,,,,3
2009,Barri,canyelles,,,7440,7025.0,0.0,53.0,362.0,,,,,,,,,3
2010,Barri,canyelles,,,7305,6965.0,0.0,54.0,286.0,,,,,,,,,3
2011,Barri,canyelles,,,7239,6872.0,0.0,59.0,308.0,0.0,0.0,0.0,0.0,6170.0,,,,3
2012,Barri,canyelles,,,7193,6804.0,0.0,56.0,333.0,,,,,6710.0,,,,3
2013,Barri,canyelles,,,7108,6742.0,0.0,65.0,301.0,,,,,6940.0,,,,3
2014,Barri,canyelles,,70.0,6980,6648.0,0.0,72.0,260.0,,,,,6660.0,390.0,78.7,1.0,3
2015,Barri,canyelles,83.9058239012464,72.0,6952,6673.0,0.0,58.0,221.0,,,,,6200.0,210.0,79.7,1.0,3
2016,Barri,canyelles,81.8775472799271,80.0,6925,6628.0,0.0,50.0,247.0,,,,,5470.0,380.0,78.6,1.0,3
2017,Barri,canyelles,79.7622143573246,86.0,6863,6560.0,0.0,50.0,253.0,,,,,4950.0,470.0,79.9,1.0,3
2018,Barri,canyelles,80.264993453031,95.0,6885,6562.0,0.0,52.0,271.0,,,,,4750.0,340.0,79.6,1.0,3
2019,Barri,canyelles,79.9944047075898,95.0,6884,6477.0,0.0,63.0,344.0,,,,,4370.0,510.0,80.6,1.0,3
2020,Barri,canyelles,81.2966302404576,97.0,6869,6408.0,0.0,74.0,387.0,,,,,4320.0,540.0,80.9,1.0,3
2021,Barri,canyelles,83.8935657712281,94.0,6813,6364.0,0.0,72.0,377.0,1170.0,1596.0,1950.0,1350.0,5670.0,390.0,81.5,1.0,3
2022,Barri,canyelles,,97.0,6787,6301.0,0.0,73.0,413.0,1103.0,1625.0,1956.0,1386.0,4100.0,400.0,83.7,1.0,3
2023,Barri,canyelles,,108.0,6786,6252.0,0.0,66.0,467.0,1062.0,1680.0,1933.0,1418.0,3550.0,430.0,78.5,10.0,3
2024,Barri,canyelles,,103.0,6797,6211.0,0.0,59.0,526.0,,,,,3660.0,340.0,86.1,20.0,3
2025,Barri,canyelles,,100.0,6817,6208.0,0.0,56.0,552.0,,,,,3660.0,360.0,80.7,,3
2000,Barri,ciutat meridiana,,,9712,9603.0,0.0,13.0,92.0,,,,,,,,,4
2001,Barri,ciutat meridiana,,,9624,9391.0,0.0,23.0,208.0,0.0,0.0,0.0,0.0,,,,,4
2002,Barri,ciutat meridiana,,,9613,9100.0,0.0,27.0,483.0,,,,,,,,,4
2003,Barri,ciutat meridiana,,,9890,8731.0,0.0,34.0,1123.0,,,,,,,,,4
2004,Barri,ciutat meridiana,,,10116,8364.0,0.0,43.0,1708.0,,,,,,,,,4
2005,Barri,ciutat meridiana,,,10283,7882.0,0.0,54.0,2345.0,,,,,,,,,4
2006,Barri,ciutat meridiana,,,10498,7497.0,0.0,64.0,2936.0,,,,,,,,,4
2007,Barri,ciutat meridiana,,,10652,7224.0,0.0,128.0,3297.0,,,,,,,,,4
2008,Barri,ciutat meridiana,,,11139,7069.0,0.0,211.0,3857.0,,,,,,,,,4
2009,Barri,ciutat meridiana,,,11231,6998.0,0.0,226.0,4006.0,,,,,,,,,4
2010,Barri,ciutat meridiana,,,10860,7005.0,0.0,220.0,3634.0,,,,,,,,,4
2011,Barri,ciutat meridiana,,,10886,6992.0,0.0,267.0,3627.0,0.0,0.0,0.0,0.0,1232.0,,,,4
2012,Barri,ciutat meridiana,,,10745,6931.0,0.0,277.0,3537.0,,,,,1334.0,,,,4
2013,Barri,ciutat meridiana,,,10494,7047.0,0.0,205.0,3242.0,,,,,1378.0,,,,4
2014,Barri,ciutat meridiana,,64.0,10174,7136.0,0.0,196.0,2842.0,,,,,133.0,1460.0,58.8,,4
2015,Barri,ciutat meridiana,51.5549667236273,66.0,10239,7373.0,0.0,197.0,2669.0,,,,,127.0,1150.0,60.8,,4
2016,Barri,ciutat meridiana,48.4971711627413,70.0,10055,7304.0,0.0,187.0,2564.0,,,,,1162.0,1220.0,58.5,,4
2017,Barri,ciutat meridiana,48.643511928649,76.0,10369,7419.0,0.0,183.0,2767.0,,,,,9810.0,1270.0,58.5,,4
2018,Barri,ciutat meridiana,49.578034554258,87.0,10622,7429.0,0.0,172.0,3021.0,,,,,9770.0,1420.0,58.6,,4
2019,Barri,ciutat meridiana,47.8075973832353,97.0,10864,7431.0,0.0,190.0,3243.0,,,,,9080.0,1260.0,59.3,,4
2020,Barri,ciutat meridiana,47.5096695277452,92.0,11091,7456.0,0.0,201.0,3434.0,,,,,9170.0,920.0,58.6,,4
2021,Barri,ciutat meridiana,50.4973914039935,89.0,11152,7436.0,0.0,189.0,3527.0,2184.0,1512.0,3321.0,2037.0,1236.0,1150.0,59.5,,4
2022,Barri,ciutat meridiana,,97.0,10808,7422.0,0.0,182.0,3204.0,1979.0,1516.0,3307.0,2023.0,8840.0,1040.0,58.6,,4
2023,Barri,ciutat meridiana,,104.0,10857,7483.0,0.0,179.0,3195.0,1935.0,1576.0,3318.0,2137.0,7850.0,1130.0,59.1,,4
2024,Barri,ciutat meridiana,,107.0,11090,7644.0,0.0,166.0,3280.0,,,,,8010.0,860.0,59.3,,4
2025,Barri,ciutat meridiana,,102.0,11351,7821.0,0.0,168.0,3362.0,,,,,7830.0,710.0,59.4,,4
2000,Barri,diagonal mar i el front maritim del poblenou,,,4267,4208.0,0.0,11.0,48.0,,,,,,,,,5
2001,Barri,diagonal mar i el front maritim del poblenou,,,4963,4879.0,0.0,22.0,62.0,0.0,0.0,0.0,0.0,,,,,5
2002,Barri,diagonal mar i el front maritim del poblenou,,,6185,5958.0,0.0,52.0,175.0,,,,,,,,,5
2003,Barri,diagonal mar i el front maritim del poblenou,,,7243,6793.0,0.0,106.0,344.0,,,,,,,,,5
2004,Barri,diagonal mar i el front maritim del poblenou,,,8131,7476.0,0.0,194.0,459.0,,,,,,,,,5
2005,Barri,diagonal mar i el front maritim del poblenou,,,8865,7937.0,0.0,302.0,624.0,,,,,,,,,5
2006,Barri,diagonal mar i el front maritim del poblenou,,,9284,8114.0,6.0,396.0,768.0,,,,,,,,,5
2007,Barri,diagonal mar i el front maritim del poblenou,,,9639,8399.0,0.0,516.0,722.0,,,,,,,,,5
2008,Barri,diagonal mar i el front maritim del poblenou,,,9964,8539.0,0.0,638.0,785.0,,,,,,,,,5
2009,Barri,diagonal mar i el front maritim del poblenou,,,10691,8998.0,0.0,744.0,949.0,,,,,,,,,5
2010,Barri,diagonal mar i el front maritim del poblenou,,,11264,9469.0,0.0,845.0,950.0,,,,,,,,,5
2011,Barri,diagonal mar i el front maritim del poblenou,,,12003,10137.0,0.0,853.0,1012.0,0.0,0.0,0.0,0.0,9100.0,,,,5
2012,Barri,diagonal mar i el front maritim del poblenou,,,12515,10495.0,0.0,906.0,1113.0,,,,,9560.0,,,,5
2013,Barri,diagonal mar i el front maritim del poblenou,,,12928,10706.0,0.0,1020.0,1202.0,,,,,1016.0,,,,5
2014,Barri,diagonal mar i el front maritim del poblenou,,112.0,13168,10944.0,0.0,1085.0,1137.0,,,,,9890.0,1820.0,92.6,145.0,5
2015,Barri,diagonal mar i el front maritim del poblenou,115.102242508889,125.0,13374,11131.0,0.0,1088.0,1153.0,,,,,9410.0,2340.0,116.5,145.0,5
2016,Barri,diagonal mar i el front maritim del poblenou,114.777913364749,139.0,13416,11163.0,0.0,1054.0,1197.0,,,,,8000.0,3370.0,129.6,129.0,5
2017,Barri,diagonal mar i el front maritim del poblenou,111.680756837077,160.0,13670,11150.0,0.0,1125.0,1393.0,,,,,7050.0,3940.0,94.4,129.0,5
2018,Barri,diagonal mar i el front maritim del poblenou,112.620758996731,153.0,13644,11017.0,0.0,1100.0,1526.0,,,,,6670.0,4130.0,72.9,128.0,5
2019,Barri,diagonal mar i el front maritim del poblenou,114.881726475523,173.0,13625,10919.0,0.0,1190.0,1516.0,,,,,6250.0,3210.0,92.5,128.0,5
2020,Barri,diagonal mar i el front maritim del poblenou,116.923139551846,167.0,13526,10745.0,0.0,1214.0,1565.0,,,,,6310.0,3200.0,82.7,127.0,5
2021,Barri,diagonal mar i el front maritim del poblenou,112.800164125994,157.0,13536,10601.0,0.0,1186.0,1747.0,1143.0,6021.0,1581.0,2163.0,8620.0,4330.0,84.8,126.0,5
2022,Barri,diagonal mar i el front maritim del poblenou,,172.0,13391,10477.0,0.0,1269.0,1643.0,1130.0,6170.0,1597.0,2135.0,6210.0,2920.0,82.0,125.0,5
2023,Barri,diagonal mar i el front maritim del poblenou,,188.0,13453,10316.0,0.0,1242.0,1893.0,1089.0,6400.0,1590.0,2163.0,6550.0,6150.0,79.6,1250.0,5
2024,Barri,diagonal mar i el front maritim del poblenou,,196.0,13494,10240.0,0.0,1254.0,1998.0,,,,,6750.0,2430.0,79.9,1280.0,5
2025,Barri,diagonal mar i el front maritim del poblenou,,224.0,13691,10225.0,0.0,1330.0,2133.0,,,,,6710.0,2080.0,86.2,,5
2000,Barri,el baix guinardo,,,24761,24143.0,5.0,115.0,498.0,,,,,,,,,6
2001,Barri,el baix guinardo,,,24847,23825.0,9.0,139.0,874.0,0.0,0.0,0.0,0.0,,,,,6
2002,Barri,el baix guinardo,,,25455,23811.0,17.0,194.0,1433.0,,,,,,,,,6
2003,Barri,el baix guinardo,,,25512,23365.0,20.0,255.0,1872.0,,,,,,,,,6
2004,Barri,el baix guinardo,,,25480,22929.0,0.0,335.0,2212.0,,,,,,,,,6
2005,Barri,el baix guinardo,,,25482,22625.0,5.0,468.0,2384.0,,,,,,,,,6
2006,Barri,el baix guinardo,,,25857,22620.0,6.0,528.0,2703.0,,,,,,,,,6
2007,Barri,el baix guinardo,,,25741,22542.0,0.0,756.0,2439.0,,,,,,,,,6
2008,Barri,el baix guinardo,,,25997,22436.0,0.0,869.0,2690.0,,,,,,,,,6
2009,Barri,el baix guinardo,,,26110,22312.0,0.0,957.0,2840.0,,,,,,,,,6
2010,Barri,el baix guinardo,,,26019,22332.0,0.0,950.0,2734.0,,,,,,,,,6
2011,Barri,el baix guinardo,,,26002,22358.0,0.0,875.0,2766.0,0.0,0.0,0.0,0.0,1537.0,,,,6
2012,Barri,el baix guinardo,,,25906,22325.0,0.0,886.0,2694.0,,,,,164.0,,,,6
2013,Barri,el baix guinardo,,,25647,22123.0,0.0,907.0,2616.0,,,,,1637.0,,,,6
2014,Barri,el baix guinardo,,96.0,25536,22162.0,0.0,962.0,2410.0,,,,,1523.0,6010.0,69.3,87.0,6
2015,Barri,el baix guinardo,100.534187128548,106.0,25474,22226.0,0.0,1032.0,2214.0,,,,,1406.0,6050.0,64.7,87.0,6
2016,Barri,el baix guinardo,98.3550299282782,114.0,25563,22246.0,0.0,1065.0,2251.0,,,,,1247.0,6090.0,64.7,106.0,6
2017,Barri,el baix guinardo,96.5703076201442,126.0,25734,22249.0,0.0,1115.0,2369.0,,,,,1107.0,7460.0,65.0,106.0,6
2018,Barri,el baix guinardo,96.7410067982145,127.0,25793,22101.0,0.0,1200.0,2490.0,,,,,104.0,8130.0,68.8,106.0,6
2019,Barri,el baix guinardo,97.7437859023779,135.0,25990,22023.0,0.0,1312.0,2652.0,,,,,9690.0,7770.0,69.1,92.0,6
2020,Barri,el baix guinardo,97.6135009433272,138.0,26180,21925.0,0.0,1377.0,2876.0,,,,,9980.0,6200.0,68.2,92.0,6
2021,Barri,el baix guinardo,99.0861712298037,126.0,25842,21386.0,0.0,1362.0,3091.0,2646.0,11055.0,3630.0,5442.0,1302.0,8650.0,67.9,76.0,6
2022,Barri,el baix guinardo,,140.0,25591,21018.0,0.0,1494.0,3075.0,2456.0,11188.0,3593.0,5386.0,8770.0,6840.0,67.2,73.0,6
2023,Barri,el baix guinardo,,155.0,25719,20851.0,0.0,1509.0,3357.0,2351.0,11640.0,3547.0,5458.0,8390.0,5380.0,69.9,810.0,6
2024,Barri,el baix guinardo,,157.0,26280,20886.0,0.0,1681.0,3709.0,,,,,8960.0,4310.0,67.6,860.0,6
2025,Barri,el baix guinardo,,159.0,26536,20855.0,6.0,1763.0,3912.0,,,,,8680.0,4530.0,67.2,,6
2000,Barri,el barri gotic,,,14807,13107.0,6.0,438.0,1256.0,,,,,,,,,7
2001,Barri,el barri gotic,,,16301,12788.0,8.0,561.0,2944.0,0.0,0.0,0.0,0.0,,,,,7
2002,Barri,el barri gotic,,,19835,12605.0,22.0,835.0,6373.0,,,,,,,,,7
2003,Barri,el barri gotic,,,22680,12414.0,22.0,1149.0,9095.0,,,,,,,,,7
2004,Barri,el barri gotic,,,25089,12318.0,21.0,1467.0,11283.0,,,,,,,,,7
2005,Barri,el barri gotic,,,27129,12085.0,28.0,1949.0,13067.0,,,,,,,,,7
2006,Barri,el barri gotic,,,27556,11891.0,28.0,2383.0,13254.0,,,,,,,,,7
2007,Barri,el barri gotic,,,27663,11752.0,18.0,3396.0,12497.0,,,,,,,,,7
2008,Barri,el barri gotic,,,25505,11252.0,17.0,3721.0,10515.0,,,,,,,,,7
2009,Barri,el barri gotic,,,22793,10790.0,7.0,3915.0,8081.0,,,,,,,,,7
2010,Barri,el barri gotic,,,18520,10514.0,5.0,2978.0,5023.0,,,,,,,,,7
2011,Barri,el barri gotic,,,17678,10323.0,0.0,2709.0,4643.0,0.0,0.0,0.0,0.0,1468.0,,,,7
2012,Barri,el barri gotic,,,16881,10102.0,0.0,2672.0,4103.0,,,,,1506.0,,,,7
2013,Barri,el barri gotic,,,16276,9703.0,0.0,2829.0,3740.0,,,,,1357.0,,,,7
2014,Barri,el barri gotic,,105.0,15735,9126.0,0.0,3081.0,3525.0,,,,,1222.0,6300.0,81.6,184.0,7
2015,Barri,el barri gotic,75.9616290787678,112.0,15514,9007.0,6.0,3079.0,3422.0,,,,,1197.0,6840.0,79.5,184.0,7
2016,Barri,el barri gotic,75.6895562125897,130.0,15729,8925.0,8.0,3208.0,3588.0,,,,,1051.0,7850.0,76.5,188.0,7
2017,Barri,el barri gotic,77.6892724948453,142.0,16240,8726.0,9.0,3392.0,4113.0,,,,,9490.0,8080.0,77.6,188.0,7
2018,Barri,el barri gotic,78.1286066553716,138.0,17035,8501.0,7.0,3377.0,5150.0,,,,,9240.0,9670.0,81.2,194.0,7
2019,Barri,el barri gotic,78.59041741061,143.0,19180,8387.0,9.0,3846.0,6938.0,,,,,8980.0,8900.0,83.2,192.0,7
2020,Barri,el barri gotic,77.2796023729295,136.0,21715,8270.0,13.0,3891.0,9541.0,,,,,9180.0,7300.0,82.3,193.0,7
2021,Barri,el barri gotic,79.0597502715795,126.0,22850,8257.0,12.0,3436.0,11145.0,4506.0,7788.0,3534.0,4041.0,144.0,105.0,83.4,193.0,7
2022,Barri,el barri gotic,,156.0,22748,8243.0,6.0,3505.0,10994.0,4082.0,7793.0,3813.0,4150.0,8380.0,8820.0,81.4,194.0,7
2023,Barri,el barri gotic,,164.0,24460,8385.0,10.0,3281.0,12784.0,4772.0,8596.0,4364.0,4820.0,8670.0,6140.0,85.5,2010.0,7
2024,Barri,el barri gotic,,162.0,27222,8612.0,8.0,3402.0,15200.0,,,,,9890.0,4490.0,80.9,2170.0,7
2025,Barri,el barri gotic,,165.0,27878,8903.0,8.0,3415.0,15552.0,,,,,9520.0,5440.0,79.3,,7
2000,Barri,el besos i el maresme,,,21207,20954.0,0.0,29.0,224.0,,,,,,,,,8
2001,Barri,el besos i el maresme,,,21036,20535.0,0.0,34.0,465.0,0.0,0.0,0.0,0.0,,,,,8
2002,Barri,el besos i el maresme,,,21264,20264.0,6.0,41.0,953.0,,,,,,,,,8
2003,Barri,el besos i el maresme,,,21623,19726.0,5.0,58.0,1834.0,,,,,,,,,8
2004,Barri,el besos i el maresme,,,21805,19183.0,0.0,88.0,2531.0,,,,,,,,,8
2005,Barri,el besos i el maresme,,,22067,18681.0,10.0,124.0,3252.0,,,,,,,,,8
2006,Barri,el besos i el maresme,,,22403,18212.0,12.0,163.0,4016.0,,,,,,,,,8
2007,Barri,el besos i el maresme,,,22033,17640.0,9.0,403.0,3981.0,,,,,,,,,8
2008,Barri,el besos i el maresme,,,23319,17427.0,0.0,597.0,5293.0,,,,,,,,,8
2009,Barri,el besos i el maresme,,,24018,17350.0,0.0,637.0,6029.0,,,,,,,,,8
2010,Barri,el besos i el maresme,,,23798,17290.0,0.0,597.0,5908.0,,,,,,,,,8
2011,Barri,el besos i el maresme,,,23976,17313.0,0.0,606.0,6055.0,0.0,0.0,0.0,0.0,208.0,,,,8
2012,Barri,el besos i el maresme,,,23720,17269.0,0.0,596.0,5851.0,,,,,2188.0,,,,8
2013,Barri,el besos i el maresme,,,23143,17117.0,0.0,640.0,5385.0,,,,,2327.0,,,,8
2014,Barri,el besos i el maresme,,77.0,22840,17048.0,0.0,627.0,5165.0,,,,,2263.0,3470.0,62.3,30.0,8
2015,Barri,el besos i el maresme,62.3212333026008,84.0,22844,17336.0,0.0,592.0,4916.0,,,,,2153.0,2730.0,62.3,30.0,8
2016,Barri,el besos i el maresme,60.6065239305645,88.0,22783,17214.0,0.0,583.0,4985.0,,,,,1834.0,2510.0,62.6,32.0,8
2017,Barri,el besos i el maresme,60.4164111794372,100.0,23063,17068.0,0.0,687.0,5308.0,,,,,1612.0,3540.0,62.4,32.0,8
2018,Barri,el besos i el maresme,60.2924799015343,109.0,23721,17073.0,0.0,797.0,5848.0,,,,,1531.0,4180.0,64.5,32.0,8
2019,Barri,el besos i el maresme,59.0644186104994,113.0,24847,17002.0,0.0,965.0,6878.0,,,,,1429.0,4250.0,64.4,32.0,8
2020,Barri,el besos i el maresme,59.2597026035637,119.0,25705,16742.0,0.0,1042.0,7917.0,,,,,1437.0,3150.0,63.5,32.0,8
2021,Barri,el besos i el maresme,62.6361536481762,113.0,26116,16820.0,0.0,977.0,8315.0,5142.0,4971.0,6690.0,5046.0,1965.0,4040.0,64.1,32.0,8
2022,Barri,el besos i el maresme,,121.0,26349,16979.0,0.0,1024.0,8342.0,4863.0,5286.0,6994.0,5095.0,1422.0,3780.0,65.9,32.0,8
2023,Barri,el besos i el maresme,,125.0,27892,17111.0,7.0,1032.0,9742.0,5033.0,6014.0,7293.0,5711.0,1316.0,3210.0,63.6,320.0,8
2024,Barri,el besos i el maresme,,134.0,30485,17484.0,7.0,1193.0,11801.0,,,,,1354.0,2110.0,63.6,320.0,8
2025,Barri,el besos i el maresme,,132.0,30724,17670.0,6.0,1221.0,11827.0,,,,,1345.0,2570.0,62.5,,8
2000,Barri,el bon pastor,,,9847,9764.0,0.0,11.0,72.0,,,,,,,,,9
2001,Barri,el bon pastor,,,9893,9736.0,0.0,15.0,142.0,0.0,0.0,0.0,0.0,,,,,9
2002,Barri,el bon pastor,,,10032,9692.0,0.0,18.0,320.0,,,,,,,,,9
2003,Barri,el bon pastor,,,10595,9930.0,0.0,21.0,642.0,,,,,,,,,9
2004,Barri,el bon pastor,,,11389,10496.0,0.0,38.0,855.0,,,,,,,,,9
2005,Barri,el bon pastor,,,11732,10591.0,0.0,63.0,1078.0,,,,,,,,,9
2006,Barri,el bon pastor,,,12041,10604.0,0.0,70.0,1367.0,,,,,,,,,9
2007,Barri,el bon pastor,,,12172,10544.0,0.0,141.0,1487.0,,,,,,,,,9
2008,Barri,el bon pastor,,,13089,10541.0,0.0,215.0,2333.0,,,,,,,,,9
2009,Barri,el bon pastor,,,13829,10590.0,0.0,274.0,2965.0,,,,,,,,,9
2010,Barri,el bon pastor,,,13809,10639.0,0.0,296.0,2874.0,,,,,,,,,9
2011,Barri,el bon pastor,,,13621,10645.0,0.0,308.0,2668.0,0.0,0.0,0.0,0.0,9670.0,,,,9
2012,Barri,el bon pastor,,,13198,10733.0,0.0,288.0,2176.0,,,,,1037.0,,,,9
2013,Barri,el bon pastor,,,12813,10844.0,0.0,312.0,1657.0,,,,,1067.0,,,,9
2014,Barri,el bon pastor,,81.0,12676,10883.0,0.0,308.0,1485.0,,,,,103.0,1590.0,63.4,1.0,9
2015,Barri,el bon pastor,72.1540561173227,88.0,12560,10972.0,0.0,237.0,1350.0,,,,,9610.0,1730.0,63.0,1.0,9
2016,Barri,el bon pastor,70.901851646417,87.0,12594,10987.0,0.0,248.0,1358.0,,,,,8650.0,1590.0,63.4,1.0,9
2017,Barri,el bon pastor,70.7160338774873,95.0,12582,10924.0,0.0,237.0,1421.0,,,,,7490.0,1670.0,67.4,1.0,9
2018,Barri,el bon pastor,70.953288563953,108.0,12740,10865.0,0.0,250.0,1625.0,,,,,6910.0,1850.0,64.9,1.0,9
2019,Barri,el bon pastor,69.819369950316,105.0,13126,10831.0,0.0,284.0,2011.0,,,,,6520.0,1580.0,67.4,1.0,9
2020,Barri,el bon pastor,69.6042678225353,119.0,13652,10796.0,0.0,289.0,2567.0,,,,,6730.0,1740.0,64.3,1.0,9
2021,Barri,el bon pastor,73.1949721628082,108.0,13730,10707.0,0.0,282.0,2741.0,2286.0,2979.0,3360.0,2739.0,8260.0,1650.0,64.8,1.0,9
2022,Barri,el bon pastor,,115.0,13553,10627.0,0.0,286.0,2640.0,2096.0,3031.0,3459.0,2771.0,6080.0,1630.0,67.4,1.0,9
2023,Barri,el bon pastor,,109.0,14434,10632.0,0.0,280.0,3522.0,2228.0,3390.0,3616.0,3127.0,5630.0,1810.0,72.9,10.0,9
2024,Barri,el bon pastor,,105.0,15798,10870.0,0.0,338.0,4589.0,,,,,5570.0,1800.0,74.9,10.0,9
2025,Barri,el bon pastor,,114.0,15918,10985.0,0.0,329.0,4603.0,,,,,5530.0,1510.0,66.2,,9
2000,Barri,el camp de larpa del clot,,,36381,35428.0,9.0,159.0,785.0,,,,,,,,,10
2001,Barri,el camp de larpa del clot,,,36593,34926.0,9.0,195.0,1463.0,0.0,0.0,0.0,0.0,,,,,10
2002,Barri,el camp de larpa del clot,,,38125,35304.0,13.0,298.0,2510.0,,,,,,,,,10
2003,Barri,el camp de larpa del clot,,,38542,34612.0,12.0,378.0,3540.0,,,,,,,,,10
2004,Barri,el camp de larpa del clot,,,38272,33823.0,5.0,468.0,3976.0,,,,,,,,,10
2005,Barri,el camp de larpa del clot,,,38486,33264.0,10.0,582.0,4630.0,,,,,,,,,10
2006,Barri,el camp de larpa del clot,,,38898,33087.0,13.0,756.0,5042.0,,,,,,,,,10
2007,Barri,el camp de larpa del clot,,,38586,32913.0,15.0,1070.0,4588.0,,,,,,,,,10
2008,Barri,el camp de larpa del clot,,,38786,32680.0,16.0,1289.0,4801.0,,,,,,,,,10
2009,Barri,el camp de larpa del clot,,,38839,32495.0,7.0,1407.0,4930.0,,,,,,,,,10
2010,Barri,el camp de larpa del clot,,,38350,32322.0,0.0,1404.0,4622.0,,,,,,,,,10
2011,Barri,el camp de larpa del clot,,,37951,32148.0,0.0,1254.0,4548.0,0.0,0.0,0.0,0.0,2701.0,,,,10
2012,Barri,el camp de larpa del clot,,,38168,32198.0,0.0,1297.0,4670.0,,,,,2895.0,,,,10
2013,Barri,el camp de larpa del clot,,,37977,31989.0,0.0,1383.0,4603.0,,,,,2889.0,,,,10
2014,Barri,el camp de larpa del clot,,97.0,37796,31977.0,0.0,1470.0,4348.0,,,,,2725.0,1059.0,65.1,270.0,10
2015,Barri,el camp de larpa del clot,96.7259659422671,106.0,38168,32406.0,0.0,1587.0,4172.0,,,,,2507.0,102.0,63.6,270.0,10
2016,Barri,el camp de larpa del clot,95.3821221343854,117.0,38130,32284.0,0.0,1664.0,4179.0,,,,,2276.0,1034.0,63.1,267.0,10
2017,Barri,el camp de larpa del clot,94.226712329094,130.0,38247,31920.0,6.0,1832.0,4489.0,,,,,2021.0,1239.0,63.6,267.0,10
2018,Barri,el camp de larpa del clot,93.7330238716182,130.0,38327,31613.0,5.0,2027.0,4682.0,,,,,1888.0,1398.0,64.9,265.0,10
2019,Barri,el camp de larpa del clot,92.6670684260254,135.0,38912,31461.0,0.0,2337.0,5110.0,,,,,1755.0,1302.0,66.0,266.0,10
2020,Barri,el camp de larpa del clot,95.1506730747329,136.0,39136,31019.0,9.0,2521.0,5587.0,,,,,1768.0,1067.0,66.5,266.0,10
2021,Barri,el camp de larpa del clot,96.4312299607567,130.0,38838,30473.0,9.0,2451.0,5905.0,3942.0,15954.0,6033.0,8160.0,233.0,1432.0,65.8,266.0,10
2022,Barri,el camp de larpa del clot,,141.0,38207,30104.0,7.0,2568.0,5528.0,3619.0,16129.0,5894.0,8030.0,1552.0,1186.0,66.1,267.0,10
2023,Barri,el camp de larpa del clot,,158.0,38343,29706.0,5.0,2634.0,5998.0,3480.0,16892.0,5789.0,8138.0,148.0,8940.0,65.6,2920.0,10
2024,Barri,el camp de larpa del clot,,156.0,39060,29710.0,6.0,2841.0,6503.0,,,,,1587.0,7770.0,65.4,2950.0,10
2025,Barri,el camp de larpa del clot,,160.0,39804,29790.0,6.0,3101.0,6907.0,,,,,1531.0,7510.0,64.6,,10
2000,Barri,el camp den grassot i gracia nova,,,33711,32912.0,0.0,236.0,560.0,,,,,,,,,11
2001,Barri,el camp den grassot i gracia nova,,,33697,32470.0,0.0,260.0,965.0,0.0,0.0,0.0,0.0,,,,,11
2002,Barri,el camp den grassot i gracia nova,,,34502,32538.0,19.0,380.0,1565.0,,,,,,,,,11
2003,Barri,el camp den grassot i gracia nova,,,34823,32066.0,18.0,513.0,2226.0,,,,,,,,,11
2004,Barri,el camp den grassot i gracia nova,,,34878,31629.0,0.0,657.0,2588.0,,,,,,,,,11
2005,Barri,el camp den grassot i gracia nova,,,34743,31070.0,0.0,792.0,2879.0,,,,,,,,,11
2006,Barri,el camp den grassot i gracia nova,,,35140,30975.0,0.0,964.0,3197.0,,,,,,,,,11
2007,Barri,el camp den grassot i gracia nova,,,34538,30568.0,0.0,1277.0,2689.0,,,,,,,,,11
2008,Barri,el camp den grassot i gracia nova,,,34696,30375.0,0.0,1547.0,2772.0,,,,,,,,,11
2009,Barri,el camp den grassot i gracia nova,,,34934,30215.0,0.0,1672.0,3046.0,,,,,,,,,11
2010,Barri,el camp den grassot i gracia nova,,,34630,30097.0,0.0,1609.0,2923.0,,,,,,,,,11
2011,Barri,el camp den grassot i gracia nova,,,34412,29995.0,0.0,1498.0,2919.0,0.0,0.0,0.0,0.0,2002.0,,,,11
2012,Barri,el camp den grassot i gracia nova,,,34732,30001.0,0.0,1652.0,3077.0,,,,,2148.0,,,,11
2013,Barri,el camp den grassot i gracia nova,,,34440,29869.0,0.0,1696.0,2874.0,,,,,2136.0,,,,11
2014,Barri,el camp den grassot i gracia nova,,104.0,34041,29635.0,6.0,1685.0,2715.0,,,,,1973.0,9370.0,70.0,230.0,11
2015,Barri,el camp den grassot i gracia nova,113.290354364573,113.0,33913,29814.0,9.0,1645.0,2445.0,,,,,1813.0,9410.0,67.4,230.0,11
2016,Barri,el camp den grassot i gracia nova,113.014194830439,125.0,34275,29941.0,13.0,1793.0,2528.0,,,,,1615.0,9030.0,68.4,229.0,11
2017,Barri,el camp den grassot i gracia nova,111.62464110506,136.0,34431,29774.0,13.0,1894.0,2750.0,,,,,1433.0,1129.0,67.6,229.0,11
2018,Barri,el camp den grassot i gracia nova,111.140198295765,138.0,34663,29680.0,12.0,1989.0,2982.0,,,,,1338.0,1352.0,69.2,227.0,11
2019,Barri,el camp den grassot i gracia nova,112.857003006908,147.0,35199,29519.0,0.0,2313.0,3363.0,,,,,1258.0,1256.0,69.5,224.0,11
2020,Barri,el camp den grassot i gracia nova,112.876937116205,141.0,35483,29313.0,0.0,2488.0,3679.0,,,,,1284.0,9440.0,70.5,223.0,11
2021,Barri,el camp den grassot i gracia nova,112.996403737008,137.0,35352,28887.0,0.0,2393.0,4068.0,2829.0,17418.0,4056.0,6648.0,1695.0,1445.0,67.9,221.0,11
2022,Barri,el camp den grassot i gracia nova,,151.0,35033,28314.0,8.0,2619.0,4092.0,2603.0,17545.0,4020.0,6615.0,1146.0,1164.0,69.3,220.0,11
2023,Barri,el camp den grassot i gracia nova,,167.0,35319,27897.0,11.0,2740.0,4671.0,2531.0,18237.0,3917.0,6787.0,1115.0,8810.0,72.4,2230.0,11
2024,Barri,el camp den grassot i gracia nova,,175.0,36412,27941.0,8.0,3011.0,5452.0,,,,,1193.0,7830.0,70.5,2250.0,11
2025,Barri,el camp den grassot i gracia nova,,171.0,36743,27979.0,8.0,3088.0,5668.0,,,,,1148.0,6860.0,68.5,,11
2000,Barri,el carmel,,,32803,32404.0,0.0,76.0,323.0,,,,,,,,,12
2001,Barri,el carmel,,,32541,31780.0,0.0,83.0,677.0,0.0,0.0,0.0,0.0,,,,,12
2002,Barri,el carmel,,,33097,31511.0,19.0,117.0,1450.0,,,,,,,,,12
2003,Barri,el carmel,,,33101,30800.0,19.0,143.0,2139.0,,,,,,,,,12
2004,Barri,el carmel,,,32908,30062.0,7.0,175.0,2664.0,,,,,,,,,12
2005,Barri,el carmel,,,32679,29346.0,0.0,238.0,3091.0,,,,,,,,,12
2006,Barri,el carmel,,,32610,28808.0,0.0,282.0,3519.0,,,,,,,,,12
2007,Barri,el carmel,,,32278,28222.0,0.0,510.0,3546.0,,,,,,,,,12
2008,Barri,el carmel,,,32264,27792.0,0.0,645.0,3826.0,,,,,,,,,12
2009,Barri,el carmel,,,32615,27789.0,0.0,737.0,4089.0,,,,,,,,,12
2010,Barri,el carmel,,,32337,27732.0,0.0,734.0,3871.0,,,,,,,,,12
2011,Barri,el carmel,,,32084,27603.0,0.0,711.0,3770.0,0.0,0.0,0.0,0.0,2464.0,,,,12
2012,Barri,el carmel,,,31986,27522.0,0.0,721.0,3743.0,,,,,2587.0,,,,12
2013,Barri,el carmel,,,31797,27394.0,0.0,761.0,3642.0,,,,,2683.0,,,,12
2014,Barri,el carmel,,86.0,31655,27348.0,0.0,776.0,3531.0,,,,,2599.0,6370.0,60.1,26.0,12
2015,Barri,el carmel,70.9087164799197,91.0,31449,27538.0,0.0,767.0,3142.0,,,,,2341.0,5590.0,59.2,26.0,12
2016,Barri,el carmel,69.2583767827945,98.0,31377,27381.0,0.0,790.0,3205.0,,,,,2068.0,6130.0,58.7,33.0,12
2017,Barri,el carmel,69.1521418697323,110.0,31583,27244.0,0.0,830.0,3508.0,,,,,1839.0,7150.0,57.4,33.0,12
2018,Barri,el carmel,69.7109406133684,113.0,31832,27060.0,0.0,889.0,3883.0,,,,,1727.0,7720.0,59.2,33.0,12
2019,Barri,el carmel,68.7764272037189,121.0,32175,26790.0,0.0,1019.0,4366.0,,,,,1609.0,7160.0,59.3,33.0,12
2020,Barri,el carmel,68.7415341655032,120.0,32512,26469.0,0.0,1149.0,4894.0,,,,,1637.0,5710.0,59.4,33.0,12
2021,Barri,el carmel,71.5493225875165,118.0,32724,26248.0,0.0,1136.0,5340.0,5592.0,7794.0,7929.0,6903.0,2126.0,7070.0,59.3,31.0,12
2022,Barri,el carmel,,127.0,32119,25984.0,0.0,1121.0,5013.0,5166.0,7946.0,7904.0,6891.0,1482.0,6580.0,59.3,32.0,12
2023,Barri,el carmel,,135.0,32512,25842.0,0.0,1110.0,5557.0,5009.0,8498.0,7838.0,7180.0,1407.0,5560.0,59.5,320.0,12
2024,Barri,el carmel,,136.0,33037,25870.0,0.0,1193.0,5971.0,,,,,1445.0,4900.0,60.3,340.0,12
2025,Barri,el carmel,,140.0,33694,25939.0,0.0,1263.0,6488.0,,,,,1452.0,4180.0,59.0,,12
2000,Barri,el clot,,,24199,23563.0,0.0,118.0,518.0,,,,,,,,,13
2001,Barri,el clot,,,24867,23873.0,0.0,144.0,848.0,0.0,0.0,0.0,0.0,,,,,13
2002,Barri,el clot,,,26150,24410.0,16.0,194.0,1530.0,,,,,,,,,13
2003,Barri,el clot,,,26627,24261.0,13.0,249.0,2104.0,,,,,,,,,13
2004,Barri,el clot,,,26599,23956.0,0.0,313.0,2329.0,,,,,,,,,13
2005,Barri,el clot,,,26841,23858.0,0.0,365.0,2618.0,,,,,,,,,13
2006,Barri,el clot,,,26869,23618.0,0.0,433.0,2817.0,,,,,,,,,13
2007,Barri,el clot,,,26748,23550.0,0.0,624.0,2572.0,,,,,,,,,13
2008,Barri,el clot,,,27076,23506.0,0.0,801.0,2768.0,,,,,,,,,13
2009,Barri,el clot,,,27544,23555.0,0.0,896.0,3091.0,,,,,,,,,13
2010,Barri,el clot,,,27497,23543.0,0.0,943.0,3009.0,,,,,,,,,13
2011,Barri,el clot,,,27362,23499.0,0.0,872.0,2987.0,0.0,0.0,0.0,0.0,1754.0,,,,13
2012,Barri,el clot,,,27315,23397.0,5.0,909.0,3004.0,,,,,1887.0,,,,13
2013,Barri,el clot,,,27179,23291.0,0.0,950.0,2934.0,,,,,1981.0,,,,13
2014,Barri,el clot,,96.0,27035,23285.0,0.0,1001.0,2746.0,,,,,1876.0,5810.0,68.8,50.0,13
2015,Barri,el clot,94.554013833118,103.0,26932,23363.0,0.0,1021.0,2544.0,,,,,1737.0,5530.0,67.2,50.0,13
2016,Barri,el clot,93.5209739110303,112.0,26928,23287.0,0.0,1046.0,2592.0,,,,,1564.0,5250.0,66.5,51.0,13
2017,Barri,el clot,91.8968119488335,124.0,27089,23176.0,0.0,1153.0,2758.0,,,,,1376.0,6720.0,66.1,51.0,13
2018,Barri,el clot,92.7013645831324,126.0,27050,22953.0,0.0,1240.0,2854.0,,,,,1288.0,7200.0,70.6,50.0,13
2019,Barri,el clot,91.5615266616132,132.0,27183,22798.0,0.0,1363.0,3019.0,,,,,1203.0,6480.0,68.4,50.0,13
2020,Barri,el clot,92.6334215516702,133.0,27082,22392.0,0.0,1510.0,3177.0,,,,,1215.0,5590.0,68.5,50.0,13
2021,Barri,el clot,97.0840836136921,129.0,26759,22049.0,0.0,1496.0,3211.0,2640.0,10527.0,4674.0,5514.0,1593.0,7350.0,68.0,48.0,13
2022,Barri,el clot,,136.0,26380,21673.0,0.0,1599.0,3105.0,2389.0,10713.0,4600.0,5509.0,1111.0,5830.0,69.9,46.0,13
2023,Barri,el clot,,154.0,26470,21573.0,0.0,1639.0,3255.0,2330.0,11219.0,4477.0,5589.0,10.0,4740.0,72.6,490.0,13
2024,Barri,el clot,,156.0,26767,21416.0,0.0,1816.0,3533.0,,,,,1042.0,4050.0,68.6,520.0,13
2025,Barri,el clot,,156.0,27103,21342.0,0.0,1902.0,3858.0,,,,,1035.0,4070.0,65.4,,13
2000,Barri,el coll,,,6670,6511.0,0.0,57.0,98.0,,,,,,,,,14
2001,Barri,el coll,,,6681,6459.0,0.0,61.0,157.0,0.0,0.0,0.0,0.0,,,,,14
2002,Barri,el coll,,,6854,6487.0,0.0,76.0,288.0,,,,,,,,,14
2003,Barri,el coll,,,7019,6438.0,0.0,115.0,463.0,,,,,,,,,14
2004,Barri,el coll,,,7142,6443.0,0.0,136.0,562.0,,,,,,,,,14
2005,Barri,el coll,,,7138,6353.0,0.0,169.0,615.0,,,,,,,,,14
2006,Barri,el coll,,,7203,6298.0,0.0,193.0,710.0,,,,,,,,,14
2007,Barri,el coll,,,7102,6275.0,0.0,251.0,574.0,,,,,,,,,14
2008,Barri,el coll,,,7304,6342.0,5.0,287.0,670.0,,,,,,,,,14
2009,Barri,el coll,,,7294,6256.0,0.0,330.0,706.0,,,,,,,,,14
2010,Barri,el coll,,,7227,6221.0,0.0,378.0,628.0,,,,,,,,,14
2011,Barri,el coll,,,7288,6221.0,0.0,362.0,705.0,0.0,0.0,0.0,0.0,3890.0,,,,14
2012,Barri,el coll,,,7291,6197.0,0.0,351.0,742.0,,,,,4180.0,,,,14
2013,Barri,el coll,,,7227,6149.0,0.0,352.0,726.0,,,,,4190.0,,,,14
2014,Barri,el coll,,95.0,7201,6167.0,0.0,362.0,672.0,,,,,3990.0,1740.0,62.4,13.0,14
2015,Barri,el coll,93.0989485294521,99.0,7351,6321.0,0.0,404.0,626.0,,,,,3660.0,1620.0,59.0,13.0,14
2016,Barri,el coll,91.0920807026513,112.0,7391,6373.0,0.0,397.0,621.0,,,,,3160.0,1980.0,60.2,20.0,14
2017,Barri,el coll,91.5397899191141,125.0,7428,6363.0,0.0,402.0,663.0,,,,,2880.0,1930.0,62.6,20.0,14
2018,Barri,el coll,90.7229237074617,122.0,7460,6353.0,0.0,386.0,721.0,,,,,2570.0,2230.0,63.8,20.0,14
2019,Barri,el coll,93.062106847632,127.0,7518,6303.0,0.0,450.0,765.0,,,,,2440.0,2140.0,66.0,20.0,14
2020,Barri,el coll,92.4812485552046,122.0,7617,6235.0,0.0,465.0,917.0,,,,,2650.0,1620.0,67.3,20.0,14
2021,Barri,el coll,93.4120879349373,127.0,7688,6214.0,0.0,443.0,1031.0,762.0,3090.0,1143.0,1566.0,3490.0,2310.0,63.5,20.0,14
2022,Barri,el coll,,129.0,7611,6162.0,0.0,458.0,991.0,698.0,3138.0,1135.0,1540.0,2190.0,1950.0,65.3,20.0,14
2023,Barri,el coll,,144.0,7740,6179.0,0.0,431.0,1130.0,712.0,3288.0,1145.0,1596.0,2450.0,1590.0,65.0,200.0,14
2024,Barri,el coll,,147.0,7943,6184.0,0.0,492.0,1267.0,,,,,2510.0,1540.0,64.9,200.0,14
2025,Barri,el coll,,152.0,8091,6207.0,0.0,554.0,1330.0,,,,,2530.0,1520.0,63.9,,14
2000,Barri,el congres i els indians,,,13482,13305.0,0.0,36.0,141.0,,,,,,,,,15
2001,Barri,el congres i els indians,,,13381,13076.0,0.0,43.0,261.0,0.0,0.0,0.0,0.0,,,,,15
2002,Barri,el congres i els indians,,,13514,13020.0,5.0,57.0,432.0,,,,,,,,,15
2003,Barri,el congres i els indians,,,13670,12823.0,6.0,82.0,759.0,,,,,,,,,15
2004,Barri,el congres i els indians,,,13707,12645.0,0.0,96.0,962.0,,,,,,,,,15
2005,Barri,el congres i els indians,,,13833,12556.0,0.0,125.0,1149.0,,,,,,,,,15
2006,Barri,el congres i els indians,,,13905,12428.0,0.0,153.0,1324.0,,,,,,,,,15
2007,Barri,el congres i els indians,,,13850,12337.0,0.0,269.0,1244.0,,,,,,,,,15
2008,Barri,el congres i els indians,,,13995,12214.0,0.0,331.0,1449.0,,,,,,,,,15
2009,Barri,el congres i els indians,,,14061,12116.0,0.0,351.0,1593.0,,,,,,,,,15
2010,Barri,el congres i els indians,,,13953,12066.0,0.0,385.0,1501.0,,,,,,,,,15
2011,Barri,el congres i els indians,,,13998,12065.0,0.0,384.0,1547.0,0.0,0.0,0.0,0.0,9170.0,,,,15
2012,Barri,el congres i els indians,,,14108,12088.0,0.0,365.0,1653.0,,,,,9650.0,,,,15
2013,Barri,el congres i els indians,,,14028,12071.0,0.0,350.0,1607.0,,,,,1004.0,,,,15
2014,Barri,el congres i els indians,,92.0,13923,12078.0,0.0,346.0,1499.0,,,,,9420.0,2840.0,66.1,4.0,15
2015,Barri,el congres i els indians,91.9204757770844,95.0,14046,12280.0,0.0,334.0,1432.0,,,,,8720.0,2400.0,67.9,4.0,15
2016,Barri,el congres i els indians,89.786522869449,104.0,14051,12290.0,0.0,351.0,1410.0,,,,,7750.0,2370.0,65.9,6.0,15
2017,Barri,el congres i els indians,89.0038455500368,114.0,14141,12272.0,0.0,407.0,1459.0,,,,,6770.0,3090.0,67.4,6.0,15
2018,Barri,el congres i els indians,88.8493096158814,119.0,14196,12250.0,0.0,416.0,1527.0,,,,,6370.0,3670.0,68.0,6.0,15
2019,Barri,el congres i els indians,88.8963083643784,121.0,14557,12304.0,0.0,485.0,1766.0,,,,,5960.0,3280.0,68.0,6.0,15
2020,Barri,el congres i els indians,89.0038532722767,125.0,14726,12287.0,0.0,538.0,1901.0,,,,,5850.0,2640.0,67.8,6.0,15
2021,Barri,el congres i els indians,92.3681412592511,117.0,14549,12113.0,0.0,517.0,1919.0,1671.0,5475.0,2304.0,3132.0,7920.0,3990.0,68.4,6.0,15
2022,Barri,el congres i els indians,,125.0,14319,12091.0,0.0,532.0,1694.0,1538.0,5527.0,2295.0,3103.0,5300.0,3100.0,69.1,6.0,15
2023,Barri,el congres i els indians,,140.0,14623,12148.0,0.0,507.0,1966.0,1465.0,5856.0,2330.0,3207.0,5300.0,2460.0,70.1,60.0,15
2024,Barri,el congres i els indians,,146.0,14945,12190.0,0.0,584.0,2169.0,,,,,5310.0,1990.0,67.2,60.0,15
2025,Barri,el congres i els indians,,142.0,15175,12319.0,0.0,649.0,2203.0,,,,,5380.0,2230.0,66.0,,15
2000,Barri,el fort pienc,,,28353,27468.0,0.0,222.0,660.0,,,,,,,,,16
2001,Barri,el fort pienc,,,28710,27263.0,7.0,267.0,1173.0,0.0,0.0,0.0,0.0,,,,,16
2002,Barri,el fort pienc,,,29749,27344.0,23.0,458.0,1924.0,,,,,,,,,16
2003,Barri,el fort pienc,,,30407,27059.0,24.0,622.0,2702.0,,,,,,,,,16
2004,Barri,el fort pienc,,,30537,26655.0,12.0,769.0,3101.0,,,,,,,,,16
2005,Barri,el fort pienc,,,30929,26309.0,12.0,972.0,3636.0,,,,,,,,,16
2006,Barri,el fort pienc,,,31505,26237.0,21.0,1161.0,4086.0,,,,,,,,,16
2007,Barri,el fort pienc,,,31121,26013.0,21.0,1534.0,3553.0,,,,,,,,,16
2008,Barri,el fort pienc,,,32159,25825.0,23.0,1910.0,4401.0,,,,,,,,,16
2009,Barri,el fort pienc,,,33079,25746.0,17.0,2123.0,5193.0,,,,,,,,,16
2010,Barri,el fort pienc,,,32648,25562.0,17.0,2059.0,5010.0,,,,,,,,,16
2011,Barri,el fort pienc,,,32387,25569.0,14.0,2014.0,4790.0,0.0,0.0,0.0,0.0,1901.0,,,,16
2012,Barri,el fort pienc,,,32286,25653.0,8.0,2149.0,4476.0,,,,,1987.0,,,,16
2013,Barri,el fort pienc,,,31755,25403.0,11.0,2289.0,4052.0,,,,,2039.0,,,,16
2014,Barri,el fort pienc,,100.0,31489,25265.0,9.0,2385.0,3830.0,,,,,1879.0,9100.0,78.1,343.0,16
2015,Barri,el fort pienc,104.789882905663,109.0,31548,25417.0,13.0,2340.0,3778.0,,,,,1715.0,8060.0,74.3,343.0,16
2016,Barri,el fort pienc,103.937413482918,118.0,31693,25379.0,17.0,2453.0,3844.0,,,,,1479.0,8700.0,74.9,331.0,16
2017,Barri,el fort pienc,104.416059978938,131.0,32137,25063.0,19.0,2699.0,4356.0,,,,,1368.0,1054.0,74.0,331.0,16
2018,Barri,el fort pienc,103.681311520454,131.0,32170,24765.0,10.0,2771.0,4624.0,,,,,1276.0,1191.0,76.1,331.0,16
2019,Barri,el fort pienc,104.366528475817,140.0,32738,24533.0,6.0,3093.0,5106.0,,,,,1206.0,1144.0,76.4,332.0,16
2020,Barri,el fort pienc,103.809074259938,139.0,33473,24267.0,7.0,3298.0,5901.0,,,,,1169.0,9140.0,75.8,332.0,16
2021,Barri,el fort pienc,105.077139679446,130.0,33445,23846.0,10.0,3231.0,6358.0,2922.0,15405.0,4065.0,6735.0,168.0,1398.0,75.6,330.0,16
2022,Barri,el fort pienc,,144.0,33445,23655.0,5.0,3404.0,6381.0,2735.0,15800.0,4172.0,6664.0,1063.0,1033.0,76.7,328.0,16
2023,Barri,el fort pienc,,161.0,34403,23354.0,0.0,3445.0,7600.0,2836.0,16815.0,4163.0,7044.0,1074.0,7700.0,77.2,3330.0,16
2024,Barri,el fort pienc,,159.0,36119,23311.0,10.0,3788.0,9010.0,,,,,1138.0,6200.0,77.2,3600.0,16
2025,Barri,el fort pienc,,155.0,36621,23397.0,10.0,4039.0,9175.0,,,,,1174.0,6380.0,78.4,,16
2000,Barri,el guinardo,,,34049,33360.0,0.0,160.0,527.0,,,,,,,,,17
2001,Barri,el guinardo,,,34282,33091.0,0.0,193.0,996.0,0.0,0.0,0.0,0.0,,,,,17
2002,Barri,el guinardo,,,35029,33047.0,16.0,268.0,1698.0,,,,,,,,,17
2003,Barri,el guinardo,,,35306,32494.0,14.0,349.0,2449.0,,,,,,,,,17
2004,Barri,el guinardo,,,35206,31933.0,0.0,433.0,2836.0,,,,,,,,,17
2005,Barri,el guinardo,,,35344,31610.0,5.0,546.0,3183.0,,,,,,,,,17
2006,Barri,el guinardo,,,35370,31090.0,9.0,622.0,3649.0,,,,,,,,,17
2007,Barri,el guinardo,,,35044,30703.0,5.0,856.0,3480.0,,,,,,,,,17
2008,Barri,el guinardo,,,35169,30387.0,6.0,996.0,3780.0,,,,,,,,,17
2009,Barri,el guinardo,,,35620,30364.0,6.0,1112.0,4138.0,,,,,,,,,17
2010,Barri,el guinardo,,,35669,30466.0,0.0,1163.0,4038.0,,,,,,,,,17
2011,Barri,el guinardo,,,35692,30564.0,0.0,1070.0,4057.0,0.0,0.0,0.0,0.0,2267.0,,,,17
2012,Barri,el guinardo,,,35656,30525.0,0.0,1109.0,4019.0,,,,,2474.0,,,,17
2013,Barri,el guinardo,,,35712,30448.0,0.0,1193.0,4068.0,,,,,2526.0,,,,17
2014,Barri,el guinardo,,92.0,35539,30593.0,0.0,1176.0,3768.0,,,,,2469.0,9180.0,66.8,54.0,17
2015,Barri,el guinardo,97.3450206609201,104.0,35784,31167.0,0.0,1200.0,3416.0,,,,,2215.0,8080.0,62.9,54.0,17
2016,Barri,el guinardo,95.8416815785539,111.0,36176,31437.0,0.0,1270.0,3468.0,,,,,2031.0,8890.0,62.9,75.0,17
2017,Barri,el guinardo,94.4073706296176,123.0,36538,31477.0,0.0,1364.0,3695.0,,,,,18.0,1061.0,63.6,75.0,17
2018,Barri,el guinardo,93.9986195611108,121.0,36890,31459.0,0.0,1531.0,3899.0,,,,,1655.0,1076.0,66.4,75.0,17
2019,Barri,el guinardo,93.9341372112991,129.0,37216,31216.0,0.0,1746.0,4252.0,,,,,1537.0,1085.0,66.1,75.0,17
2020,Barri,el guinardo,94.8187033212968,132.0,37584,31110.0,0.0,1875.0,4597.0,,,,,1537.0,8860.0,65.0,70.0,17
2021,Barri,el guinardo,96.184671315979,126.0,37325,30730.0,0.0,1800.0,4791.0,3843.0,14946.0,5478.0,8148.0,2049.0,1184.0,66.6,70.0,17
2022,Barri,el guinardo,,134.0,36994,30520.0,0.0,1853.0,4617.0,3542.0,15246.0,5480.0,8071.0,1437.0,1048.0,66.1,70.0,17
2023,Barri,el guinardo,,149.0,37575,30475.0,0.0,1872.0,5224.0,3427.0,16032.0,5435.0,8260.0,1413.0,8410.0,67.2,740.0,17
2024,Barri,el guinardo,,150.0,38153,30417.0,0.0,2037.0,5696.0,,,,,1421.0,6350.0,66.7,740.0,17
2025,Barri,el guinardo,,154.0,39061,30675.0,0.0,2197.0,6185.0,,,,,1428.0,6810.0,65.3,,17
2000,Barri,el parc i la llacuna del poblenou,,,12420,11930.0,5.0,86.0,399.0,,,,,,,,,18
2001,Barri,el parc i la llacuna del poblenou,,,12462,11652.0,9.0,94.0,707.0,0.0,0.0,0.0,0.0,,,,,18
2002,Barri,el parc i la llacuna del poblenou,,,12771,11511.0,20.0,149.0,1091.0,,,,,,,,,18
2003,Barri,el parc i la llacuna del poblenou,,,13159,11402.0,21.0,221.0,1515.0,,,,,,,,,18
2004,Barri,el parc i la llacuna del poblenou,,,13219,11239.0,15.0,270.0,1695.0,,,,,,,,,18
2005,Barri,el parc i la llacuna del poblenou,,,13194,11053.0,15.0,323.0,1803.0,,,,,,,,,18
2006,Barri,el parc i la llacuna del poblenou,,,13341,11032.0,13.0,438.0,1858.0,,,,,,,,,18
2007,Barri,el parc i la llacuna del poblenou,,,13190,11020.0,19.0,603.0,1548.0,,,,,,,,,18
2008,Barri,el parc i la llacuna del poblenou,,,13123,10882.0,20.0,730.0,1491.0,,,,,,,,,18
2009,Barri,el parc i la llacuna del poblenou,,,13400,10885.0,9.0,859.0,1647.0,,,,,,,,,18
2010,Barri,el parc i la llacuna del poblenou,,,13471,10898.0,0.0,966.0,1605.0,,,,,,,,,18
2011,Barri,el parc i la llacuna del poblenou,,,13733,11060.0,0.0,942.0,1728.0,0.0,0.0,0.0,0.0,8230.0,,,,18
2012,Barri,el parc i la llacuna del poblenou,,,14038,11294.0,0.0,1026.0,1714.0,,,,,8890.0,,,,18
2013,Barri,el parc i la llacuna del poblenou,,,14356,11523.0,5.0,1142.0,1686.0,,,,,9560.0,,,,18
2014,Barri,el parc i la llacuna del poblenou,,102.0,14617,11688.0,5.0,1182.0,1742.0,,,,,9160.0,3050.0,70.9,101.0,18
2015,Barri,el parc i la llacuna del poblenou,98.8633128178483,115.0,14713,11808.0,6.0,1178.0,1721.0,,,,,8480.0,2690.0,68.4,101.0,18
2016,Barri,el parc i la llacuna del poblenou,97.6691635034173,128.0,14859,11856.0,7.0,1212.0,1784.0,,,,,7600.0,3090.0,67.3,103.0,18
2017,Barri,el parc i la llacuna del poblenou,97.2770986257849,138.0,15202,11905.0,8.0,1308.0,1981.0,,,,,6710.0,3680.0,69.4,103.0,18
2018,Barri,el parc i la llacuna del poblenou,95.9699559285239,140.0,15425,12002.0,7.0,1377.0,2039.0,,,,,6230.0,4090.0,70.5,101.0,18
2019,Barri,el parc i la llacuna del poblenou,96.4511206750994,150.0,15713,12055.0,8.0,1560.0,2090.0,,,,,5850.0,4350.0,69.3,101.0,18
2020,Barri,el parc i la llacuna del poblenou,98.8783299352877,143.0,15943,12101.0,8.0,1664.0,2170.0,,,,,5990.0,3050.0,70.2,98.0,18
2021,Barri,el parc i la llacuna del poblenou,99.9706587819652,143.0,15914,12028.0,8.0,1531.0,2347.0,1470.0,6930.0,2193.0,2967.0,7780.0,4390.0,69.6,98.0,18
2022,Barri,el parc i la llacuna del poblenou,,159.0,15961,11954.0,0.0,1675.0,2330.0,1351.0,7122.0,2200.0,2997.0,5540.0,4260.0,71.3,98.0,18
2023,Barri,el parc i la llacuna del poblenou,,173.0,16413,11959.0,0.0,1827.0,2624.0,1296.0,7671.0,2130.0,3097.0,5890.0,3050.0,73.7,1000.0,18
2024,Barri,el parc i la llacuna del poblenou,,169.0,17039,12079.0,0.0,1929.0,3029.0,,,,,6020.0,2590.0,71.1,1010.0,18
2025,Barri,el parc i la llacuna del poblenou,,182.0,17603,12209.0,0.0,2014.0,3378.0,,,,,6100.0,2200.0,69.2,,18
2000,Barri,el poble sec,,,33997,32287.0,0.0,209.0,1499.0,,,,,,,,,19
2001,Barri,el poble sec,,,34517,31597.0,0.0,271.0,2646.0,0.0,0.0,0.0,0.0,,,,,19
2002,Barri,el poble sec,,,36577,31560.0,51.0,399.0,4567.0,,,,,,,,,19
2003,Barri,el poble sec,,,38204,30897.0,46.0,531.0,6730.0,,,,,,,,,19
2004,Barri,el poble sec,,,38793,30419.0,5.0,713.0,7656.0,,,,,,,,,19
2005,Barri,el poble sec,,,39394,29828.0,6.0,1027.0,8533.0,,,,,,,,,19
2006,Barri,el poble sec,,,40319,29708.0,6.0,1328.0,9277.0,,,,,,,,,19
2007,Barri,el poble sec,,,39453,29486.0,7.0,1781.0,8179.0,,,,,,,,,19
2008,Barri,el poble sec,,,40334,29256.0,5.0,2139.0,8934.0,,,,,,,,,19
2009,Barri,el poble sec,,,40678,29061.0,0.0,2333.0,9283.0,,,,,,,,,19
2010,Barri,el poble sec,,,40386,29069.0,0.0,2483.0,8834.0,,,,,,,,,19
2011,Barri,el poble sec,,,40539,28887.0,0.0,2406.0,9243.0,0.0,0.0,0.0,0.0,3389.0,,,,19
2012,Barri,el poble sec,,,41255,28791.0,0.0,2653.0,9807.0,,,,,3578.0,,,,19
2013,Barri,el poble sec,,,41002,28429.0,0.0,2907.0,9663.0,,,,,3622.0,,,,19
2014,Barri,el poble sec,,102.0,40287,28226.0,0.0,3057.0,9000.0,,,,,3509.0,1109.0,60.3,546.0,19
2015,Barri,el poble sec,74.5714361221794,111.0,40222,28502.0,0.0,3157.0,8561.0,,,,,3237.0,1009.0,58.5,546.0,19
2016,Barri,el poble sec,73.22260754646,123.0,40129,28364.0,0.0,3257.0,8507.0,,,,,2802.0,115.0,57.6,518.0,19
2017,Barri,el poble sec,74.2889740698555,137.0,40385,27994.0,0.0,3524.0,8865.0,,,,,2492.0,1211.0,58.4,518.0,19
2018,Barri,el poble sec,74.1901683956656,139.0,39801,27371.0,8.0,3636.0,8786.0,,,,,235.0,1471.0,60.2,519.0,19
2019,Barri,el poble sec,74.2726119866791,144.0,40440,26961.0,11.0,4184.0,9284.0,,,,,2164.0,1301.0,60.2,519.0,19
2020,Barri,el poble sec,73.8404926528066,143.0,40188,26347.0,0.0,4439.0,9399.0,,,,,2082.0,1062.0,60.1,515.0,19
2021,Barri,el poble sec,77.1646310330281,136.0,40204,25993.0,0.0,4189.0,10019.0,5256.0,14340.0,7488.0,7842.0,3108.0,1502.0,59.6,498.0,19
2022,Barri,el poble sec,,152.0,39143,25612.0,0.0,4231.0,9296.0,4658.0,14421.0,7359.0,7698.0,1805.0,119.0,60.1,487.0,19
2023,Barri,el poble sec,,160.0,38778,25344.0,6.0,4096.0,9332.0,4436.0,15011.0,7172.0,7908.0,183.0,8630.0,61.2,5130.0,19
2024,Barri,el poble sec,,164.0,39177,25210.0,9.0,4315.0,9643.0,,,,,1857.0,7790.0,60.8,5380.0,19
2025,Barri,el poble sec,,167.0,40300,25332.0,6.0,4542.0,10420.0,,,,,1811.0,7650.0,59.1,,19
2000,Barri,el poblenou,,,24197,23646.0,0.0,96.0,451.0,,,,,,,,,20
2001,Barri,el poblenou,,,24652,23686.0,5.0,117.0,844.0,0.0,0.0,0.0,0.0,,,,,20
2002,Barri,el poblenou,,,25988,24301.0,15.0,203.0,1469.0,,,,,,,,,20
2003,Barri,el poblenou,,,27444,24990.0,13.0,319.0,2122.0,,,,,,,,,20
2004,Barri,el poblenou,,,28092,25076.0,0.0,476.0,2538.0,,,,,,,,,20
2005,Barri,el poblenou,,,29025,25450.0,0.0,637.0,2936.0,,,,,,,,,20
2006,Barri,el poblenou,,,29580,25519.0,0.0,863.0,3195.0,,,,,,,,,20
2007,Barri,el poblenou,,,29852,25732.0,0.0,1192.0,2924.0,,,,,,,,,20
2008,Barri,el poblenou,,,30555,25942.0,0.0,1499.0,3110.0,,,,,,,,,20
2009,Barri,el poblenou,,,31127,26063.0,0.0,1693.0,3368.0,,,,,,,,,20
2010,Barri,el poblenou,,,31384,26308.0,0.0,1827.0,3249.0,,,,,,,,,20
2011,Barri,el poblenou,,,32065,26943.0,0.0,1815.0,3307.0,0.0,0.0,0.0,0.0,1954.0,,,,20
2012,Barri,el poblenou,,,32513,27061.0,0.0,2028.0,3421.0,,,,,2102.0,,,,20
2013,Barri,el poblenou,,,32881,27223.0,0.0,2244.0,3411.0,,,,,2134.0,,,,20
2014,Barri,el poblenou,,106.0,33019,27425.0,0.0,2349.0,3242.0,,,,,2076.0,7810.0,66.2,406.0,20
2015,Barri,el poblenou,100.852864430756,117.0,33437,27881.0,0.0,2553.0,3000.0,,,,,1911.0,7200.0,65.5,406.0,20
2016,Barri,el poblenou,99.3513208475418,128.0,33623,27996.0,0.0,2664.0,2959.0,,,,,1711.0,8390.0,64.3,395.0,20
2017,Barri,el poblenou,99.3947040300735,140.0,33933,27937.0,0.0,2858.0,3134.0,,,,,1549.0,9730.0,66.7,395.0,20
2018,Barri,el poblenou,98.764521309055,145.0,33986,27827.0,0.0,2968.0,3187.0,,,,,1407.0,1072.0,69.4,389.0,20
2019,Barri,el poblenou,100.584272468287,151.0,34170,27393.0,5.0,3347.0,3425.0,,,,,1332.0,106.0,69.1,389.0,20
2020,Barri,el poblenou,102.061653325683,149.0,34436,27175.0,5.0,3658.0,3598.0,,,,,1416.0,8490.0,69.3,390.0,20
2021,Barri,el poblenou,103.891246197771,143.0,34411,26855.0,0.0,3487.0,4066.0,3063.0,14694.0,4872.0,6195.0,18.0,1155.0,68.2,388.0,20
2022,Barri,el poblenou,,165.0,34103,26420.0,0.0,3685.0,3994.0,2795.0,15068.0,4817.0,6120.0,1202.0,9660.0,66.9,386.0,20
2023,Barri,el poblenou,,178.0,34151,26090.0,6.0,3725.0,4330.0,2638.0,15751.0,4758.0,6220.0,1208.0,8000.0,68.3,4220.0,20
2024,Barri,el poblenou,,181.0,34563,25779.0,0.0,4005.0,4775.0,,,,,1241.0,5670.0,69.0,4530.0,20
2025,Barri,el poblenou,,183.0,34818,25577.0,6.0,4267.0,4968.0,,,,,1248.0,6010.0,66.7,,20
2000,Barri,el putxet i el farro,,,27000,26073.0,5.0,379.0,543.0,,,,,,,,,21
2001,Barri,el putxet i el farro,,,27043,25839.0,0.0,428.0,773.0,0.0,0.0,0.0,0.0,,,,,21
2002,Barri,el putxet i el farro,,,27983,26257.0,13.0,588.0,1125.0,,,,,,,,,21
2003,Barri,el putxet i el farro,,,28326,25928.0,12.0,730.0,1656.0,,,,,,,,,21
2004,Barri,el putxet i el farro,,,28456,25607.0,0.0,860.0,1986.0,,,,,,,,,21
2005,Barri,el putxet i el farro,,,28642,25374.0,6.0,998.0,2264.0,,,,,,,,,21
2006,Barri,el putxet i el farro,,,28879,25194.0,9.0,1186.0,2490.0,,,,,,,,,21
2007,Barri,el putxet i el farro,,,28662,25068.0,13.0,1432.0,2149.0,,,,,,,,,21
2008,Barri,el putxet i el farro,,,28757,24923.0,19.0,1586.0,2229.0,,,,,,,,,21
2009,Barri,el putxet i el farro,,,28871,24826.0,9.0,1682.0,2354.0,,,,,,,,,21
2010,Barri,el putxet i el farro,,,28731,24918.0,0.0,1632.0,2179.0,,,,,,,,,21
2011,Barri,el putxet i el farro,,,28632,25007.0,0.0,1494.0,2128.0,0.0,0.0,0.0,0.0,1487.0,,,,21
2012,Barri,el putxet i el farro,,,28869,25140.0,0.0,1534.0,2192.0,,,,,1582.0,,,,21
2013,Barri,el putxet i el farro,,,28848,25117.0,0.0,1615.0,2114.0,,,,,1564.0,,,,21
2014,Barri,el putxet i el farro,,110.0,28827,25140.0,0.0,1639.0,2044.0,,,,,1476.0,9380.0,76.5,158.0,21
2015,Barri,el putxet i el farro,129.286748239945,123.0,29024,25441.0,7.0,1634.0,1942.0,,,,,1336.0,1016.0,71.0,158.0,21
2016,Barri,el putxet i el farro,133.728277279107,137.0,29318,25649.0,0.0,1686.0,1979.0,,,,,1179.0,1004.0,71.0,154.0,21
2017,Barri,el putxet i el farro,134.493901470127,149.0,29515,25681.0,5.0,1732.0,2097.0,,,,,1057.0,1198.0,69.6,154.0,21
2018,Barri,el putxet i el farro,134.667083213553,146.0,29590,25602.0,0.0,1804.0,2180.0,,,,,9600.0,1261.0,72.9,156.0,21
2019,Barri,el putxet i el farro,135.78476894945,150.0,29786,25428.0,0.0,2002.0,2352.0,,,,,9220.0,1338.0,77.6,144.0,21
2020,Barri,el putxet i el farro,133.843468264903,151.0,30340,25472.0,0.0,2169.0,2695.0,,,,,9600.0,1001.0,76.1,143.0,21
2021,Barri,el putxet i el farro,132.189949962827,143.0,29986,25131.0,0.0,1950.0,2901.0,1305.0,16614.0,2367.0,5283.0,127.0,1464.0,75.6,154.0,21
2022,Barri,el putxet i el farro,,158.0,29783,24896.0,0.0,2038.0,2848.0,1173.0,16745.0,2335.0,5201.0,8130.0,1257.0,74.3,154.0,21
2023,Barri,el putxet i el farro,,173.0,30030,24640.0,7.0,2081.0,3302.0,1132.0,17429.0,2301.0,5152.0,7940.0,8860.0,78.3,1980.0,21
2024,Barri,el putxet i el farro,,171.0,30335,24484.0,7.0,2268.0,3576.0,,,,,8120.0,7990.0,80.1,1990.0,21
2025,Barri,el putxet i el farro,,183.0,30756,24624.0,0.0,2370.0,3761.0,,,,,8260.0,8190.0,71.5,,21
2000,Barri,el raval,,,35333,29760.0,9.0,408.0,5156.0,,,,,,,,,22
2001,Barri,el raval,,,37584,28989.0,10.0,509.0,8076.0,0.0,0.0,0.0,0.0,,,,,22
2002,Barri,el raval,,,41898,28617.0,65.0,854.0,12362.0,,,,,,,,,22
2003,Barri,el raval,,,45627,27648.0,62.0,1136.0,16781.0,,,,,,,,,22
2004,Barri,el raval,,,46257,26744.0,21.0,1496.0,17996.0,,,,,,,,,22
2005,Barri,el raval,,,47329,26079.0,23.0,1849.0,19378.0,,,,,,,,,22
2006,Barri,el raval,,,47699,25425.0,22.0,2237.0,20015.0,,,,,,,,,22
2007,Barri,el raval,,,46061,25156.0,14.0,3172.0,17719.0,,,,,,,,,22
2008,Barri,el raval,,,47488,25023.0,15.0,3681.0,18769.0,,,,,,,,,22
2009,Barri,el raval,,,47963,24944.0,7.0,4065.0,18947.0,,,,,,,,,22
2010,Barri,el raval,,,47356,24994.0,9.0,4070.0,18283.0,,,,,,,,,22
2011,Barri,el raval,,,47725,24838.0,11.0,3700.0,19176.0,0.0,0.0,0.0,0.0,5034.0,,,,22
2012,Barri,el raval,,,48991,24818.0,13.0,3966.0,20194.0,,,,,5053.0,,,,22
2013,Barri,el raval,,,48771,24350.0,14.0,4233.0,20174.0,,,,,4802.0,,,,22
2014,Barri,el raval,,105.0,47490,24084.0,11.0,4285.0,19110.0,,,,,4588.0,1583.0,60.8,180.0,22
2015,Barri,el raval,56.8343591075839,111.0,47150,24498.0,12.0,4347.0,18293.0,,,,,4368.0,1484.0,61.1,180.0,22
2016,Barri,el raval,55.7622908517381,123.0,47196,24275.0,10.0,4445.0,18466.0,,,,,3977.0,1733.0,59.5,177.0,22
2017,Barri,el raval,57.9753768367047,139.0,47901,24108.0,10.0,4731.0,19052.0,,,,,3559.0,2003.0,59.2,177.0,22
2018,Barri,el raval,58.0818015903748,140.0,47514,23732.0,8.0,4884.0,18890.0,,,,,3483.0,1918.0,63.2,179.0,22
2019,Barri,el raval,57.116529373938,143.0,48210,23170.0,8.0,5502.0,19530.0,,,,,3315.0,1929.0,64.3,191.0,22
2020,Barri,el raval,54.0522360464874,140.0,48180,22660.0,12.0,5602.0,19906.0,,,,,3065.0,1467.0,63.5,191.0,22
2021,Barri,el raval,57.8143056689544,129.0,48688,22691.0,15.0,5033.0,20949.0,7893.0,14076.0,10143.0,8451.0,5179.0,2003.0,63.5,189.0,22
2022,Barri,el raval,,152.0,46520,22369.0,19.0,4909.0,19223.0,6921.0,13683.0,9957.0,8199.0,3039.0,1626.0,65.0,199.0,22
2023,Barri,el raval,,159.0,45671,22396.0,19.0,4563.0,18693.0,6640.0,14543.0,9735.0,8490.0,2901.0,1207.0,64.8,2120.0,22
2024,Barri,el raval,,159.0,46934,22634.0,20.0,4840.0,19440.0,,,,,2908.0,1059.0,65.3,2380.0,22
2025,Barri,el raval,,166.0,49917,23364.0,18.0,5064.0,21471.0,,,,,2896.0,1065.0,60.6,,22
2000,Barri,el turo de la peira,,,14470,13965.0,0.0,26.0,479.0,,,,,,,,,23
2001,Barri,el turo de la peira,,,14488,13661.0,0.0,29.0,798.0,0.0,0.0,0.0,0.0,,,,,23
2002,Barri,el turo de la peira,,,14667,13400.0,0.0,43.0,1221.0,,,,,,,,,23
2003,Barri,el turo de la peira,,,14797,12970.0,0.0,56.0,1768.0,,,,,,,,,23
2004,Barri,el turo de la peira,,,15023,12738.0,0.0,89.0,2196.0,,,,,,,,,23
2005,Barri,el turo de la peira,,,15213,12474.0,0.0,105.0,2631.0,,,,,,,,,23
2006,Barri,el turo de la peira,,,15167,12072.0,0.0,115.0,2976.0,,,,,,,,,23
2007,Barri,el turo de la peira,,,15047,11891.0,0.0,187.0,2965.0,,,,,,,,,23
2008,Barri,el turo de la peira,,,15186,11779.0,0.0,218.0,3186.0,,,,,,,,,23
2009,Barri,el turo de la peira,,,15341,11719.0,0.0,245.0,3375.0,,,,,,,,,23
2010,Barri,el turo de la peira,,,15339,11792.0,0.0,237.0,3310.0,,,,,,,,,23
2011,Barri,el turo de la peira,,,15425,11904.0,0.0,228.0,3293.0,0.0,0.0,0.0,0.0,1031.0,,,,23
2012,Barri,el turo de la peira,,,15569,11857.0,0.0,242.0,3470.0,,,,,1182.0,,,,23
2013,Barri,el turo de la peira,,,15432,11862.0,0.0,254.0,3316.0,,,,,1219.0,,,,23
2014,Barri,el turo de la peira,,78.0,15350,11951.0,0.0,240.0,3159.0,,,,,1206.0,3030.0,63.5,,23
2015,Barri,el turo de la peira,67.2101450178686,83.0,15328,12225.0,0.0,237.0,2866.0,,,,,1126.0,2590.0,63.2,,23
2016,Barri,el turo de la peira,65.3578129446435,95.0,15334,12269.0,0.0,230.0,2834.0,,,,,1021.0,3000.0,60.6,,23
2017,Barri,el turo de la peira,64.5285109432835,106.0,15466,12231.0,0.0,242.0,2992.0,,,,,8760.0,3490.0,60.0,,23
2018,Barri,el turo de la peira,65.1594915054077,113.0,15575,12172.0,0.0,274.0,3128.0,,,,,8430.0,3800.0,61.3,,23
2019,Barri,el turo de la peira,63.6154659989438,117.0,15783,12133.0,0.0,300.0,3349.0,,,,,7820.0,4000.0,61.1,,23
2020,Barri,el turo de la peira,63.8180107887747,116.0,16229,12203.0,0.0,321.0,3703.0,,,,,7770.0,3000.0,61.6,,23
2021,Barri,el turo de la peira,66.1122793690575,113.0,16186,12083.0,0.0,297.0,3803.0,2730.0,3876.0,3588.0,3501.0,1061.0,3950.0,62.0,,23
2022,Barri,el turo de la peira,,119.0,16025,12117.0,0.0,306.0,3599.0,2478.0,3963.0,3607.0,3589.0,7430.0,3480.0,62.3,,23
2023,Barri,el turo de la peira,,126.0,16295,12209.0,0.0,331.0,3751.0,2379.0,4216.0,3594.0,3835.0,6970.0,2750.0,62.2,10.0,23
2024,Barri,el turo de la peira,,131.0,16820,12462.0,0.0,367.0,3987.0,,,,,7350.0,2550.0,61.0,10.0,23
2025,Barri,el turo de la peira,,130.0,17456,12679.0,5.0,427.0,4345.0,,,,,7190.0,2430.0,60.4,,23
2000,Barri,horta,,,26293,26028.0,0.0,67.0,197.0,,,,,,,,,24
2001,Barri,horta,,,26278,25751.0,0.0,73.0,453.0,0.0,0.0,0.0,0.0,,,,,24
2002,Barri,horta,,,26630,25714.0,19.0,118.0,779.0,,,,,,,,,24
2003,Barri,horta,,,26731,25511.0,18.0,155.0,1047.0,,,,,,,,,24
2004,Barri,horta,,,26684,25201.0,0.0,211.0,1271.0,,,,,,,,,24
2005,Barri,horta,,,26641,24819.0,0.0,241.0,1580.0,,,,,,,,,24
2006,Barri,horta,,,26526,24534.0,0.0,283.0,1706.0,,,,,,,,,24
2007,Barri,horta,,,26363,24326.0,0.0,399.0,1637.0,,,,,,,,,24
2008,Barri,horta,,,27284,24236.0,0.0,551.0,2494.0,,,,,,,,,24
2009,Barri,horta,,,27873,24122.0,0.0,601.0,3149.0,,,,,,,,,24
2010,Barri,horta,,,27771,24038.0,0.0,592.0,3141.0,,,,,,,,,24
2011,Barri,horta,,,27527,23872.0,0.0,583.0,3072.0,0.0,0.0,0.0,0.0,1886.0,,,,24
2012,Barri,horta,,,27001,23841.0,0.0,570.0,2590.0,,,,,2088.0,,,,24
2013,Barri,horta,,,26571,23786.0,0.0,619.0,2166.0,,,,,2158.0,,,,24
2014,Barri,horta,,89.0,26552,23717.0,0.0,645.0,2190.0,,,,,2114.0,4440.0,66.7,4.0,24
2015,Barri,horta,92.8798485347875,95.0,26469,23831.0,0.0,640.0,1998.0,,,,,1949.0,4270.0,64.1,4.0,24
2016,Barri,horta,91.7040549079,106.0,26597,23885.0,0.0,634.0,2078.0,,,,,175.0,5050.0,62.3,7.0,24
2017,Barri,horta,91.7234544195672,117.0,26743,23867.0,0.0,642.0,2233.0,,,,,1525.0,5820.0,64.1,7.0,24
2018,Barri,horta,91.8106662664303,118.0,26867,23788.0,0.0,665.0,2413.0,,,,,1453.0,6510.0,65.9,7.0,24
2019,Barri,horta,90.6571639501507,125.0,27482,23692.0,0.0,713.0,3074.0,,,,,1351.0,6290.0,65.6,7.0,24
2020,Barri,horta,93.724560091614,126.0,28363,23751.0,0.0,742.0,3868.0,,,,,1352.0,4290.0,64.6,6.0,24
2021,Barri,horta,93.9433257046166,119.0,28055,23413.0,0.0,692.0,3949.0,3984.0,9228.0,5094.0,5838.0,1813.0,6370.0,64.6,6.0,24
2022,Barri,horta,,124.0,27875,23411.0,0.0,691.0,3772.0,3798.0,9440.0,5159.0,5881.0,127.0,5880.0,66.4,6.0,24
2023,Barri,horta,,139.0,29395,23574.0,0.0,703.0,5117.0,3889.0,10206.0,5328.0,6493.0,1225.0,4940.0,66.4,60.0,24
2024,Barri,horta,,142.0,31091,23704.0,0.0,787.0,6598.0,,,,,1277.0,4060.0,65.3,60.0,24
2025,Barri,horta,,143.0,31259,23881.0,0.0,867.0,6510.0,,,,,1264.0,4200.0,64.4,,24
2000,Barri,hostafrancs,,,14537,14037.0,0.0,88.0,411.0,,,,,,,,,25
2001,Barri,hostafrancs,,,14465,13689.0,0.0,104.0,670.0,0.0,0.0,0.0,0.0,,,,,25
2002,Barri,hostafrancs,,,14749,13454.0,9.0,148.0,1138.0,,,,,,,,,25
2003,Barri,hostafrancs,,,15212,13216.0,6.0,181.0,1809.0,,,,,,,,,25
2004,Barri,hostafrancs,,,15448,13111.0,0.0,248.0,2087.0,,,,,,,,,25
2005,Barri,hostafrancs,,,15474,12837.0,0.0,325.0,2309.0,,,,,,,,,25
2006,Barri,hostafrancs,,,15843,12868.0,0.0,384.0,2589.0,,,,,,,,,25
2007,Barri,hostafrancs,,,15612,12762.0,5.0,594.0,2251.0,,,,,,,,,25
2008,Barri,hostafrancs,,,15940,12709.0,0.0,759.0,2469.0,,,,,,,,,25
2009,Barri,hostafrancs,,,16013,12573.0,0.0,788.0,2651.0,,,,,,,,,25
2010,Barri,hostafrancs,,,15961,12577.0,0.0,767.0,2617.0,,,,,,,,,25
2011,Barri,hostafrancs,,,15858,12548.0,0.0,688.0,2618.0,0.0,0.0,0.0,0.0,1041.0,,,,25
2012,Barri,hostafrancs,,,16042,12434.0,0.0,729.0,2876.0,,,,,1113.0,,,,25
2013,Barri,hostafrancs,,,15982,12429.0,0.0,741.0,2808.0,,,,,1096.0,,,,25
2014,Barri,hostafrancs,,103.0,15671,12332.0,0.0,825.0,2512.0,,,,,1047.0,4890.0,62.9,187.0,25
2015,Barri,hostafrancs,90.602933865609,111.0,15758,12546.0,0.0,881.0,2331.0,,,,,9810.0,4540.0,61.0,187.0,25
2016,Barri,hostafrancs,89.2830236001717,122.0,15915,12593.0,0.0,915.0,2407.0,,,,,8570.0,4350.0,62.3,168.0,25
2017,Barri,hostafrancs,88.9951609724627,129.0,15949,12423.0,0.0,973.0,2553.0,,,,,7660.0,5660.0,62.2,168.0,25
2018,Barri,hostafrancs,88.3514764908999,135.0,15969,12253.0,0.0,1054.0,2661.0,,,,,7350.0,6460.0,62.0,177.0,25
2019,Barri,hostafrancs,88.3441437136935,138.0,16155,12135.0,0.0,1189.0,2829.0,,,,,6790.0,5220.0,63.7,172.0,25
2020,Barri,hostafrancs,88.3119507657355,140.0,16203,12005.0,5.0,1277.0,2916.0,,,,,6990.0,4430.0,64.5,177.0,25
2021,Barri,hostafrancs,90.3983058796566,131.0,16102,11796.0,6.0,1210.0,3090.0,1779.0,6507.0,2664.0,3051.0,9280.0,6340.0,63.5,175.0,25
2022,Barri,hostafrancs,,142.0,15859,11615.0,0.0,1253.0,2990.0,1652.0,6538.0,2594.0,3142.0,7330.0,4630.0,64.7,174.0,25
2023,Barri,hostafrancs,,158.0,15969,11595.0,0.0,1227.0,3143.0,1598.0,6817.0,2551.0,3228.0,6010.0,4070.0,64.1,1770.0,25
2024,Barri,hostafrancs,,156.0,16192,11548.0,0.0,1277.0,3364.0,,,,,6330.0,3390.0,64.8,1760.0,25
2025,Barri,hostafrancs,,165.0,16798,11506.0,0.0,1360.0,3931.0,,,,,6210.0,3700.0,61.6,,25
2000,Barri,la barceloneta,,,14911,14049.0,0.0,120.0,742.0,,,,,,,,,26
2001,Barri,la barceloneta,,,15110,13732.0,0.0,176.0,1200.0,0.0,0.0,0.0,0.0,,,,,26
2002,Barri,la barceloneta,,,15507,13388.0,14.0,263.0,1842.0,,,,,,,,,26
2003,Barri,la barceloneta,,,15983,13047.0,13.0,386.0,2537.0,,,,,,,,,26
2004,Barri,la barceloneta,,,15958,12617.0,9.0,474.0,2858.0,,,,,,,,,26
2005,Barri,la barceloneta,,,15796,12248.0,16.0,644.0,2888.0,,,,,,,,,26
2006,Barri,la barceloneta,,,15863,12010.0,22.0,874.0,2957.0,,,,,,,,,26
2007,Barri,la barceloneta,,,15646,11740.0,21.0,1259.0,2626.0,,,,,,,,,26
2008,Barri,la barceloneta,,,16154,11658.0,12.0,1578.0,2906.0,,,,,,,,,26
2009,Barri,la barceloneta,,,16231,11472.0,0.0,1763.0,2992.0,,,,,,,,,26
2010,Barri,la barceloneta,,,16090,11443.0,0.0,1887.0,2759.0,,,,,,,,,26
2011,Barri,la barceloneta,,,15749,11315.0,0.0,1693.0,2739.0,0.0,0.0,0.0,0.0,1463.0,,,,26
2012,Barri,la barceloneta,,,15712,11091.0,0.0,1846.0,2772.0,,,,,152.0,,,,26
2013,Barri,la barceloneta,,,15493,10755.0,0.0,2009.0,2726.0,,,,,1506.0,,,,26
2014,Barri,la barceloneta,,152.0,15107,10485.0,0.0,2074.0,2547.0,,,,,1409.0,5660.0,39.7,69.0,26
2015,Barri,la barceloneta,74.0176526581955,163.0,15037,10331.0,0.0,2178.0,2527.0,,,,,1278.0,7030.0,38.2,69.0,26
2016,Barri,la barceloneta,72.6844290957849,182.0,15068,10263.0,0.0,2290.0,2512.0,,,,,1223.0,7890.0,38.7,68.0,26
2017,Barri,la barceloneta,73.5281191829435,198.0,15101,9855.0,0.0,2526.0,2716.0,,,,,1062.0,8570.0,40.1,68.0,26
2018,Barri,la barceloneta,73.9280073359929,169.0,14893,9536.0,0.0,2576.0,2780.0,,,,,1049.0,4150.0,58.8,66.0,26
2019,Barri,la barceloneta,73.8595213375533,174.0,15173,9246.0,0.0,2868.0,3058.0,,,,,9910.0,3850.0,55.3,65.0,26
2020,Barri,la barceloneta,72.3333015094689,173.0,15112,8990.0,0.0,2893.0,3227.0,,,,,1002.0,2740.0,52.6,64.0,26
2021,Barri,la barceloneta,76.8711264393947,160.0,15125,8786.0,0.0,2759.0,3577.0,2076.0,5511.0,2772.0,3069.0,1444.0,3620.0,56.3,64.0,26
2022,Barri,la barceloneta,,188.0,14342,8472.0,0.0,2598.0,3270.0,1862.0,5311.0,2657.0,2977.0,8530.0,3410.0,56.1,64.0,26
2023,Barri,la barceloneta,,190.0,14274,8264.0,0.0,2619.0,3390.0,1745.0,5709.0,2572.0,3116.0,7700.0,2360.0,57.9,640.0,26
2024,Barri,la barceloneta,,200.0,14526,8247.0,0.0,2675.0,3603.0,,,,,8160.0,2050.0,55.3,850.0,26
2025,Barri,la barceloneta,,227.0,14749,8199.0,0.0,2753.0,3793.0,,,,,7960.0,4480.0,40.6,,26
2000,Barri,la bordeta,,,17677,17287.0,0.0,61.0,325.0,,,,,,,,,27
2001,Barri,la bordeta,,,17997,17312.0,0.0,65.0,617.0,0.0,0.0,0.0,0.0,,,,,27
2002,Barri,la bordeta,,,18429,17350.0,8.0,84.0,987.0,,,,,,,,,27
2003,Barri,la bordeta,,,18548,17055.0,0.0,134.0,1355.0,,,,,,,,,27
2004,Barri,la bordeta,,,18757,16857.0,0.0,169.0,1731.0,,,,,,,,,27
2005,Barri,la bordeta,,,18666,16592.0,0.0,210.0,1864.0,,,,,,,,,27
2006,Barri,la bordeta,,,18709,16321.0,0.0,262.0,2126.0,,,,,,,,,27
2007,Barri,la bordeta,,,18649,16278.0,0.0,396.0,1974.0,,,,,,,,,27
2008,Barri,la bordeta,,,18721,16162.0,0.0,470.0,2088.0,,,,,,,,,27
2009,Barri,la bordeta,,,18839,16153.0,0.0,498.0,2187.0,,,,,,,,,27
2010,Barri,la bordeta,,,18645,16055.0,0.0,514.0,2076.0,,,,,,,,,27
2011,Barri,la bordeta,,,18492,15942.0,0.0,448.0,2101.0,0.0,0.0,0.0,0.0,1221.0,,,,27
2012,Barri,la bordeta,,,18604,15991.0,0.0,440.0,2173.0,,,,,1305.0,,,,27
2013,Barri,la bordeta,,,18581,15997.0,0.0,511.0,2072.0,,,,,1285.0,,,,27
2014,Barri,la bordeta,,93.0,18397,15956.0,0.0,505.0,1934.0,,,,,1228.0,3720.0,69.6,42.0,27
2015,Barri,la bordeta,91.4618816371367,98.0,18384,16162.0,5.0,499.0,1718.0,,,,,1151.0,3070.0,68.3,42.0,27
2016,Barri,la bordeta,89.7915872839786,108.0,18518,16211.0,0.0,517.0,1788.0,,,,,1005.0,2680.0,65.7,44.0,27
2017,Barri,la bordeta,89.6179215324558,119.0,18561,16121.0,0.0,542.0,1896.0,,,,,8990.0,4200.0,69.1,44.0,27
2018,Barri,la bordeta,89.0820175486059,122.0,18833,16305.0,0.0,592.0,1933.0,,,,,8620.0,4500.0,67.6,44.0,27
2019,Barri,la bordeta,89.62077748519,128.0,19443,16507.0,0.0,679.0,2255.0,,,,,7970.0,3950.0,68.7,44.0,27
2020,Barri,la bordeta,90.7220027129441,130.0,19567,16478.0,0.0,731.0,2357.0,,,,,8210.0,3240.0,68.3,44.0,27
2021,Barri,la bordeta,93.0201169859777,123.0,19451,16317.0,0.0,745.0,2388.0,2376.0,7158.0,3405.0,3960.0,1089.0,4800.0,70.2,39.0,27
2022,Barri,la bordeta,,134.0,19227,16271.0,0.0,758.0,2196.0,2209.0,7311.0,3380.0,3959.0,7330.0,6930.0,69.9,30.0,27
2023,Barri,la bordeta,,211.0,19728,16219.0,6.0,812.0,2691.0,2151.0,7790.0,3335.0,4128.0,7290.0,5500.0,66.0,300.0,27
2024,Barri,la bordeta,,187.0,20392,16249.0,0.0,908.0,3232.0,,,,,7680.0,4260.0,66.1,350.0,27
2025,Barri,la bordeta,,182.0,21242,16355.0,7.0,985.0,3895.0,,,,,7520.0,4650.0,66.1,,27
2000,Barri,la clota,,,459,446.0,,0.0,13.0,,,,,,,,,28
2001,Barri,la clota,,,454,434.0,,0.0,20.0,0.0,0.0,0.0,0.0,,,,,28
2002,Barri,la clota,,,453,420.0,,0.0,33.0,,,,,,,,,28
2003,Barri,la clota,,,463,416.0,,0.0,46.0,,,,,,,,,28
2004,Barri,la clota,,,462,414.0,,0.0,47.0,,,,,,,,,28
2005,Barri,la clota,,,476,421.0,,0.0,52.0,,,,,,,,,28
2006,Barri,la clota,,,486,414.0,,6.0,66.0,,,,,,,,,28
2007,Barri,la clota,,,457,387.0,,10.0,60.0,,,,,,,,,28
2008,Barri,la clota,,,455,386.0,,11.0,58.0,,,,,,,,,28
2009,Barri,la clota,,,464,370.0,,12.0,82.0,,,,,,,,,28
2010,Barri,la clota,,,453,365.0,,12.0,76.0,,,,,,,,,28
2011,Barri,la clota,,,464,359.0,,12.0,93.0,0.0,0.0,0.0,0.0,220.0,,,,28
2012,Barri,la clota,,,452,347.0,,8.0,97.0,,,,,250.0,,,,28
2013,Barri,la clota,,,439,338.0,,11.0,90.0,,,,,250.0,,,,28
2014,Barri,la clota,,105.0,521,416.0,,8.0,97.0,,,,,250.0,80.0,39.3,,28
2015,Barri,la clota,85.4231686526447,80.0,542,452.0,,9.0,81.0,,,,,220.0,120.0,61.5,,28
2016,Barri,la clota,91.5745023609818,123.0,590,513.0,,8.0,69.0,,,,,200.0,150.0,55.7,,28
2017,Barri,la clota,85.4083349994679,151.0,611,546.0,,9.0,56.0,,,,,180.0,80.0,49.3,,28
2018,Barri,la clota,88.0801877848567,80.0,657,575.0,,10.0,72.0,,,,,170.0,140.0,65.1,,28
2019,Barri,la clota,85.2081305077256,114.0,686,591.0,,13.0,82.0,,,,,170.0,110.0,64.4,,28
2020,Barri,la clota,89.0036109585881,114.0,709,600.0,,28.0,81.0,,,,,160.0,90.0,61.8,,28
2021,Barri,la clota,92.9761744688893,121.0,698,590.0,,29.0,79.0,78.0,234.0,105.0,153.0,230.0,70.0,77.3,,28
2022,Barri,la clota,,,669,576.0,,23.0,70.0,71.0,226.0,108.0,139.0,160.0,50.0,67.0,,28
2023,Barri,la clota,,155.0,699,597.0,,20.0,82.0,76.0,239.0,113.0,137.0,260.0,90.0,60.4,,28
2024,Barri,la clota,,115.0,841,730.0,,16.0,95.0,,,,,270.0,180.0,83.1,,28
2025,Barri,la clota,,201.0,1071,892.0,,34.0,145.0,,,,,270.0,120.0,54.6,,28
2000,Barri,la dreta de leixample,,,39574,38119.0,6.0,548.0,901.0,,,,,,,,,29
2001,Barri,la dreta de leixample,,,39823,37772.0,8.0,688.0,1355.0,0.0,0.0,0.0,0.0,,,,,29
2002,Barri,la dreta de leixample,,,41359,38208.0,39.0,1029.0,2083.0,,,,,,,,,29
2003,Barri,la dreta de leixample,,,42271,37786.0,47.0,1353.0,3085.0,,,,,,,,,29
2004,Barri,la dreta de leixample,,,42147,36808.0,28.0,1626.0,3685.0,,,,,,,,,29
2005,Barri,la dreta de leixample,,,42439,36137.0,33.0,1994.0,4275.0,,,,,,,,,29
2006,Barri,la dreta de leixample,,,42888,35871.0,32.0,2387.0,4598.0,,,,,,,,,29
2007,Barri,la dreta de leixample,,,42277,35497.0,25.0,2945.0,3810.0,,,,,,,,,29
2008,Barri,la dreta de leixample,,,42735,35446.0,25.0,3348.0,3916.0,,,,,,,,,29
2009,Barri,la dreta de leixample,,,43410,35456.0,20.0,3741.0,4193.0,,,,,,,,,29
2010,Barri,la dreta de leixample,,,43063,35393.0,13.0,3652.0,4005.0,,,,,,,,,29
2011,Barri,la dreta de leixample,,,42856,35451.0,12.0,3323.0,4070.0,0.0,0.0,0.0,0.0,2071.0,,,,29
2012,Barri,la dreta de leixample,,,43285,35526.0,18.0,3529.0,4212.0,,,,,2223.0,,,,29
2013,Barri,la dreta de leixample,,,43399,35242.0,12.0,3965.0,4180.0,,,,,2209.0,,,,29
2014,Barri,la dreta de leixample,,101.0,43343,35044.0,10.0,4194.0,4095.0,,,,,2015.0,143.0,104.7,1747.0,29
2015,Barri,la dreta de leixample,129.886954574897,113.0,43558,35155.0,7.0,4245.0,4151.0,,,,,1794.0,1422.0,98.1,1747.0,29
2016,Barri,la dreta de leixample,136.207380540108,129.0,43692,34998.0,17.0,4388.0,4289.0,,,,,1669.0,1611.0,98.4,1653.0,29
2017,Barri,la dreta de leixample,136.089334718412,135.0,44224,34710.0,16.0,4599.0,4899.0,,,,,1466.0,1871.0,98.1,1653.0,29
2018,Barri,la dreta de leixample,134.345686551919,140.0,43853,34108.0,17.0,4664.0,5064.0,,,,,134.0,2212.0,98.8,1664.0,29
2019,Barri,la dreta de leixample,137.674100711671,144.0,44189,33531.0,14.0,5148.0,5496.0,,,,,1286.0,2077.0,99.3,1660.0,29
2020,Barri,la dreta de leixample,132.779905022727,142.0,44298,33034.0,13.0,5409.0,5842.0,,,,,1269.0,1628.0,98.9,1662.0,29
2021,Barri,la dreta de leixample,126.760623253678,131.0,44088,32116.0,10.0,5073.0,6889.0,2424.0,24807.0,3393.0,7722.0,1885.0,2313.0,98.6,1650.0,29
2022,Barri,la dreta de leixample,,150.0,44156,31611.0,8.0,5671.0,6866.0,2273.0,25505.0,3333.0,7595.0,1165.0,1808.0,100.3,1631.0,29
2023,Barri,la dreta de leixample,,166.0,44105,31090.0,9.0,5647.0,7359.0,2169.0,26490.0,3312.0,7549.0,1133.0,1514.0,102.6,1655.0,29
2024,Barri,la dreta de leixample,,168.0,44887,30939.0,12.0,5932.0,8004.0,,,,,1243.0,1188.0,101.8,1741.0,29
2025,Barri,la dreta de leixample,,174.0,45667,30740.0,17.0,6364.0,8546.0,,,,,1252.0,1197.0,99.7,,29
2000,Barri,la font de la guatlla,,,9352,9083.0,0.0,40.0,226.0,,,,,,,,,30
2001,Barri,la font de la guatlla,,,9404,8983.0,0.0,53.0,364.0,0.0,0.0,0.0,0.0,,,,,30
2002,Barri,la font de la guatlla,,,9731,9025.0,5.0,80.0,621.0,,,,,,,,,30
2003,Barri,la font de la guatlla,,,9873,8909.0,5.0,119.0,840.0,,,,,,,,,30
2004,Barri,la font de la guatlla,,,9929,8739.0,0.0,160.0,1027.0,,,,,,,,,30
2005,Barri,la font de la guatlla,,,10114,8606.0,0.0,198.0,1309.0,,,,,,,,,30
2006,Barri,la font de la guatlla,,,10157,8462.0,0.0,224.0,1469.0,,,,,,,,,30
2007,Barri,la font de la guatlla,,,10131,8367.0,0.0,321.0,1441.0,,,,,,,,,30
2008,Barri,la font de la guatlla,,,10075,8308.0,0.0,430.0,1333.0,,,,,,,,,30
2009,Barri,la font de la guatlla,,,10219,8307.0,0.0,479.0,1430.0,,,,,,,,,30
2010,Barri,la font de la guatlla,,,10281,8380.0,0.0,502.0,1399.0,,,,,,,,,30
2011,Barri,la font de la guatlla,,,10215,8348.0,0.0,479.0,1387.0,0.0,0.0,0.0,0.0,8460.0,,,,30
2012,Barri,la font de la guatlla,,,10275,8378.0,0.0,505.0,1391.0,,,,,8940.0,,,,30
2013,Barri,la font de la guatlla,,,10312,8370.0,0.0,566.0,1375.0,,,,,9060.0,,,,30
2014,Barri,la font de la guatlla,,106.0,10310,8404.0,0.0,600.0,1306.0,,,,,8780.0,2630.0,65.3,74.0,30
2015,Barri,la font de la guatlla,94.942499963849,113.0,10371,8464.0,0.0,625.0,1282.0,,,,,8140.0,2020.0,66.9,74.0,30
2016,Barri,la font de la guatlla,92.4195360996291,120.0,10316,8414.0,0.0,614.0,1287.0,,,,,7060.0,2630.0,66.1,73.0,30
2017,Barri,la font de la guatlla,92.9427786544535,130.0,10422,8401.0,0.0,637.0,1383.0,,,,,6270.0,2770.0,66.1,73.0,30
2018,Barri,la font de la guatlla,92.2770701760742,124.0,10307,8320.0,0.0,640.0,1346.0,,,,,5920.0,3650.0,68.5,73.0,30
2019,Barri,la font de la guatlla,91.7420489368046,128.0,10373,8167.0,0.0,731.0,1474.0,,,,,5460.0,3200.0,68.5,73.0,30
2020,Barri,la font de la guatlla,93.7060957885396,133.0,10377,8112.0,0.0,714.0,1551.0,,,,,5250.0,2390.0,67.0,73.0,30
2021,Barri,la font de la guatlla,94.2801259223424,128.0,10239,7933.0,0.0,661.0,1645.0,1191.0,4155.0,1680.0,2076.0,7810.0,3170.0,67.3,73.0,30
2022,Barri,la font de la guatlla,,141.0,10359,7904.0,0.0,682.0,1771.0,1172.0,4205.0,1844.0,2139.0,4610.0,2720.0,68.1,73.0,30
2023,Barri,la font de la guatlla,,158.0,10499,7836.0,7.0,676.0,1980.0,1184.0,4474.0,1831.0,2151.0,4870.0,2380.0,68.4,1310.0,30
2024,Barri,la font de la guatlla,,156.0,10699,7877.0,7.0,710.0,2105.0,,,,,4940.0,1640.0,67.3,1320.0,30
2025,Barri,la font de la guatlla,,159.0,10860,7854.0,0.0,753.0,2250.0,,,,,4820.0,1570.0,69.4,,30
2000,Barri,la font den fargues,,,9785,9705.0,0.0,35.0,44.0,,,,,,,,,31
2001,Barri,la font den fargues,,,9748,9625.0,0.0,41.0,81.0,0.0,0.0,0.0,0.0,,,,,31
2002,Barri,la font den fargues,,,9777,9579.0,0.0,51.0,144.0,,,,,,,,,31
2003,Barri,la font den fargues,,,9763,9499.0,0.0,59.0,203.0,,,,,,,,,31
2004,Barri,la font den fargues,,,9715,9388.0,0.0,76.0,251.0,,,,,,,,,31
2005,Barri,la font den fargues,,,9710,9319.0,0.0,95.0,296.0,,,,,,,,,31
2006,Barri,la font den fargues,,,9570,9104.0,0.0,107.0,359.0,,,,,,,,,31
2007,Barri,la font den fargues,,,9599,9139.0,0.0,163.0,297.0,,,,,,,,,31
2008,Barri,la font den fargues,,,9664,9124.0,0.0,190.0,349.0,,,,,,,,,31
2009,Barri,la font den fargues,,,9667,9059.0,0.0,219.0,387.0,,,,,,,,,31
2010,Barri,la font den fargues,,,9581,8968.0,0.0,230.0,382.0,,,,,,,,,31
2011,Barri,la font den fargues,,,9521,8934.0,0.0,212.0,375.0,0.0,0.0,0.0,0.0,7220.0,,,,31
2012,Barri,la font den fargues,,,9560,8929.0,0.0,222.0,409.0,,,,,7580.0,,,,31
2013,Barri,la font den fargues,,,9499,8906.0,0.0,217.0,376.0,,,,,7860.0,,,,31
2014,Barri,la font den fargues,,93.0,9437,8875.0,0.0,195.0,367.0,,,,,7630.0,930.0,75.5,2.0,31
2015,Barri,la font den fargues,112.458831489965,114.0,9399,8887.0,0.0,187.0,325.0,,,,,6870.0,1100.0,68.3,2.0,31
2016,Barri,la font den fargues,114.884121372312,119.0,9402,8918.0,0.0,177.0,307.0,,,,,6070.0,1230.0,64.9,4.0,31
2017,Barri,la font den fargues,112.523542601432,131.0,9390,8849.0,0.0,190.0,351.0,,,,,5400.0,1280.0,67.2,4.0,31
2018,Barri,la font den fargues,109.53288563953,121.0,9446,8821.0,0.0,236.0,389.0,,,,,5070.0,1380.0,70.8,4.0,31
2019,Barri,la font den fargues,111.040912993652,128.0,9506,8814.0,0.0,275.0,417.0,,,,,4720.0,1470.0,70.7,4.0,31
2020,Barri,la font den fargues,113.323666632581,129.0,9544,8725.0,0.0,313.0,506.0,,,,,4800.0,1080.0,73.2,4.0,31
2021,Barri,la font den fargues,114.067566125171,121.0,9505,8652.0,0.0,295.0,558.0,942.0,3990.0,1449.0,1932.0,6230.0,1470.0,70.5,4.0,31
2022,Barri,la font den fargues,,135.0,9527,8700.0,0.0,289.0,538.0,774.0,4105.0,1448.0,1920.0,4350.0,1180.0,67.4,4.0,31
2023,Barri,la font den fargues,,155.0,9709,8785.0,0.0,311.0,613.0,768.0,4293.0,1408.0,1970.0,4200.0,1270.0,68.9,40.0,31
2024,Barri,la font den fargues,,156.0,9837,8792.0,0.0,338.0,707.0,,,,,4310.0,1030.0,73.6,40.0,31
2025,Barri,la font den fargues,,146.0,9952,8781.0,0.0,348.0,823.0,,,,,4340.0,840.0,70.7,,31
2000,Barri,la guineueta,,,16497,16338.0,0.0,28.0,130.0,,,,,,,,,32
2001,Barri,la guineueta,,,16266,15975.0,0.0,27.0,263.0,0.0,0.0,0.0,0.0,,,,,32
2002,Barri,la guineueta,,,16052,15567.0,0.0,35.0,447.0,,,,,,,,,32
2003,Barri,la guineueta,,,15970,15236.0,0.0,61.0,670.0,,,,,,,,,32
2004,Barri,la guineueta,,,16079,15214.0,0.0,74.0,789.0,,,,,,,,,32
2005,Barri,la guineueta,,,15863,14913.0,0.0,99.0,850.0,,,,,,,,,32
2006,Barri,la guineueta,,,15695,14711.0,0.0,110.0,873.0,,,,,,,,,32
2007,Barri,la guineueta,,,15526,14571.0,0.0,191.0,763.0,,,,,,,,,32
2008,Barri,la guineueta,,,15428,14350.0,0.0,218.0,859.0,,,,,,,,,32
2009,Barri,la guineueta,,,15362,14225.0,0.0,227.0,910.0,,,,,,,,,32
2010,Barri,la guineueta,,,15299,14127.0,0.0,244.0,928.0,,,,,,,,,32
2011,Barri,la guineueta,,,15263,14028.0,0.0,223.0,1012.0,0.0,0.0,0.0,0.0,1265.0,,,,32
2012,Barri,la guineueta,,,15182,13966.0,0.0,220.0,996.0,,,,,1376.0,,,,32
2013,Barri,la guineueta,,,15126,13953.0,0.0,226.0,947.0,,,,,1421.0,,,,32
2014,Barri,la guineueta,,82.0,15057,13922.0,0.0,218.0,917.0,,,,,1364.0,2370.0,75.7,1.0,32
2015,Barri,la guineueta,90.6584318842849,82.0,15097,14033.0,0.0,217.0,847.0,,,,,1271.0,1880.0,68.0,1.0,32
2016,Barri,la guineueta,87.6389217137979,88.0,15050,13954.0,0.0,237.0,859.0,,,,,1122.0,2410.0,71.0,1.0,32
2017,Barri,la guineueta,87.115856559409,94.0,15247,14034.0,0.0,249.0,964.0,,,,,1015.0,2870.0,69.0,1.0,32
2018,Barri,la guineueta,87.2023810924099,101.0,15293,14029.0,0.0,250.0,1014.0,,,,,9730.0,3430.0,71.7,1.0,32
2019,Barri,la guineueta,85.6134075061342,105.0,15398,13917.0,0.0,273.0,1208.0,,,,,8970.0,2700.0,71.4,1.0,32
2020,Barri,la guineueta,88.0887313957608,106.0,15420,13777.0,0.0,290.0,1353.0,,,,,8860.0,2560.0,70.0,1.0,32
2021,Barri,la guineueta,89.9301863837342,97.0,15267,13526.0,0.0,267.0,1474.0,2352.0,4554.0,3195.0,3273.0,1162.0,2700.0,69.6,1.0,32
2022,Barri,la guineueta,,108.0,15056,13445.0,0.0,267.0,1340.0,2163.0,4664.0,3196.0,3194.0,8410.0,2750.0,70.6,1.0,32
2023,Barri,la guineueta,,122.0,15265,13440.0,5.0,263.0,1557.0,2059.0,4923.0,3181.0,3325.0,7870.0,1960.0,69.1,10.0,32
2024,Barri,la guineueta,,119.0,15373,13450.0,0.0,286.0,1636.0,,,,,8130.0,2060.0,74.6,10.0,32
2025,Barri,la guineueta,,125.0,15656,13512.0,0.0,296.0,1847.0,,,,,8130.0,1560.0,73.6,,32
2000,Barri,la marina de port,,,27385,26906.0,0.0,69.0,408.0,,,,,,,,,33
2001,Barri,la marina de port,,,27627,26845.0,0.0,86.0,693.0,0.0,0.0,0.0,0.0,,,,,33
2002,Barri,la marina de port,,,28103,26819.0,11.0,125.0,1148.0,,,,,,,,,33
2003,Barri,la marina de port,,,28536,26542.0,11.0,169.0,1814.0,,,,,,,,,33
2004,Barri,la marina de port,,,28813,26266.0,6.0,219.0,2322.0,,,,,,,,,33
2005,Barri,la marina de port,,,29224,26121.0,0.0,262.0,2837.0,,,,,,,,,33
2006,Barri,la marina de port,,,29585,25938.0,7.0,285.0,3355.0,,,,,,,,,33
2007,Barri,la marina de port,,,29430,25770.0,5.0,500.0,3155.0,,,,,,,,,33
2008,Barri,la marina de port,,,29714,25584.0,0.0,641.0,3486.0,,,,,,,,,33
2009,Barri,la marina de port,,,30137,25645.0,0.0,688.0,3800.0,,,,,,,,,33
2010,Barri,la marina de port,,,30108,25802.0,0.0,672.0,3632.0,,,,,,,,,33
2011,Barri,la marina de port,,,30238,25972.0,0.0,638.0,3626.0,0.0,0.0,0.0,0.0,2216.0,,,,33
2012,Barri,la marina de port,,,30445,26148.0,0.0,645.0,3651.0,,,,,236.0,,,,33
2013,Barri,la marina de port,,,30276,26098.0,0.0,657.0,3521.0,,,,,2437.0,,,,33
2014,Barri,la marina de port,,80.0,30051,26041.0,0.0,669.0,3340.0,,,,,2396.0,3920.0,69.2,6.0,33
2015,Barri,la marina de port,79.0195050853238,84.0,30237,26312.0,0.0,696.0,3228.0,,,,,2362.0,3540.0,67.7,6.0,33
2016,Barri,la marina de port,76.9595666790463,89.0,30397,26395.0,0.0,680.0,3321.0,,,,,2097.0,3800.0,65.9,7.0,33
2017,Barri,la marina de port,76.0141510896998,104.0,30622,26325.0,0.0,721.0,3574.0,,,,,1844.0,4020.0,70.0,7.0,33
2018,Barri,la marina de port,76.1618341111437,106.0,30751,26096.0,0.0,785.0,3869.0,,,,,1754.0,4630.0,71.3,7.0,33
2019,Barri,la marina de port,75.1560933901904,108.0,31087,25871.0,0.0,842.0,4374.0,,,,,1664.0,4110.0,71.8,7.0,33
2020,Barri,la marina de port,75.8746191434599,111.0,31352,25797.0,0.0,892.0,4661.0,,,,,1588.0,3170.0,71.6,6.0,33
2021,Barri,la marina de port,79.2796476835917,107.0,31092,25518.0,0.0,886.0,4687.0,4428.0,8298.0,7449.0,6522.0,2223.0,4720.0,70.6,6.0,33
2022,Barri,la marina de port,,106.0,30428,25144.0,0.0,903.0,4379.0,4063.0,8472.0,7387.0,6471.0,162.0,4350.0,68.0,6.0,33
2023,Barri,la marina de port,,126.0,30437,24880.0,0.0,907.0,4649.0,3862.0,8832.0,7290.0,6700.0,1533.0,3020.0,71.1,60.0,33
2024,Barri,la marina de port,,120.0,30960,24805.0,0.0,973.0,5181.0,,,,,1546.0,2830.0,71.1,60.0,33
2025,Barri,la marina de port,,131.0,31647,24805.0,0.0,997.0,5843.0,,,,,1499.0,2510.0,68.8,,33
2000,Barri,la marina del prat vermell,,,1805,1779.0,0.0,0.0,22.0,,,,,,,,,34
2001,Barri,la marina del prat vermell,,,1764,1737.0,0.0,6.0,21.0,0.0,0.0,0.0,0.0,,,,,34
2002,Barri,la marina del prat vermell,,,1672,1621.0,0.0,5.0,42.0,,,,,,,,,34
2003,Barri,la marina del prat vermell,,,1544,1496.0,0.0,6.0,40.0,,,,,,,,,34
2004,Barri,la marina del prat vermell,,,1456,1397.0,0.0,6.0,53.0,,,,,,,,,34
2005,Barri,la marina del prat vermell,,,1307,1244.0,0.0,5.0,58.0,,,,,,,,,34
2006,Barri,la marina del prat vermell,,,1248,1176.0,0.0,0.0,69.0,,,,,,,,,34
2007,Barri,la marina del prat vermell,,,1205,1132.0,0.0,5.0,68.0,,,,,,,,,34
2008,Barri,la marina del prat vermell,,,1190,1104.0,0.0,9.0,77.0,,,,,,,,,34
2009,Barri,la marina del prat vermell,,,1155,1069.0,0.0,5.0,81.0,,,,,,,,,34
2010,Barri,la marina del prat vermell,,,1135,1050.0,0.0,0.0,82.0,,,,,,,,,34
2011,Barri,la marina del prat vermell,,,1119,1025.0,0.0,6.0,88.0,0.0,0.0,0.0,0.0,1190.0,,,,34
2012,Barri,la marina del prat vermell,,,1150,1057.0,0.0,5.0,88.0,,,,,1430.0,,,,34
2013,Barri,la marina del prat vermell,,,1172,1062.0,0.0,12.0,98.0,,,,,1470.0,,,,34
2014,Barri,la marina del prat vermell,,54.0,1143,1027.0,0.0,16.0,100.0,,,,,1490.0,40.0,85.8,3.0,34
2015,Barri,la marina del prat vermell,60.3445464595206,66.0,1122,1024.0,0.0,13.0,85.0,,,,,1460.0,210.0,63.2,3.0,34
2016,Barri,la marina del prat vermell,59.8464758909752,59.0,1146,1059.0,0.0,8.0,79.0,,,,,1510.0,100.0,72.7,3.0,34
2017,Barri,la marina del prat vermell,62.2252846227148,,1151,1055.0,0.0,9.0,87.0,,,,,1250.0,40.0,93.3,3.0,34
2018,Barri,la marina del prat vermell,61.7457517628355,,1161,1055.0,0.0,11.0,95.0,,,,,1130.0,30.0,89.3,3.0,34
2019,Barri,la marina del prat vermell,59.0673375030087,71.0,1199,1068.0,0.0,12.0,119.0,,,,,990.0,630.0,53.0,3.0,34
2020,Barri,la marina del prat vermell,64.4989122538517,,1227,1060.0,0.0,13.0,154.0,,,,,960.0,50.0,64.0,3.0,34
2021,Barri,la marina del prat vermell,68.1582632956148,59.0,1356,1158.0,0.0,28.0,170.0,285.0,243.0,426.0,207.0,1380.0,70.0,80.7,3.0,34
2022,Barri,la marina del prat vermell,,72.0,1517,1298.0,0.0,41.0,178.0,269.0,303.0,462.0,249.0,1000.0,650.0,96.0,3.0,34
2023,Barri,la marina del prat vermell,,134.0,1678,1387.0,0.0,86.0,205.0,264.0,412.0,462.0,284.0,1060.0,930.0,56.0,30.0,34
2024,Barri,la marina del prat vermell,,87.0,1977,1513.0,0.0,129.0,335.0,,,,,1010.0,2140.0,69.4,30.0,34
2025,Barri,la marina del prat vermell,,174.0,2876,2149.0,0.0,214.0,513.0,,,,,960.0,780.0,82.8,,34
2000,Barri,la maternitat i sant ramon,,,24586,24004.0,0.0,175.0,406.0,,,,,,,,,35
2001,Barri,la maternitat i sant ramon,,,24523,23712.0,0.0,182.0,628.0,0.0,0.0,0.0,0.0,,,,,35
2002,Barri,la maternitat i sant ramon,,,24681,23410.0,13.0,251.0,1007.0,,,,,,,,,35
2003,Barri,la maternitat i sant ramon,,,24938,23138.0,14.0,349.0,1437.0,,,,,,,,,35
2004,Barri,la maternitat i sant ramon,,,24796,22740.0,0.0,405.0,1648.0,,,,,,,,,35
2005,Barri,la maternitat i sant ramon,,,24568,22249.0,0.0,446.0,1870.0,,,,,,,,,35
2006,Barri,la maternitat i sant ramon,,,24278,21764.0,0.0,496.0,2014.0,,,,,,,,,35
2007,Barri,la maternitat i sant ramon,,,23912,21517.0,0.0,663.0,1728.0,,,,,,,,,35
2008,Barri,la maternitat i sant ramon,,,23785,21287.0,0.0,704.0,1792.0,,,,,,,,,35
2009,Barri,la maternitat i sant ramon,,,23934,21183.0,0.0,763.0,1986.0,,,,,,,,,35
2010,Barri,la maternitat i sant ramon,,,23762,21138.0,0.0,738.0,1884.0,,,,,,,,,35
2011,Barri,la maternitat i sant ramon,,,23607,21067.0,0.0,637.0,1901.0,0.0,0.0,0.0,0.0,1309.0,,,,35
2012,Barri,la maternitat i sant ramon,,,23786,21111.0,0.0,647.0,2028.0,,,,,1404.0,,,,35
2013,Barri,la maternitat i sant ramon,,,23674,21019.0,0.0,661.0,1992.0,,,,,1409.0,,,,35
2014,Barri,la maternitat i sant ramon,,104.0,23554,21033.0,0.0,642.0,1877.0,,,,,1368.0,5010.0,76.2,36.0,35
2015,Barri,la maternitat i sant ramon,116.91632464496,114.0,23810,21318.0,0.0,668.0,1824.0,,,,,1268.0,5170.0,71.3,36.0,35
2016,Barri,la maternitat i sant ramon,118.335061665276,129.0,23868,21375.0,0.0,663.0,1830.0,,,,,1114.0,5490.0,71.0,46.0,35
2017,Barri,la maternitat i sant ramon,116.920658749068,134.0,23980,21275.0,0.0,702.0,2003.0,,,,,9540.0,6120.0,73.0,46.0,35
2018,Barri,la maternitat i sant ramon,116.775484835639,136.0,23984,21147.0,0.0,748.0,2088.0,,,,,8800.0,6880.0,74.3,46.0,35
2019,Barri,la maternitat i sant ramon,118.107057792275,144.0,23992,20934.0,0.0,832.0,2225.0,,,,,8760.0,6510.0,74.7,46.0,35
2020,Barri,la maternitat i sant ramon,117.524271350623,140.0,23968,20689.0,0.0,911.0,2366.0,,,,,8480.0,5310.0,73.2,44.0,35
2021,Barri,la maternitat i sant ramon,116.170430428738,130.0,23825,20418.0,0.0,840.0,2565.0,2136.0,11160.0,2829.0,4554.0,1129.0,7270.0,73.7,44.0,35
2022,Barri,la maternitat i sant ramon,,148.0,23684,20171.0,0.0,919.0,2593.0,2034.0,11141.0,2854.0,4600.0,7560.0,6050.0,75.1,44.0,35
2023,Barri,la maternitat i sant ramon,,158.0,24059,20060.0,7.0,977.0,3015.0,1979.0,11724.0,2825.0,4654.0,7740.0,4400.0,78.2,480.0,35
2024,Barri,la maternitat i sant ramon,,164.0,24313,19982.0,0.0,1041.0,3288.0,,,,,7790.0,3840.0,74.9,480.0,35
2025,Barri,la maternitat i sant ramon,,165.0,24687,19980.0,0.0,1147.0,3559.0,,,,,7480.0,3930.0,73.8,,35
2000,Barri,la nova esquerra de leixample,,,55100,53212.0,0.0,453.0,1432.0,,,,,,,,,36
2001,Barri,la nova esquerra de leixample,,,55424,52479.0,8.0,542.0,2395.0,0.0,0.0,0.0,0.0,,,,,36
2002,Barri,la nova esquerra de leixample,,,57422,52795.0,38.0,789.0,3800.0,,,,,,,,,36
2003,Barri,la nova esquerra de leixample,,,58191,51961.0,33.0,1058.0,5139.0,,,,,,,,,36
2004,Barri,la nova esquerra de leixample,,,58244,50990.0,8.0,1265.0,5981.0,,,,,,,,,36
2005,Barri,la nova esquerra de leixample,,,58627,50197.0,15.0,1595.0,6820.0,,,,,,,,,36
2006,Barri,la nova esquerra de leixample,,,59221,49965.0,14.0,1916.0,7326.0,,,,,,,,,36
2007,Barri,la nova esquerra de leixample,,,57998,49389.0,18.0,2441.0,6150.0,,,,,,,,,36
2008,Barri,la nova esquerra de leixample,,,58345,49156.0,15.0,2827.0,6347.0,,,,,,,,,36
2009,Barri,la nova esquerra de leixample,,,58532,48820.0,8.0,3015.0,6689.0,,,,,,,,,36
2010,Barri,la nova esquerra de leixample,,,58013,48544.0,7.0,3023.0,6439.0,,,,,,,,,36
2011,Barri,la nova esquerra de leixample,,,57676,48362.0,9.0,2762.0,6543.0,0.0,0.0,0.0,0.0,3211.0,,,,36
2012,Barri,la nova esquerra de leixample,,,57876,48345.0,6.0,2771.0,6754.0,,,,,3499.0,,,,36
2013,Barri,la nova esquerra de leixample,,,57890,48114.0,6.0,2965.0,6805.0,,,,,3532.0,,,,36
2014,Barri,la nova esquerra de leixample,,104.0,57625,47852.0,5.0,3074.0,6694.0,,,,,3342.0,1794.0,74.4,428.0,36
2015,Barri,la nova esquerra de leixample,114.690619737848,113.0,57664,48202.0,6.0,3041.0,6415.0,,,,,3026.0,1727.0,73.6,428.0,36
2016,Barri,la nova esquerra de leixample,113.842540117398,124.0,57699,48140.0,8.0,3112.0,6439.0,,,,,2684.0,1766.0,73.9,418.0,36
2017,Barri,la nova esquerra de leixample,113.820837164648,135.0,58337,47795.0,8.0,3400.0,7134.0,,,,,2359.0,2064.0,73.8,418.0,36
2018,Barri,la nova esquerra de leixample,113.668556340397,139.0,58265,47407.0,12.0,3495.0,7351.0,,,,,2226.0,2404.0,74.0,413.0,36
2019,Barri,la nova esquerra de leixample,113.418328489469,145.0,58668,46872.0,12.0,3953.0,7831.0,,,,,2122.0,2236.0,76.4,413.0,36
2020,Barri,la nova esquerra de leixample,114.867640993854,144.0,58648,46259.0,12.0,4109.0,8268.0,,,,,2151.0,174.0,75.2,413.0,36
2021,Barri,la nova esquerra de leixample,114.94609302044,134.0,57906,45465.0,11.0,3840.0,8590.0,4200.0,29313.0,6234.0,11160.0,2881.0,2631.0,74.9,404.0,36
2022,Barri,la nova esquerra de leixample,,149.0,57314,44984.0,9.0,4135.0,8186.0,3828.0,29656.0,6135.0,11026.0,1814.0,208.0,74.9,520.0,36
2023,Barri,la nova esquerra de leixample,,167.0,57584,44518.0,15.0,4156.0,8895.0,3697.0,30992.0,5941.0,11024.0,1779.0,153.0,74.1,4840.0,36
2024,Barri,la nova esquerra de leixample,,167.0,58299,44384.0,22.0,4412.0,9481.0,,,,,1857.0,1312.0,76.3,5060.0,36
2025,Barri,la nova esquerra de leixample,,173.0,59122,44517.0,22.0,4653.0,9930.0,,,,,1848.0,1277.0,72.7,,36
2000,Barri,la prosperitat,,,26870,26571.0,0.0,31.0,268.0,,,,,,,,,37
2001,Barri,la prosperitat,,,26775,26110.0,0.0,33.0,632.0,0.0,0.0,0.0,0.0,,,,,37
2002,Barri,la prosperitat,,,27168,25761.0,14.0,58.0,1335.0,,,,,,,,,37
2003,Barri,la prosperitat,,,27192,25202.0,15.0,76.0,1899.0,,,,,,,,,37
2004,Barri,la prosperitat,,,26902,24525.0,7.0,84.0,2286.0,,,,,,,,,37
2005,Barri,la prosperitat,,,26727,23941.0,5.0,131.0,2650.0,,,,,,,,,37
2006,Barri,la prosperitat,,,26770,23563.0,5.0,136.0,3066.0,,,,,,,,,37
2007,Barri,la prosperitat,,,26492,23156.0,0.0,292.0,3043.0,,,,,,,,,37
2008,Barri,la prosperitat,,,26634,22822.0,0.0,398.0,3412.0,,,,,,,,,37
2009,Barri,la prosperitat,,,26819,22697.0,0.0,447.0,3674.0,,,,,,,,,37
2010,Barri,la prosperitat,,,26574,22575.0,0.0,385.0,3613.0,,,,,,,,,37
2011,Barri,la prosperitat,,,26555,22530.0,0.0,347.0,3677.0,0.0,0.0,0.0,0.0,1897.0,,,,37
2012,Barri,la prosperitat,,,26463,22430.0,0.0,379.0,3653.0,,,,,2051.0,,,,37
2013,Barri,la prosperitat,,,26308,22373.0,0.0,406.0,3527.0,,,,,2217.0,,,,37
2014,Barri,la prosperitat,,89.0,26084,22440.0,0.0,368.0,3274.0,,,,,2147.0,4910.0,59.3,4.0,37
2015,Barri,la prosperitat,74.333986378303,96.0,25974,22595.0,0.0,355.0,3021.0,,,,,198.0,4630.0,57.2,4.0,37
2016,Barri,la prosperitat,71.6083615895509,103.0,26184,22656.0,0.0,357.0,3169.0,,,,,1811.0,4730.0,57.4,4.0,37
2017,Barri,la prosperitat,71.2711787977968,113.0,26415,22540.0,0.0,379.0,3495.0,,,,,1578.0,4870.0,58.8,4.0,37
2018,Barri,la prosperitat,71.3393785954811,118.0,26572,22350.0,0.0,422.0,3799.0,,,,,1484.0,5620.0,58.2,3.0,37
2019,Barri,la prosperitat,70.5290649844266,120.0,26855,22398.0,0.0,475.0,3982.0,,,,,135.0,5550.0,58.8,3.0,37
2020,Barri,la prosperitat,71.3002697920609,124.0,27026,22275.0,0.0,518.0,4233.0,,,,,1419.0,4400.0,58.3,3.0,37
2021,Barri,la prosperitat,73.8591464431744,118.0,26868,22015.0,0.0,515.0,4337.0,4809.0,6069.0,6747.0,5628.0,1843.0,5310.0,59.0,3.0,37
2022,Barri,la prosperitat,,126.0,26346,21777.0,0.0,508.0,4059.0,4487.0,6143.0,6716.0,5647.0,1292.0,4810.0,59.8,3.0,37
2023,Barri,la prosperitat,,139.0,26664,21673.0,0.0,531.0,4457.0,4323.0,6496.0,6728.0,5881.0,1135.0,3980.0,58.3,30.0,37
2024,Barri,la prosperitat,,139.0,27291,21870.0,0.0,582.0,4838.0,,,,,1233.0,3310.0,59.0,30.0,37
2025,Barri,la prosperitat,,144.0,27922,21998.0,0.0,692.0,5230.0,,,,,1223.0,3320.0,58.4,,37
2000,Barri,la sagrada familia,,,48923,47463.0,19.0,253.0,1188.0,,,,,,,,,38
2001,Barri,la sagrada familia,,,49563,46924.0,20.0,336.0,2283.0,0.0,0.0,0.0,0.0,,,,,38
2002,Barri,la sagrada familia,,,51539,47193.0,40.0,497.0,3809.0,,,,,,,,,38
2003,Barri,la sagrada familia,,,52013,46328.0,33.0,684.0,4968.0,,,,,,,,,38
2004,Barri,la sagrada familia,,,52029,45439.0,19.0,918.0,5653.0,,,,,,,,,38
2005,Barri,la sagrada familia,,,52146,44728.0,21.0,1146.0,6251.0,,,,,,,,,38
2006,Barri,la sagrada familia,,,52541,44445.0,30.0,1390.0,6676.0,,,,,,,,,38
2007,Barri,la sagrada familia,,,51801,44005.0,24.0,1930.0,5842.0,,,,,,,,,38
2008,Barri,la sagrada familia,,,52571,43922.0,21.0,2360.0,6268.0,,,,,,,,,38
2009,Barri,la sagrada familia,,,52969,43659.0,8.0,2579.0,6723.0,,,,,,,,,38
2010,Barri,la sagrada familia,,,52164,43356.0,9.0,2609.0,6190.0,,,,,,,,,38
2011,Barri,la sagrada familia,,,51976,43174.0,10.0,2434.0,6358.0,0.0,0.0,0.0,0.0,3084.0,,,,38
2012,Barri,la sagrada familia,,,52092,42898.0,8.0,2474.0,6712.0,,,,,3265.0,,,,38
2013,Barri,la sagrada familia,,,51821,42489.0,13.0,2591.0,6728.0,,,,,33.0,,,,38
2014,Barri,la sagrada familia,,105.0,51283,42261.0,20.0,2666.0,6336.0,,,,,3042.0,1461.0,68.4,794.0,38
2015,Barri,la sagrada familia,104.327100236004,111.0,51094,42395.0,15.0,2761.0,5923.0,,,,,2805.0,1456.0,67.7,794.0,38
2016,Barri,la sagrada familia,102.6976930386,122.0,51354,42192.0,8.0,2920.0,6234.0,,,,,2479.0,1485.0,67.2,772.0,38
2017,Barri,la sagrada familia,101.71591983276,133.0,51658,41708.0,7.0,3141.0,6802.0,,,,,2239.0,1756.0,68.9,772.0,38
2018,Barri,la sagrada familia,101.831316390101,137.0,51661,41116.0,5.0,3343.0,7197.0,,,,,2077.0,2002.0,69.0,768.0,38
2019,Barri,la sagrada familia,101.253552067654,145.0,51917,40442.0,9.0,3734.0,7732.0,,,,,1931.0,1977.0,68.7,768.0,38
2020,Barri,la sagrada familia,101.618558514636,143.0,52252,39901.0,15.0,4033.0,8303.0,,,,,193.0,151.0,68.7,765.0,38
2021,Barri,la sagrada familia,102.4850394443,136.0,52164,39292.0,10.0,3939.0,8923.0,4839.0,24126.0,6612.0,10299.0,2639.0,2225.0,69.2,755.0,38
2022,Barri,la sagrada familia,,153.0,51402,38684.0,12.0,4184.0,8522.0,4365.0,24481.0,6592.0,10145.0,1743.0,1748.0,69.3,750.0,38
2023,Barri,la sagrada familia,,167.0,51712,38208.0,9.0,4323.0,9172.0,4182.0,25624.0,6356.0,10388.0,1669.0,1338.0,70.2,7500.0,38
2024,Barri,la sagrada familia,,168.0,52825,37999.0,11.0,4684.0,10131.0,,,,,1777.0,1147.0,70.8,8170.0,38
2025,Barri,la sagrada familia,,169.0,53555,37982.0,10.0,5008.0,10555.0,,,,,1771.0,1013.0,68.5,,38
2000,Barri,la sagrera,,,27793,27171.0,0.0,65.0,556.0,,,,,,,,,39
2001,Barri,la sagrera,,,27948,26901.0,0.0,79.0,967.0,0.0,0.0,0.0,0.0,,,,,39
2002,Barri,la sagrera,,,28479,26846.0,15.0,106.0,1512.0,,,,,,,,,39
2003,Barri,la sagrera,,,28840,26595.0,14.0,150.0,2081.0,,,,,,,,,39
2004,Barri,la sagrera,,,28796,26192.0,0.0,173.0,2429.0,,,,,,,,,39
2005,Barri,la sagrera,,,28832,25974.0,0.0,209.0,2647.0,,,,,,,,,39
2006,Barri,la sagrera,,,28829,25624.0,0.0,276.0,2928.0,,,,,,,,,39
2007,Barri,la sagrera,,,28347,25245.0,0.0,416.0,2685.0,,,,,,,,,39
2008,Barri,la sagrera,,,28707,25222.0,0.0,504.0,2979.0,,,,,,,,,39
2009,Barri,la sagrera,,,28943,25190.0,0.0,558.0,3193.0,,,,,,,,,39
2010,Barri,la sagrera,,,28882,25096.0,0.0,545.0,3238.0,,,,,,,,,39
2011,Barri,la sagrera,,,29120,25240.0,0.0,501.0,3378.0,0.0,0.0,0.0,0.0,1884.0,,,,39
2012,Barri,la sagrera,,,29100,25127.0,0.0,534.0,3439.0,,,,,1984.0,,,,39
2013,Barri,la sagrera,,,28924,25062.0,0.0,553.0,3309.0,,,,,2061.0,,,,39
2014,Barri,la sagrera,,91.0,28671,25067.0,0.0,545.0,3059.0,,,,,1935.0,6180.0,69.3,21.0,39
2015,Barri,la sagrera,92.1416201731558,97.0,28899,25423.0,0.0,612.0,2864.0,,,,,1791.0,5770.0,68.1,21.0,39
2016,Barri,la sagrera,90.3300068972503,105.0,28804,25436.0,0.0,652.0,2715.0,,,,,1593.0,5350.0,65.1,22.0,39
2017,Barri,la sagrera,89.2178583545398,108.0,29127,25532.0,0.0,694.0,2899.0,,,,,139.0,6690.0,62.7,22.0,39
2018,Barri,la sagrera,88.4506102584394,119.0,29290,25451.0,0.0,758.0,3079.0,,,,,131.0,7080.0,67.6,22.0,39
2019,Barri,la sagrera,87.7606346480624,126.0,29489,25261.0,6.0,853.0,3369.0,,,,,1223.0,7000.0,66.8,22.0,39
2020,Barri,la sagrera,90.0290340261728,124.0,29608,25038.0,0.0,891.0,3676.0,,,,,1202.0,4910.0,65.2,22.0,39
2021,Barri,la sagrera,91.095148256323,120.0,29568,24932.0,0.0,862.0,3771.0,3465.0,10632.0,5220.0,6396.0,1627.0,8220.0,65.6,22.0,39
2022,Barri,la sagrera,,129.0,29441,24763.0,0.0,907.0,3768.0,3279.0,10886.0,5238.0,6401.0,1088.0,7210.0,66.0,22.0,39
2023,Barri,la sagrera,,145.0,29908,24585.0,0.0,983.0,4336.0,3172.0,11444.0,5191.0,6583.0,109.0,5510.0,67.5,220.0,39
2024,Barri,la sagrera,,144.0,30392,24563.0,0.0,1102.0,4724.0,,,,,1093.0,5260.0,70.2,230.0,39
2025,Barri,la sagrera,,141.0,30965,24535.0,5.0,1212.0,5213.0,,,,,1107.0,5130.0,70.2,,39
2000,Barri,la salut,,,13023,12706.0,0.0,115.0,202.0,,,,,,,,,40
2001,Barri,la salut,,,12978,12519.0,0.0,140.0,319.0,0.0,0.0,0.0,0.0,,,,,40
2002,Barri,la salut,,,13134,12443.0,8.0,182.0,501.0,,,,,,,,,40
2003,Barri,la salut,,,13185,12251.0,8.0,216.0,710.0,,,,,,,,,40
2004,Barri,la salut,,,13182,12035.0,0.0,288.0,856.0,,,,,,,,,40
2005,Barri,la salut,,,13199,11888.0,5.0,347.0,959.0,,,,,,,,,40
2006,Barri,la salut,,,13159,11821.0,8.0,394.0,936.0,,,,,,,,,40
2007,Barri,la salut,,,13001,11673.0,8.0,529.0,791.0,,,,,,,,,40
2008,Barri,la salut,,,13182,11679.0,8.0,601.0,894.0,,,,,,,,,40
2009,Barri,la salut,,,13246,11661.0,0.0,633.0,951.0,,,,,,,,,40
2010,Barri,la salut,,,13326,11724.0,0.0,637.0,965.0,,,,,,,,,40
2011,Barri,la salut,,,13147,11557.0,0.0,598.0,991.0,0.0,0.0,0.0,0.0,7900.0,,,,40
2012,Barri,la salut,,,13186,11554.0,0.0,622.0,1009.0,,,,,8370.0,,,,40
2013,Barri,la salut,,,13199,11585.0,0.0,682.0,930.0,,,,,8340.0,,,,40
2014,Barri,la salut,,100.0,13159,11596.0,0.0,688.0,873.0,,,,,7930.0,3110.0,71.3,35.0,40
2015,Barri,la salut,113.622494797996,113.0,13220,11613.0,0.0,729.0,878.0,,,,,7230.0,2840.0,68.3,35.0,40
2016,Barri,la salut,112.107230536973,121.0,13123,11546.0,0.0,676.0,899.0,,,,,6190.0,3000.0,67.7,38.0,40
2017,Barri,la salut,113.122348996907,123.0,13207,11518.0,0.0,697.0,988.0,,,,,5540.0,4060.0,68.9,38.0,40
2018,Barri,la salut,111.680893718909,128.0,13260,11441.0,0.0,742.0,1074.0,,,,,5340.0,3960.0,71.5,37.0,40
2019,Barri,la salut,113.377104746029,131.0,13431,11393.0,0.0,852.0,1184.0,,,,,5120.0,3880.0,72.7,37.0,40
2020,Barri,la salut,114.240630093131,136.0,13478,11309.0,0.0,891.0,1275.0,,,,,5360.0,2710.0,74.7,37.0,40
2021,Barri,la salut,113.851319037922,126.0,13455,11189.0,0.0,837.0,1426.0,984.0,6432.0,1476.0,2541.0,6900.0,4220.0,72.9,36.0,40
2022,Barri,la salut,,135.0,13337,11162.0,0.0,843.0,1329.0,1011.0,6556.0,1451.0,2498.0,4490.0,4040.0,72.8,36.0,40
2023,Barri,la salut,,153.0,13491,11072.0,0.0,915.0,1501.0,985.0,6826.0,1414.0,2547.0,4440.0,2840.0,72.4,370.0,40
2024,Barri,la salut,,164.0,13679,11010.0,0.0,974.0,1693.0,,,,,4720.0,2450.0,72.3,370.0,40
2025,Barri,la salut,,165.0,14017,11100.0,0.0,1051.0,1864.0,,,,,4560.0,2390.0,69.5,,40
2000,Barri,la teixonera,,,11367,11162.0,0.0,25.0,180.0,,,,,,,,,41
2001,Barri,la teixonera,,,11480,11041.0,0.0,32.0,405.0,0.0,0.0,0.0,0.0,,,,,41
2002,Barri,la teixonera,,,11833,11107.0,5.0,41.0,680.0,,,,,,,,,41
2003,Barri,la teixonera,,,11955,10850.0,0.0,61.0,1040.0,,,,,,,,,41
2004,Barri,la teixonera,,,12028,10686.0,0.0,85.0,1255.0,,,,,,,,,41
2005,Barri,la teixonera,,,12084,10525.0,0.0,121.0,1436.0,,,,,,,,,41
2006,Barri,la teixonera,,,11926,10307.0,0.0,139.0,1480.0,,,,,,,,,41
2007,Barri,la teixonera,,,11748,10209.0,0.0,260.0,1279.0,,,,,,,,,41
2008,Barri,la teixonera,,,11938,10160.0,0.0,324.0,1454.0,,,,,,,,,41
2009,Barri,la teixonera,,,11905,10019.0,0.0,356.0,1530.0,,,,,,,,,41
2010,Barri,la teixonera,,,11827,9996.0,0.0,349.0,1482.0,,,,,,,,,41
2011,Barri,la teixonera,,,11788,10032.0,0.0,316.0,1440.0,0.0,0.0,0.0,0.0,6980.0,,,,41
2012,Barri,la teixonera,,,11770,10001.0,0.0,330.0,1438.0,,,,,7710.0,,,,41
2013,Barri,la teixonera,,,11659,9940.0,0.0,342.0,1376.0,,,,,7830.0,,,,41
2014,Barri,la teixonera,,84.0,11435,9938.0,0.0,340.0,1155.0,,,,,7630.0,2420.0,62.7,9.0,41
2015,Barri,la teixonera,79.6255454438022,95.0,11360,9993.0,0.0,333.0,1033.0,,,,,6940.0,2540.0,59.2,9.0,41
2016,Barri,la teixonera,77.7370748906328,102.0,11281,9912.0,0.0,309.0,1059.0,,,,,6190.0,3110.0,60.1,9.0,41
2017,Barri,la teixonera,77.4714422936065,112.0,11634,10054.0,0.0,303.0,1276.0,,,,,5580.0,3010.0,61.1,9.0,41
2018,Barri,la teixonera,76.9375899531902,121.0,11650,10003.0,0.0,338.0,1308.0,,,,,5250.0,2950.0,60.4,9.0,41
2019,Barri,la teixonera,75.2053104085012,126.0,11789,9906.0,0.0,395.0,1486.0,,,,,5070.0,2890.0,60.9,9.0,41
2020,Barri,la teixonera,76.3712168169577,121.0,11927,9786.0,0.0,426.0,1714.0,,,,,4940.0,2350.0,61.4,9.0,41
2021,Barri,la teixonera,78.6047996687908,122.0,12044,9837.0,0.0,426.0,1780.0,1788.0,3420.0,2646.0,2646.0,6870.0,3020.0,61.3,7.0,41
2022,Barri,la teixonera,,132.0,11918,9770.0,0.0,422.0,1725.0,1633.0,3543.0,2623.0,2607.0,4840.0,2770.0,61.3,6.0,41
2023,Barri,la teixonera,,146.0,12087,9743.0,0.0,426.0,1917.0,1586.0,3751.0,2607.0,2716.0,4720.0,2420.0,60.6,50.0,41
2024,Barri,la teixonera,,146.0,12433,9818.0,0.0,486.0,2128.0,,,,,4850.0,1860.0,61.0,50.0,41
2025,Barri,la teixonera,,150.0,12605,9772.0,0.0,514.0,2319.0,,,,,4810.0,2000.0,60.7,,41
2000,Barri,la trinitat nova,,,7680,7592.0,0.0,9.0,79.0,,,,,,,,,42
2001,Barri,la trinitat nova,,,7654,7474.0,0.0,10.0,170.0,0.0,0.0,0.0,0.0,,,,,42
2002,Barri,la trinitat nova,,,7761,7426.0,0.0,20.0,312.0,,,,,,,,,42
2003,Barri,la trinitat nova,,,7795,7222.0,0.0,18.0,552.0,,,,,,,,,42
2004,Barri,la trinitat nova,,,7904,7033.0,0.0,30.0,840.0,,,,,,,,,42
2005,Barri,la trinitat nova,,,7970,6895.0,0.0,35.0,1039.0,,,,,,,,,42
2006,Barri,la trinitat nova,,,7958,6650.0,0.0,44.0,1264.0,,,,,,,,,42
2007,Barri,la trinitat nova,,,8039,6590.0,0.0,86.0,1363.0,,,,,,,,,42
2008,Barri,la trinitat nova,,,8080,6495.0,0.0,91.0,1494.0,,,,,,,,,42
2009,Barri,la trinitat nova,,,8133,6455.0,0.0,81.0,1597.0,,,,,,,,,42
2010,Barri,la trinitat nova,,,7877,6328.0,0.0,86.0,1463.0,,,,,,,,,42
2011,Barri,la trinitat nova,,,7699,6222.0,0.0,89.0,1388.0,0.0,0.0,0.0,0.0,8570.0,,,,42
2012,Barri,la trinitat nova,,,7624,6189.0,0.0,87.0,1348.0,,,,,9290.0,,,,42
2013,Barri,la trinitat nova,,,7555,6164.0,0.0,95.0,1296.0,,,,,9590.0,,,,42
2014,Barri,la trinitat nova,,85.0,7390,6071.0,0.0,108.0,1211.0,,,,,9250.0,1240.0,53.3,,42
2015,Barri,la trinitat nova,56.1827435567698,88.0,7335,6046.0,0.0,95.0,1194.0,,,,,8820.0,1130.0,53.2,,42
2016,Barri,la trinitat nova,55.0956209695701,86.0,7259,5980.0,0.0,92.0,1187.0,,,,,8050.0,1160.0,54.0,,42
2017,Barri,la trinitat nova,55.8520930547715,107.0,7271,5908.0,0.0,101.0,1262.0,,,,,6830.0,1210.0,53.2,,42
2018,Barri,la trinitat nova,55.5684053578343,120.0,7365,5821.0,0.0,116.0,1428.0,,,,,6780.0,1250.0,50.3,,42
2019,Barri,la trinitat nova,54.8325184384194,121.0,7620,5861.0,0.0,134.0,1625.0,,,,,6300.0,1160.0,52.3,,42
2020,Barri,la trinitat nova,55.6736538626498,118.0,7669,5792.0,0.0,135.0,1742.0,,,,,6350.0,820.0,51.8,,42
2021,Barri,la trinitat nova,58.8699426252119,116.0,7628,5758.0,0.0,132.0,1738.0,1254.0,1263.0,2475.0,1494.0,8540.0,1310.0,53.0,,42
2022,Barri,la trinitat nova,,128.0,7421,5708.0,0.0,141.0,1572.0,1164.0,1262.0,2456.0,1516.0,6110.0,1240.0,51.5,,42
2023,Barri,la trinitat nova,,135.0,7624,5777.0,0.0,127.0,1720.0,1132.0,1372.0,2453.0,1641.0,5190.0,940.0,53.5,,42
2024,Barri,la trinitat nova,,142.0,7726,5806.0,0.0,124.0,1796.0,,,,,5300.0,890.0,53.4,,42
2025,Barri,la trinitat nova,,125.0,7965,5953.0,0.0,141.0,1871.0,,,,,5200.0,520.0,54.5,,42
2000,Barri,la trinitat vella,,,8024,7683.0,0.0,0.0,337.0,,,,,,,,,43
2001,Barri,la trinitat vella,,,8123,7565.0,0.0,8.0,550.0,0.0,0.0,0.0,0.0,,,,,43
2002,Barri,la trinitat vella,,,8493,7599.0,0.0,10.0,881.0,,,,,,,,,43
2003,Barri,la trinitat vella,,,8892,7472.0,0.0,26.0,1393.0,,,,,,,,,43
2004,Barri,la trinitat vella,,,9015,7257.0,0.0,35.0,1723.0,,,,,,,,,43
2005,Barri,la trinitat vella,,,9297,7055.0,0.0,53.0,2189.0,,,,,,,,,43
2006,Barri,la trinitat vella,,,9770,6963.0,0.0,76.0,2731.0,,,,,,,,,43
2007,Barri,la trinitat vella,,,9812,6893.0,0.0,143.0,2776.0,,,,,,,,,43
2008,Barri,la trinitat vella,,,10274,6845.0,0.0,235.0,3194.0,,,,,,,,,43
2009,Barri,la trinitat vella,,,10447,6859.0,0.0,219.0,3369.0,,,,,,,,,43
2010,Barri,la trinitat vella,,,10275,6790.0,0.0,211.0,3274.0,,,,,,,,,43
2011,Barri,la trinitat vella,,,10403,6812.0,0.0,234.0,3357.0,0.0,0.0,0.0,0.0,1141.0,,,,43
2012,Barri,la trinitat vella,,,10397,6900.0,0.0,239.0,3258.0,,,,,1237.0,,,,43
2013,Barri,la trinitat vella,,,10434,6998.0,0.0,252.0,3184.0,,,,,1276.0,,,,43
2014,Barri,la trinitat vella,,70.0,10247,7135.0,0.0,240.0,2872.0,,,,,1232.0,1660.0,62.6,5.0,43
2015,Barri,la trinitat vella,56.7423610442802,80.0,10068,7255.0,0.0,240.0,2573.0,,,,,1177.0,1430.0,57.6,5.0,43
2016,Barri,la trinitat vella,55.6179309213858,85.0,10048,7254.0,0.0,245.0,2549.0,,,,,1077.0,1620.0,58.8,4.0,43
2017,Barri,la trinitat vella,55.8301907409997,92.0,10006,7205.0,0.0,255.0,2546.0,,,,,9090.0,1740.0,57.8,4.0,43
2018,Barri,la trinitat vella,55.6469783961784,100.0,10071,7154.0,0.0,232.0,2685.0,,,,,9050.0,1740.0,60.4,4.0,43
2019,Barri,la trinitat vella,54.0729777014575,101.0,10337,7131.0,0.0,301.0,2905.0,,,,,8420.0,1580.0,61.2,4.0,43
2020,Barri,la trinitat vella,54.1044304150203,109.0,10487,7105.0,0.0,310.0,3072.0,,,,,8500.0,1340.0,61.7,4.0,43
2021,Barri,la trinitat vella,57.0445954169479,103.0,10513,7126.0,0.0,319.0,3068.0,1821.0,1728.0,2949.0,2043.0,1145.0,1670.0,61.0,4.0,43
2022,Barri,la trinitat vella,,110.0,10358,7197.0,0.0,325.0,2836.0,1664.0,1759.0,2971.0,2030.0,8200.0,1500.0,61.5,4.0,43
2023,Barri,la trinitat vella,,125.0,10286,7226.0,0.0,291.0,2769.0,1639.0,1893.0,2940.0,2078.0,7520.0,1270.0,60.7,50.0,43
2024,Barri,la trinitat vella,,111.0,10661,7394.0,0.0,316.0,2950.0,,,,,7680.0,1430.0,62.7,50.0,43
2025,Barri,la trinitat vella,,129.0,11160,7625.0,0.0,352.0,3183.0,,,,,7500.0,750.0,58.7,,43
2000,Barri,la vall dhebron,,,5543,5422.0,0.0,20.0,101.0,,,,,,,,,44
2001,Barri,la vall dhebron,,,5508,5328.0,0.0,23.0,157.0,0.0,0.0,0.0,0.0,,,,,44
2002,Barri,la vall dhebron,,,5611,5267.0,0.0,36.0,306.0,,,,,,,,,44
2003,Barri,la vall dhebron,,,5685,5201.0,0.0,39.0,443.0,,,,,,,,,44
2004,Barri,la vall dhebron,,,5710,5143.0,0.0,54.0,513.0,,,,,,,,,44
2005,Barri,la vall dhebron,,,5690,5062.0,0.0,74.0,554.0,,,,,,,,,44
2006,Barri,la vall dhebron,,,5664,4978.0,0.0,90.0,596.0,,,,,,,,,44
2007,Barri,la vall dhebron,,,5439,4882.0,0.0,124.0,433.0,,,,,,,,,44
2008,Barri,la vall dhebron,,,5559,4926.0,0.0,150.0,483.0,,,,,,,,,44
2009,Barri,la vall dhebron,,,5546,4953.0,0.0,147.0,446.0,,,,,,,,,44
2010,Barri,la vall dhebron,,,5605,5037.0,0.0,154.0,414.0,,,,,,,,,44
2011,Barri,la vall dhebron,,,5564,5027.0,0.0,146.0,391.0,0.0,0.0,0.0,0.0,3180.0,,,,44
2012,Barri,la vall dhebron,,,5567,5019.0,0.0,146.0,402.0,,,,,3570.0,,,,44
2013,Barri,la vall dhebron,,,5490,4954.0,0.0,139.0,397.0,,,,,3610.0,,,,44
2014,Barri,la vall dhebron,,100.0,5490,4974.0,0.0,139.0,377.0,,,,,3520.0,490.0,73.5,,44
2015,Barri,la vall dhebron,105.989697214179,101.0,5467,5019.0,0.0,137.0,311.0,,,,,3210.0,620.0,74.1,,44
2016,Barri,la vall dhebron,106.558320350747,112.0,5687,5218.0,0.0,153.0,316.0,,,,,2870.0,770.0,72.7,1.0,44
2017,Barri,la vall dhebron,104.535401344392,122.0,5792,5262.0,0.0,160.0,370.0,,,,,2600.0,760.0,72.9,1.0,44
2018,Barri,la vall dhebron,103.750286415192,123.0,5737,5204.0,0.0,155.0,378.0,,,,,2440.0,1000.0,74.4,1.0,44
2019,Barri,la vall dhebron,102.708373000334,133.0,5803,5253.0,0.0,166.0,384.0,,,,,2390.0,1080.0,69.1,1.0,44
2020,Barri,la vall dhebron,106.967051638501,122.0,5886,5275.0,0.0,169.0,442.0,,,,,2300.0,760.0,78.5,1.0,44
2021,Barri,la vall dhebron,103.682761826475,127.0,5932,5282.0,0.0,170.0,480.0,678.0,2388.0,918.0,1206.0,3260.0,1140.0,73.3,1.0,44
2022,Barri,la vall dhebron,,137.0,5869,5246.0,0.0,177.0,446.0,645.0,2408.0,939.0,1198.0,2300.0,850.0,70.1,1.0,44
2023,Barri,la vall dhebron,,150.0,5874,5214.0,0.0,166.0,494.0,631.0,2503.0,926.0,1169.0,2260.0,610.0,65.9,10.0,44
2024,Barri,la vall dhebron,,150.0,5889,5184.0,0.0,164.0,541.0,,,,,2320.0,850.0,72.7,10.0,44
2025,Barri,la vall dhebron,,153.0,5990,5224.0,0.0,190.0,576.0,,,,,2300.0,450.0,65.1,,44
2000,Barri,la verneda i la pau,,,31141,30855.0,0.0,52.0,233.0,,,,,,,,,45
2001,Barri,la verneda i la pau,,,30676,30180.0,0.0,58.0,437.0,0.0,0.0,0.0,0.0,,,,,45
2002,Barri,la verneda i la pau,,,30611,29742.0,12.0,65.0,792.0,,,,,,,,,45
2003,Barri,la verneda i la pau,,,30625,29235.0,11.0,78.0,1301.0,,,,,,,,,45
2004,Barri,la verneda i la pau,,,30238,28379.0,0.0,122.0,1736.0,,,,,,,,,45
2005,Barri,la verneda i la pau,,,29955,27800.0,0.0,160.0,1992.0,,,,,,,,,45
2006,Barri,la verneda i la pau,,,29791,27339.0,0.0,178.0,2271.0,,,,,,,,,45
2007,Barri,la verneda i la pau,,,29520,26956.0,0.0,325.0,2235.0,,,,,,,,,45
2008,Barri,la verneda i la pau,,,29572,26620.0,0.0,453.0,2495.0,,,,,,,,,45
2009,Barri,la verneda i la pau,,,29567,26394.0,0.0,481.0,2691.0,,,,,,,,,45
2010,Barri,la verneda i la pau,,,29460,26305.0,0.0,508.0,2647.0,,,,,,,,,45
2011,Barri,la verneda i la pau,,,29043,26042.0,0.0,464.0,2537.0,0.0,0.0,0.0,0.0,2184.0,,,,45
2012,Barri,la verneda i la pau,,,29230,26009.0,0.0,510.0,2711.0,,,,,2377.0,,,,45
2013,Barri,la verneda i la pau,,,29182,25920.0,0.0,528.0,2734.0,,,,,2428.0,,,,45
2014,Barri,la verneda i la pau,,83.0,28808,25731.0,0.0,489.0,2587.0,,,,,233.0,3170.0,69.7,6.0,45
2015,Barri,la verneda i la pau,79.0210009887922,91.0,28727,25768.0,0.0,500.0,2458.0,,,,,2159.0,3280.0,69.0,6.0,45
2016,Barri,la verneda i la pau,77.1616127025163,91.0,28673,25644.0,0.0,525.0,2503.0,,,,,1959.0,3030.0,68.3,9.0,45
2017,Barri,la verneda i la pau,75.9650975416442,102.0,28725,25415.0,0.0,569.0,2739.0,,,,,1709.0,3730.0,69.9,9.0,45
2018,Barri,la verneda i la pau,75.5941321466766,112.0,28814,25159.0,0.0,616.0,3037.0,,,,,1635.0,3830.0,67.7,9.0,45
2019,Barri,la verneda i la pau,75.1059333450688,115.0,28883,24903.0,0.0,673.0,3306.0,,,,,1484.0,3830.0,69.6,9.0,45
2020,Barri,la verneda i la pau,76.0582444567109,115.0,28878,24619.0,0.0,713.0,3544.0,,,,,1483.0,3300.0,68.6,9.0,45
2021,Barri,la verneda i la pau,78.4482053571057,111.0,28798,24384.0,0.0,703.0,3708.0,4794.0,7113.0,7002.0,6276.0,1915.0,3790.0,68.6,9.0,45
2022,Barri,la verneda i la pau,,114.0,28754,24391.0,0.0,736.0,3626.0,4466.0,7498.0,7058.0,6283.0,1338.0,5760.0,68.5,9.0,45
2023,Barri,la verneda i la pau,,163.0,29250,24199.0,0.0,745.0,4304.0,4406.0,8070.0,6974.0,6481.0,132.0,6580.0,66.1,90.0,45
2024,Barri,la verneda i la pau,,145.0,30345,24257.0,0.0,908.0,5178.0,,,,,1318.0,3650.0,68.5,90.0,45
2025,Barri,la verneda i la pau,,142.0,31173,24318.0,0.0,996.0,5857.0,,,,,13.0,4230.0,68.0,,45
2000,Barri,la vila de gracia,,,46531,44958.0,12.0,503.0,1058.0,,,,,,,,,46
2001,Barri,la vila de gracia,,,46410,44165.0,17.0,607.0,1621.0,0.0,0.0,0.0,0.0,,,,,46
2002,Barri,la vila de gracia,,,48352,44579.0,48.0,987.0,2738.0,,,,,,,,,46
2003,Barri,la vila de gracia,,,48990,43890.0,51.0,1248.0,3801.0,,,,,,,,,46
2004,Barri,la vila de gracia,,,49256,43076.0,35.0,1630.0,4515.0,,,,,,,,,46
2005,Barri,la vila de gracia,,,49783,42515.0,44.0,2123.0,5101.0,,,,,,,,,46
2006,Barri,la vila de gracia,,,50227,42153.0,39.0,2518.0,5517.0,,,,,,,,,46
2007,Barri,la vila de gracia,,,49958,41931.0,39.0,3195.0,4793.0,,,,,,,,,46
2008,Barri,la vila de gracia,,,51295,41741.0,26.0,3906.0,5622.0,,,,,,,,,46
2009,Barri,la vila de gracia,,,52633,41579.0,7.0,4300.0,6747.0,,,,,,,,,46
2010,Barri,la vila de gracia,,,52314,41251.0,6.0,4434.0,6623.0,,,,,,,,,46
2011,Barri,la vila de gracia,,,51190,41186.0,10.0,3934.0,6060.0,0.0,0.0,0.0,0.0,3222.0,,,,46
2012,Barri,la vila de gracia,,,51104,41282.0,9.0,4176.0,5637.0,,,,,3401.0,,,,46
2013,Barri,la vila de gracia,,,50636,40937.0,12.0,4409.0,5278.0,,,,,3368.0,,,,46
2014,Barri,la vila de gracia,,113.0,50440,40864.0,15.0,4626.0,4935.0,,,,,3156.0,2224.0,66.8,768.0,46
2015,Barri,la vila de gracia,103.709691011166,123.0,50441,40998.0,14.0,4683.0,4746.0,,,,,276.0,2105.0,65.1,768.0,46
2016,Barri,la vila de gracia,104.228593202109,135.0,50670,40982.0,16.0,4801.0,4871.0,,,,,2463.0,2191.0,64.8,754.0,46
2017,Barri,la vila de gracia,105.066592100184,150.0,50885,40481.0,17.0,5063.0,5324.0,,,,,2185.0,257.0,63.4,754.0,46
2018,Barri,la vila de gracia,106.235970360556,146.0,50421,39922.0,16.0,5079.0,5404.0,,,,,2101.0,2686.0,66.5,753.0,46
2019,Barri,la vila de gracia,107.062282879303,151.0,50803,39452.0,16.0,5673.0,5662.0,,,,,1934.0,2682.0,68.0,750.0,46
2020,Barri,la vila de gracia,109.1119639476,149.0,50926,38891.0,17.0,5996.0,6022.0,,,,,1966.0,2074.0,68.1,749.0,46
2021,Barri,la vila de gracia,108.295524748047,141.0,50456,38104.0,16.0,5576.0,6760.0,3702.0,26064.0,5304.0,8622.0,267.0,2978.0,67.3,734.0,46
2022,Barri,la vila de gracia,,160.0,49852,37324.0,12.0,5870.0,6646.0,3354.0,26352.0,5197.0,8467.0,1718.0,243.0,67.8,725.0,46
2023,Barri,la vila de gracia,,175.0,50048,36891.0,14.0,5808.0,7335.0,3181.0,27636.0,5045.0,8639.0,1679.0,1781.0,68.5,7620.0,46
2024,Barri,la vila de gracia,,179.0,51075,36907.0,17.0,6174.0,7977.0,,,,,1821.0,1562.0,68.1,7940.0,46
2025,Barri,la vila de gracia,,185.0,51833,37036.0,21.0,6391.0,8385.0,,,,,1799.0,1602.0,64.1,,46
2000,Barri,la vila olimpica del poblenou,,,7051,6676.0,13.0,183.0,179.0,,,,,,,,,47
2001,Barri,la vila olimpica del poblenou,,,7289,6807.0,14.0,222.0,246.0,0.0,0.0,0.0,0.0,,,,,47
2002,Barri,la vila olimpica del poblenou,,,7657,6960.0,19.0,317.0,361.0,,,,,,,,,47
2003,Barri,la vila olimpica del poblenou,,,7842,6967.0,24.0,360.0,491.0,,,,,,,,,47
2004,Barri,la vila olimpica del poblenou,,,8022,6959.0,23.0,451.0,589.0,,,,,,,,,47
2005,Barri,la vila olimpica del poblenou,,,8492,7200.0,29.0,557.0,706.0,,,,,,,,,47
2006,Barri,la vila olimpica del poblenou,,,8657,7302.0,25.0,596.0,734.0,,,,,,,,,47
2007,Barri,la vila olimpica del poblenou,,,8701,7398.0,21.0,697.0,585.0,,,,,,,,,47
2008,Barri,la vila olimpica del poblenou,,,8961,7500.0,26.0,824.0,611.0,,,,,,,,,47
2009,Barri,la vila olimpica del poblenou,,,9117,7547.0,7.0,896.0,667.0,,,,,,,,,47
2010,Barri,la vila olimpica del poblenou,,,9248,7651.0,0.0,932.0,665.0,,,,,,,,,47
2011,Barri,la vila olimpica del poblenou,,,9240,7698.0,0.0,893.0,649.0,0.0,0.0,0.0,0.0,5720.0,,,,47
2012,Barri,la vila olimpica del poblenou,,,9236,7664.0,0.0,939.0,633.0,,,,,6150.0,,,,47
2013,Barri,la vila olimpica del poblenou,,,9320,7764.0,0.0,960.0,596.0,,,,,6180.0,,,,47
2014,Barri,la vila olimpica del poblenou,,132.0,9367,7773.0,0.0,997.0,597.0,,,,,6030.0,1530.0,85.3,111.0,47
2015,Barri,la vila olimpica del poblenou,149.087922723621,143.0,9331,7826.0,0.0,934.0,571.0,,,,,5540.0,1650.0,87.3,111.0,47
2016,Barri,la vila olimpica del poblenou,147.381601223177,162.0,9346,7871.0,0.0,909.0,565.0,,,,,4960.0,1730.0,85.0,111.0,47
2017,Barri,la vila olimpica del poblenou,144.494049394251,171.0,9404,7846.0,0.0,898.0,659.0,,,,,4510.0,2190.0,83.3,111.0,47
2018,Barri,la vila olimpica del poblenou,142.789841588286,169.0,9312,7747.0,0.0,929.0,635.0,,,,,4090.0,2240.0,83.5,108.0,47
2019,Barri,la vila olimpica del poblenou,143.989057296513,175.0,9348,7647.0,0.0,1004.0,696.0,,,,,3870.0,2640.0,86.3,108.0,47
2020,Barri,la vila olimpica del poblenou,141.154993043174,177.0,9385,7568.0,0.0,1078.0,738.0,,,,,4140.0,2040.0,88.9,108.0,47
2021,Barri,la vila olimpica del poblenou,139.323747303265,168.0,9395,7476.0,0.0,1030.0,886.0,393.0,5304.0,738.0,1542.0,5250.0,2690.0,86.3,107.0,47
2022,Barri,la vila olimpica del poblenou,,191.0,9376,7395.0,0.0,1097.0,881.0,374.0,5432.0,748.0,1510.0,3460.0,2080.0,83.6,105.0,47
2023,Barri,la vila olimpica del poblenou,,204.0,9338,7253.0,0.0,1087.0,995.0,376.0,5577.0,694.0,1489.0,3290.0,1660.0,81.5,1050.0,47
2024,Barri,la vila olimpica del poblenou,,219.0,9366,7181.0,0.0,1118.0,1063.0,,,,,3390.0,1470.0,85.7,1060.0,47
2025,Barri,la vila olimpica del poblenou,,208.0,9345,7086.0,0.0,1187.0,1070.0,,,,,3400.0,1680.0,85.3,,47
2000,Barri,lantiga esquerra de leixample,,,38964,37370.0,0.0,418.0,1173.0,,,,,,,,,48
2001,Barri,lantiga esquerra de leixample,,,39129,36807.0,0.0,501.0,1819.0,0.0,0.0,0.0,0.0,,,,,48
2002,Barri,lantiga esquerra de leixample,,,40760,37148.0,24.0,790.0,2798.0,,,,,,,,,48
2003,Barri,lantiga esquerra de leixample,,,41163,36238.0,31.0,1077.0,3817.0,,,,,,,,,48
2004,Barri,lantiga esquerra de leixample,,,41185,35535.0,22.0,1365.0,4263.0,,,,,,,,,48
2005,Barri,lantiga esquerra de leixample,,,41468,34909.0,29.0,1626.0,4904.0,,,,,,,,,48
2006,Barri,lantiga esquerra de leixample,,,41752,34601.0,25.0,1911.0,5215.0,,,,,,,,,48
2007,Barri,lantiga esquerra de leixample,,,41213,34425.0,23.0,2417.0,4348.0,,,,,,,,,48
2008,Barri,lantiga esquerra de leixample,,,41581,34087.0,26.0,2887.0,4581.0,,,,,,,,,48
2009,Barri,lantiga esquerra de leixample,,,41926,33711.0,16.0,3180.0,5019.0,,,,,,,,,48
2010,Barri,lantiga esquerra de leixample,,,41697,33757.0,8.0,3079.0,4853.0,,,,,,,,,48
2011,Barri,lantiga esquerra de leixample,,,41416,33699.0,14.0,2777.0,4926.0,0.0,0.0,0.0,0.0,24.0,,,,48
2012,Barri,lantiga esquerra de leixample,,,41722,33733.0,11.0,2945.0,5033.0,,,,,2508.0,,,,48
2013,Barri,lantiga esquerra de leixample,,,41838,33666.0,10.0,3191.0,4971.0,,,,,2567.0,,,,48
2014,Barri,lantiga esquerra de leixample,,105.0,41728,33678.0,9.0,3317.0,4724.0,,,,,2387.0,1614.0,86.8,727.0,48
2015,Barri,lantiga esquerra de leixample,120.887549445843,114.0,41662,33877.0,9.0,3270.0,4506.0,,,,,2076.0,1506.0,86.7,727.0,48
2016,Barri,lantiga esquerra de leixample,122.485035860878,127.0,41895,33857.0,8.0,3356.0,4674.0,,,,,1804.0,1625.0,84.5,709.0,48
2017,Barri,lantiga esquerra de leixample,124.299352617231,137.0,42444,33598.0,8.0,3516.0,5322.0,,,,,1576.0,1928.0,83.9,709.0,48
2018,Barri,lantiga esquerra de leixample,124.652032006986,141.0,42534,33258.0,11.0,3652.0,5613.0,,,,,1504.0,2192.0,84.4,708.0,48
2019,Barri,lantiga esquerra de leixample,124.492471951688,145.0,43039,32702.0,9.0,4099.0,6229.0,,,,,1468.0,2111.0,86.6,710.0,48
2020,Barri,lantiga esquerra de leixample,125.435328657325,143.0,43143,32133.0,11.0,4304.0,6695.0,,,,,1348.0,1599.0,86.4,709.0,48
2021,Barri,lantiga esquerra de leixample,122.209546199943,137.0,43046,31607.0,8.0,4128.0,7303.0,2718.0,23058.0,3738.0,8082.0,1936.0,2407.0,84.7,688.0,48
2022,Barri,lantiga esquerra de leixample,,152.0,42365,31079.0,8.0,4401.0,6877.0,2418.0,23419.0,3725.0,7871.0,1159.0,1946.0,84.6,670.0,48
2023,Barri,lantiga esquerra de leixample,,168.0,42751,30600.0,14.0,4463.0,7674.0,2412.0,24692.0,3608.0,7960.0,1156.0,1479.0,86.1,6780.0,48
2024,Barri,lantiga esquerra de leixample,,170.0,43808,30574.0,14.0,4691.0,8529.0,,,,,1259.0,1318.0,86.6,7180.0,48
2025,Barri,lantiga esquerra de leixample,,168.0,44021,30495.0,17.0,4932.0,8577.0,,,,,1229.0,1182.0,87.5,,48
2000,Barri,les corts,,,46568,45375.0,10.0,437.0,746.0,,,,,,,,,49
2001,Barri,les corts,,,46468,44863.0,13.0,479.0,1113.0,0.0,0.0,0.0,0.0,,,,,49
2002,Barri,les corts,,,46739,44539.0,21.0,597.0,1582.0,,,,,,,,,49
2003,Barri,les corts,,,46804,43719.0,20.0,733.0,2332.0,,,,,,,,,49
2004,Barri,les corts,,,46483,42853.0,12.0,857.0,2761.0,,,,,,,,,49
2005,Barri,les corts,,,46414,42195.0,13.0,998.0,3208.0,,,,,,,,,49
2006,Barri,les corts,,,46698,42005.0,10.0,1092.0,3591.0,,,,,,,,,49
2007,Barri,les corts,,,45965,41656.0,8.0,1381.0,2920.0,,,,,,,,,49
2008,Barri,les corts,,,46928,41639.0,6.0,1603.0,3680.0,,,,,,,,,49
2009,Barri,les corts,,,47618,41347.0,5.0,1775.0,4491.0,,,,,,,,,49
2010,Barri,les corts,,,47319,41232.0,5.0,1650.0,4432.0,,,,,,,,,49
2011,Barri,les corts,,,47098,41184.0,0.0,1546.0,4365.0,0.0,0.0,0.0,0.0,2544.0,,,,49
2012,Barri,les corts,,,46819,41186.0,0.0,1605.0,4026.0,,,,,2738.0,,,,49
2013,Barri,les corts,,,46221,41057.0,0.0,1621.0,3541.0,,,,,2749.0,,,,49
2014,Barri,les corts,,111.0,45989,40986.0,0.0,1639.0,3360.0,,,,,2627.0,1013.0,76.1,171.0,49
2015,Barri,les corts,129.052140712658,118.0,46003,41256.0,8.0,1562.0,3177.0,,,,,2433.0,9880.0,76.8,171.0,49
2016,Barri,les corts,131.04616334425,130.0,45976,41192.0,6.0,1588.0,3190.0,,,,,2147.0,1109.0,76.1,210.0,49
2017,Barri,les corts,129.577523931499,143.0,46104,41000.0,7.0,1620.0,3477.0,,,,,1864.0,1323.0,73.2,210.0,49
2018,Barri,les corts,129.161042264296,148.0,46152,40780.0,8.0,1715.0,3649.0,,,,,1755.0,1436.0,73.8,209.0,49
2019,Barri,les corts,130.083363570066,151.0,46599,40607.0,9.0,1847.0,4136.0,,,,,1687.0,1394.0,77.0,208.0,49
2020,Barri,les corts,131.142833742278,149.0,46731,40268.0,11.0,1916.0,4536.0,,,,,1695.0,1111.0,75.1,206.0,49
2021,Barri,les corts,127.688221603361,141.0,45943,39474.0,11.0,1839.0,4619.0,3285.0,23187.0,4833.0,8544.0,2218.0,1611.0,76.4,202.0,49
2022,Barri,les corts,,154.0,45660,39313.0,5.0,1926.0,4416.0,3073.0,23383.0,4794.0,8495.0,1474.0,1299.0,77.3,201.0,49
2023,Barri,les corts,,171.0,45965,38799.0,10.0,2050.0,5106.0,2998.0,24102.0,4728.0,8649.0,1401.0,1018.0,75.8,2110.0,49
2024,Barri,les corts,,174.0,46740,38627.0,13.0,2239.0,5861.0,,,,,147.0,8670.0,77.2,2010.0,49
2025,Barri,les corts,,180.0,47057,38614.0,12.0,2314.0,6117.0,,,,,1428.0,9390.0,75.1,,49
2000,Barri,les roquetes,,,15144,14913.0,0.0,24.0,207.0,,,,,,,,,50
2001,Barri,les roquetes,,,15067,14553.0,0.0,21.0,493.0,0.0,0.0,0.0,0.0,,,,,50
2002,Barri,les roquetes,,,15475,14538.0,9.0,32.0,896.0,,,,,,,,,50
2003,Barri,les roquetes,,,15596,14201.0,8.0,50.0,1337.0,,,,,,,,,50
2004,Barri,les roquetes,,,15809,13867.0,0.0,62.0,1880.0,,,,,,,,,50
2005,Barri,les roquetes,,,15709,13453.0,0.0,83.0,2173.0,,,,,,,,,50
2006,Barri,les roquetes,,,15831,13138.0,0.0,93.0,2600.0,,,,,,,,,50
2007,Barri,les roquetes,,,15657,12883.0,0.0,308.0,2465.0,,,,,,,,,50
2008,Barri,les roquetes,,,15942,12666.0,0.0,393.0,2882.0,,,,,,,,,50
2009,Barri,les roquetes,,,16182,12618.0,0.0,413.0,3151.0,,,,,,,,,50
2010,Barri,les roquetes,,,15992,12553.0,0.0,439.0,3000.0,,,,,,,,,50
2011,Barri,les roquetes,,,15987,12521.0,0.0,422.0,3044.0,0.0,0.0,0.0,0.0,1339.0,,,,50
2012,Barri,les roquetes,,,16028,12496.0,0.0,392.0,3140.0,,,,,1455.0,,,,50
2013,Barri,les roquetes,,,15774,12442.0,0.0,386.0,2946.0,,,,,1503.0,,,,50
2014,Barri,les roquetes,,83.0,15565,12448.0,0.0,409.0,2708.0,,,,,1444.0,2720.0,59.0,3.0,50
2015,Barri,les roquetes,61.7068158846998,87.0,15400,12467.0,0.0,383.0,2550.0,,,,,1344.0,2480.0,56.5,3.0,50
2016,Barri,les roquetes,59.7453322979419,94.0,15410,12421.0,0.0,392.0,2597.0,,,,,1187.0,2640.0,55.2,2.0,50
2017,Barri,les roquetes,60.1103991136005,102.0,15631,12401.0,0.0,404.0,2826.0,,,,,1074.0,2850.0,55.9,2.0,50
2018,Barri,les roquetes,59.4164140488593,112.0,15764,12341.0,0.0,379.0,3043.0,,,,,103.0,2700.0,55.9,2.0,50
2019,Barri,les roquetes,58.1385010005065,112.0,16229,12415.0,0.0,413.0,3401.0,,,,,9490.0,2580.0,58.8,2.0,50
2020,Barri,les roquetes,58.6029840446129,116.0,16394,12343.0,0.0,433.0,3618.0,,,,,9370.0,2210.0,57.7,2.0,50
2021,Barri,les roquetes,60.9384753933456,113.0,16563,12432.0,0.0,422.0,3709.0,2976.0,2796.0,4779.0,3237.0,1229.0,2590.0,57.4,2.0,50
2022,Barri,les roquetes,,122.0,16156,12336.0,0.0,387.0,3433.0,2711.0,2918.0,4758.0,3229.0,8890.0,2720.0,56.3,2.0,50
2023,Barri,les roquetes,,136.0,16523,12246.0,0.0,405.0,3871.0,2729.0,3160.0,4691.0,3477.0,8450.0,2070.0,56.5,20.0,50
2024,Barri,les roquetes,,135.0,16941,12320.0,0.0,436.0,4184.0,,,,,8730.0,2110.0,55.1,20.0,50
2025,Barri,les roquetes,,136.0,17321,12442.0,0.0,453.0,4425.0,,,,,8720.0,1550.0,53.5,,50
2000,Barri,les tres torres,,,13785,13308.0,0.0,284.0,193.0,,,,,,,,,51
2001,Barri,les tres torres,,,14109,13488.0,0.0,325.0,296.0,0.0,0.0,0.0,0.0,,,,,51
2002,Barri,les tres torres,,,14892,13987.0,7.0,440.0,458.0,,,,,,,,,51
2003,Barri,les tres torres,,,15177,14032.0,7.0,504.0,634.0,,,,,,,,,51
2004,Barri,les tres torres,,,15201,13941.0,0.0,526.0,734.0,,,,,,,,,51
2005,Barri,les tres torres,,,15343,13911.0,0.0,570.0,860.0,,,,,,,,,51
2006,Barri,les tres torres,,,15301,13767.0,0.0,607.0,926.0,,,,,,,,,51
2007,Barri,les tres torres,,,15272,13848.0,0.0,692.0,730.0,,,,,,,,,51
2008,Barri,les tres torres,,,15351,13884.0,0.0,746.0,719.0,,,,,,,,,51
2009,Barri,les tres torres,,,15546,13940.0,0.0,739.0,866.0,,,,,,,,,51
2010,Barri,les tres torres,,,15731,14222.0,0.0,681.0,826.0,,,,,,,,,51
2011,Barri,les tres torres,,,15748,14287.0,0.0,593.0,866.0,0.0,0.0,0.0,0.0,4530.0,,,,51
2012,Barri,les tres torres,,,15922,14436.0,0.0,586.0,899.0,,,,,5050.0,,,,51
2013,Barri,les tres torres,,,16036,14508.0,0.0,592.0,934.0,,,,,5290.0,,,,51
2014,Barri,les tres torres,,135.0,16165,14562.0,0.0,606.0,997.0,,,,,4980.0,3090.0,106.2,31.0,51
2015,Barri,les tres torres,174.47968737612,140.0,16501,14810.0,0.0,623.0,1068.0,,,,,4450.0,2970.0,104.4,31.0,51
2016,Barri,les tres torres,185.391334545577,156.0,16486,15053.0,0.0,600.0,831.0,,,,,4050.0,3300.0,101.1,35.0,51
2017,Barri,les tres torres,190.47740840753,169.0,16699,15121.0,0.0,654.0,922.0,,,,,3620.0,3360.0,106.5,35.0,51
2018,Barri,les tres torres,191.021877650958,164.0,16713,15120.0,0.0,655.0,938.0,,,,,3590.0,4210.0,101.4,35.0,51
2019,Barri,les tres torres,195.115435462838,170.0,16695,14986.0,0.0,723.0,986.0,,,,,3550.0,4080.0,104.9,35.0,51
2020,Barri,les tres torres,191.414971399715,165.0,16644,14886.0,0.0,726.0,1032.0,,,,,3550.0,3560.0,110.3,35.0,51
2021,Barri,les tres torres,174.660693071915,157.0,16356,14559.0,0.0,677.0,1120.0,570.0,9075.0,1143.0,2688.0,4870.0,3990.0,103.1,34.0,51
2022,Barri,les tres torres,,179.0,16108,14326.0,0.0,692.0,1088.0,556.0,9135.0,1156.0,2602.0,3340.0,3800.0,106.0,33.0,51
2023,Barri,les tres torres,,194.0,16276,14247.0,0.0,755.0,1272.0,524.0,9372.0,1142.0,2621.0,3290.0,2720.0,107.3,340.0,51
2024,Barri,les tres torres,,197.0,16393,14187.0,0.0,801.0,1403.0,,,,,3440.0,2680.0,113.6,360.0,51
2025,Barri,les tres torres,,197.0,16376,14053.0,0.0,854.0,1468.0,,,,,3350.0,2580.0,110.4,,51
2000,Barri,montbau,,,5100,5034.0,0.0,10.0,56.0,,,,,,,,,52
2001,Barri,montbau,,,5095,4951.0,0.0,12.0,132.0,0.0,0.0,0.0,0.0,,,,,52
2002,Barri,montbau,,,5255,4987.0,0.0,22.0,242.0,,,,,,,,,52
2003,Barri,montbau,,,5343,4903.0,0.0,16.0,420.0,,,,,,,,,52
2004,Barri,montbau,,,5309,4812.0,0.0,25.0,472.0,,,,,,,,,52
2005,Barri,montbau,,,5284,4751.0,0.0,36.0,497.0,,,,,,,,,52
2006,Barri,montbau,,,5270,4697.0,0.0,53.0,520.0,,,,,,,,,52
2007,Barri,montbau,,,5111,4608.0,0.0,58.0,445.0,,,,,,,,,52
2008,Barri,montbau,,,5182,4647.0,0.0,74.0,461.0,,,,,,,,,52
2009,Barri,montbau,,,5224,4673.0,0.0,86.0,465.0,,,,,,,,,52
2010,Barri,montbau,,,5250,4714.0,0.0,87.0,448.0,,,,,,,,,52
2011,Barri,montbau,,,5213,4633.0,0.0,91.0,489.0,0.0,0.0,0.0,0.0,2980.0,,,,52
2012,Barri,montbau,,,5136,4570.0,0.0,97.0,468.0,,,,,3350.0,,,,52
2013,Barri,montbau,,,5110,4535.0,0.0,105.0,469.0,,,,,3380.0,,,,52
2014,Barri,montbau,,93.0,5045,4497.0,0.0,100.0,448.0,,,,,3300.0,700.0,62.7,,52
2015,Barri,montbau,93.5916492684783,101.0,5041,4525.0,0.0,98.0,418.0,,,,,3010.0,1040.0,66.6,,52
2016,Barri,montbau,89.6781926310357,103.0,5053,4553.0,0.0,94.0,406.0,,,,,2690.0,1410.0,67.7,,52
2017,Barri,montbau,88.0838529366995,125.0,5108,4520.0,0.0,120.0,468.0,,,,,2440.0,1410.0,64.7,,52
2018,Barri,montbau,88.1302486907238,110.0,5099,4456.0,0.0,122.0,521.0,,,,,2290.0,1540.0,68.7,,52
2019,Barri,montbau,87.766696963274,119.0,5126,4420.0,0.0,155.0,551.0,,,,,2240.0,1770.0,69.3,,52
2020,Barri,montbau,88.9205942888602,119.0,5172,4367.0,0.0,180.0,625.0,,,,,2150.0,930.0,68.2,,52
2021,Barri,montbau,90.961795885853,112.0,5114,4287.0,0.0,179.0,648.0,735.0,1893.0,777.0,1056.0,3060.0,1550.0,68.3,,52
2022,Barri,montbau,,119.0,5014,4197.0,0.0,198.0,619.0,679.0,1918.0,765.0,1054.0,2160.0,1560.0,69.2,,52
2023,Barri,montbau,,138.0,5174,4225.0,0.0,181.0,768.0,635.0,2056.0,791.0,1122.0,1930.0,1200.0,67.4,,52
2024,Barri,montbau,,136.0,5286,4226.0,0.0,196.0,864.0,,,,,1980.0,1150.0,68.3,,52
2025,Barri,montbau,,155.0,5343,4191.0,0.0,213.0,939.0,,,,,1960.0,800.0,59.6,,52
2000,Barri,navas,,,21286,20860.0,8.0,68.0,350.0,,,,,,,,,53
2001,Barri,navas,,,21521,20612.0,6.0,85.0,818.0,0.0,0.0,0.0,0.0,,,,,53
2002,Barri,navas,,,22147,20599.0,18.0,109.0,1421.0,,,,,,,,,53
2003,Barri,navas,,,22089,20119.0,19.0,159.0,1792.0,,,,,,,,,53
2004,Barri,navas,,,21785,19633.0,13.0,183.0,1956.0,,,,,,,,,53
2005,Barri,navas,,,21727,19330.0,9.0,225.0,2163.0,,,,,,,,,53
2006,Barri,navas,,,21667,19082.0,14.0,270.0,2301.0,,,,,,,,,53
2007,Barri,navas,,,21380,18829.0,15.0,352.0,2184.0,,,,,,,,,53
2008,Barri,navas,,,21601,18755.0,15.0,432.0,2399.0,,,,,,,,,53
2009,Barri,navas,,,21780,18614.0,9.0,496.0,2661.0,,,,,,,,,53
2010,Barri,navas,,,21839,18714.0,7.0,537.0,2581.0,,,,,,,,,53
2011,Barri,navas,,,21725,18705.0,8.0,493.0,2519.0,0.0,0.0,0.0,0.0,1404.0,,,,53
2012,Barri,navas,,,21901,18744.0,6.0,499.0,2652.0,,,,,1486.0,,,,53
2013,Barri,navas,,,21834,18676.0,6.0,549.0,2603.0,,,,,1541.0,,,,53
2014,Barri,navas,,89.0,21739,18771.0,6.0,572.0,2390.0,,,,,1452.0,4350.0,72.4,11.0,53
2015,Barri,navas,93.1425291838301,97.0,21966,19079.0,6.0,600.0,2281.0,,,,,134.0,4490.0,72.5,11.0,53
2016,Barri,navas,91.8776919774851,108.0,22097,19133.0,0.0,619.0,2343.0,,,,,1197.0,3730.0,69.2,17.0,53
2017,Barri,navas,90.8222147676947,115.0,22171,19017.0,0.0,665.0,2485.0,,,,,1046.0,5260.0,71.3,17.0,53
2018,Barri,navas,91.0235243912825,120.0,22159,18881.0,0.0,719.0,2555.0,,,,,9820.0,5630.0,69.8,17.0,53
2019,Barri,navas,90.0928746690425,124.0,22279,18719.0,5.0,872.0,2683.0,,,,,9170.0,4690.0,71.2,17.0,53
2020,Barri,navas,92.0015159144361,127.0,22457,18622.0,0.0,932.0,2899.0,,,,,9020.0,4540.0,70.5,16.0,53
2021,Barri,navas,94.2003270506161,119.0,22299,18405.0,0.0,858.0,3033.0,2415.0,8442.0,3672.0,4905.0,122.0,5710.0,71.3,16.0,53
2022,Barri,navas,,126.0,21947,18270.0,0.0,884.0,2790.0,2240.0,8522.0,3643.0,4850.0,8210.0,4720.0,72.1,16.0,53
2023,Barri,navas,,145.0,22064,18201.0,0.0,881.0,2979.0,2135.0,8947.0,3581.0,4899.0,8120.0,3860.0,70.9,220.0,53
2024,Barri,navas,,143.0,22411,18221.0,0.0,986.0,3201.0,,,,,8140.0,3250.0,71.8,250.0,53
2025,Barri,navas,,147.0,22790,18188.0,5.0,1181.0,3416.0,,,,,8240.0,3140.0,69.8,,53
2000,Barri,pedralbes,,,11289,10539.0,0.0,366.0,381.0,,,,,,,,,54
2001,Barri,pedralbes,,,11278,10415.0,0.0,403.0,457.0,0.0,0.0,0.0,0.0,,,,,54
2002,Barri,pedralbes,,,11604,10491.0,8.0,530.0,575.0,,,,,,,,,54
2003,Barri,pedralbes,,,11703,10339.0,8.0,606.0,750.0,,,,,,,,,54
2004,Barri,pedralbes,,,11716,10189.0,11.0,660.0,856.0,,,,,,,,,54
2005,Barri,pedralbes,,,11766,10075.0,11.0,759.0,921.0,,,,,,,,,54
2006,Barri,pedralbes,,,11696,9860.0,16.0,807.0,1013.0,,,,,,,,,54
2007,Barri,pedralbes,,,11502,9773.0,9.0,882.0,838.0,,,,,,,,,54
2008,Barri,pedralbes,,,11532,9713.0,6.0,956.0,857.0,,,,,,,,,54
2009,Barri,pedralbes,,,11631,9705.0,0.0,1014.0,909.0,,,,,,,,,54
2010,Barri,pedralbes,,,11669,9799.0,7.0,979.0,884.0,,,,,,,,,54
2011,Barri,pedralbes,,,11632,9808.0,5.0,884.0,935.0,0.0,0.0,0.0,0.0,3190.0,,,,54
2012,Barri,pedralbes,,,11752,9857.0,0.0,948.0,944.0,,,,,3450.0,,,,54
2013,Barri,pedralbes,,,11816,9890.0,5.0,1001.0,920.0,,,,,3420.0,,,,54
2014,Barri,pedralbes,,123.0,11653,9843.0,0.0,951.0,856.0,,,,,3130.0,1990.0,118.9,8.0,54
2015,Barri,pedralbes,169.256142054982,141.0,11716,9965.0,0.0,901.0,848.0,,,,,2800.0,1950.0,119.8,8.0,54
2016,Barri,pedralbes,179.358989818115,146.0,11864,10013.0,0.0,929.0,920.0,,,,,2590.0,1890.0,117.6,11.0,54
2017,Barri,pedralbes,179.709391129992,162.0,12117,9999.0,5.0,987.0,1126.0,,,,,2270.0,1960.0,116.1,11.0,54
2018,Barri,pedralbes,181.846993357991,154.0,12046,9908.0,0.0,936.0,1198.0,,,,,2300.0,2330.0,115.8,11.0,54
2019,Barri,pedralbes,182.012616800606,157.0,12000,9812.0,0.0,966.0,1221.0,,,,,2110.0,2550.0,120.1,11.0,54
2020,Barri,pedralbes,181.398935079801,155.0,11936,9702.0,0.0,989.0,1245.0,,,,,1950.0,2000.0,117.5,11.0,54
2021,Barri,pedralbes,162.671132076605,151.0,11808,9607.0,0.0,847.0,1354.0,609.0,6288.0,765.0,2154.0,2650.0,2310.0,116.0,11.0,54
2022,Barri,pedralbes,,153.0,11730,9635.0,0.0,861.0,1234.0,542.0,6394.0,780.0,2133.0,1910.0,2290.0,120.9,11.0,54
2023,Barri,pedralbes,,175.0,12130,9723.0,0.0,885.0,1522.0,544.0,6753.0,773.0,2207.0,1830.0,1910.0,115.0,110.0,54
2024,Barri,pedralbes,,193.0,12498,9771.0,0.0,980.0,1747.0,,,,,1970.0,1710.0,115.4,110.0,54
2025,Barri,pedralbes,,187.0,12649,9826.0,0.0,1000.0,1823.0,,,,,1950.0,1670.0,105.1,,54
2000,Barri,porta,,,23772,23400.0,0.0,72.0,300.0,,,,,,,,,55
2001,Barri,porta,,,23798,22971.0,0.0,66.0,759.0,0.0,0.0,0.0,0.0,,,,,55
2002,Barri,porta,,,24073,22784.0,12.0,78.0,1199.0,,,,,,,,,55
2003,Barri,porta,,,23802,22240.0,15.0,104.0,1443.0,,,,,,,,,55
2004,Barri,porta,,,23555,21642.0,7.0,127.0,1779.0,,,,,,,,,55
2005,Barri,porta,,,23308,21192.0,7.0,173.0,1936.0,,,,,,,,,55
2006,Barri,porta,,,23315,20827.0,9.0,202.0,2277.0,,,,,,,,,55
2007,Barri,porta,,,23508,20875.0,5.0,287.0,2341.0,,,,,,,,,55
2008,Barri,porta,,,24390,20778.0,5.0,432.0,3175.0,,,,,,,,,55
2009,Barri,porta,,,25334,20667.0,0.0,482.0,4183.0,,,,,,,,,55
2010,Barri,porta,,,25169,20644.0,0.0,442.0,4080.0,,,,,,,,,55
2011,Barri,porta,,,25088,20692.0,0.0,446.0,3947.0,0.0,0.0,0.0,0.0,1689.0,,,,55
2012,Barri,porta,,,24815,20715.0,0.0,400.0,3698.0,,,,,1826.0,,,,55
2013,Barri,porta,,,24354,20585.0,0.0,397.0,3369.0,,,,,1973.0,,,,55
2014,Barri,porta,,86.0,24336,20702.0,0.0,430.0,3201.0,,,,,1911.0,5210.0,63.4,2.0,55
2015,Barri,porta,81.7190623477607,91.0,24299,21045.0,0.0,379.0,2873.0,,,,,1757.0,4900.0,63.0,2.0,55
2016,Barri,porta,79.3616908391976,100.0,24567,21243.0,0.0,426.0,2896.0,,,,,1608.0,4890.0,61.6,2.0,55
2017,Barri,porta,78.0797444634625,108.0,25046,21292.0,0.0,460.0,3292.0,,,,,1402.0,5570.0,63.2,2.0,55
2018,Barri,porta,78.0323899706927,114.0,25568,21287.0,0.0,510.0,3770.0,,,,,1321.0,6630.0,63.5,2.0,55
2019,Barri,porta,76.5612931502125,123.0,26557,21204.0,0.0,615.0,4736.0,,,,,1201.0,5390.0,63.3,10.0,55
2020,Barri,porta,77.754343351712,121.0,27813,21131.0,0.0,635.0,6046.0,,,,,1263.0,4050.0,61.8,10.0,55
2021,Barri,porta,79.4619790951908,115.0,27796,20834.0,0.0,636.0,6325.0,4773.0,7536.0,5835.0,5796.0,1641.0,5500.0,64.3,10.0,55
2022,Barri,porta,,123.0,27397,20778.0,0.0,636.0,5979.0,4435.0,7649.0,5912.0,5881.0,115.0,5310.0,63.5,10.0,55
2023,Barri,porta,,135.0,28978,21069.0,0.0,661.0,7245.0,4599.0,8354.0,6169.0,6507.0,118.0,4070.0,63.7,120.0,55
2024,Barri,porta,,134.0,31329,21505.0,0.0,696.0,9125.0,,,,,1283.0,3700.0,64.1,120.0,55
2025,Barri,porta,,133.0,31363,21565.0,0.0,713.0,9081.0,,,,,1272.0,3310.0,64.0,,55
2000,Barri,provencals del poblenou,,,17106,16792.0,0.0,38.0,276.0,,,,,,,,,56
2001,Barri,provencals del poblenou,,,17130,16678.0,0.0,43.0,409.0,0.0,0.0,0.0,0.0,,,,,56
2002,Barri,provencals del poblenou,,,17466,16610.0,10.0,67.0,779.0,,,,,,,,,56
2003,Barri,provencals del poblenou,,,17685,16468.0,8.0,97.0,1112.0,,,,,,,,,56
2004,Barri,provencals del poblenou,,,17700,16316.0,5.0,126.0,1253.0,,,,,,,,,56
2005,Barri,provencals del poblenou,,,17983,16266.0,5.0,180.0,1532.0,,,,,,,,,56
2006,Barri,provencals del poblenou,,,18190,16263.0,0.0,253.0,1670.0,,,,,,,,,56
2007,Barri,provencals del poblenou,,,18613,16530.0,0.0,437.0,1642.0,,,,,,,,,56
2008,Barri,provencals del poblenou,,,18859,16615.0,0.0,551.0,1689.0,,,,,,,,,56
2009,Barri,provencals del poblenou,,,19304,16794.0,0.0,625.0,1885.0,,,,,,,,,56
2010,Barri,provencals del poblenou,,,19594,16974.0,0.0,696.0,1924.0,,,,,,,,,56
2011,Barri,provencals del poblenou,,,19551,16955.0,0.0,682.0,1914.0,0.0,0.0,0.0,0.0,1367.0,,,,56
2012,Barri,provencals del poblenou,,,19877,17218.0,0.0,710.0,1948.0,,,,,1477.0,,,,56
2013,Barri,provencals del poblenou,,,20068,17345.0,0.0,748.0,1975.0,,,,,1551.0,,,,56
2014,Barri,provencals del poblenou,,97.0,20098,17480.0,0.0,748.0,1870.0,,,,,1492.0,3050.0,70.3,36.0,56
2015,Barri,provencals del poblenou,90.7402578040037,100.0,20163,17654.0,0.0,752.0,1756.0,,,,,1389.0,3040.0,68.8,36.0,56
2016,Barri,provencals del poblenou,90.5873273878714,118.0,20381,17692.0,0.0,822.0,1867.0,,,,,124.0,3620.0,70.2,41.0,56
2017,Barri,provencals del poblenou,89.7626963036625,129.0,20519,17623.0,0.0,907.0,1989.0,,,,,1085.0,4270.0,72.0,41.0,56
2018,Barri,provencals del poblenou,88.7814639145088,136.0,20628,17570.0,0.0,1004.0,2054.0,,,,,1028.0,4460.0,70.7,34.0,56
2019,Barri,provencals del poblenou,88.1923163971706,141.0,21116,17676.0,0.0,1166.0,2273.0,,,,,9480.0,4180.0,71.1,34.0,56
2020,Barri,provencals del poblenou,89.5943717314912,140.0,21319,17615.0,0.0,1238.0,2463.0,,,,,9540.0,3540.0,70.5,34.0,56
2021,Barri,provencals del poblenou,91.4942812348818,135.0,21185,17406.0,6.0,1185.0,2588.0,2352.0,7440.0,3867.0,4272.0,125.0,4510.0,72.2,32.0,56
2022,Barri,provencals del poblenou,,145.0,21092,17380.0,7.0,1225.0,2480.0,2144.0,7687.0,3910.0,4271.0,8910.0,4300.0,72.0,31.0,56
2023,Barri,provencals del poblenou,,163.0,21273,17163.0,0.0,1278.0,2829.0,2037.0,8085.0,3841.0,4450.0,9200.0,3010.0,72.4,330.0,56
2024,Barri,provencals del poblenou,,161.0,21512,17090.0,0.0,1360.0,3060.0,,,,,9330.0,2900.0,70.9,350.0,56
2025,Barri,provencals del poblenou,,168.0,21902,17124.0,0.0,1450.0,3326.0,,,,,9300.0,3350.0,74.1,,56
2000,Barri,sant andreu,,,52014,51421.0,0.0,118.0,473.0,,,,,,,,,57
2001,Barri,sant andreu,,,52319,51300.0,0.0,154.0,863.0,0.0,0.0,0.0,0.0,,,,,57
2002,Barri,sant andreu,,,53811,51981.0,17.0,236.0,1577.0,,,,,,,,,57
2003,Barri,sant andreu,,,54421,51735.0,16.0,292.0,2378.0,,,,,,,,,57
2004,Barri,sant andreu,,,54917,51644.0,5.0,368.0,2900.0,,,,,,,,,57
2005,Barri,sant andreu,,,55414,51462.0,8.0,470.0,3474.0,,,,,,,,,57
2006,Barri,sant andreu,,,55524,51253.0,7.0,497.0,3767.0,,,,,,,,,57
2007,Barri,sant andreu,,,55451,51158.0,0.0,754.0,3536.0,,,,,,,,,57
2008,Barri,sant andreu,,,55589,50970.0,0.0,835.0,3780.0,,,,,,,,,57
2009,Barri,sant andreu,,,55892,51018.0,9.0,895.0,3970.0,,,,,,,,,57
2010,Barri,sant andreu,,,55838,51053.0,6.0,881.0,3898.0,,,,,,,,,57
2011,Barri,sant andreu,,,56075,51527.0,0.0,835.0,3710.0,0.0,0.0,0.0,0.0,3914.0,,,,57
2012,Barri,sant andreu,,,56282,51774.0,0.0,821.0,3686.0,,,,,4201.0,,,,57
2013,Barri,sant andreu,,,56500,52004.0,0.0,843.0,3653.0,,,,,4322.0,,,,57
2014,Barri,sant andreu,,92.0,56263,52108.0,0.0,800.0,3355.0,,,,,4169.0,1038.0,66.4,27.0,57
2015,Barri,sant andreu,99.0948288113003,100.0,56491,52539.0,0.0,831.0,3121.0,,,,,3884.0,9340.0,65.4,27.0,57
2016,Barri,sant andreu,96.8187759551245,109.0,56695,52766.0,0.0,841.0,3087.0,,,,,3497.0,9610.0,64.0,29.0,57
2017,Barri,sant andreu,95.2691002252741,123.0,57223,52833.0,0.0,924.0,3465.0,,,,,303.0,1126.0,64.3,29.0,57
2018,Barri,sant andreu,95.6480417199309,119.0,57662,53073.0,0.0,985.0,3603.0,,,,,2798.0,1268.0,66.5,28.0,57
2019,Barri,sant andreu,95.0949583092338,125.0,57961,52995.0,0.0,1149.0,3815.0,,,,,264.0,1149.0,67.1,28.0,57
2020,Barri,sant andreu,96.7835765597369,125.0,58508,52860.0,0.0,1257.0,4389.0,,,,,2726.0,9230.0,67.6,28.0,57
2021,Barri,sant andreu,98.846127721629,119.0,58225,52401.0,5.0,1206.0,4613.0,6321.0,21528.0,10287.0,12162.0,3345.0,1231.0,67.6,27.0,57
2022,Barri,sant andreu,,127.0,57605,51951.0,0.0,1205.0,4445.0,6687.0,22249.0,10930.0,12736.0,246.0,1104.0,67.7,27.0,57
2023,Barri,sant andreu,,140.0,57902,51747.0,0.0,1217.0,4936.0,5721.0,22598.0,10188.0,12185.0,2392.0,9100.0,67.8,330.0,57
2024,Barri,sant andreu,,139.0,58651,51729.0,0.0,1355.0,5564.0,,,,,2366.0,7510.0,69.9,340.0,57
2025,Barri,sant andreu,,146.0,58988,51665.0,0.0,1477.0,5842.0,,,,,2352.0,8100.0,64.0,,57
2000,Barri,sant antoni,,,35970,34762.0,0.0,235.0,970.0,,,,,,,,,58
2001,Barri,sant antoni,,,35976,34134.0,0.0,284.0,1556.0,0.0,0.0,0.0,0.0,,,,,58
2002,Barri,sant antoni,,,37246,34203.0,25.0,473.0,2545.0,,,,,,,,,58
2003,Barri,sant antoni,,,37863,33700.0,23.0,668.0,3472.0,,,,,,,,,58
2004,Barri,sant antoni,,,37957,32979.0,12.0,836.0,4130.0,,,,,,,,,58
2005,Barri,sant antoni,,,38082,32455.0,7.0,1080.0,4540.0,,,,,,,,,58
2006,Barri,sant antoni,,,38275,32091.0,6.0,1345.0,4833.0,,,,,,,,,58
2007,Barri,sant antoni,,,37788,31729.0,5.0,1904.0,4150.0,,,,,,,,,58
2008,Barri,sant antoni,,,38243,31740.0,10.0,2178.0,4315.0,,,,,,,,,58
2009,Barri,sant antoni,,,38513,31382.0,9.0,2473.0,4649.0,,,,,,,,,58
2010,Barri,sant antoni,,,38129,31115.0,0.0,2391.0,4620.0,,,,,,,,,58
2011,Barri,sant antoni,,,37985,30963.0,5.0,2178.0,4839.0,0.0,0.0,0.0,0.0,2351.0,,,,58
2012,Barri,sant antoni,,,38332,30981.0,0.0,2230.0,5118.0,,,,,2579.0,,,,58
2013,Barri,sant antoni,,,38264,30722.0,0.0,2369.0,5169.0,,,,,2594.0,,,,58
2014,Barri,sant antoni,,100.0,38096,30536.0,7.0,2504.0,5049.0,,,,,2451.0,1165.0,76.8,568.0,58
2015,Barri,sant antoni,101.575086625277,110.0,38031,30571.0,10.0,2599.0,4851.0,,,,,2189.0,1083.0,74.4,568.0,58
2016,Barri,sant antoni,101.907933767104,121.0,38235,30548.0,12.0,2680.0,4995.0,,,,,1927.0,11.0,75.0,590.0,58
2017,Barri,sant antoni,102.314821663154,130.0,38470,30253.0,11.0,2868.0,5338.0,,,,,1728.0,1351.0,74.4,590.0,58
2018,Barri,sant antoni,101.104445210832,132.0,38356,29899.0,10.0,2913.0,5534.0,,,,,1636.0,1512.0,75.5,587.0,58
2019,Barri,sant antoni,101.814159053596,138.0,38622,29517.0,12.0,3256.0,5837.0,,,,,1552.0,1449.0,76.6,584.0,58
2020,Barri,sant antoni,101.418455870558,139.0,38958,29208.0,9.0,3413.0,6328.0,,,,,1553.0,1078.0,73.7,586.0,58
2021,Barri,sant antoni,102.66307363814,130.0,38700,28751.0,11.0,3150.0,6788.0,3678.0,17712.0,5118.0,7428.0,2177.0,1714.0,76.6,576.0,58
2022,Barri,sant antoni,,144.0,38175,28444.0,11.0,3234.0,6486.0,3371.0,17924.0,5091.0,7353.0,1316.0,1359.0,77.0,554.0,58
2023,Barri,sant antoni,,159.0,38269,28147.0,9.0,3279.0,6834.0,3226.0,18771.0,4945.0,7453.0,1331.0,9810.0,76.2,5670.0,58
2024,Barri,sant antoni,,161.0,38698,27923.0,11.0,3575.0,7189.0,,,,,1379.0,8350.0,74.4,6070.0,58
2025,Barri,sant antoni,,163.0,39223,27886.0,8.0,3807.0,7522.0,,,,,1373.0,7290.0,73.6,,58
2000,Barri,sant genis dels agudells,,,7068,6951.0,0.0,30.0,87.0,,,,,,,,,59
2001,Barri,sant genis dels agudells,,,6994,6797.0,0.0,38.0,159.0,0.0,0.0,0.0,0.0,,,,,59
2002,Barri,sant genis dels agudells,,,7187,6818.0,0.0,60.0,306.0,,,,,,,,,59
2003,Barri,sant genis dels agudells,,,7215,6689.0,0.0,72.0,452.0,,,,,,,,,59
2004,Barri,sant genis dels agudells,,,7136,6520.0,0.0,81.0,535.0,,,,,,,,,59
2005,Barri,sant genis dels agudells,,,7132,6396.0,0.0,94.0,642.0,,,,,,,,,59
2006,Barri,sant genis dels agudells,,,7136,6321.0,0.0,115.0,700.0,,,,,,,,,59
2007,Barri,sant genis dels agudells,,,7030,6223.0,0.0,146.0,660.0,,,,,,,,,59
2008,Barri,sant genis dels agudells,,,7092,6146.0,0.0,170.0,775.0,,,,,,,,,59
2009,Barri,sant genis dels agudells,,,7174,6152.0,0.0,195.0,827.0,,,,,,,,,59
2010,Barri,sant genis dels agudells,,,7121,6188.0,0.0,175.0,758.0,,,,,,,,,59
2011,Barri,sant genis dels agudells,,,6984,6104.0,0.0,154.0,726.0,0.0,0.0,0.0,0.0,4130.0,,,,59
2012,Barri,sant genis dels agudells,,,6948,6077.0,0.0,146.0,725.0,,,,,4630.0,,,,59
2013,Barri,sant genis dels agudells,,,6903,6008.0,0.0,167.0,727.0,,,,,4680.0,,,,59
2014,Barri,sant genis dels agudells,,78.0,6854,6033.0,0.0,163.0,656.0,,,,,4570.0,1700.0,73.7,3.0,59
2015,Barri,sant genis dels agudells,85.7662291813868,83.0,6721,6013.0,0.0,148.0,560.0,,,,,4160.0,1460.0,69.5,3.0,59
2016,Barri,sant genis dels agudells,80.8598893546006,87.0,6695,5945.0,0.0,158.0,591.0,,,,,3720.0,1640.0,72.6,4.0,59
2017,Barri,sant genis dels agudells,82.5076860897403,95.0,6828,5936.0,0.0,179.0,712.0,,,,,3370.0,1700.0,72.1,4.0,59
2018,Barri,sant genis dels agudells,82.0956511470017,97.0,7011,5979.0,0.0,194.0,838.0,,,,,3170.0,2150.0,69.7,4.0,59
2019,Barri,sant genis dels agudells,79.0789951106305,106.0,7246,5999.0,0.0,203.0,1044.0,,,,,3100.0,1750.0,71.7,3.0,59
2020,Barri,sant genis dels agudells,80.3652733468028,106.0,7390,5978.0,0.0,231.0,1181.0,,,,,2980.0,1080.0,70.5,3.0,59
2021,Barri,sant genis dels agudells,81.9454937202862,103.0,7385,5921.0,0.0,240.0,1223.0,1140.0,2223.0,1386.0,1605.0,4230.0,1450.0,69.8,3.0,59
2022,Barri,sant genis dels agudells,,108.0,7262,5865.0,0.0,233.0,1163.0,1045.0,2246.0,1376.0,1611.0,2980.0,1740.0,70.6,3.0,59
2023,Barri,sant genis dels agudells,,120.0,7385,5867.0,0.0,237.0,1281.0,1005.0,2365.0,1413.0,1690.0,2800.0,1130.0,69.5,30.0,59
2024,Barri,sant genis dels agudells,,111.0,7766,5990.0,0.0,275.0,1501.0,,,,,2880.0,1480.0,73.7,30.0,59
2025,Barri,sant genis dels agudells,,122.0,7826,6014.0,0.0,292.0,1519.0,,,,,2840.0,1230.0,70.0,,59
2000,Barri,sant gervasi galvany,,,44205,42617.0,0.0,686.0,898.0,,,,,,,,,60
2001,Barri,sant gervasi galvany,,,44420,42508.0,0.0,757.0,1151.0,0.0,0.0,0.0,0.0,,,,,60
2002,Barri,sant gervasi galvany,,,45790,43009.0,26.0,993.0,1762.0,,,,,,,,,60
2003,Barri,sant gervasi galvany,,,46013,42365.0,31.0,1196.0,2421.0,,,,,,,,,60
2004,Barri,sant gervasi galvany,,,45819,41514.0,15.0,1396.0,2894.0,,,,,,,,,60
2005,Barri,sant gervasi galvany,,,46144,41241.0,13.0,1629.0,3261.0,,,,,,,,,60
2006,Barri,sant gervasi galvany,,,46492,41252.0,18.0,1797.0,3425.0,,,,,,,,,60
2007,Barri,sant gervasi galvany,,,46284,41363.0,23.0,2121.0,2777.0,,,,,,,,,60
2008,Barri,sant gervasi galvany,,,46501,41268.0,22.0,2293.0,2918.0,,,,,,,,,60
2009,Barri,sant gervasi galvany,,,46830,41158.0,13.0,2355.0,3304.0,,,,,,,,,60
2010,Barri,sant gervasi galvany,,,46291,41037.0,7.0,2236.0,3011.0,,,,,,,,,60
2011,Barri,sant gervasi galvany,,,46128,41157.0,0.0,1946.0,3022.0,0.0,0.0,0.0,0.0,1692.0,,,,60
2012,Barri,sant gervasi galvany,,,46365,41330.0,8.0,1982.0,3045.0,,,,,1789.0,,,,60
2013,Barri,sant gervasi galvany,,,46548,41461.0,14.0,2072.0,3001.0,,,,,1798.0,,,,60
2014,Barri,sant gervasi galvany,,117.0,46461,41313.0,11.0,2202.0,2935.0,,,,,1651.0,134.0,99.9,271.0,60
2015,Barri,sant gervasi galvany,155.279965813619,127.0,46711,41597.0,0.0,2220.0,2893.0,,,,,1416.0,1265.0,100.4,271.0,60
2016,Barri,sant gervasi galvany,162.707194844908,138.0,47156,41862.0,6.0,2325.0,2963.0,,,,,1274.0,1395.0,99.6,254.0,60
2017,Barri,sant gervasi galvany,167.22397477846,146.0,47816,41884.0,7.0,2545.0,3380.0,,,,,1154.0,153.0,98.6,254.0,60
2018,Barri,sant gervasi galvany,168.981199400963,148.0,47819,41785.0,11.0,2585.0,3438.0,,,,,107.0,1787.0,98.3,244.0,60
2019,Barri,sant gervasi galvany,171.17975348381,153.0,47993,41528.0,7.0,2793.0,3665.0,,,,,1069.0,1774.0,99.4,244.0,60
2020,Barri,sant gervasi galvany,166.913035071029,153.0,47976,41219.0,5.0,2872.0,3880.0,,,,,1043.0,1411.0,98.1,244.0,60
2021,Barri,sant gervasi galvany,156.15479410089,145.0,47346,40478.0,5.0,2690.0,4173.0,1842.0,26295.0,3264.0,8493.0,142.0,1997.0,101.2,242.0,60
2022,Barri,sant gervasi galvany,,157.0,47181,40045.0,0.0,2990.0,4143.0,1772.0,26846.0,3204.0,8305.0,8830.0,1828.0,101.6,239.0,60
2023,Barri,sant gervasi galvany,,184.0,47674,39587.0,10.0,3216.0,4861.0,1675.0,27759.0,3116.0,8346.0,9860.0,1446.0,101.3,2910.0,60
2024,Barri,sant gervasi galvany,,188.0,48398,39361.0,14.0,3360.0,5663.0,,,,,9690.0,1245.0,102.2,2950.0,60
2025,Barri,sant gervasi galvany,,188.0,49461,39564.0,11.0,3661.0,6225.0,,,,,1021.0,1231.0,98.7,,60
2000,Barri,sant gervasi la bonanova,,,22496,21802.0,0.0,386.0,308.0,,,,,,,,,61
2001,Barri,sant gervasi la bonanova,,,22629,21779.0,0.0,400.0,447.0,0.0,0.0,0.0,0.0,,,,,61
2002,Barri,sant gervasi la bonanova,,,23261,22085.0,6.0,485.0,685.0,,,,,,,,,61
2003,Barri,sant gervasi la bonanova,,,23475,21896.0,6.0,548.0,1025.0,,,,,,,,,61
2004,Barri,sant gervasi la bonanova,,,23540,21760.0,0.0,613.0,1164.0,,,,,,,,,61
2005,Barri,sant gervasi la bonanova,,,23730,21704.0,0.0,687.0,1337.0,,,,,,,,,61
2006,Barri,sant gervasi la bonanova,,,23694,21521.0,7.0,725.0,1441.0,,,,,,,,,61
2007,Barri,sant gervasi la bonanova,,,23607,21554.0,5.0,874.0,1174.0,,,,,,,,,61
2008,Barri,sant gervasi la bonanova,,,24399,21573.0,5.0,1019.0,1802.0,,,,,,,,,61
2009,Barri,sant gervasi la bonanova,,,25282,21561.0,0.0,1118.0,2603.0,,,,,,,,,61
2010,Barri,sant gervasi la bonanova,,,25704,22043.0,0.0,1106.0,2555.0,,,,,,,,,61
2011,Barri,sant gervasi la bonanova,,,25639,22197.0,0.0,1045.0,2397.0,0.0,0.0,0.0,0.0,8440.0,,,,61
2012,Barri,sant gervasi la bonanova,,,25426,22419.0,0.0,1045.0,1961.0,,,,,9070.0,,,,61
2013,Barri,sant gervasi la bonanova,,,25130,22465.0,0.0,1105.0,1559.0,,,,,8790.0,,,,61
2014,Barri,sant gervasi la bonanova,,116.0,25273,22588.0,0.0,1108.0,1576.0,,,,,8470.0,6630.0,91.4,26.0,61
2015,Barri,sant gervasi la bonanova,150.843614760977,128.0,25368,22794.0,6.0,1027.0,1541.0,,,,,7780.0,7320.0,89.2,26.0,61
2016,Barri,sant gervasi la bonanova,158.329321995476,142.0,25761,23026.0,5.0,1048.0,1682.0,,,,,6910.0,7270.0,83.6,33.0,61
2017,Barri,sant gervasi la bonanova,163.9908783305,154.0,25909,22907.0,5.0,1135.0,1862.0,,,,,6060.0,8020.0,87.0,33.0,61
2018,Barri,sant gervasi la bonanova,164.932900036746,161.0,25889,22931.0,0.0,1108.0,1850.0,,,,,5960.0,9280.0,87.6,32.0,61
2019,Barri,sant gervasi la bonanova,170.833887174476,160.0,26108,22802.0,0.0,1294.0,2012.0,,,,,5770.0,9600.0,87.6,32.0,61
2020,Barri,sant gervasi la bonanova,166.363273774244,153.0,26245,22637.0,0.0,1339.0,2269.0,,,,,5920.0,6870.0,93.0,32.0,61
2021,Barri,sant gervasi la bonanova,157.081930384148,151.0,25984,22284.0,0.0,1283.0,2417.0,1152.0,14088.0,1941.0,4506.0,7450.0,1019.0,86.6,32.0,61
2022,Barri,sant gervasi la bonanova,,158.0,25692,22077.0,0.0,1345.0,2270.0,1026.0,14120.0,1926.0,4435.0,5000.0,8770.0,92.5,36.0,61
2023,Barri,sant gervasi la bonanova,,178.0,26135,21933.0,0.0,1465.0,2734.0,1005.0,14671.0,1954.0,4491.0,5240.0,6270.0,92.4,680.0,61
2024,Barri,sant gervasi la bonanova,,181.0,26750,22010.0,0.0,1552.0,3186.0,,,,,5330.0,5800.0,100.1,720.0,61
2025,Barri,sant gervasi la bonanova,,192.0,26836,22013.0,7.0,1606.0,3210.0,,,,,5250.0,5870.0,93.2,,61
2000,Barri,sant marti de provencals,,,27183,26881.0,0.0,60.0,241.0,,,,,,,,,62
2001,Barri,sant marti de provencals,,,26974,26487.0,0.0,71.0,414.0,0.0,0.0,0.0,0.0,,,,,62
2002,Barri,sant marti de provencals,,,26970,26132.0,6.0,107.0,725.0,,,,,,,,,62
2003,Barri,sant marti de provencals,,,26930,25695.0,7.0,134.0,1094.0,,,,,,,,,62
2004,Barri,sant marti de provencals,,,26769,25218.0,6.0,171.0,1374.0,,,,,,,,,62
2005,Barri,sant marti de provencals,,,26584,24710.0,0.0,221.0,1649.0,,,,,,,,,62
2006,Barri,sant marti de provencals,,,26436,24183.0,0.0,281.0,1968.0,,,,,,,,,62
2007,Barri,sant marti de provencals,,,26121,23815.0,0.0,432.0,1870.0,,,,,,,,,62
2008,Barri,sant marti de provencals,,,26174,23522.0,0.0,546.0,2104.0,,,,,,,,,62
2009,Barri,sant marti de provencals,,,26287,23413.0,0.0,573.0,2301.0,,,,,,,,,62
2010,Barri,sant marti de provencals,,,26154,23355.0,0.0,569.0,2230.0,,,,,,,,,62
2011,Barri,sant marti de provencals,,,26154,23248.0,0.0,549.0,2357.0,0.0,0.0,0.0,0.0,1926.0,,,,62
2012,Barri,sant marti de provencals,,,26126,23213.0,0.0,541.0,2371.0,,,,,2096.0,,,,62
2013,Barri,sant marti de provencals,,,26001,23088.0,0.0,571.0,2341.0,,,,,2147.0,,,,62
2014,Barri,sant marti de provencals,,89.0,25917,23074.0,0.0,590.0,2252.0,,,,,206.0,3620.0,74.0,9.0,62
2015,Barri,sant marti de provencals,87.2226906616232,94.0,25971,23267.0,0.0,598.0,2106.0,,,,,1909.0,3490.0,73.7,9.0,62
2016,Barri,sant marti de provencals,84.9758596240757,100.0,26031,23182.0,0.0,609.0,2239.0,,,,,173.0,3770.0,72.2,15.0,62
2017,Barri,sant marti de provencals,84.4848590116092,109.0,26187,22943.0,0.0,669.0,2575.0,,,,,151.0,4540.0,72.3,15.0,62
2018,Barri,sant marti de provencals,83.8874457693124,115.0,26092,22794.0,0.0,690.0,2608.0,,,,,1443.0,4860.0,72.3,15.0,62
2019,Barri,sant marti de provencals,83.4466462374128,119.0,26168,22567.0,0.0,792.0,2807.0,,,,,1312.0,4670.0,72.4,15.0,62
2020,Barri,sant marti de provencals,84.0098166121542,118.0,26168,22343.0,0.0,794.0,3028.0,,,,,1312.0,4240.0,72.8,15.0,62
2021,Barri,sant marti de provencals,86.2822181591181,115.0,26229,22206.0,0.0,801.0,3219.0,3795.0,8112.0,5256.0,5784.0,1695.0,5070.0,72.1,14.0,62
2022,Barri,sant marti de provencals,,121.0,25852,21898.0,0.0,824.0,3126.0,3496.0,8289.0,5188.0,5790.0,1187.0,5580.0,73.0,14.0,62
2023,Barri,sant marti de provencals,,135.0,26169,21702.0,5.0,897.0,3565.0,3368.0,8817.0,5140.0,5898.0,1173.0,4020.0,73.6,140.0,62
2024,Barri,sant marti de provencals,,141.0,26575,21602.0,6.0,993.0,3974.0,,,,,1173.0,3410.0,72.0,140.0,62
2025,Barri,sant marti de provencals,,136.0,26976,21565.0,5.0,1099.0,4307.0,,,,,1158.0,3040.0,73.1,,62
2000,Barri,sant pere santa caterina i la ribera,,,19473,17224.0,0.0,382.0,1866.0,,,,,,,,,63
2001,Barri,sant pere santa caterina i la ribera,,,20008,16809.0,0.0,525.0,2670.0,0.0,0.0,0.0,0.0,,,,,63
2002,Barri,sant pere santa caterina i la ribera,,,21296,16546.0,14.0,776.0,3960.0,,,,,,,,,63
2003,Barri,sant pere santa caterina i la ribera,,,22337,16122.0,12.0,1064.0,5139.0,,,,,,,,,63
2004,Barri,sant pere santa caterina i la ribera,,,22582,15730.0,9.0,1332.0,5511.0,,,,,,,,,63
2005,Barri,sant pere santa caterina i la ribera,,,22843,15344.0,12.0,1629.0,5858.0,,,,,,,,,63
2006,Barri,sant pere santa caterina i la ribera,,,23240,15237.0,11.0,1964.0,6028.0,,,,,,,,,63
2007,Barri,sant pere santa caterina i la ribera,,,22422,14922.0,15.0,2497.0,4988.0,,,,,,,,,63
2008,Barri,sant pere santa caterina i la ribera,,,22644,14737.0,15.0,2925.0,4967.0,,,,,,,,,63
2009,Barri,sant pere santa caterina i la ribera,,,23029,14588.0,9.0,3220.0,5212.0,,,,,,,,,63
2010,Barri,sant pere santa caterina i la ribera,,,22698,14476.0,6.0,3333.0,4883.0,,,,,,,,,63
2011,Barri,sant pere santa caterina i la ribera,,,22417,14377.0,0.0,3093.0,4943.0,0.0,0.0,0.0,0.0,2023.0,,,,63
2012,Barri,sant pere santa caterina i la ribera,,,22773,14305.0,0.0,3428.0,5037.0,,,,,2102.0,,,,63
2013,Barri,sant pere santa caterina i la ribera,,,22771,13986.0,5.0,3811.0,4969.0,,,,,209.0,,,,63
2014,Barri,sant pere santa caterina i la ribera,,112.0,22368,13683.0,7.0,4008.0,4670.0,,,,,1956.0,9820.0,69.7,171.0,63
2015,Barri,sant pere santa caterina i la ribera,77.6535457649228,127.0,22468,13644.0,12.0,4146.0,4666.0,,,,,1773.0,1014.0,64.5,171.0,63
2016,Barri,sant pere santa caterina i la ribera,79.1420399461725,141.0,22380,13513.0,8.0,4260.0,4599.0,,,,,1691.0,1177.0,65.2,169.0,63
2017,Barri,sant pere santa caterina i la ribera,81.9289210271279,157.0,22923,13382.0,8.0,4493.0,5040.0,,,,,1466.0,1309.0,66.1,169.0,63
2018,Barri,sant pere santa caterina i la ribera,83.5851983451671,150.0,22605,12999.0,0.0,4463.0,5139.0,,,,,1446.0,1307.0,71.2,168.0,63
2019,Barri,sant pere santa caterina i la ribera,83.2653156535266,152.0,23170,12743.0,0.0,4990.0,5433.0,,,,,137.0,134.0,72.3,159.0,63
2020,Barri,sant pere santa caterina i la ribera,81.1014223328896,146.0,23241,12519.0,6.0,4985.0,5731.0,,,,,1379.0,9910.0,71.4,159.0,63
2021,Barri,sant pere santa caterina i la ribera,82.6969985551183,136.0,23009,12204.0,9.0,4454.0,6342.0,2241.0,10398.0,3078.0,4125.0,1988.0,1356.0,71.9,159.0,63
2022,Barri,sant pere santa caterina i la ribera,,160.0,22418,12056.0,8.0,4498.0,5856.0,1993.0,10444.0,3021.0,3983.0,1178.0,1109.0,72.6,159.0,63
2023,Barri,sant pere santa caterina i la ribera,,174.0,22041,11764.0,0.0,4284.0,5989.0,1945.0,10893.0,2959.0,4066.0,1174.0,8570.0,72.0,1710.0,63
2024,Barri,sant pere santa caterina i la ribera,,171.0,22473,11653.0,0.0,4479.0,6338.0,,,,,1239.0,6570.0,73.0,1920.0,63
2025,Barri,sant pere santa caterina i la ribera,,186.0,22767,11667.0,9.0,4565.0,6526.0,,,,,1217.0,7060.0,64.5,,63
2000,Barri,sants,,,37910,36867.0,6.0,182.0,855.0,,,,,,,,,64
2001,Barri,sants,,,38159,36443.0,6.0,218.0,1492.0,0.0,0.0,0.0,0.0,,,,,64
2002,Barri,sants,,,39069,36151.0,16.0,281.0,2621.0,,,,,,,,,64
2003,Barri,sants,,,39628,35556.0,18.0,395.0,3659.0,,,,,,,,,64
2004,Barri,sants,,,39530,34709.0,13.0,499.0,4309.0,,,,,,,,,64
2005,Barri,sants,,,39805,34242.0,12.0,622.0,4929.0,,,,,,,,,64
2006,Barri,sants,,,40264,34011.0,14.0,755.0,5484.0,,,,,,,,,64
2007,Barri,sants,,,39799,33722.0,14.0,1156.0,4907.0,,,,,,,,,64
2008,Barri,sants,,,41029,33598.0,14.0,1524.0,5893.0,,,,,,,,,64
2009,Barri,sants,,,42207,33623.0,8.0,1735.0,6841.0,,,,,,,,,64
2010,Barri,sants,,,42111,33631.0,0.0,1805.0,6671.0,,,,,,,,,64
2011,Barri,sants,,,41932,33717.0,0.0,1648.0,6563.0,0.0,0.0,0.0,0.0,2505.0,,,,64
2012,Barri,sants,,,41609,33811.0,0.0,1662.0,6134.0,,,,,2684.0,,,,64
2013,Barri,sants,,,41061,33648.0,0.0,1763.0,5647.0,,,,,2667.0,,,,64
2014,Barri,sants,,101.0,40849,33798.0,0.0,1735.0,5315.0,,,,,2564.0,123.0,66.0,189.0,64
2015,Barri,sants,99.4349972600035,110.0,40703,34168.0,6.0,1733.0,4796.0,,,,,2389.0,1068.0,63.4,189.0,64
2016,Barri,sants,98.1306522483589,119.0,40831,34228.0,5.0,1777.0,4821.0,,,,,2093.0,117.0,64.4,245.0,64
2017,Barri,sants,97.4386699426293,132.0,41244,34239.0,5.0,1960.0,5040.0,,,,,1836.0,1399.0,64.3,245.0,64
2018,Barri,sants,98.4450536860871,131.0,41370,33991.0,0.0,2064.0,5312.0,,,,,1733.0,159.0,66.2,245.0,64
2019,Barri,sants,97.3657219633639,138.0,42310,33669.0,0.0,2338.0,6301.0,,,,,1652.0,1448.0,66.7,245.0,64
2020,Barri,sants,98.6473080645388,139.0,43763,33449.0,0.0,2509.0,7802.0,,,,,166.0,1197.0,66.1,245.0,64
2021,Barri,sants,100.026060546412,131.0,43679,33058.0,0.0,2465.0,8153.0,5133.0,17700.0,6540.0,8685.0,22.0,1583.0,66.2,244.0,64
2022,Barri,sants,,142.0,43029,32781.0,0.0,2564.0,7681.0,3886.0,17323.0,5886.0,7964.0,1475.0,1389.0,67.4,243.0,64
2023,Barri,sants,,158.0,44508,32879.0,11.0,2510.0,9108.0,4757.0,19016.0,6733.0,9124.0,1506.0,1029.0,66.9,2380.0,64
2024,Barri,sants,,160.0,47063,33233.0,17.0,2661.0,11152.0,,,,,1562.0,9270.0,66.3,2450.0,64
2025,Barri,sants,,164.0,47239,33338.0,16.0,2816.0,11069.0,,,,,152.0,9110.0,64.6,,64
2000,Barri,sants badal,,,23444,22790.0,0.0,84.0,569.0,,,,,,,,,65
2001,Barri,sants badal,,,23474,22325.0,0.0,104.0,1043.0,0.0,0.0,0.0,0.0,,,,,65
2002,Barri,sants badal,,,24103,22214.0,11.0,135.0,1743.0,,,,,,,,,65
2003,Barri,sants badal,,,24351,21758.0,20.0,191.0,2382.0,,,,,,,,,65
2004,Barri,sants badal,,,24313,21258.0,15.0,242.0,2798.0,,,,,,,,,65
2005,Barri,sants badal,,,24264,20892.0,18.0,305.0,3049.0,,,,,,,,,65
2006,Barri,sants badal,,,24545,20757.0,17.0,372.0,3399.0,,,,,,,,,65
2007,Barri,sants badal,,,24121,20435.0,9.0,624.0,3053.0,,,,,,,,,65
2008,Barri,sants badal,,,24270,20271.0,12.0,738.0,3249.0,,,,,,,,,65
2009,Barri,sants badal,,,24269,20099.0,0.0,806.0,3360.0,,,,,,,,,65
2010,Barri,sants badal,,,24350,20168.0,0.0,806.0,3372.0,,,,,,,,,65
2011,Barri,sants badal,,,24340,20140.0,0.0,707.0,3491.0,0.0,0.0,0.0,0.0,1323.0,,,,65
2012,Barri,sants badal,,,24590,20096.0,0.0,747.0,3746.0,,,,,1421.0,,,,65
2013,Barri,sants badal,,,24355,20015.0,0.0,770.0,3568.0,,,,,1425.0,,,,65
2014,Barri,sants badal,,99.0,24125,19979.0,0.0,759.0,3384.0,,,,,1384.0,6660.0,63.0,90.0,65
2015,Barri,sants badal,90.8936377729587,107.0,24016,20180.0,0.0,732.0,3100.0,,,,,1283.0,6340.0,61.5,90.0,65
2016,Barri,sants badal,87.7291165249434,117.0,23935,20040.0,0.0,764.0,3128.0,,,,,1127.0,6090.0,62.6,106.0,65
2017,Barri,sants badal,86.9084764817345,131.0,24047,19928.0,0.0,818.0,3299.0,,,,,9650.0,6510.0,60.9,106.0,65
2018,Barri,sants badal,87.9866058846971,130.0,24018,19787.0,0.0,864.0,3365.0,,,,,8900.0,7810.0,62.8,106.0,65
2019,Barri,sants badal,86.5893504431328,138.0,24474,19806.0,0.0,963.0,3703.0,,,,,8860.0,7560.0,63.0,106.0,65
2020,Barri,sants badal,87.4042921508296,138.0,24938,19714.0,0.0,1060.0,4161.0,,,,,8570.0,6270.0,62.9,106.0,65
2021,Barri,sants badal,90.2405564019072,132.0,24903,19615.0,0.0,1022.0,4263.0,3171.0,9117.0,4260.0,5232.0,1142.0,8830.0,62.4,103.0,65
2022,Barri,sants badal,,144.0,24208,19191.0,0.0,1021.0,3994.0,2865.0,9063.0,4182.0,5186.0,7640.0,6930.0,62.4,97.0,65
2023,Barri,sants badal,,157.0,24366,19081.0,0.0,948.0,4336.0,2771.0,9551.0,4090.0,5359.0,7910.0,5030.0,65.1,970.0,65
2024,Barri,sants badal,,160.0,24931,19211.0,0.0,1014.0,4704.0,,,,,7960.0,4820.0,62.3,990.0,65
2025,Barri,sants badal,,159.0,25338,19241.0,8.0,1088.0,5001.0,,,,,7650.0,4840.0,61.6,,65
2000,Barri,sarria,,,21556,20612.0,0.0,476.0,467.0,,,,,,,,,66
2001,Barri,sarria,,,21630,20494.0,0.0,541.0,591.0,0.0,0.0,0.0,0.0,,,,,66
2002,Barri,sarria,,,22406,20828.0,22.0,659.0,897.0,,,,,,,,,66
2003,Barri,sarria,,,22851,20832.0,21.0,775.0,1223.0,,,,,,,,,66
2004,Barri,sarria,,,23062,20695.0,8.0,920.0,1439.0,,,,,,,,,66
2005,Barri,sarria,,,23379,20715.0,7.0,1024.0,1633.0,,,,,,,,,66
2006,Barri,sarria,,,23330,20546.0,5.0,1081.0,1698.0,,,,,,,,,66
2007,Barri,sarria,,,23117,20504.0,0.0,1278.0,1333.0,,,,,,,,,66
2008,Barri,sarria,,,23371,20607.0,0.0,1414.0,1347.0,,,,,,,,,66
2009,Barri,sarria,,,23615,20686.0,0.0,1512.0,1414.0,,,,,,,,,66
2010,Barri,sarria,,,23763,20969.0,5.0,1466.0,1323.0,,,,,,,,,66
2011,Barri,sarria,,,23920,21225.0,5.0,1367.0,1323.0,0.0,0.0,0.0,0.0,6600.0,,,,66
2012,Barri,sarria,,,24280,21419.0,0.0,1476.0,1381.0,,,,,7230.0,,,,66
2013,Barri,sarria,,,24510,21498.0,8.0,1620.0,1384.0,,,,,7280.0,,,,66
2014,Barri,sarria,,136.0,24531,21567.0,0.0,1638.0,1322.0,,,,,6740.0,5160.0,83.2,23.0,66
2015,Barri,sarria,149.024995051053,145.0,24640,21767.0,0.0,1609.0,1260.0,,,,,6020.0,5070.0,82.3,23.0,66
2016,Barri,sarria,156.752745636163,159.0,24810,21873.0,7.0,1639.0,1291.0,,,,,5540.0,5850.0,79.4,27.0,66
2017,Barri,sarria,159.792887140097,175.0,25106,21925.0,10.0,1694.0,1477.0,,,,,4890.0,6810.0,82.6,27.0,66
2018,Barri,sarria,163.469041987644,172.0,25116,21770.0,9.0,1732.0,1605.0,,,,,4920.0,8120.0,83.0,27.0,66
2019,Barri,sarria,166.609082156496,169.0,25137,21520.0,7.0,1882.0,1728.0,,,,,4630.0,7880.0,84.6,27.0,66
2020,Barri,sarria,161.53434966156,170.0,25242,21515.0,0.0,1941.0,1783.0,,,,,4410.0,6470.0,84.1,27.0,66
2021,Barri,sarria,151.996242475826,159.0,24769,21002.0,0.0,1737.0,2027.0,1284.0,12969.0,1890.0,3993.0,6020.0,8730.0,86.2,26.0,66
2022,Barri,sarria,,182.0,24632,20904.0,5.0,1822.0,1901.0,1202.0,13163.0,1886.0,3961.0,4260.0,6770.0,81.5,26.0,66
2023,Barri,sarria,,195.0,24858,20818.0,7.0,1837.0,2196.0,1151.0,13650.0,1849.0,4006.0,4250.0,5840.0,82.2,270.0,66
2024,Barri,sarria,,193.0,25113,20736.0,0.0,1941.0,2433.0,,,,,4520.0,5410.0,84.7,290.0,66
2025,Barri,sarria,,205.0,25282,20758.0,0.0,2037.0,2484.0,,,,,4440.0,5200.0,84.6,,66
2000,Barri,torre baro,,,2252,2217.0,0.0,13.0,22.0,,,,,,,,,67
2001,Barri,torre baro,,,2189,2124.0,0.0,15.0,50.0,0.0,0.0,0.0,0.0,,,,,67
2002,Barri,torre baro,,,2177,2080.0,0.0,14.0,82.0,,,,,,,,,67
2003,Barri,torre baro,,,2213,2073.0,0.0,13.0,126.0,,,,,,,,,67
2004,Barri,torre baro,,,2211,2051.0,0.0,10.0,150.0,,,,,,,,,67
2005,Barri,torre baro,,,2214,2048.0,0.0,10.0,156.0,,,,,,,,,67
2006,Barri,torre baro,,,2159,1973.0,0.0,12.0,174.0,,,,,,,,,67
2007,Barri,torre baro,,,2104,1937.0,0.0,23.0,144.0,,,,,,,,,67
2008,Barri,torre baro,,,2151,1940.0,0.0,31.0,180.0,,,,,,,,,67
2009,Barri,torre baro,,,2165,1952.0,0.0,24.0,189.0,,,,,,,,,67
2010,Barri,torre baro,,,2164,1957.0,0.0,23.0,184.0,,,,,,,,,67
2011,Barri,torre baro,,,2172,1953.0,0.0,27.0,192.0,0.0,0.0,0.0,0.0,2360.0,,,,67
2012,Barri,torre baro,,,2169,1934.0,0.0,28.0,207.0,,,,,2550.0,,,,67
2013,Barri,torre baro,,,2196,1969.0,0.0,28.0,199.0,,,,,2640.0,,,,67
2014,Barri,torre baro,,59.0,2555,2132.0,0.0,42.0,381.0,,,,,2550.0,280.0,72.6,,67
2015,Barri,torre baro,52.1417597908129,61.0,2734,2302.0,0.0,49.0,383.0,,,,,2430.0,210.0,70.9,,67
2016,Barri,torre baro,50.042348151971,74.0,2795,2348.0,0.0,57.0,390.0,,,,,2230.0,290.0,59.5,,67
2017,Barri,torre baro,51.4370351424772,68.0,2859,2359.0,0.0,65.0,435.0,,,,,1880.0,300.0,66.4,,67
2018,Barri,torre baro,52.7904955794432,82.0,2893,2371.0,0.0,72.0,450.0,,,,,1870.0,210.0,59.6,,67
2019,Barri,torre baro,51.9030730100338,75.0,2931,2382.0,0.0,82.0,467.0,,,,,1740.0,150.0,63.4,,67
2020,Barri,torre baro,52.3515816541399,88.0,2925,2350.0,0.0,70.0,505.0,,,,,1760.0,160.0,64.3,,67
2021,Barri,torre baro,56.7037290146757,88.0,2923,2322.0,0.0,77.0,524.0,450.0,438.0,951.0,525.0,2370.0,140.0,62.8,,67
2022,Barri,torre baro,,104.0,2908,2319.0,0.0,82.0,507.0,419.0,456.0,996.0,540.0,1690.0,120.0,53.2,,67
2023,Barri,torre baro,,77.0,2939,2335.0,0.0,80.0,524.0,399.0,474.0,1004.0,569.0,2110.0,120.0,66.2,,67
2024,Barri,torre baro,,57.0,3119,2440.0,0.0,83.0,596.0,,,,,2160.0,520.0,81.2,,67
2025,Barri,torre baro,,104.0,3224,2532.0,0.0,89.0,603.0,,,,,2110.0,170.0,66.1,,67
2000,Barri,vallbona,,,816,801.0,0.0,11.0,0.0,,,,,,,,,68
2001,Barri,vallbona,,,827,804.0,0.0,10.0,13.0,0.0,0.0,0.0,0.0,,,,,68
2002,Barri,vallbona,,,831,783.0,0.0,10.0,38.0,,,,,,,,,68
2003,Barri,vallbona,,,897,853.0,0.0,10.0,34.0,,,,,,,,,68
2004,Barri,vallbona,,,933,876.0,0.0,10.0,47.0,,,,,,,,,68
2005,Barri,vallbona,,,977,899.0,0.0,13.0,65.0,,,,,,,,,68
2006,Barri,vallbona,,,1227,1094.0,0.0,17.0,116.0,,,,,,,,,68
2007,Barri,vallbona,,,1255,1135.0,0.0,23.0,97.0,,,,,,,,,68
2008,Barri,vallbona,,,1317,1165.0,0.0,28.0,124.0,,,,,,,,,68
2009,Barri,vallbona,,,1327,1184.0,0.0,28.0,115.0,,,,,,,,,68
2010,Barri,vallbona,,,1336,1180.0,0.0,38.0,118.0,,,,,,,,,68
2011,Barri,vallbona,,,1343,1188.0,0.0,37.0,118.0,0.0,0.0,0.0,0.0,1430.0,,,,68
2012,Barri,vallbona,,,1340,1167.0,0.0,39.0,134.0,,,,,1550.0,,,,68
2013,Barri,vallbona,,,1348,1157.0,0.0,40.0,151.0,,,,,1600.0,,,,68
2014,Barri,vallbona,,43.0,1310,1151.0,0.0,33.0,126.0,,,,,1550.0,80.0,70.6,,68
2015,Barri,vallbona,56.3016678825038,67.0,1334,1170.0,0.0,35.0,129.0,,,,,1470.0,120.0,69.9,,68
2016,Barri,vallbona,54.6048068528763,79.0,1354,1196.0,0.0,26.0,132.0,,,,,1350.0,160.0,67.6,,68
2017,Barri,vallbona,54.7013865262119,60.0,1379,1208.0,0.0,26.0,145.0,,,,,1140.0,160.0,81.4,,68
2018,Barri,vallbona,57.2325540801285,95.0,1400,1214.0,0.0,26.0,159.0,,,,,1130.0,70.0,72.3,,68
2019,Barri,vallbona,55.0425439809742,81.0,1407,1196.0,0.0,32.0,178.0,,,,,1050.0,110.0,73.4,,68
2020,Barri,vallbona,54.7830541314242,79.0,1421,1192.0,0.0,35.0,193.0,,,,,1060.0,90.0,76.0,,68
2021,Barri,vallbona,58.3911031882121,60.0,1401,1161.0,0.0,33.0,206.0,216.0,204.0,465.0,219.0,1440.0,70.0,85.0,,68
2022,Barri,vallbona,,80.0,1420,1187.0,0.0,34.0,198.0,234.0,219.0,460.0,231.0,1030.0,110.0,81.0,,68
2023,Barri,vallbona,,,1421,1171.0,0.0,28.0,221.0,233.0,216.0,460.0,254.0,1030.0,50.0,62.0,,68
2024,Barri,vallbona,,,1437,1187.0,0.0,24.0,225.0,,,,,1050.0,40.0,81.3,,68
2025,Barri,vallbona,,104.0,1452,1183.0,0.0,25.0,244.0,,,,,1030.0,90.0,70.4,,68
2000,Barri,vallcarca i els penitents,,,14155,13749.0,0.0,170.0,236.0,,,,,,,,,69
2001,Barri,vallcarca i els penitents,,,14385,13755.0,0.0,188.0,441.0,0.0,0.0,0.0,0.0,,,,,69
2002,Barri,vallcarca i els penitents,,,15068,13976.0,8.0,258.0,826.0,,,,,,,,,69
2003,Barri,vallcarca i els penitents,,,15173,13724.0,9.0,311.0,1129.0,,,,,,,,,69
2004,Barri,vallcarca i els penitents,,,15381,13652.0,6.0,399.0,1324.0,,,,,,,,,69
2005,Barri,vallcarca i els penitents,,,15493,13485.0,6.0,470.0,1532.0,,,,,,,,,69
2006,Barri,vallcarca i els penitents,,,15669,13516.0,8.0,555.0,1590.0,,,,,,,,,69
2007,Barri,vallcarca i els penitents,,,15422,13410.0,7.0,670.0,1335.0,,,,,,,,,69
2008,Barri,vallcarca i els penitents,,,15469,13372.0,6.0,754.0,1337.0,,,,,,,,,69
2009,Barri,vallcarca i els penitents,,,15697,13416.0,0.0,813.0,1465.0,,,,,,,,,69
2010,Barri,vallcarca i els penitents,,,15481,13404.0,0.0,776.0,1301.0,,,,,,,,,69
2011,Barri,vallcarca i els penitents,,,15446,13432.0,0.0,716.0,1297.0,0.0,0.0,0.0,0.0,9160.0,,,,69
2012,Barri,vallcarca i els penitents,,,15518,13509.0,0.0,747.0,1261.0,,,,,9890.0,,,,69
2013,Barri,vallcarca i els penitents,,,15495,13511.0,0.0,760.0,1223.0,,,,,9920.0,,,,69
2014,Barri,vallcarca i els penitents,,103.0,15442,13477.0,0.0,766.0,1197.0,,,,,9450.0,3940.0,69.7,35.0,69
2015,Barri,vallcarca i els penitents,119.34676887344,116.0,15520,13602.0,0.0,809.0,1107.0,,,,,8670.0,4170.0,68.5,35.0,69
2016,Barri,vallcarca i els penitents,118.6108552108,127.0,15629,13653.0,0.0,820.0,1154.0,,,,,7530.0,4590.0,67.5,40.0,69
2017,Barri,vallcarca i els penitents,116.117764780602,141.0,15821,13701.0,0.0,860.0,1260.0,,,,,6850.0,5520.0,68.8,40.0,69
2018,Barri,vallcarca i els penitents,116.166143865822,136.0,15985,13728.0,0.0,893.0,1363.0,,,,,6180.0,5620.0,71.6,40.0,69
2019,Barri,vallcarca i els penitents,115.144157365129,140.0,16109,13671.0,0.0,983.0,1454.0,,,,,5900.0,5580.0,73.1,40.0,69
2020,Barri,vallcarca i els penitents,116.2355986917,144.0,16348,13668.0,0.0,1082.0,1595.0,,,,,6280.0,4440.0,73.5,40.0,69
2021,Barri,vallcarca i els penitents,115.536059432832,137.0,16325,13537.0,0.0,1028.0,1760.0,1230.0,7791.0,1890.0,3099.0,8340.0,6190.0,71.2,40.0,69
2022,Barri,vallcarca i els penitents,,147.0,16082,13358.0,0.0,1056.0,1667.0,1151.0,7836.0,1836.0,3009.0,5350.0,5390.0,72.2,39.0,69
2023,Barri,vallcarca i els penitents,,168.0,16330,13372.0,0.0,1059.0,1898.0,1098.0,8283.0,1803.0,3102.0,5220.0,4130.0,71.6,390.0,69
2024,Barri,vallcarca i els penitents,,178.0,16678,13366.0,0.0,1133.0,2178.0,,,,,5360.0,3420.0,70.8,390.0,69
2025,Barri,vallcarca i els penitents,,174.0,16919,13361.0,0.0,1226.0,2331.0,,,,,5380.0,3420.0,67.4,,69
2000,Barri,vallvidrera el tibidabo i les planes,,,3199,3053.0,0.0,96.0,50.0,,,,,,,,,70
2001,Barri,vallvidrera el tibidabo i les planes,,,3244,3070.0,0.0,111.0,63.0,0.0,0.0,0.0,0.0,,,,,70
2002,Barri,vallvidrera el tibidabo i les planes,,,3426,3207.0,0.0,133.0,85.0,,,,,,,,,70
2003,Barri,vallvidrera el tibidabo i les planes,,,3563,3277.0,0.0,142.0,143.0,,,,,,,,,70
2004,Barri,vallvidrera el tibidabo i les planes,,,3671,3314.0,0.0,177.0,180.0,,,,,,,,,70
2005,Barri,vallvidrera el tibidabo i les planes,,,3739,3358.0,0.0,191.0,190.0,,,,,,,,,70
2006,Barri,vallvidrera el tibidabo i les planes,,,3878,3434.0,0.0,221.0,223.0,,,,,,,,,70
2007,Barri,vallvidrera el tibidabo i les planes,,,3940,3520.0,0.0,263.0,157.0,,,,,,,,,70
2008,Barri,vallvidrera el tibidabo i les planes,,,4082,3620.0,0.0,292.0,170.0,,,,,,,,,70
2009,Barri,vallvidrera el tibidabo i les planes,,,4287,3800.0,0.0,297.0,190.0,,,,,,,,,70
2010,Barri,vallvidrera el tibidabo i les planes,,,4265,3801.0,0.0,276.0,188.0,,,,,,,,,70
2011,Barri,vallvidrera el tibidabo i les planes,,,4288,3847.0,0.0,262.0,179.0,0.0,0.0,0.0,0.0,1160.0,,,,70
2012,Barri,vallvidrera el tibidabo i les planes,,,4407,3896.0,0.0,298.0,213.0,,,,,1300.0,,,,70
2013,Barri,vallvidrera el tibidabo i les planes,,,4443,3900.0,0.0,331.0,212.0,,,,,1360.0,,,,70
2014,Barri,vallvidrera el tibidabo i les planes,,106.0,4516,3921.0,0.0,370.0,225.0,,,,,1280.0,440.0,112.4,3.0,70
2015,Barri,vallvidrera el tibidabo i les planes,116.784136641806,121.0,4604,3996.0,0.0,391.0,217.0,,,,,1140.0,520.0,78.5,3.0,70
2016,Barri,vallvidrera el tibidabo i les planes,126.459974243835,151.0,4641,4024.0,0.0,401.0,216.0,,,,,1040.0,660.0,74.7,3.0,70
2017,Barri,vallvidrera el tibidabo i les planes,122.052576050894,166.0,4689,4020.0,0.0,421.0,248.0,,,,,930.0,690.0,80.7,3.0,70
2018,Barri,vallvidrera el tibidabo i les planes,122.893031041996,119.0,4710,4025.0,0.0,455.0,230.0,,,,,920.0,960.0,77.3,3.0,70
2019,Barri,vallvidrera el tibidabo i les planes,135.194074917642,139.0,4727,3981.0,0.0,495.0,251.0,,,,,910.0,770.0,82.4,3.0,70
2020,Barri,vallvidrera el tibidabo i les planes,122.508130835822,125.0,4710,3976.0,0.0,470.0,264.0,,,,,910.0,670.0,96.0,3.0,70
2021,Barri,vallvidrera el tibidabo i les planes,122.884209388173,153.0,4760,4015.0,0.0,428.0,317.0,300.0,2250.0,459.0,843.0,1260.0,700.0,79.0,3.0,70
2022,Barri,vallvidrera el tibidabo i les planes,,136.0,4805,4034.0,0.0,451.0,320.0,275.0,2330.0,498.0,817.0,860.0,880.0,73.2,3.0,70
2023,Barri,vallvidrera el tibidabo i les planes,,141.0,4831,4028.0,0.0,438.0,365.0,283.0,2357.0,486.0,849.0,1020.0,620.0,83.4,30.0,70
2024,Barri,vallvidrera el tibidabo i les planes,,163.0,4901,4013.0,0.0,463.0,424.0,,,,,1060.0,660.0,84.0,30.0,70
2025,Barri,vallvidrera el tibidabo i les planes,,145.0,4962,4025.0,0.0,478.0,458.0,,,,,1030.0,470.0,109.2,,70
2000,Barri,verdun,,,12419,12212.0,0.0,27.0,180.0,,,,,,,,,71
2001,Barri,verdun,,,12288,11805.0,0.0,29.0,454.0,0.0,0.0,0.0,0.0,,,,,71
2002,Barri,verdun,,,12434,11556.0,5.0,43.0,830.0,,,,,,,,,71
2003,Barri,verdun,,,12391,11266.0,5.0,45.0,1075.0,,,,,,,,,71
2004,Barri,verdun,,,12319,10979.0,0.0,52.0,1288.0,,,,,,,,,71
2005,Barri,verdun,,,12188,10719.0,0.0,60.0,1409.0,,,,,,,,,71
2006,Barri,verdun,,,12171,10457.0,0.0,89.0,1625.0,,,,,,,,,71
2007,Barri,verdun,,,12100,10320.0,0.0,169.0,1610.0,,,,,,,,,71
2008,Barri,verdun,,,12407,10301.0,0.0,210.0,1893.0,,,,,,,,,71
2009,Barri,verdun,,,12397,10185.0,0.0,206.0,2002.0,,,,,,,,,71
2010,Barri,verdun,,,12315,10188.0,0.0,204.0,1919.0,,,,,,,,,71
2011,Barri,verdun,,,12304,10178.0,0.0,186.0,1938.0,0.0,0.0,0.0,0.0,1026.0,,,,71
2012,Barri,verdun,,,12449,10202.0,0.0,210.0,2035.0,,,,,1116.0,,,,71
2013,Barri,verdun,,,12337,10101.0,0.0,190.0,2045.0,,,,,1152.0,,,,71
2014,Barri,verdun,,92.0,12120,9960.0,0.0,220.0,1939.0,,,,,1106.0,2320.0,55.2,2.0,71
2015,Barri,verdun,66.8416541301645,91.0,12226,10161.0,0.0,230.0,1834.0,,,,,103.0,2360.0,53.8,2.0,71
2016,Barri,verdun,64.5896136092877,101.0,12261,10104.0,0.0,220.0,1937.0,,,,,9100.0,2320.0,55.7,3.0,71
2017,Barri,verdun,64.3896531370173,111.0,12368,10059.0,0.0,236.0,2073.0,,,,,8230.0,2410.0,56.2,3.0,71
2018,Barri,verdun,64.5800741597743,116.0,12445,9991.0,0.0,257.0,2197.0,,,,,7890.0,2920.0,55.6,3.0,71
2019,Barri,verdun,62.8219762967966,121.0,12578,9830.0,0.0,277.0,2471.0,,,,,7270.0,2870.0,57.2,3.0,71
2020,Barri,verdun,63.559704396685,120.0,12798,9826.0,0.0,303.0,2669.0,,,,,7180.0,2170.0,56.4,3.0,71
2021,Barri,verdun,66.1055794058842,123.0,12865,9768.0,0.0,300.0,2797.0,2337.0,2718.0,3255.0,2613.0,9420.0,2340.0,54.9,3.0,71
2022,Barri,verdun,,120.0,12558,9678.0,0.0,297.0,2583.0,2134.0,2801.0,3278.0,2649.0,6820.0,2720.0,55.1,3.0,71
2023,Barri,verdun,,145.0,12774,9686.0,0.0,311.0,2777.0,2069.0,2959.0,3274.0,2809.0,6560.0,2140.0,53.8,30.0,71
2024,Barri,verdun,,131.0,13194,9908.0,0.0,336.0,2950.0,,,,,6780.0,1740.0,56.5,30.0,71
2025,Barri,verdun,,142.0,13511,10086.0,0.0,368.0,3057.0,,,,,6780.0,1610.0,55.5,,71
2000,Barri,vilapicina i la torre llobeta,,,24834,24443.0,0.0,57.0,333.0,,,,,,,,,72
2001,Barri,vilapicina i la torre llobeta,,,24996,24234.0,0.0,71.0,690.0,0.0,0.0,0.0,0.0,,,,,72
2002,Barri,vilapicina i la torre llobeta,,,25675,24239.0,5.0,115.0,1316.0,,,,,,,,,72
2003,Barri,vilapicina i la torre llobeta,,,25867,23857.0,6.0,148.0,1856.0,,,,,,,,,72
2004,Barri,vilapicina i la torre llobeta,,,25758,23408.0,0.0,173.0,2175.0,,,,,,,,,72
2005,Barri,vilapicina i la torre llobeta,,,25715,23078.0,0.0,217.0,2418.0,,,,,,,,,72
2006,Barri,vilapicina i la torre llobeta,,,25724,22773.0,0.0,254.0,2695.0,,,,,,,,,72
2007,Barri,vilapicina i la torre llobeta,,,25559,22567.0,0.0,416.0,2575.0,,,,,,,,,72
2008,Barri,vilapicina i la torre llobeta,,,25756,22496.0,0.0,493.0,2767.0,,,,,,,,,72
2009,Barri,vilapicina i la torre llobeta,,,25924,22366.0,0.0,516.0,3042.0,,,,,,,,,72
2010,Barri,vilapicina i la torre llobeta,,,25635,22296.0,0.0,474.0,2864.0,,,,,,,,,72
2011,Barri,vilapicina i la torre llobeta,,,25420,22060.0,0.0,417.0,2942.0,0.0,0.0,0.0,0.0,1695.0,,,,72
2012,Barri,vilapicina i la torre llobeta,,,25519,22158.0,0.0,438.0,2922.0,,,,,1897.0,,,,72
2013,Barri,vilapicina i la torre llobeta,,,25548,22126.0,0.0,451.0,2970.0,,,,,199.0,,,,72
2014,Barri,vilapicina i la torre llobeta,,88.0,25332,22145.0,0.0,491.0,2693.0,,,,,1947.0,4460.0,67.6,6.0,72
2015,Barri,vilapicina i la torre llobeta,90.3596002347571,93.0,25444,22361.0,0.0,509.0,2572.0,,,,,1807.0,3950.0,65.7,6.0,72
2016,Barri,vilapicina i la torre llobeta,88.3447564016611,105.0,25522,22365.0,0.0,494.0,2661.0,,,,,1642.0,4500.0,64.7,9.0,72
2017,Barri,vilapicina i la torre llobeta,86.7219966511887,114.0,25618,22254.0,0.0,527.0,2835.0,,,,,1418.0,5850.0,66.1,9.0,72
2018,Barri,vilapicina i la torre llobeta,86.6781530725116,116.0,25675,22141.0,0.0,574.0,2957.0,,,,,1353.0,5980.0,66.8,9.0,72
2019,Barri,vilapicina i la torre llobeta,86.2473460531184,122.0,25895,21972.0,0.0,638.0,3282.0,,,,,1247.0,5840.0,66.6,9.0,72
2020,Barri,vilapicina i la torre llobeta,87.1976954998956,123.0,26083,21902.0,0.0,677.0,3502.0,,,,,1263.0,4480.0,67.2,9.0,72
2021,Barri,vilapicina i la torre llobeta,89.2575562877768,116.0,25875,21659.0,0.0,663.0,3551.0,3450.0,8637.0,4911.0,5613.0,1695.0,6100.0,67.8,9.0,72
2022,Barri,vilapicina i la torre llobeta,,128.0,25667,21610.0,0.0,690.0,3364.0,3215.0,8914.0,4877.0,5590.0,1184.0,5510.0,66.6,9.0,72
2023,Barri,vilapicina i la torre llobeta,,137.0,25919,21438.0,0.0,673.0,3805.0,3081.0,9278.0,4813.0,5767.0,1104.0,4250.0,68.8,170.0,72
2024,Barri,vilapicina i la torre llobeta,,139.0,26293,21499.0,0.0,734.0,4057.0,,,,,1172.0,3690.0,68.1,170.0,72
2025,Barri,vilapicina i la torre llobeta,,146.0,26547,21537.0,0.0,804.0,4203.0,,,,,1154.0,3460.0,64.2,,72
