any,tipus_de_territori,territori,renda,preu_lloguer,poblacio_total,Espanya,No consta,Resta de la Unió Europea,Resta del món,Educació primària o inferior,Educació superior,Primera etapa d’educació secundària i similar,Segona etapa d’educació secundària i similar,atur,num_contractes,superficie_mitja,hut,territori_id,pct_ue,pct_mon,indicador_socio,indicador_housing,indicador_demo,indicador_turisme,indicador_global_pca,indicador_gentrificacio,cluster,cluster_label,pc1,pc2,creixement,categoria_gentrificacio
2000,Barri,baro de viver,,,2368,2351.0,0.0,0.0,16.0,,,,,,,,,0,-1.1023330995454166,-1.474730076918156,0.0033723453127869,3.6921966638804284e-16,-1.2885315882317865,1.0092936587501425e-17,-1.0393119026279436,-0.2566946140525211,0,Intermedi,-0.8998554621829444,0.9236523687387432,-0.44869075211464865,Desgentrificació
2001,Barri,baro de viver,,,2373,2354.0,0.0,0.0,18.0,0.0,0.0,0.0,0.0,,,,,0,-1.1023330995454166,-1.4638348987621672,0.0033723453127869,3.6921966638804284e-16,-1.283083999153792,1.0092936587501425e-17,-1.0349179520091971,-0.2556050962369222,0,Intermedi,-0.8960510984930419,0.919747397683505,-0.44869075211464865,Desgentrificació
2002,Barri,baro de viver,,,2393,2363.0,0.0,0.0,26.0,,,,,,,,,0,-1.1023330995454166,-1.4207094798346604,0.0033723453127869,3.6921966638804284e-16,-1.2615212896900383,1.0092936587501425e-17,-1.0175257663590649,-0.2512925543441715,0,Intermedi,-0.8809926225754673,0.9042906965404992,-0.44869075211464865,Desgentrificació
2003,Barri,baro de viver,,,2382,2334.0,0.0,6.0,41.0,,,,,,,,,0,-1.0314720900155137,-1.337245918642461,0.0033723453127869,3.6921966638804284e-16,-1.184359004328987,1.0092936587501425e-17,-0.9552877255208384,-0.2358600972719612,0,Intermedi,-0.8271057760357216,0.8489787986390803,-0.44869075211464865,Desgentrificació
2004,Barri,baro de viver,,,2365,2301.0,0.0,0.0,60.0,,,,,,,,,0,-1.1023330995454166,-1.2299802685973429,0.0033723453127869,3.6921966638804284e-16,-1.1661566840713795,1.0092936587501425e-17,-0.9406059837056162,-0.2322196332204397,0,Intermedi,-0.8143940525065464,0.8359309103482299,-0.44869075211464865,Desgentrificació
2005,Barri,baro de viver,,,2382,2300.0,0.0,5.0,77.0,,,,,,,,,0,-1.0432822582704977,-1.1385167826433016,0.0033723453127869,3.6921966638804284e-16,-1.0908995204568996,1.0092936587501425e-17,-0.8799045879331767,-0.2171682004975437,0,Intermedi,-0.7618376616773419,0.7819846523969894,-0.44869075211464865,Desgentrificació
2006,Barri,baro de viver,,,2421,2302.0,0.0,11.0,108.0,,,,,,,,,0,-0.9745140047015152,-0.9769929258228368,0.0033723453127869,3.6921966638804284e-16,-0.975753465262176,1.0092936587501425e-17,-0.7870293594191797,-0.1941389894585989,0,Intermedi,-0.6814245715660017,0.6994450176663607,-0.44869075211464865,Desgentrificació
2007,Barri,baro de viver,,,2417,2287.0,0.0,13.0,117.0,,,,,,,,,0,-0.9510241751830548,-0.9270593163572473,0.0033723453127869,3.6921966638804284e-16,-0.939041745770151,1.0092936587501425e-17,-0.7574181900986366,-0.186796645560194,0,Intermedi,-0.655786673657453,0.6731291190271871,-0.44869075211464865,Desgentrificació
2008,Barri,baro de viver,,,2458,2279.0,0.0,19.0,160.0,,,,,,,,,0,-0.8848780161914471,-0.7076450298860607,0.0033723453127869,3.6921966638804284e-16,-0.796261523038754,1.0092936587501425e-17,-0.6422536211428648,-0.1582406010139146,0,Intermedi,-0.5560750604614921,0.5707806068608114,-0.44869075211464865,Desgentrificació
2009,Barri,baro de viver,,,2452,2278.0,0.0,17.0,157.0,,,,,,,,,0,-0.907291927719432,-0.7216385640353132,0.0033723453127869,3.6921966638804284e-16,-0.8144652458773727,1.0092936587501425e-17,-0.6569364942606896,-0.1618813455816383,0,Intermedi,-0.5687877634933785,0.5838295005575713,-0.44869075211464865,Desgentrificació
2010,Barri,baro de viver,,,2392,2222.0,0.0,16.0,154.0,,,,,,,,,0,-0.9141603852753736,-0.7170112512954003,0.0033723453127869,3.6921966638804284e-16,-0.815585818285387,1.0092936587501425e-17,-0.6578403325926655,-0.1621054600632412,0,Intermedi,-0.5695703234331831,0.5846327554940111,-0.44869075211464865,Desgentrificació
2011,Barri,baro de viver,,,2411,2244.0,0.0,18.0,149.0,0.0,0.0,0.0,0.0,1700.0,,,,0,-0.8923070630042779,-0.750951922745222,0.0033723453127869,3.6921966638804284e-16,-0.82162949287475,1.0092936587501425e-17,-0.6627150776076127,-0.1633141949811138,0,Intermedi,-0.5737909678012095,0.5889650158757777,-0.44869075211464865,Desgentrificació
2012,Barri,baro de viver,,,2411,2227.0,0.0,23.0,161.0,,,,,1830.0,,,,0,-0.833966497298406,-0.6855056622793023,0.0033723453127869,3.6921966638804284e-16,-0.7597360797888542,1.0092936587501425e-17,-0.6127926996838298,-0.1509355123639346,0,Intermedi,-0.5305672499295216,0.5445982357919745,-0.44869075211464865,Desgentrificació
2013,Barri,baro de viver,,,2416,2210.0,0.0,25.0,181.0,,,,,1880.0,,,,0,-0.8112339606446362,-0.5784714997519987,0.0033723453127869,3.6921966638804284e-16,-0.6948527301983174,1.0092936587501425e-17,-0.5604586799921957,-0.1379588424458273,0,Intermedi,-0.4852554880239475,0.4980881928187611,-0.44869075211464865,Desgentrificació
2014,Barri,baro de viver,,-2.9914599442674987,2479,2226.0,0.0,28.0,225.0,,,,,1810.0,-1.1615251308117835,-0.928159845211624,,0,-0.7845876449530812,-0.3701192794854205,-1.0448424880117038,-2.9914599442674987,-0.5773534622192509,1.0092936587501425e-17,-2.087245744137729,-1.326361422127611,2,Baixa gentrificació,-5.205694361985684,-1.7807785936435705,-0.44869075211464865,Desgentrificació
2015,Barri,baro de viver,-1.381272123846689,-2.690113977359731,2482,2226.0,0.0,32.0,224.0,,,,,1690.0,-1.1736659869464434,-1.087144216638551,,0,-0.7396343626123444,-0.3768596564518773,-1.2140274424772275,-2.690113977359731,-0.5582470095321108,1.0092936587501425e-17,-1.947762637991519,-1.28289182785751,2,Baixa gentrificació,-5.034541295135694,-1.9598280328680195,-0.44869075211464865,Desgentrificació
2016,Barri,baro de viver,-1.3779753393116148,-3.1253914851153954,2511,2249.0,0.0,35.0,227.0,,,,,1520.0,-1.20199465126065,-0.8725153152121993,,0,-0.7102129372921312,-0.3748552955794932,-1.150828435261488,-3.1253914851153954,-0.5425341164358122,1.0092936587501425e-17,-2.1402017180357635,-1.3913727994002274,2,Baixa gentrificació,-5.466450774737476,-1.987047954075628,-0.44869075211464865,Desgentrificació
2017,Barri,baro de viver,-1.3743593092328632,-2.2213535843920926,2539,2247.0,0.0,35.0,257.0,,,,,1320.0,-1.230323315574856,0.1847307547768654,,0,-0.7145372242330891,-0.2325972624263991,-0.8066506233436179,-2.2213535843920926,-0.4735672433297441,1.0092936587501425e-17,-1.5906116635038865,-1.003114710986662,2,Baixa gentrificació,-3.934437328345192,-1.3347162849552487,-0.44869075211464865,Desgentrificació
2018,Barri,baro de viver,-1.3332038333460603,-1.7860760766364283,2535,2211.0,0.0,39.0,285.0,,,,,1220.0,-1.1939007471708765,0.6775823062003381,,0,-0.6695358567243178,-0.0852588946924639,-0.6165074247721996,-1.7860760766364283,-0.3773973757083909,1.0092936587501425e-17,-1.271716944435809,-0.7962545255642665,2,Baixa gentrificació,-3.123850976411837,-1.031410469069034,-0.44869075211464865,Desgentrificació
2019,Barri,baro de viver,-1.4094227422203336,-2.12090492875617,2604,2233.0,0.0,44.0,327.0,,,,,1150.0,-1.2384172196646297,0.0654924762066701,,0,-0.6269874334669441,0.0876536883919628,-0.8607824952260975,-2.12090492875617,-0.2696668725374906,1.0092936587501425e-17,-1.3844675661326122,-0.9484396017021784,2,Baixa gentrificació,-3.736753944114747,-1.5328123807795566,-0.44869075211464865,Desgentrificació
2020,Barri,baro de viver,-1.3611066032314054,-1.7860760766364283,2625,2233.0,0.0,44.0,348.0,,,,,1180.0,-1.222229411485083,0.4947502790593723,,0,-0.6307901987955719,0.1796378042854721,-0.6961952452190386,-1.7860760766364283,-0.2255761972550498,1.0092936587501425e-17,-1.1606505800791465,-0.78979663600765,2,Baixa gentrificació,-3.112360109490018,-1.2523082654980964,-0.44869075211464865,Desgentrificació
2021,Barri,baro de viver,-1.2522988312105583,-1.6186616505765574,2653,2226.0,0.0,43.0,384.0,465.0,384.0,864.0,507.0,1450.0,-1.20199465126065,-0.1729840809337202,,0,-0.6463706820237539,0.3396690166379614,-0.8757591878016427,-1.6186616505765574,-0.1533508326928962,1.0092936587501425e-17,-1.045697284023393,-0.7789964180520393,2,Baixa gentrificació,-3.0757642011669795,-1.5162883787922876,-0.44869075211464865,Desgentrificació
2022,Barri,baro de viver,,-2.254836469604067,2603,2207.0,0.0,47.0,349.0,412.0,398.0,868.0,508.0,1070.0,-1.2465111237544029,0.9876018304828462,,0,-0.594382436149928,0.1994226507359372,-0.1294546466357782,-2.254836469604067,-0.1974798927069954,1.0092936587501425e-17,-1.287598332272546,-0.7547833134133526,2,Baixa gentrificació,-2.978099557750065,-0.5883164990398243,-0.44869075211464865,Desgentrificació
2023,Barri,baro de viver,,-1.2168670280328673,2582,2191.0,0.0,41.0,350.0,382.0,410.0,867.0,522.0,1080.0,-1.2343702676197428,0.5344963719161041,,0,-0.6556233194841354,0.2188541855764497,-0.3499369478518193,-1.2168670280328673,-0.2183845669538428,1.0092936587501425e-17,-0.8253182838861404,-0.5137181061561746,2,Baixa gentrificació,-2.0193708227776286,-0.6334117752409179,-0.44869075211464865,Desgentrificació
2024,Barri,baro de viver,,-1.6856274210005058,2612,2188.0,0.0,41.0,383.0,,,,,1070.0,-1.242464171709516,-0.3160700152179554,,0,-0.660753983114242,0.3645096806687009,-0.7792670934637357,-1.6856274210005058,-0.1481221512227705,1.0092936587501425e-17,-1.0606330114842772,-0.7690927845838265,2,Baixa gentrificació,-3.0373132630003488,-1.4004639696360035,-0.44869075211464865,Desgentrificació
2025,Barri,baro de viver,,-1.4847301097286607,2678,2182.0,0.0,55.0,441.0,,,,,1060.0,-1.2141355073953095,-0.5704450095010383,,0,-0.524569789954144,0.6017772328129505,-0.892290258448174,-1.4847301097286607,0.0386037214294032,1.0092936587501425e-17,-0.8273410812453359,-0.7053853661671697,2,Baixa gentrificació,-2.801981902045138,-1.6448774299854376,-0.44869075211464865,Desgentrificació
2000,Barri,can baro,,,8858,8703.0,0.0,40.0,115.0,,,,,,,,,1,-0.975298460650084,-1.3928647501119833,0.0033723453127869,3.6921966638804284e-16,-1.1840816053810337,1.0092936587501425e-17,-0.955063979334856,-0.2358046174823705,0,Intermedi,-0.8269120524508289,0.8487799519847159,0.4043659034429637,Estable
2001,Barri,can baro,,,8848,8593.0,0.0,53.0,202.0,0.0,0.0,0.0,0.0,,,,,1,-0.9338219669144622,-1.2633788338469123,0.0033723453127869,3.6921966638804284e-16,-1.0986004003806873,1.0092936587501425e-17,-0.8861160120368606,-0.2187083764823012,0,Intermedi,-0.7672156275156065,0.7875048399096138,0.4043659034429637,Estable
2002,Barri,can baro,,,9046,8639.0,0.0,68.0,337.0,,,,,,,,,1,-0.8908624149036681,-1.0737139096422736,0.0033723453127869,3.6921966638804284e-16,-0.9822881622729708,1.0092936587501425e-17,-0.79230015638327,-0.1954459288607579,0,Intermedi,-0.6859881250346005,0.7041292554670756,0.4043659034429637,Estable
2003,Barri,can baro,,,9072,8466.0,0.0,78.0,526.0,,,,,,,,,1,-0.8604589790534666,-0.8011752425924064,0.0033723453127869,3.6921966638804284e-16,-0.8308171108229365,1.0092936587501425e-17,-0.6701256842062853,-0.1651517185707511,0,Intermedi,-0.5802072080165317,0.595550935195423,0.4043659034429637,Estable
2004,Barri,can baro,,,8963,8271.0,0.0,103.0,588.0,,,,,,,,,1,-0.7790509907997671,-0.7009459804328476,0.0033723453127869,3.6921966638804284e-16,-0.7399984856163073,1.0092936587501425e-17,-0.5968726269901382,-0.1469879935294252,0,Intermedi,-0.5167833566290171,0.5304498239275092,0.4043659034429637,Estable
2005,Barri,can baro,,,8980,8113.0,0.0,145.0,718.0,,,,,,,,,1,-0.6480887773194861,-0.5122224760913354,0.0033723453127869,3.6921966638804284e-16,-0.5801556267054108,1.0092936587501425e-17,-0.4679455697620384,-0.1150194217472459,0,Intermedi,-0.4051559266183263,0.4158703781402132,0.4043659034429637,Estable
2006,Barri,can baro,,,8945,8040.0,0.0,170.0,731.0,,,,,,,,,1,-0.5676869806887211,-0.4889986009496574,0.0033723453127869,3.6921966638804284e-16,-0.5283427908191893,1.0092936587501425e-17,-0.426154047119311,-0.1046568545700016,0,Intermedi,-0.3689720535885734,0.3787296133856192,0.4043659034429637,Estable
2007,Barri,can baro,,,8931,7988.0,0.0,243.0,700.0,,,,,,,,,1,-0.3369056613683642,-0.5329558835989476,0.0033723453127869,3.6921966638804284e-16,-0.4349307724836559,1.0092936587501425e-17,-0.3508091945822883,-0.0859744509028949,0,Intermedi,-0.3037370871349278,0.3117694916530336,0.4043659034429637,Estable
2008,Barri,can baro,,,9076,7956.0,0.0,275.0,844.0,,,,,,,,,1,-0.2499476086433518,-0.3407951030778005,0.0033723453127869,3.6921966638804284e-16,-0.2953713558605761,1.0092936587501425e-17,-0.2382424836495583,-0.058062567578279,0,Intermedi,-0.2062747474497381,0.2117297356074744,0.4043659034429637,Estable
2009,Barri,can baro,,,9161,7917.0,0.0,322.0,921.0,,,,,,,,,1,-0.1135276970516281,-0.2416186569851709,0.0033723453127869,3.6921966638804284e-16,-0.1775731770183995,1.0092936587501425e-17,-0.1432280885841062,-0.0345029318098437,0,Intermedi,-0.1240095273849367,0.1272889908757168,0.4043659034429637,Estable
2010,Barri,can baro,,,9124,7867.0,0.0,364.0,893.0,,,,,,,,,1,0.0199797857184145,-0.2766105916957074,0.0033723453127869,3.6921966638804284e-16,-0.1283154029886464,1.0092936587501425e-17,-0.1034974437837469,-0.024651377003893,0,Intermedi,-0.0896100004967582,0.0919797597502203,0.4043659034429637,Estable
2011,Barri,can baro,,,8925,7783.0,0.0,309.0,833.0,0.0,0.0,0.0,0.0,5670.0,,,,1,-0.1283574556169271,-0.336313503660028,0.0033723453127869,3.6921966638804284e-16,-0.2323354796384775,1.0092936587501425e-17,-0.1873986106327456,-0.0454553923338593,0,Intermedi,-0.1622531820880515,0.1665440087538847,0.4043659034429637,Estable
2012,Barri,can baro,,,9002,7762.0,0.0,346.0,894.0,,,,,5990.0,,,,1,-0.021061160971043,-0.2577082295781288,0.0033723453127869,3.6921966638804284e-16,-0.1393846952745859,1.0092936587501425e-17,-0.1124257830899115,-0.0268652354610809,0,Intermedi,-0.0973403217531203,0.0999145113182434,0.4043659034429637,Estable
2013,Barri,can baro,,,8973,7707.0,0.0,360.0,906.0,,,,,5970.0,,,,1,0.0263257082127144,-0.2359026897689292,0.0033723453127869,3.6921966638804284e-16,-0.1047884907781073,1.0092936587501425e-17,-0.0845209591435446,-0.0199459945617852,0,Intermedi,-0.0731798092198767,0.0751150678863652,0.4043659034429637,Estable
2014,Barri,can baro,,-1.149901257608919,8860,7664.0,0.0,372.0,823.0,,,,,5670.0,-0.4128390025077568,-0.8248200037841211,-0.3607011076366253,1,0.0788223554674691,-0.3421510162666348,-0.618829503145939,-1.149901257608919,-0.1316643303995828,-0.3607011076366253,-0.8672188993888512,-0.629092315833699,2,Baixa gentrificació,-2.5012044748065096,-0.8351383170190861,0.4043659034429637,Estable
2015,Barri,can baro,-0.0962845948994678,-0.9155210611250996,8824,7667.0,0.0,365.0,790.0,,,,,5170.0,-0.4209329065975301,-0.9599567194970092,-0.3607011076366253,1,0.0613244917885099,-0.3863434185096844,-0.4923914069980024,-0.9155210611250996,-0.1625094633605872,-0.3607011076366253,-0.7587155422157,-0.527015854636373,2,Baixa gentrificació,-2.09390470449542,-0.5787620759728297,0.4043659034429637,Estable
2016,Barri,can baro,-0.1695351832321699,-0.446760668157461,8969,7806.0,0.0,382.0,779.0,,,,,4430.0,-0.4371207147770766,-0.8725153152121993,-0.3535208594596925,1,0.0958334228369985,-0.4215023504656132,-0.4930570710738153,-0.446760668157461,-0.1628344638143073,-0.3535208594596925,-0.526336316510697,-0.3852163864241829,2,Baixa gentrificació,-1.5311967296391649,-0.4709933194614926,0.4043659034429637,Estable
2017,Barri,can baro,-0.1643292655756261,-0.1454147012496934,9020,7751.0,0.0,421.0,846.0,,,,,3950.0,-0.1862096879941055,-0.8566168780695069,-0.3535208594596925,1,0.2106931254877727,-0.3302879814211966,-0.4023852772130795,-0.1454147012496934,-0.0597974279667119,-0.3535208594596925,-0.2820122306274656,-0.2470036510241127,0,Intermedi,-0.9931591225762576,-0.3447583403947297,0.4043659034429637,Estable
2018,Barri,can baro,-0.192676830823231,-0.2123804716736418,9071,7760.0,0.0,436.0,873.0,,,,,3830.0,-0.1214584552759194,-0.6260895395004624,-0.3535208594596925,1,0.249830262989027,-0.2980829438272237,-0.3134082751998709,-0.2123804716736418,-0.0241263404190983,-0.3535208594596925,-0.2734677324516831,-0.233266064037812,0,Intermedi,-0.942363746525825,-0.2613246315763923,0.4043659034429637,Estable
2019,Barri,can baro,-0.1902752741180684,0.1894141508700483,9247,7719.0,0.0,501.0,1025.0,,,,,3680.0,-0.202397496173652,-0.8327692223554676,-0.3535208594596925,1,0.4218414665267236,-0.1060251597933616,-0.4084806642157293,0.1894141508700483,0.157908153366681,-0.3535208594596925,0.0574429127475343,-0.1048424952223066,0,Intermedi,-0.4500027933015914,-0.4287443458447024,0.4043659034429637,Estable
2020,Barri,can baro,-0.1060045137515373,0.0219997248101774,9331,7661.0,0.0,563.0,1105.0,,,,,3840.0,-0.465449379091283,-0.6419879766431553,-0.3535208594596925,1,0.5950428624134418,-0.0064104065905995,-0.4044806231619919,0.0219997248101774,0.2943162279114211,-0.3535208594596925,0.0856755182048452,-0.1265851958151986,0,Intermedi,-0.5491714575807704,-0.5612212701771052,0.4043659034429637,Estable
2021,Barri,can baro,-0.0729849026434559,-0.1119318160377193,9320,7605.0,0.0,555.0,1159.0,1056.0,3555.0,1575.0,1899.0,4940.0,-0.1538340716350124,-0.6737848509285406,-0.3535208594596925,1,0.5728987174901131,0.0716140599342217,-0.300201275069003,-0.1119318160377193,0.3222563887121674,-0.3535208594596925,0.0572260468570356,-0.1298928214815217,0,Intermedi,-0.5652918984034055,-0.4668540973626271,0.4043659034429637,Estable
2022,Barri,can baro,,0.2898628065059708,9271,7566.0,0.0,563.0,1141.0,953.0,3596.0,1598.0,1878.0,3220.0,-0.3076182493407044,-0.69763250664258,-0.3535208594596925,1,0.6060279295817657,0.0547267692228387,-0.5026253779916422,0.2898628065059708,0.3303773494023022,-0.3535208594596925,0.2325156510504746,-0.0684574734571794,0,Intermedi,-0.3217372874072528,-0.6605815965765442,0.4043659034429637,Estable
2023,Barri,can baro,,0.7251403142616352,9421,7526.0,0.0,535.0,1359.0,949.0,3781.0,1565.0,1948.0,3120.0,-0.5585292761236755,-0.6499371952145018,-0.1688859063385652,1,0.495217491591799,0.3332311569507046,-0.6042332356690887,0.7251403142616352,0.4142243242712519,-0.1688859063385652,0.5542106898043108,0.0853398071643012,0,Intermedi,0.2892732685131705,-0.8726189964863369,0.4043659034429637,Estable
2024,Barri,can baro,,0.9595205107454544,9525,7577.0,0.0,566.0,1381.0,,,,,3320.0,-0.619233556796975,-0.7612262552133505,-0.1175984193604743,1,0.5693320514664703,0.3428915665044483,-0.6902299060051628,0.9595205107454544,0.4561118089854593,-0.1175984193604743,0.7061368246450525,0.1484898593470845,0,Intermedi,0.53844639424136,-0.9987674581278436,0.4043659034429637,Estable
2025,Barri,can baro,,1.059969166381377,9672,7548.0,0.0,615.0,1508.0,,,,,3200.0,-0.6354213649765215,-1.1427887466379751,,1,0.6864458274369472,0.4865747004465989,-0.8891050558072483,1.059969166381377,0.5865102639417731,1.0092936587501425e-17,0.8669815022393537,0.1685612859605932,0,Intermedi,0.611899417213058,-1.4202635622601956,0.4043659034429637,Estable
2000,Barri,can peguera,,,2244,2211.0,,0.0,33.0,,,,,,,,,2,-1.1023330995454166,-1.3702050809037596,0.0033723453127869,3.6921966638804284e-16,-1.236269090224588,1.0092936587501425e-17,-0.997157688687028,-0.2462421144510814,0,Intermedi,-0.8633575643210543,0.8861892746854607,-0.7675871479249603,Desgentrificació
2001,Barri,can peguera,,,2185,2154.0,,0.0,31.0,0.0,0.0,0.0,0.0,,,,,2,-1.1023330995454166,-1.377019536593577,0.0033723453127869,3.6921966638804284e-16,-1.2396763180694967,1.0092936587501425e-17,-0.9999059119254188,-0.2469235600200631,0,Intermedi,-0.8657370268155286,0.8886316626707651,-0.7675871479249603,Desgentrificació
2002,Barri,can peguera,,,2150,2114.0,,0.0,36.0,,,,,,,,,2,-1.1023330995454166,-1.3434029272745796,0.0033723453127869,3.6921966638804284e-16,-1.222868013409998,1.0092936587501425e-17,-0.986348563968132,-0.2435618990881634,0,Intermedi,-0.8539988242786078,0.876583040382403,-0.7675871479249603,Desgentrificació
2003,Barri,can peguera,,,2125,2077.0,,0.0,48.0,,,,,,,,,2,-1.1023330995454166,-1.2665580948558843,0.0033723453127869,3.6921966638804284e-16,-1.1844455972006505,1.0092936587501425e-17,-0.9553575701432164,-0.2358774158462939,0,Intermedi,-0.8271662488012045,0.8490408706222263,-0.7675871479249603,Desgentrificació
2004,Barri,can peguera,,,2105,2056.0,,0.0,49.0,,,,,,,,,2,-1.1023330995454166,-1.2574893969593992,0.0033723453127869,3.6921966638804284e-16,-1.179911248252408,1.0092936587501425e-17,-0.951700226485042,-0.2349705460566453,0,Intermedi,-0.8239996530376353,0.845790533428336,-0.7675871479249603,Desgentrificació
2005,Barri,can peguera,,,2120,2057.0,,0.0,62.0,,,,,,,,,2,-1.1023330995454166,-1.1790229466842204,0.0033723453127869,3.6921966638804284e-16,-1.1406780231148184,1.0092936587501425e-17,-0.9200552453015124,-0.2271239010291274,0,Intermedi,-0.7966008432129107,0.8176671551095142,-0.7675871479249603,Desgentrificació
2006,Barri,can peguera,,,2128,2060.0,,0.0,66.0,,,,,,,,,2,-1.1023330995454166,-1.1557520110734711,0.0033723453127869,3.6921966638804284e-16,-1.129042555309444,1.0092936587501425e-17,-0.9106702365883268,-0.2247968074680525,0,Intermedi,-0.7884751291401281,0.8093265544614809,-0.7675871479249603,Desgentrificació
2007,Barri,can peguera,,,2138,2057.0,,14.0,67.0,,,,,,,,,2,-0.918120989644949,-1.1515092601969312,0.0033723453127869,3.6921966638804284e-16,-1.03481512492094,1.0092936587501425e-17,-0.8346676838754308,-0.2059513213903518,0,Intermedi,-0.7226707137133285,0.7417819245328191,-0.7675871479249603,Desgentrificació
2008,Barri,can peguera,,,2145,2070.0,,12.0,63.0,,,,,,,,,2,-0.944952283974108,-1.1773747368579004,0.0033723453127869,3.6921966638804284e-16,-1.0611635104160042,1.0092936587501425e-17,-0.8559199301611645,-0.2112209984893646,0,Intermedi,-0.7410713015017673,0.7606691205451064,-0.7675871479249603,Desgentrificació
2009,Barri,can peguera,,,2161,2079.0,,16.0,66.0,,,,,,,,,2,-0.8940456712557624,-1.161979777066566,0.0033723453127869,3.6921966638804284e-16,-1.0280127241611643,1.0092936587501425e-17,-0.8291809607398481,-0.2045908412383966,0,Intermedi,-0.7179202073729744,0.7369057898441079,-0.7675871479249603,Desgentrificació
2010,Barri,can peguera,,,2215,2132.0,,20.0,63.0,,,,,,,,,2,-0.848321173736194,-1.189579753141004,0.0033723453127869,3.6921966638804284e-16,-1.0189504634385989,1.0092936587501425e-17,-0.8218714655596759,-0.2027783890938835,0,Intermedi,-0.7115915112933409,0.7304097297870844,-0.7675871479249603,Desgentrificació
2011,Barri,can peguera,,,2240,2142.0,,23.0,75.0,0.0,0.0,0.0,0.0,1480.0,,,,2,-0.8134795825732994,-1.1233114407643976,0.0033723453127869,3.6921966638804284e-16,-0.9683955116688484,1.0092936587501425e-17,-0.7810945349892849,-0.1926673987399335,0,Intermedi,-0.6762860908396345,0.6941706485103255,-0.7675871479249603,Desgentrificació
2012,Barri,can peguera,,,2238,2127.0,,22.0,89.0,,,,,1670.0,,,,2,-0.825791519011828,-1.040661774658014,0.0033723453127869,3.6921966638804284e-16,-0.9332266468349212,1.0092936587501425e-17,-0.7527278110706478,-0.185633625773148,0,Intermedi,-0.6517256567698643,0.668960707515176,-0.7675871479249603,Desgentrificació
2013,Barri,can peguera,,,2229,2109.0,,19.0,101.0,,,,,1720.0,,,,2,-0.8625374087046553,-0.9677603996363972,0.0033723453127869,3.6921966638804284e-16,-0.9151489041705264,1.0092936587501425e-17,-0.7381465518331205,-0.182018077240269,0,Intermedi,-0.6391009329143812,0.6560021196265149,-0.7675871479249603,Desgentrificació
2014,Barri,can peguera,,-2.52269955129986,2261,2122.0,,25.0,114.0,,,,,1680.0,-1.1412903705873505,-2.28747622091185,,2,-0.7912780267527207,-0.9005892059533649,-1.7143832957496,-2.52269955129986,-0.8459336163530429,1.0092936587501425e-17,-2.1689631484295604,-1.440311577385447,2,Baixa gentrificació,-5.629851621903597,-2.416957859235984,-0.7675871479249603,Desgentrificació
2015,Barri,can peguera,-1.16758558731713,-2.3552851252399893,2275,2113.0,,32.0,130.0,,,,,1570.0,-1.230323315574856,-2.0172027894860736,,2,-0.7066327632518407,-0.8121909236097613,-1.4717038974593537,-2.3552851252399893,-0.759411843430801,1.0092936587501425e-17,-1.982123428751532,-1.2999790754959633,2,Baixa gentrificació,-5.082359655071986,-2.097366571912572,-0.7675871479249603,Desgentrificació
2016,Barri,can peguera,-1.1883642037167776,-1.5851787653645832,2255,2095.0,,27.0,133.0,,,,,1410.0,-1.20199465126065,-1.5720465494906783,,2,-0.7654997686580426,-0.7880332998872576,-1.3208018014893683,-1.5851787653645832,-0.7767665342726501,1.0092936587501425e-17,-1.5956770761268022,-1.0271474769107156,2,Baixa gentrificació,-3.999255103222144,-1.6872268148238647,-0.7675871479249603,Desgentrificació
2017,Barri,can peguera,-1.1848403794626992,-0.5472093237933836,2273,2096.0,,27.0,150.0,,,,,1230.0,-1.2181824594401962,-1.7389801394889512,,2,-0.7681671685506836,-0.6958303161429499,-1.380667659463949,-0.5472093237933836,-0.7319987423468167,1.0092936587501425e-17,-1.057468127194349,-0.7247628434465632,2,Baixa gentrificació,-2.8041224154268902,-1.5535158055179712,-0.7675871479249603,Desgentrificació
2018,Barri,can peguera,-1.149188871150691,-1.5851787653645832,2270,2065.0,,24.0,181.0,,,,,1180.0,-1.2465111237544029,-1.1984332766373995,,2,-0.8049041573423708,-0.5151123348746217,-1.1980444238474977,-1.5851787653645832,-0.6600082461084962,1.0092936587501425e-17,-1.4839545979448765,-0.9669686059853234,2,Baixa gentrificació,-3.7720876311121567,-1.5982830254940226,-0.7675871479249603,Desgentrificació
2019,Barri,can peguera,-1.2162408595804874,-0.3128291273095643,2289,2045.0,,26.0,218.0,,,,,1090.0,-1.2465111237544029,-1.2143317137800926,,2,-0.7827929770606386,-0.3112673236626737,-1.2256945657049942,-0.3128291273095643,-0.5470301503616561,1.0092936587501425e-17,-0.7708136095714752,-0.5709631379766988,2,Baixa gentrificació,-2.212256160477303,-1.4117103317253372,-0.7675871479249603,Desgentrificació
2020,Barri,can peguera,-1.2117363029888426,,2274,2015.0,,26.0,233.0,,,,,1090.0,-1.2505580757992891,,,2,-0.7806851926115305,-0.2162702689233677,-1.231147189394066,3.6921966638804284e-16,-0.4984777307674491,1.0092936587501425e-17,-0.5785265674182426,-0.4690397029717095,2,Baixa gentrificació,-1.8126400751962284,-1.3788376895134369,-0.7675871479249603,Desgentrificació
2021,Barri,can peguera,-1.0937177901537616,,2215,1968.0,,25.0,222.0,375.0,441.0,687.0,459.0,1460.0,-1.254605027844176,-1.8979645109158785,,2,-0.7848181922838883,-0.2456836469201655,-1.4154291096379386,3.6921966638804284e-16,-0.5152509196020268,1.0092936587501425e-17,-0.618396706667381,-0.5276789168117868,2,Baixa gentrificació,-2.0429694832949594,-1.6259780305266158,-0.7675871479249603,Desgentrificació
2022,Barri,can peguera,,,2187,1963.0,,29.0,195.0,344.0,445.0,707.0,424.0,1040.0,-1.254605027844176,-1.476655926634522,,2,-0.7293002679414975,-0.3911471158353058,-1.365630477239349,3.6921966638804284e-16,-0.5602236918884017,1.0092936587501425e-17,-0.6475529498223939,-0.521733881549485,2,Baixa gentrificació,-2.015299866286687,-1.523706385255554,-0.7675871479249603,Desgentrificació
2023,Barri,can peguera,,,2170,1971.0,,21.0,178.0,321.0,444.0,699.0,439.0,1010.0,-1.266745883978836,-1.476655926634522,,2,-0.8300896726095641,-0.4849747010636798,-1.371700905306679,3.6921966638804284e-16,-0.657532186836622,1.0092936587501425e-17,-0.7269083492379047,-0.543016708959328,2,Baixa gentrificació,-2.0904573832544875,-1.4624902802195408,-0.7675871479249603,Desgentrificació
2024,Barri,can peguera,,-0.1119318160377193,2180,1963.0,,28.0,189.0,,,,,1050.0,-1.230323315574856,-1.317671555207595,,2,-0.7410069610433984,-0.4235730160820034,-1.2739974353912256,-0.1119318160377193,-0.5822899885627009,1.0092936587501425e-17,-0.707321239461325,-0.5322367731412236,2,Baixa gentrificació,-2.05517172559334,-1.4059797565761214,-0.7675871479249603,Desgentrificació
2025,Barri,can peguera,,-1.4847301097286607,2170,1935.0,,31.0,204.0,,,,,1040.0,-1.2141355073953095,-1.8900152923445324,,2,-0.7004499454972536,-0.3274261494674184,-1.552075399869921,-1.4847301097286607,-0.5139380474823361,1.0092936587501425e-17,-1.3673228702436753,-1.0138292623760417,2,Baixa gentrificació,-3.97056407428952,-2.1766863120355664,-0.7675871479249603,Desgentrificació
2000,Barri,canyelles,,,8385,8346.0,0.0,10.0,29.0,,,,,,,,,3,-1.068782925683316,-1.518098912622853,0.0033723453127869,3.6921966638804284e-16,-1.2934409191530845,1.0092936587501425e-17,-1.0432717016014763,-0.2576764802367807,0,Intermedi,-0.9032839293509524,0.927171502592964,-0.2126882557542531,Desgentrificació
2001,Barri,canyelles,,,8159,8103.0,0.0,9.0,47.0,0.0,0.0,0.0,0.0,,,,,3,-1.0713015531487573,-1.4878299708603695,0.0033723453127869,3.6921966638804284e-16,-1.2795657620045633,1.0092936587501425e-17,-1.0320801901887988,-0.2549014488070765,0,Intermedi,-0.8935941118386963,0.917225435392205,-0.2126882557542531,Desgentrificació
2002,Barri,canyelles,,,8185,8059.0,0.0,14.0,111.0,,,,,,,,,3,-1.0542151409666507,-1.3852542539707315,0.0033723453127869,3.6921966638804284e-16,-1.2197346974686911,1.0092936587501425e-17,-0.9838212743135858,-0.242935235899902,0,Intermedi,-0.8518106501660903,0.8743369994489659,-0.2126882557542531,Desgentrificació
2003,Barri,canyelles,,,8052,7843.0,0.0,22.0,186.0,,,,,,,,,3,-1.0254702012301942,-1.259830735261434,0.0033723453127869,3.6921966638804284e-16,-1.142650468245814,1.0092936587501425e-17,-0.9216461924856146,-0.2275183900553266,0,Intermedi,-0.7979783147015364,0.8190810541819858,-0.2126882557542531,Desgentrificació
2004,Barri,canyelles,,,7874,7651.0,0.0,25.0,198.0,,,,,,,,,3,-1.013014389920793,-1.2329247600651922,0.0033723453127869,3.6921966638804284e-16,-1.1229695749929929,1.0092936587501425e-17,-0.9057718539759344,-0.2235822114047623,0,Intermedi,-0.7842340189031745,0.8049732869856782,-0.2126882557542531,Desgentrificació
2005,Barri,canyelles,,,7722,7450.0,0.0,28.0,244.0,,,,,,,,,3,-1.0003270153788275,-1.1480860803730375,0.0033723453127869,3.6921966638804284e-16,-1.0742065478759326,1.0092936587501425e-17,-0.8664402652482756,-0.2138296059813503,0,Intermedi,-0.750180002141291,0.7700187030896392,-0.2126882557542531,Desgentrificació
2006,Barri,canyelles,,,7594,7267.0,0.0,35.0,292.0,,,,,,,,,3,-0.9726763010969046,-1.057969345179797,0.0033723453127869,3.6921966638804284e-16,-1.0153228231383506,1.0092936587501425e-17,-0.8189454606584887,-0.2020528610338339,0,Intermedi,-0.7090581221480325,0.7278093445215168,-0.2126882557542531,Desgentrificació
2007,Barri,canyelles,,,7511,7135.0,0.0,47.0,329.0,,,,,,,,,3,-0.9262985399903032,-0.9876075523889952,0.0033723453127869,3.6921966638804284e-16,-0.9569530461896492,1.0092936587501425e-17,-0.7718651993047321,-0.1903789056440936,0,Intermedi,-0.6682951613534378,0.6859683968615498,-0.2126882557542531,Desgentrificació
2008,Barri,canyelles,,,7471,7060.0,0.0,53.0,358.0,,,,,,,,,3,-0.9027632291775028,-0.9334826907499408,0.0033723453127869,3.6921966638804284e-16,-0.9181229599637216,1.0092936587501425e-17,-0.7405453844369756,-0.1826128883989081,0,Intermedi,-0.6411778865372382,0.6581339988161556,-0.2126882557542531,Desgentrificació
2009,Barri,canyelles,,,7440,7025.0,0.0,53.0,362.0,,,,,,,,,3,-0.9019316880509696,-0.9237878143237797,0.0033723453127869,3.6921966638804284e-16,-0.9128597511873746,1.0092936587501425e-17,-0.7363001524401567,-0.1815602466436387,0,Intermedi,-0.6375022861800096,0.6543611962726723,-0.2126882557542531,Desgentrificació
2010,Barri,canyelles,,,7305,6965.0,0.0,54.0,286.0,,,,,,,,,3,-0.8943771348223424,-1.0487667511001724,0.0033723453127869,3.6921966638804284e-16,-0.9715719429612574,1.0092936587501425e-17,-0.7836566008945615,-0.1933026849984152,0,Intermedi,-0.6785043748730476,0.6964475956291738,-0.2126882557542531,Desgentrificació
2011,Barri,canyelles,,,7239,6872.0,0.0,59.0,308.0,0.0,0.0,0.0,0.0,6170.0,,,,3,-0.8730504049441024,-1.0041112999674415,0.0033723453127869,3.6921966638804284e-16,-0.938580852455772,1.0092936587501425e-17,-0.7570464398739231,-0.1867044668973182,0,Intermedi,-0.6554648054392306,0.6727987389220735,-0.2126882557542531,Desgentrificació
2012,Barri,canyelles,,,7193,6804.0,0.0,56.0,333.0,,,,,6710.0,,,,3,-0.8833171168026389,-0.9548319306432136,0.0033723453127869,3.6921966638804284e-16,-0.9190745237229264,1.0092936587501425e-17,-0.7413129027113299,-0.182803201150749,0,Intermedi,-0.6418424180505949,0.6588161040343921,-0.2126882557542531,Desgentrificació
2013,Barri,canyelles,,,7108,6742.0,0.0,65.0,301.0,,,,,6940.0,,,,3,-0.8450781261465503,-1.0067498471542071,0.0033723453127869,3.6921966638804284e-16,-0.9259139866503788,1.0092936587501425e-17,-0.7468295196829313,-0.1841710937362395,0,Intermedi,-0.6466188070269114,0.6637188058319563,-0.2126882557542531,Desgentrificació
2014,Barri,canyelles,,-1.9534905026962992,6980,6648.0,0.0,72.0,260.0,,,,,6660.0,-1.1170086583180303,0.6457854319149534,-0.373010104511367,3,-0.8121481287140783,-1.0737763851867146,-0.2356116132015385,-1.9534905026962992,-0.9429622569503964,-0.373010104511367,-1.8658006931386024,-0.919925107061704,2,Baixa gentrificació,-3.579549668308946,0.0994050886564311,-0.2126882557542531,Desgentrificació
2015,Barri,canyelles,-0.3670255908561873,-1.8865247322723508,6952,6673.0,0.0,58.0,221.0,,,,,6200.0,-1.1898537951259898,0.7252776176284169,-0.373010104511367,3,-0.8676314877163686,-1.145569557967527,-0.2772005894512534,-1.8865247322723508,-1.0066005228419477,-0.373010104511367,-1.8901295259320463,-0.9250397219877442,2,Baixa gentrificació,-3.593659176351012,0.1026628384012641,-0.2126882557542531,Desgentrificació
2016,Barri,canyelles,-0.4359406232321007,-1.6186616505765574,6925,6628.0,0.0,50.0,247.0,,,,,5470.0,-1.1210556103629172,0.6378362133436064,-0.373010104511367,3,-0.8992152599542873,-1.094570779681017,-0.3063866734171372,-1.6186616505765574,-0.996893019817652,-0.373010104511367,-1.7546889611051937,-0.8514951220639121,2,Baixa gentrificació,-3.302822796255849,0.119173079095808,-0.2126882557542531,Desgentrificació
2017,Barri,canyelles,-0.5078135794722435,-1.4177643393047124,6863,6560.0,0.0,50.0,253.0,,,,,4950.0,-1.0846330419589374,0.7411760547711098,-0.373010104511367,3,-0.8973803035132775,-1.0788380373365132,-0.283756855553357,-1.4177643393047124,-0.9881091704248952,-0.373010104511367,-1.6455324932563475,-0.7826802134446732,2,Baixa gentrificació,-3.0308318793507,0.1930877801893371,-0.2126882557542531,Desgentrificació
2018,Barri,canyelles,-0.4907305853212773,-1.1164183723969447,6885,6562.0,0.0,52.0,271.0,,,,,4750.0,-1.1372434185424636,0.7173283990570699,-0.373010104511367,3,-0.889863283897586,-1.0460098370926882,-0.303548534935557,-1.1164183723969447,-0.9679365604951372,-0.373010104511367,-1.4838352800408123,-0.6941794052010514,2,Baixa gentrificació,-2.681707319698233,0.2233724432911867,-0.2126882557542531,Desgentrificació
2019,Barri,canyelles,-0.4999244161610317,-1.1164183723969447,6884,6477.0,0.0,63.0,344.0,,,,,4370.0,-1.068445233779391,0.7968205847705334,-0.373010104511367,3,-0.8448803526900419,-0.9064961219728388,-0.2571830217232964,-1.1164183723969447,-0.8756882373314403,-0.373010104511367,-1.4028015974462755,-0.6618200866046339,2,Baixa gentrificació,-2.562281094874656,0.2224523539711067,-0.2126882557542531,Desgentrificació
2020,Barri,canyelles,-0.4556785209931664,-1.0494526019729964,6869,6408.0,0.0,74.0,387.0,,,,,4320.0,-1.056304377644731,0.8206682404845733,-0.373010104511367,3,-0.7992679171361161,-0.8227468547631082,-0.2304382193844413,-1.0494526019729964,-0.8110073859496121,-0.373010104511367,-1.3138624130736534,-0.6207707444994272,2,Baixa gentrificació,-2.4057128731109048,0.2298284878607708,-0.2126882557542531,Desgentrificació
2021,Barri,canyelles,-0.3674420870176086,-1.149901257608919,6813,6364.0,0.0,72.0,377.0,1170.0,1596.0,1950.0,1350.0,5670.0,-1.1170086583180303,0.868363551912651,-0.373010104511367,3,-0.8050351256128256,-0.8359577742897695,-0.2053623978076627,-1.149901257608919,-0.8204964499512976,-0.373010104511367,-1.3673502667479265,-0.6452804075175075,2,Baixa gentrificació,-2.502097220367642,0.2477027861841518,-0.2126882557542531,Desgentrificació
2022,Barri,canyelles,,-1.0494526019729964,6787,6301.0,0.0,73.0,413.0,1103.0,1625.0,1956.0,1386.0,4100.0,-1.1129617062731438,1.0432463604822708,-0.373010104511367,3,-0.7997512640973374,-0.7634233873396805,-0.0348576728954365,-1.0494526019729964,-0.781587325718509,-0.373010104511367,-1.2621764639474935,-0.5562125685065051,2,Baixa gentrificació,-2.153147741571443,0.4837929846516796,-0.2126882557542531,Desgentrificació
2023,Barri,canyelles,,-0.6811408646412803,6786,6252.0,0.0,66.0,467.0,1062.0,1680.0,1933.0,1418.0,3550.0,-1.100820850138484,0.6298869947722605,-0.3637783568553107,3,-0.8287256471872506,-0.6586695771626708,-0.2354669276831117,-0.6811408646412803,-0.7436976121749608,-0.3637783568553107,-1.0763670635617677,-0.4964775315033719,2,Baixa gentrificació,-1.9187291579367551,0.2575207605077233,-0.2126882557542531,Desgentrificació
2024,Barri,canyelles,,-0.8485552907011512,6797,6211.0,0.0,59.0,526.0,,,,,3660.0,-1.1372434185424636,1.2340276061945823,-0.3535208594596925,3,-0.8581404518745451,-0.5459946542249032,0.0483920938260594,-0.8485552907011512,-0.7020675530497242,-0.3535208594596925,-1.08155369734133,-0.4511666415644109,2,Baixa gentrificació,-1.7434681110466297,0.5802348210507989,-0.2126882557542531,Desgentrificació
2025,Barri,canyelles,,-0.9490039463370736,6817,6208.0,0.0,56.0,552.0,,,,,3660.0,-1.1291495144526904,0.8047698033418804,,3,-0.871237021524469,-0.4988289327084329,-0.162189855555405,-0.9490039463370736,-0.685032977116451,1.0092936587501425e-17,-1.0430916033198476,-0.4703647359910338,2,Baixa gentrificació,-1.803850796173417,0.0296452491730977,-0.2126882557542531,Desgentrificació
2000,Barri,ciutat meridiana,,,9712,9603.0,0.0,13.0,92.0,,,,,,,,,4,-1.0646772438839849,-1.4390159349521163,0.0033723453127869,3.6921966638804284e-16,-1.2518465894180506,1.0092936587501425e-17,-1.0097222858399468,-0.2493576142897739,0,Intermedi,-0.8742362248555807,0.8973556241645699,-0.1321350199921091,Desgentrificació
2001,Barri,ciutat meridiana,,,9624,9391.0,0.0,23.0,208.0,0.0,0.0,0.0,0.0,,,,,4,-1.0351020232759296,-1.2793865006177685,0.0033723453127869,3.6921966638804284e-16,-1.157244261946849,1.0092936587501425e-17,-0.9334173462830906,-0.2304371487955336,0,Intermedi,-0.8081699973081446,0.8295422584271553,-0.1321350199921091,Desgentrificació
2002,Barri,ciutat meridiana,,,9613,9100.0,0.0,27.0,483.0,,,,,,,,,4,-1.0233193513761638,-0.9028996260551886,0.0033723453127869,3.6921966638804284e-16,-0.963109488715676,1.0092936587501425e-17,-0.7768309013904101,-0.191610194149299,0,Intermedi,-0.6725945580351002,0.6903814921819154,-0.1321350199921091,Desgentrificació
2003,Barri,ciutat meridiana,,,9890,8731.0,0.0,34.0,1123.0,,,,,,,,,4,-1.005621076629883,-0.0704922414333038,0.0033723453127869,3.6921966638804284e-16,-0.5380566590315934,1.0092936587501425e-17,-0.4339891199618517,-0.1065996282124824,0,Intermedi,-0.3757558045262218,0.3856927623421111,-0.1321350199921091,Desgentrificació
2004,Barri,ciutat meridiana,,,10116,8364.0,0.0,43.0,1708.0,,,,,,,,,4,-0.9827533947525172,0.6565610433762574,0.0033723453127869,3.6921966638804284e-16,-0.1630961756881298,1.0092936587501425e-17,-0.1315511379106988,-0.0316075315437897,0,Intermedi,-0.1138994075849635,0.1169115063863476,-0.1321350199921091,Desgentrificació
2005,Barri,ciutat meridiana,,,10283,7882.0,0.0,54.0,2345.0,,,,,,,,,4,-0.9546020558517418,1.435060100591256,0.0033723453127869,3.6921966638804284e-16,0.240229022369757,1.0092936587501425e-17,0.1937654339139499,0.0490575080677876,0,Intermedi,0.1677656954075453,-0.1722023018900988,-0.1321350199921091,Desgentrificació
2006,Barri,ciutat meridiana,,,10498,7497.0,0.0,64.0,2936.0,,,,,,,,,4,-0.9308302866157376,2.1139033724042653,0.0033723453127869,3.6921966638804284e-16,0.5915365428942638,1.0092936587501425e-17,0.4771252606333485,0.1193190121726889,0,Intermedi,0.4131038727072842,-0.4240285096848785,-0.1321350199921091,Desgentrificació
2007,Barri,ciutat meridiana,,,10652,7224.0,0.0,128.0,3297.0,,,,,,,,,4,-0.7642864359825606,2.5063691432289605,0.0033723453127869,3.6921966638804284e-16,0.8710413536232,1.0092936587501425e-17,0.7025700066414681,0.1752199743184762,0,Intermedi,0.6082981022767653,-0.6243847002986674,-0.1321350199921091,Desgentrificació
2008,Barri,ciutat meridiana,,,11139,7069.0,0.0,211.0,3857.0,,,,,,,,,4,-0.5694473660602412,2.989492715983282,0.0033723453127869,3.6921966638804284e-16,1.2100226749615204,1.0092936587501425e-17,0.9759876901915664,0.2430162385861403,1,Gentrificació residencial,0.8450281881901955,-0.8673751735411495,-0.1321350199921091,Desgentrificació
2009,Barri,ciutat meridiana,,,11231,6998.0,0.0,226.0,4006.0,,,,,,,,,4,-0.5362400092558662,3.1266448020537823,0.0033723453127869,3.6921966638804284e-16,1.295202396398958,1.0092936587501425e-17,1.0446924849835562,0.2600521828736278,1,Gentrificació residencial,0.904514069873456,-0.9284341744944444,-0.1321350199921091,Desgentrificació
2010,Barri,ciutat meridiana,,,10860,7005.0,0.0,220.0,3634.0,,,,,,,,,4,-0.5324435440811706,2.836456319927486,0.0033723453127869,3.6921966638804284e-16,1.1520063879231577,1.0092936587501425e-17,0.9291925489502146,0.2314129811784677,0,Intermedi,0.8045120896607948,-0.8257876164817635,-0.1321350199921091,Desgentrificació
2011,Barri,ciutat meridiana,,,10886,6992.0,0.0,267.0,3627.0,0.0,0.0,0.0,0.0,1232.0,,,,4,-0.4123463138426637,2.817492002435277,0.0033723453127869,3.6921966638804284e-16,1.2025728442963066,1.0092936587501425e-17,0.9699787589758836,0.2415262724530975,0,Intermedi,0.8398255444384578,-0.8620349445522195,-0.1321350199921091,Desgentrificació
2012,Barri,ciutat meridiana,,,10745,6931.0,0.0,277.0,3537.0,,,,,1334.0,,,,4,-0.3771107303510115,2.764844131712724,0.0033723453127869,3.6921966638804284e-16,1.1938667006808563,1.0092936587501425e-17,0.9629565029689954,0.2397850437300074,0,Intermedi,0.8337455453461089,-0.85579415833756,-0.1321350199921091,Desgentrificació
2013,Barri,ciutat meridiana,,,10494,7047.0,0.0,205.0,3242.0,,,,,1378.0,,,,4,-0.5527787579605928,2.4987307723812737,0.0033723453127869,3.6921966638804284e-16,0.9729760072103404,1.0092936587501425e-17,0.7847890998565223,0.1956069050359043,0,Intermedi,0.6794849134142308,-0.697454064761457,-0.1321350199921091,Desgentrificació
2014,Barri,ciutat meridiana,,-2.1543878139681443,10174,7136.0,0.0,196.0,2842.0,,,,,133.0,-0.6839847895151611,-0.9361090637829704,,4,-0.5603794064511766,2.1095269657415363,-0.8100469266490657,-2.1543878139681443,0.7745737796451799,1.0092936587501425e-17,-0.5514180861072566,-0.734415666256127,2,Baixa gentrificació,-2.987147771933237,-2.2180634095396083,-0.1321350199921091,Desgentrificació
2015,Barri,ciutat meridiana,-1.4662150930918352,-2.087422043544196,10239,7373.0,0.0,197.0,2669.0,,,,,127.0,-0.8094403029066466,-0.7771246923560434,,4,-0.5610723617463963,1.864037072972478,-1.0175933627848417,-2.087422043544196,0.6514823556130409,1.0092936587501425e-17,-0.6474228516969965,-0.8012081507761031,2,Baixa gentrificació,-3.239654042062179,-2.4055814114726024,-0.1321350199921091,Desgentrificació
2016,Barri,ciutat meridiana,-1.57011023138925,-1.9534905026962992,10055,7304.0,0.0,187.0,2564.0,,,,,1162.0,-0.7811116385924401,-0.9599567194970092,,4,-0.5791455822415424,1.7894483303173183,-1.1037261964929,-1.9534905026962992,0.605151374037888,1.0092936587501425e-17,-0.63121331535596,-0.7961347349491821,2,Baixa gentrificació,-3.214849549961934,-2.4612453305573974,-0.1321350199921091,Desgentrificació
2017,Barri,ciutat meridiana,-1.5651379911561183,-1.752593191424454,10369,7419.0,0.0,183.0,2767.0,,,,,9810.0,-0.760876878368007,-0.9599567194970092,,4,-0.6058413256658748,1.9453405949435951,-1.0953238630070448,-1.752593191424454,0.6697496346388602,1.0092936587501425e-17,-0.4790713747239082,-0.7204251894016777,2,Baixa gentrificació,-2.92075845646541,-2.447348564384081,-0.1321350199921091,Desgentrificació
2018,Barri,ciutat meridiana,-1.5333855879962492,-1.3842814540927382,10622,7429.0,0.0,172.0,3021.0,,,,,9770.0,-0.7001725976947076,-0.9520075009256628,,4,-0.6467999443260715,2.176196565784612,-1.0618552288722063,-1.3842814540927382,0.7646983107292703,1.0092936587501425e-17,-0.2165022087121502,-0.5809013427436294,2,Baixa gentrificació,-2.376559956751226,-2.3796343425929063,-0.1321350199921091,Desgentrificació
2019,Barri,ciutat meridiana,-1.593539974078552,-1.0494526019729964,10864,7431.0,0.0,190.0,3243.0,,,,,9080.0,-0.7649238304128937,-0.8963629709262387,,4,-0.6103369702338767,2.3615893529235503,-1.0849422584725614,-1.0494526019729964,0.8756261913448369,1.0092936587501425e-17,0.0343987338116549,-0.4651932198646999,2,Baixa gentrificació,-1.9281299940537844,-2.410975459967419,-0.1321350199921091,Desgentrificació
2020,Barri,ciutat meridiana,-1.6036627096023834,-1.2168670280328673,11091,7456.0,0.0,201.0,3434.0,,,,,9170.0,-0.9025201999390392,-0.9520075009256628,,4,-0.5925056739338708,2.507698188076347,-1.1527301368223617,-1.2168670280328673,0.957596257071238,1.0092936587501425e-17,0.0084610784427173,-0.5193598980423211,2,Baixa gentrificació,-2.150478661864588,-2.6053883454525395,-0.1321350199921091,Desgentrificació
2021,Barri,ciutat meridiana,-1.502148474478997,-1.3173156836687898,11152,7436.0,0.0,189.0,3527.0,2184.0,1512.0,3321.0,2037.0,1236.0,-0.8094403029066466,-0.8804645337835458,,4,-0.625565333399685,2.595084485885065,-1.0640177703897298,-1.3173156836687898,0.9847595762426896,1.0092936587501425e-17,-0.0063673072395414,-0.5174481209690178,2,Baixa gentrificació,-2.1457737953267744,-2.5242925325385643,-0.1321350199921091,Desgentrificació
2022,Barri,ciutat meridiana,,-1.0494526019729964,10808,7422.0,0.0,182.0,3204.0,1979.0,1516.0,3307.0,2023.0,8840.0,-0.8539567754003995,-0.9520075009256628,,4,-0.6286107288409756,2.334478762845422,-0.9029821381630312,-1.0494526019729964,0.8529340170022233,1.0092936587501425e-17,0.0421047762311322,-0.4151436186403636,2,Baixa gentrificació,-1.728115888634377,-2.138810587797147,-0.1321350199921091,Desgentrificació
2023,Barri,ciutat meridiana,,-0.815072405489177,10857,7483.0,0.0,179.0,3195.0,1935.0,1576.0,3318.0,2137.0,7850.0,-0.8175342069964199,-0.9122614080689312,,4,-0.6385221093802251,2.305985818227211,-0.8648978075326754,-0.815072405489177,0.833731854423493,1.0092936587501425e-17,0.1473699746451647,-0.3372446930218571,2,Baixa gentrificació,-1.4175002373999157,-2.0150361223385844,-0.1321350199921091,Desgentrificació
2024,Barri,ciutat meridiana,,-0.7146237498532545,11090,7644.0,0.0,166.0,3280.0,,,,,8010.0,-0.9268019122083588,-0.8963629709262387,,4,-0.6812436270440951,2.325469840170621,-0.9115824415672988,-0.7146237498532545,0.822113106563263,1.0092936587501425e-17,0.1807438098848625,-0.3234392361135134,2,Baixa gentrificació,-1.3614914639280982,-2.048169227665023,-0.1321350199921091,Desgentrificació
2025,Barri,ciutat meridiana,,-0.8820381759131254,11351,7821.0,0.0,168.0,3362.0,,,,,7830.0,-0.9875061928816584,-0.8884137523548923,,4,-0.6859692644994825,2.331037367274854,-0.9379599726182752,-0.8820381759131254,0.8225340513876858,1.0092936587501425e-17,0.0949489153440014,-0.381492634281883,2,Baixa gentrificació,-1.5916649930073232,-2.1258884218074527,-0.1321350199921091,Desgentrificació
2000,Barri,diagonal mar i el front maritim del poblenou,,,4267,4208.0,0.0,11.0,48.0,,,,,,,,,5,-1.0298114148449045,-1.4156588789713749,0.0033723453127869,3.6921966638804284e-16,-1.2227351469081396,1.0092936587501425e-17,-0.986241395670433,-0.2435353257877917,0,Intermedi,-0.8539060359849172,0.876487798278687,1.5372857339848498,Gentrificació intensa
2001,Barri,diagonal mar i el front maritim del poblenou,,,4963,4879.0,0.0,22.0,62.0,0.0,0.0,0.0,0.0,,,,,5,-0.9776302872878764,-1.3993101218552193,0.0033723453127869,3.6921966638804284e-16,-1.1884702045715478,1.0092936587501425e-17,-0.9586037632378832,-0.2366823373204733,0,Intermedi,-0.8299768628047101,0.8519258120278723,1.5372857339848498,Gentrificació intensa
2002,Barri,diagonal mar i el front maritim del poblenou,,,6185,5958.0,0.0,52.0,175.0,,,,,,,,,5,-0.8658165788121404,-1.191528176843742,0.0033723453127869,3.6921966638804284e-16,-1.0286723778279412,1.0092936587501425e-17,-0.8297130283381553,-0.204722771971752,0,Intermedi,-0.7183808813375241,0.7373786464488125,1.5372857339848498,Gentrificació intensa
2003,Barri,diagonal mar i el front maritim del poblenou,,,7243,6793.0,0.0,106.0,344.0,,,,,,,,,5,-0.6906289710023585,-0.9390643661201756,0.0033723453127869,3.6921966638804284e-16,-0.8148466685612672,1.0092936587501425e-17,-0.6572441445650549,-0.1619576301184172,0,Intermedi,-0.5690541328153552,0.5841029140840129,1.5372857339848498,Gentrificació intensa
2004,Barri,diagonal mar i el front maritim del poblenou,,,8131,7476.0,0.0,194.0,459.0,,,,,,,,,5,-0.4311274382523339,-0.8212933048534191,0.0033723453127869,3.6921966638804284e-16,-0.6262103715528765,1.0092936587501425e-17,-0.5050926951640227,-0.124230370716739,0,Intermedi,-0.4373185946420914,0.4488835960997315,1.5372857339848498,Gentrificació intensa
2005,Barri,diagonal mar i el front maritim del poblenou,,,8865,7937.0,0.0,302.0,624.0,,,,,,,,,5,-0.1439789115501352,-0.6380119053540481,0.0033723453127869,3.6921966638804284e-16,-0.3909954084520917,1.0092936587501425e-17,-0.3153715326721463,-0.0771873780965821,0,Intermedi,-0.2730545042103972,0.280275500019626,1.5372857339848498,Gentrificació intensa
2006,Barri,diagonal mar i el front maritim del poblenou,,,9284,8114.0,6.0,396.0,768.0,,,,,,,,,5,0.097602384105497,-0.475831841094666,0.0033723453127869,3.6921966638804284e-16,-0.1891147284945845,1.0092936587501425e-17,-0.152537345674538,-0.0368112421050806,0,Intermedi,-0.1320696543020909,0.1355622698991106,1.5372857339848498,Gentrificació intensa
2007,Barri,diagonal mar i el front maritim del poblenou,,,9639,8399.0,0.0,516.0,722.0,,,,,,,,,5,0.4036342751012948,-0.5786448443315985,0.0033723453127869,3.6921966638804284e-16,-0.0875052846151518,1.0092936587501425e-17,-0.0705805621484023,-0.0164893533291941,0,Intermedi,-0.0611099557434,0.0627260240650023,1.5372857339848498,Gentrificació intensa
2008,Barri,diagonal mar i el front maritim del poblenou,,,9964,8539.0,0.0,638.0,785.0,,,,,,,,,5,0.698961727812167,-0.5276312280456803,0.0033723453127869,3.6921966638804284e-16,0.0856652498832433,1.0092936587501425e-17,0.0690964153757605,0.0181447535704848,0,Intermedi,0.0598249540257576,-0.0614070401501253,1.5372857339848498,Gentrificació intensa
2009,Barri,diagonal mar i el front maritim del poblenou,,,10691,8998.0,0.0,744.0,949.0,,,,,,,,,5,0.8553953321100257,-0.396367172919422,0.0033723453127869,3.6921966638804284e-16,0.2295140795953018,1.0092936587501425e-17,0.1851229080626819,0.0469145195128965,0,Intermedi,0.1602828367251264,-0.1645215571067235,1.5372857339848498,Gentrificació intensa
2010,Barri,diagonal mar i el front maritim del poblenou,,,11264,9469.0,0.0,845.0,950.0,,,,,,,,,5,1.0080529588662352,-0.454575766563019,0.0033723453127869,3.6921966638804284e-16,0.2767385961516081,1.0092936587501425e-17,0.2232135552777586,0.0563594228241578,0,Intermedi,0.1932624233803951,-0.1983732973187205,1.5372857339848498,Gentrificació intensa
2011,Barri,diagonal mar i el front maritim del poblenou,,,12003,10137.0,0.0,853.0,1012.0,0.0,0.0,0.0,0.0,9100.0,,,,5,0.8968706935243009,-0.4549338647622195,0.0033723453127869,3.6921966638804284e-16,0.2209684143810407,1.0092936587501425e-17,0.178230091732705,0.0452053864700443,0,Intermedi,0.1543149088983882,-0.1583958059107965,1.5372857339848498,Gentrificació intensa
2012,Barri,diagonal mar i el front maritim del poblenou,,,12515,10495.0,0.0,906.0,1113.0,,,,,9560.0,,,,5,0.9342174102216234,-0.3941708799064136,0.0033723453127869,3.6921966638804284e-16,0.2700232651576049,1.0092936587501425e-17,0.2177970614208006,0.0550163566253571,0,Intermedi,0.1885727228480141,-0.193559576463039,1.5372857339848498,Gentrificació intensa
2013,Barri,diagonal mar i el front maritim del poblenou,,,12928,10706.0,0.0,1020.0,1202.0,,,,,1016.0,,,,5,1.1172257803307315,-0.3410057876910918,0.0033723453127869,3.6921966638804284e-16,0.3881099963198199,1.0092936587501425e-17,0.3130441988291535,0.0786337028578002,0,Intermedi,0.2710394555367075,-0.2782071628712776,1.5372857339848498,Gentrificació intensa
2014,Barri,diagonal mar i el front maritim del poblenou,,-0.5472093237933836,13168,10944.0,0.0,1085.0,1137.0,,,,,9890.0,-0.5382945158992424,1.7507268133320952,-0.2253021420144652,5,1.215636641490275,-0.4281957801737125,0.6062161487164264,-0.5472093237933836,0.3937204306582812,-0.2253021420144652,0.0680913356734715,0.051385705205676,0,Intermedi,0.1497868240989809,0.5727380710330122,1.5372857339848498,Gentrificació intensa
2015,Barri,diagonal mar i el front maritim del poblenou,0.6929393940775824,-0.1119318160377193,13374,11131.0,0.0,1088.0,1153.0,,,,,9410.0,-0.3278530095651376,3.650590051883873,-0.2253021420144652,5,1.1862433183032526,-0.4299529567815859,1.338558812132106,-0.1119318160377193,0.3781451807608333,-0.2253021420144652,0.3743555483006131,0.3985567065775897,1,Gentrificació residencial,1.5255525211159982,1.7186646613467984,1.5372857339848498,Gentrificació intensa
2016,Barri,diagonal mar i el front maritim del poblenou,0.6819196183557075,0.3568285769299192,13416,11163.0,0.0,1054.0,1197.0,,,,,8000.0,0.0889830510581853,4.691937684730244,-0.2417141378474543,5,1.1077846036204653,-0.3903767361095946,1.8209467847147125,0.3568285769299192,0.3587039337554353,-0.2417141378474543,0.6534066478423798,0.6767305676749856,1,Gentrificació residencial,2.628139391282328,2.5340266567135386,1.5372857339848498,Gentrificació intensa
2017,Barri,diagonal mar i el front maritim del poblenou,0.5766871071024084,1.059969166381377,13670,11150.0,0.0,1125.0,1393.0,,,,,7050.0,0.3196593176167233,1.8938127476163304,-0.2417141378474543,5,1.212831376042941,-0.2236423376807077,0.930053057445154,1.059969166381377,0.4945945191811166,-0.2417141378474543,0.98159943276499,0.6475827434146918,1,Gentrificació residencial,2.502699505648148,1.353064247827124,1.5372857339848498,Gentrificació intensa
2018,Barri,diagonal mar i el front maritim del poblenou,0.6086256891405168,0.8255889698975577,13644,11017.0,0.0,1100.0,1526.0,,,,,6670.0,0.3965514064695692,0.1847307547768654,-0.2427398875870161,5,1.1656970134499338,-0.0929117746531967,0.3966359501289838,0.8255889698975577,0.5363926193983686,-0.2427398875870161,0.8234548653060495,0.4253980223702329,1,Gentrificació residencial,1.619383134842573,0.5171167430084381,1.5372857339848498,Gentrificació intensa
2019,Barri,diagonal mar i el front maritim del poblenou,0.6854468906295361,1.4952466741370414,13625,10919.0,0.0,1190.0,1516.0,,,,,6250.0,0.0242318183399992,1.7427775947607491,-0.2427398875870161,5,1.3546846422683072,-0.1005117613363118,0.8174854345767616,1.4952466741370414,0.6270864404659977,-0.2427398875870161,1.286219313066275,0.7706889431899371,1,Gentrificació residencial,2.9786804784915315,1.2052505440431884,1.5372857339848498,Gentrificació intensa
2020,Barri,diagonal mar i el front maritim del poblenou,0.7548082621351172,1.2943493628651963,13526,10745.0,0.0,1214.0,1565.0,,,,,6310.0,0.0201848662951126,0.9637541747688074,-0.2437656373265779,5,1.4225841288305183,-0.042168099345394,0.579582434399679,1.2943493628651963,0.6902080147425622,-0.2437656373265779,1.2039873331043125,0.6514680146626595,1,Gentrificació residencial,2.500662350801816,0.7776766623405122,1.5372857339848498,Gentrificació intensa
2021,Barri,diagonal mar i el front maritim del poblenou,0.6147213617729425,0.9595205107454544,13536,10601.0,0.0,1186.0,1747.0,1143.0,6021.0,1581.0,2163.0,8620.0,0.4774904473673018,1.1306877647670803,-0.2447913870661398,5,1.362526493323858,0.1335077588479688,0.740966524635775,0.9595205107454544,0.7480171260859134,-0.2447913870661398,1.1086529503134994,0.6107912584183235,1,Gentrificació residencial,2.3332725948523643,0.8831886819018785,1.5372857339848498,Gentrificació intensa
2022,Barri,diagonal mar i el front maritim del poblenou,,1.4617637889250672,13391,10477.0,0.0,1269.0,1643.0,1130.0,6170.0,1597.0,2135.0,6210.0,-0.093129790961713,0.9081096447693828,-0.2458171368057016,5,1.5635828569998995,0.0497616431052547,0.4074899269038348,1.4617637889250672,0.8066722500525773,-0.2458171368057016,1.355086140286779,0.6729471373980458,1,Gentrificació residencial,2.5752924954821066,0.4937576736271173,1.5372857339848498,Gentrificació intensa
2023,Barri,diagonal mar i el front maritim del poblenou,,1.997489952316654,13453,10316.0,0.0,1242.0,1893.0,1089.0,6400.0,1590.0,2163.0,6550.0,1.214035719536669,0.7173283990570699,0.908151320201344,5,1.494836410076772,0.286681599302486,0.9656820592968692,1.997489952316654,0.890759004689629,0.908151320201344,2.1065272546363607,1.248733668462252,1,Gentrificació residencial,4.903176258793558,0.6358075881043664,1.5372857339848498,Gentrificació intensa
2024,Barri,diagonal mar i el front maritim del poblenou,,2.2653530340124477,13494,10240.0,0.0,1254.0,1998.0,,,,,6750.0,-0.2914304411611579,0.7411760547711098,0.9389238123881988,5,1.5119623845473475,0.3833771749300252,0.2248728068049759,2.2653530340124477,0.9476697797386864,0.9389238123881988,2.1873962098869573,1.124386470670604,1,Gentrificació residencial,4.4086270267995005,-0.4012847615942791,1.5372857339848498,Gentrificació intensa
2025,Barri,diagonal mar i el front maritim del poblenou,,3.202873819947724,13691,10225.0,0.0,1330.0,2133.0,,,,,6710.0,-0.43307376273219,1.2419768247659295,,5,1.6305075725664806,0.4850204565103178,0.4044515310168697,3.202873819947724,1.0577640145383993,1.0092936587501425e-17,2.4862479900313126,1.293750408197058,1,Gentrificació residencial,5.025010600352222,0.577231413276033,1.5372857339848498,Gentrificació intensa
2000,Barri,el baix guinardo,,,24761,24143.0,5.0,115.0,498.0,,,,,,,,,6,-0.9716776579199689,-1.299115124051038,0.0033723453127869,3.6921966638804284e-16,-1.1353963909855034,1.0092936587501425e-17,-0.9157951532809262,-0.2260675746032645,0,Intermedi,-0.7929123767723425,0.813881146235845,0.6916823341054259,Gentrificació moderada
2001,Barri,el baix guinardo,,,24847,23825.0,9.0,139.0,874.0,0.0,0.0,0.0,0.0,,,,,6,-0.9449570344716198,-1.1010480629039163,0.0033723453127869,3.6921966638804284e-16,-1.023002548687768,1.0092936587501425e-17,-0.8251398219340073,-0.2035888061437174,0,Intermedi,-0.7144213146741798,0.7333143680380275,0.6916823341054259,Gentrificació moderada
2002,Barri,el baix guinardo,,,25455,23811.0,17.0,194.0,1433.0,,,,,,,,,6,-0.8879322654470448,-0.823334038458319,0.0033723453127869,3.6921966638804284e-16,-0.8556331519526819,1.0092936587501425e-17,-0.6901419625480851,-0.1701149267967001,0,Intermedi,-0.5975376719060524,0.6133397076101232,0.6916823341054259,Gentrificació moderada
2003,Barri,el baix guinardo,,,25512,23365.0,20.0,255.0,1872.0,,,,,,,,,6,-0.8211472144811445,-0.5987211298411529,0.0033723453127869,3.6921966638804284e-16,-0.7099341721611487,1.0092936587501425e-17,-0.5726231641879402,-0.1409751308383935,0,Intermedi,-0.4957877233620598,0.5088989557990313,0.6916823341054259,Gentrificació moderada
2004,Barri,el baix guinardo,,,25480,22929.0,0.0,335.0,2212.0,,,,,,,,,6,-0.7324681088692225,-0.4220485044202027,0.0033723453127869,3.6921966638804284e-16,-0.5772583066447126,1.0092936587501425e-17,-0.4656086311473331,-0.1144399577351063,0,Intermedi,-0.4031325619556957,0.4137935050844812,0.6916823341054259,Gentrificació moderada
2005,Barri,el baix guinardo,,,25482,22625.0,5.0,468.0,2384.0,,,,,,,,,6,-0.5856667418569376,-0.3333825049647878,0.0033723453127869,3.6921966638804284e-16,-0.4595246234108626,1.0092936587501425e-17,-0.3706462573547884,-0.0908932210883363,0,Intermedi,-0.3209123828708513,0.3293989924528507,0.6916823341054259,Gentrificació moderada
2006,Barri,el baix guinardo,,,25857,22620.0,6.0,528.0,2703.0,,,,,,,,,6,-0.5278812538703535,-0.1890004686460027,0.0033723453127869,3.6921966638804284e-16,-0.3584408612581781,1.0092936587501425e-17,-0.2891134814979974,-0.0706764686577994,0,Intermedi,-0.2503197979921853,0.2569395687134029,0.6916823341054259,Gentrificació moderada
2007,Barri,el baix guinardo,,,25741,22542.0,0.0,756.0,2439.0,,,,,,,,,6,-0.2761159163657113,-0.3176648464272362,0.0033723453127869,3.6921966638804284e-16,-0.2968903813964738,1.0092936587501425e-17,-0.2394677088083925,-0.0583663726854585,0,Intermedi,-0.2073355700466824,0.2128186119277918,0.6916823341054259,Gentrificació moderada
2008,Barri,el baix guinardo,,,25997,22436.0,0.0,869.0,2690.0,,,,,,,,,6,-0.1619725863804451,-0.2029782660136128,0.0033723453127869,3.6921966638804284e-16,-0.1824754261970289,1.0092936587501425e-17,-0.1471821755211516,-0.0354833816455695,0,Intermedi,-0.1274330489661382,0.1308030483558304,0.6916823341054259,Gentrificació moderada
2009,Barri,el baix guinardo,,,26110,22312.0,0.0,957.0,2840.0,,,,,,,,,6,-0.0712280635558935,-0.1333252941908529,0.0033723453127869,3.6921966638804284e-16,-0.1022766788733732,1.0092936587501425e-17,-0.0824949661189303,-0.0194436321808384,0,Intermedi,-0.071425666998534,0.0733145369278517,0.6916823341054259,Gentrificació moderada
2010,Barri,el baix guinardo,,,26019,22332.0,0.0,950.0,2734.0,,,,,,,,,6,-0.0751902522337271,-0.1818923825948221,0.0033723453127869,3.6921966638804284e-16,-0.1285413174142746,1.0092936587501425e-17,-0.1036796632603008,-0.0246965598890187,0,Intermedi,-0.0897677694887986,0.0921417009833802,0.6916823341054259,Gentrificació moderada
2011,Barri,el baix guinardo,,,26002,22358.0,0.0,875.0,2766.0,0.0,0.0,0.0,0.0,1537.0,,,,6,-0.1556619517317873,-0.1648066026182258,0.0033723453127869,3.6921966638804284e-16,-0.1602342771750066,1.0092936587501425e-17,-0.1292427698303447,-0.0310351518411651,0,Intermedi,-0.1119007798192437,0.1148600244010564,0.6916823341054259,Gentrificació moderada
2012,Barri,el baix guinardo,,,25906,22325.0,0.0,886.0,2694.0,,,,,164.0,,,,6,-0.1402087571511034,-0.1961685925314669,0.0033723453127869,3.6921966638804284e-16,-0.1681886748412852,1.0092936587501425e-17,-0.135658677867294,-0.0326260313744208,0,Intermedi,-0.1174557916278393,0.120561939909725,0.6916823341054259,Gentrificació moderada
2013,Barri,el baix guinardo,,,25647,22123.0,0.0,907.0,2616.0,,,,,1637.0,,,,6,-0.1074580088713465,-0.2223503084656091,0.0033723453127869,3.6921966638804284e-16,-0.1649041586684778,1.0092936587501425e-17,-0.1330094321802269,-0.0319691281398593,0,Intermedi,-0.1151620257273969,0.1182075147866767,0.6916823341054259,Gentrificació moderada
2014,Barri,el baix guinardo,,-1.0829354871849706,25536,22162.0,0.0,962.0,2410.0,,,,,1523.0,1.1573783909082558,-0.1014411137916038,-0.2847956269090507,6,-0.0425425452846355,-0.322595776786477,0.527968638558326,-1.0829354871849706,-0.1825691610355562,-0.2847956269090507,-0.6890280790868188,-0.2599630121769147,0,Intermedi,-1.0328456206998582,0.7834580432151859,0.6916823341054259,Gentrificació moderada
2015,Barri,el baix guinardo,0.1979585824675426,-0.7481066350652287,25474,22226.0,0.0,1032.0,2214.0,,,,,1406.0,1.1735661990878024,-0.4671051680735354,-0.2847956269090507,6,0.0373402555789965,-0.4207472695959943,0.3014732044939365,-0.7481066350652287,-0.1917035070084989,-0.2847956269090507,-0.5640427215864686,-0.2292898559548975,0,Intermedi,-0.9095676861662692,0.5521183882219788,0.6916823341054259,Gentrificació moderada
2016,Barri,el baix guinardo,0.123917060009371,-0.4802435533694352,25563,22246.0,0.0,1065.0,2251.0,,,,,1247.0,1.1897540072673487,-0.4671051680735354,-0.2653063818573761,6,0.0696885385365988,-0.4056938619111197,0.2821886330677281,-0.4802435533694352,-0.1680026616872604,-0.2653063818573761,-0.4101532994925584,-0.1460782847994394,0,Intermedi,-0.5808370444193335,0.560502722523581,0.6916823341054259,Gentrificació moderada
2017,Barri,el baix guinardo,0.0632773058682092,-0.0784489308257451,25734,22249.0,0.0,1115.0,2369.0,,,,,1107.0,1.7441864374168172,-0.4432575123594965,-0.2653063818573761,6,0.1165594229329827,-0.3530936851061454,0.45473541030851,-0.0784489308257451,-0.1182671310865813,-0.2653063818573761,-0.1476999063219103,0.0361712412560379,0,Intermedi,0.1366116075831621,0.864282921418234,0.6916823341054259,Gentrificació moderada
2018,Barri,el baix guinardo,0.0690771752053632,-0.0449660456137709,25793,22101.0,0.0,1200.0,2490.0,,,,,104.0,2.0153322244242213,-0.1411872066483355,-0.2653063818573761,6,0.2064787850762134,-0.294176920531846,0.6477407309937496,-0.0449660456137709,-0.0438490677278163,-0.2653063818573761,-0.0436144781616217,0.1190013156969551,0,Intermedi,0.4573815113334318,1.0904343590916448,0.6916823341054259,Gentrificació moderada
2019,Barri,el baix guinardo,0.1031487380794444,0.2228970360820225,25990,22023.0,0.0,1312.0,2652.0,,,,,9690.0,1.8696419508083024,-0.1173395509342967,-0.2796668782112416,6,0.3177880573527481,-0.2218373312134821,0.6184837126511501,0.2228970360820225,0.047975363069633,-0.2796668782112416,0.1538159207459454,0.20607592159163,0,Intermedi,0.7934144431751126,1.0568382119416688,0.6916823341054259,Gentrificació moderada
2020,Barri,el baix guinardo,0.0987220281934757,0.323345691717945,26180,21925.0,0.0,1377.0,2876.0,,,,,9980.0,1.2342704797611015,-0.1888825180764132,-0.2796668782112416,6,0.3773276039955475,-0.1190680279610505,0.3813699966260547,0.323345691717945,0.1291297880172485,-0.2796668782112416,0.2347995387009299,0.1813072884644013,0,Intermedi,0.6883038641013017,0.6893941096429006,0.6916823341054259,Gentrificació moderada
2021,Barri,el baix guinardo,0.1487591480837396,-0.0784489308257451,25842,21386.0,0.0,1362.0,3091.0,2646.0,11055.0,3630.0,5442.0,1302.0,2.225773730758326,-0.212730173790452,-0.2960788740442307,6,0.3803516735739964,0.009224339932449,0.7206009016838713,-0.0784489308257451,0.1947880067532227,-0.2960788740442307,0.1337349367118458,0.1723874177992362,0,Intermedi,0.6447789354780207,1.03275439825768,0.6916823341054259,Gentrificació moderada
2022,Barri,el baix guinardo,,0.3903114621418934,25591,21018.0,0.0,1494.0,3075.0,2456.0,11188.0,3593.0,5386.0,8770.0,1.4932754106338462,-0.2683747037898767,-0.2991561232629161,6,0.539999761630657,0.0164294141597709,0.6124503534219847,0.3903114621418934,0.2782145878952139,-0.2991561232629161,0.4152786514752079,0.296640237595623,1,Gentrificació residencial,1.1298461509487074,0.9356534928041736,0.6916823341054259,Gentrificació moderada
2023,Barri,el baix guinardo,,0.8925547403215061,25719,20851.0,0.0,1509.0,3357.0,2351.0,11640.0,3547.0,5458.0,8390.0,0.902420412080398,-0.053745802363525,0.4568214347941439,6,0.5482333129164781,0.1527428872413051,0.4243373048584365,0.8925547403215061,0.3504881000788916,0.4568214347941439,0.9166885121393228,0.5565295205285898,1,Gentrificació residencial,2.1898870075626418,0.2740074116739108,0.6916823341054259,Gentrificació moderada
2024,Barri,el baix guinardo,,0.9595205107454544,26280,20886.0,0.0,1681.0,3709.0,,,,,8960.0,0.4693965432775286,-0.2365778295044919,0.5081089217722349,6,0.6971186027699317,0.2922283890018898,0.1164093568865183,0.9595205107454544,0.4946734958859107,0.5081089217722349,1.037040014475468,0.523335443821221,1,Gentrificació residencial,2.0480455047925337,-0.2779041146871084,0.6916823341054259,Gentrificació moderada
2025,Barri,el baix guinardo,,1.0264862811694029,26536,20855.0,6.0,1763.0,3912.0,,,,,8680.0,0.5584294882650345,-0.2683747037898767,,6,0.7666901157501745,0.3749164590504947,0.1450273922375788,1.0264862811694029,0.5708032874003346,1.0092936587501425e-17,0.9856577554072086,0.4656147595021614,1,Gentrificació residencial,1.7878982627279885,0.0372773544393157,0.6916823341054259,Gentrificació moderada
2000,Barri,el barri gotic,,,14807,13107.0,6.0,438.0,1256.0,,,,,,,,,7,-0.2701768556663944,-0.4481950112959442,0.0033723453127869,3.6921966638804284e-16,-0.3591859334811693,1.0092936587501425e-17,-0.2897144465319513,-0.0708254831023976,0,Intermedi,-0.250840124630432,0.2574736555219316,1.4936290625185826,Gentrificació intensa
2001,Barri,el barri gotic,,,16301,12788.0,8.0,561.0,2944.0,0.0,0.0,0.0,0.0,,,,,7,-0.1341746148223096,0.8112090150323293,0.0033723453127869,3.6921966638804284e-16,0.3385172001050098,1.0092936587501425e-17,0.273043329730256,0.0687151436148381,0,Intermedi,0.2364059634544046,-0.2426577792825943,1.4936290625185826,Gentrificació intensa
2002,Barri,el barri gotic,,,19835,12605.0,22.0,835.0,6373.0,,,,,,,,,7,0.0819406768153161,2.661285546378769,0.0033723453127869,3.6921966638804284e-16,1.3716131115970427,1.0092936587501425e-17,1.106324319638585,0.2753343259132447,1,Gentrificació residencial,0.9578760518910308,-0.9832073276979164,1.4936290625185826,Gentrificació intensa
2003,Barri,el barri gotic,,,22680,12414.0,22.0,1149.0,9095.0,,,,,,,,,7,0.3228636411994582,3.7094562476718784,0.0033723453127869,3.6921966638804284e-16,2.0161599444356684,1.0092936587501425e-17,1.6262069529309444,0.4042436924809698,1,Gentrificació residencial,1.4080000484307431,-1.4452349678052223,1.4936290625185826,Gentrificació intensa
2004,Barri,el barri gotic,,,25089,12318.0,21.0,1467.0,11283.0,,,,,,,,,7,0.5425862312053454,4.349888767857405,0.0033723453127869,3.6921966638804284e-16,2.446237499531376,1.0092936587501425e-17,1.9731016089459184,0.4902592035001112,1,Gentrificació residencial,1.7083478556942324,-1.7535255492186288,1.4936290625185826,Gentrificació intensa
2005,Barri,el barri gotic,,,27129,12085.0,28.0,1949.0,13067.0,,,,,,,,,7,0.918711491364344,4.7699110097052815,0.0033723453127869,3.6921966638804284e-16,2.8443112505348127,1.0092936587501425e-17,2.29418243561728,0.5698739537007987,1,Gentrificació residencial,1.9863455722140544,-2.0388749860543998,1.4936290625185826,Gentrificació intensa
2006,Barri,el barri gotic,,,27556,11891.0,28.0,2383.0,13254.0,,,,,,,,,7,1.3304629857635577,4.761002228675692,0.0033723453127869,3.6921966638804284e-16,3.045732607219625,1.0092936587501425e-17,2.456646138764259,0.6101582250377612,1,Gentrificació residencial,2.1270096503542355,-2.1832589615158,1.4936290625185826,Gentrificació intensa
2007,Barri,el barri gotic,,,27663,11752.0,18.0,3396.0,12497.0,,,,,,,,,7,2.35122086713677,4.376708840737485,0.0033723453127869,3.6921966638804284e-16,3.3639648539371274,1.0092936587501425e-17,2.713327903366864,0.6738046743812617,1,Gentrificació residencial,2.349249468195614,-2.411375967861785,1.4936290625185826,Gentrificació intensa
2008,Barri,el barri gotic,,,25505,11252.0,17.0,3721.0,10515.0,,,,,,,,,7,3.001901565615338,3.857490365467655,0.0033723453127869,3.6921966638804284e-16,3.429695965541496,1.0092936587501425e-17,2.766345716269017,0.6869508967021355,1,Gentrificació residencial,2.395153270906199,-2.4584937083096703,1.4936290625185826,Gentrificació intensa
2009,Barri,el barri gotic,,,22793,10790.0,7.0,3915.0,8081.0,,,,,,,,,7,3.729680166233511,3.098339387138493,0.0033723453127869,3.6921966638804284e-16,3.414009776686002,1.0092936587501425e-17,2.7536934515257387,0.6838136589310366,1,Gentrificació residencial,2.384198706150965,-2.4472494473034323,1.4936290625185826,Gentrificació intensa
2010,Barri,el barri gotic,,,18520,10514.0,5.0,2978.0,5023.0,,,,,,,,,7,3.421239378471866,2.002765745396352,0.0033723453127869,3.6921966638804284e-16,2.712002561934109,1.0092936587501425e-17,2.1874640624398665,0.543412215980658,1,Gentrificació residencial,1.8939468314932424,-1.9440327371356447,1.4936290625185826,Gentrificació intensa
2011,Barri,el barri gotic,,,17678,10323.0,0.0,2709.0,4643.0,0.0,0.0,0.0,0.0,1468.0,,,,7,3.208624163841458,1.8899785020749424,0.0033723453127869,3.6921966638804284e-16,2.5493013329582004,1.0092936587501425e-17,2.0562314831292547,0.5108719701854763,1,Gentrificació residencial,1.7803232378343856,-1.827404338644828,1.4936290625185826,Gentrificació intensa
2012,Barri,el barri gotic,,,16881,10102.0,0.0,2672.0,4103.0,,,,,1506.0,,,,7,3.3504970131948486,1.6324043753500728,0.0033723453127869,3.6921966638804284e-16,2.491450694272461,1.0092936587501425e-17,2.009569951576718,0.4993018424483283,1,Gentrificació residencial,1.7399228210440054,-1.7859355225574718,1.4936290625185826,Gentrificació intensa
2013,Barri,el barri gotic,,,16276,9703.0,0.0,2829.0,3740.0,,,,,1357.0,,,,7,3.7873769641162776,1.4579384482074624,0.0033723453127869,3.6921966638804284e-16,2.62265770616187,1.0092936587501425e-17,2.115399727431914,0.5255432448262102,1,Gentrificació residencial,1.831552197773068,-1.8799880614580435,1.4936290625185826,Gentrificació intensa
2014,Barri,el barri gotic,,-0.7815895202772029,15735,9126.0,0.0,3081.0,3525.0,,,,,1222.0,1.274740000209968,0.8763127704839969,-0.1852979021715543,7,4.40603295279442,1.3821552848333791,1.0755263853469823,-0.7815895202772029,2.8940941188139,-0.1852979021715543,2.048427507339193,0.6299403028494029,1,Gentrificació residencial,2.207456522378505,-0.6407049339277691,1.4936290625185826,Gentrificació intensa
2015,Barri,el barri gotic,-0.6369465856737325,-0.5472093237933836,15514,9007.0,6.0,3079.0,3422.0,,,,,1197.0,1.4932754106338462,0.709379180485724,-0.1852979021715543,7,4.480874080550019,1.336817815585697,0.5219026684819459,-0.5472093237933836,2.908845948067858,-0.1852979021715543,2.09650123884105,0.5371176125858294,1,Gentrificació residencial,1.839834234470081,-1.3734146793215167,1.4936290625185826,Gentrificació intensa
2016,Barri,el barri gotic,-0.6461908426868986,0.0554826100221515,15729,8925.0,8.0,3208.0,3588.0,,,,,1051.0,1.902017567167396,0.4709026233453335,-0.181194903213307,7,4.635277751306862,1.435946167474531,0.575576449275277,0.0554826100221515,3.035611959390697,-0.181194903213307,2.5041414261512247,0.7602011290247066,1,Gentrificació residencial,2.712515448093363,-1.2461728945776316,1.4936290625185826,Gentrificació intensa
2017,Barri,el barri gotic,-0.5782462088604503,0.4572772325658417,16240,8726.0,9.0,3392.0,4113.0,,,,,9490.0,1.9950974641997885,0.5583440276301429,-0.181194903213307,7,4.773475773434623,1.7666479759023197,0.6583984276564937,0.4572772325658417,3.270061874668471,-0.181194903213307,2.902757714644343,0.9524760923577336,1,Gentrificació residencial,3.452519197088633,-1.2009846282432413,1.4936290625185826,Gentrificació intensa
2018,Barri,el barri gotic,-0.5633188919559045,0.323345691717945,17035,8501.0,7.0,3377.0,5150.0,,,,,9240.0,2.6385628393367626,0.8445158961986121,-0.1750404047759361,7,4.474488666550578,2.4116869090993056,0.9732532811931568,0.323345691717945,3.443087787824942,-0.1750404047759361,3.0232466696779228,1.042589168483132,1,Gentrificació residencial,3.7926998120717994,-0.9182728171142543,1.4936290625185826,Gentrificació intensa
2019,Barri,el barri gotic,-0.5476278847164194,0.4907601177778159,19180,8387.0,9.0,3846.0,6938.0,,,,,8980.0,2.326947531880492,1.0035002676255391,-0.1770919042550597,7,4.538698325524785,3.192912640565721,0.927606638263204,0.4907601177778159,3.865805483045253,-0.1770919042550597,3.4394393904943463,1.1632527425703445,1,Gentrificació residencial,4.231208462302024,-1.2438957160155215,1.4936290625185826,Gentrificació intensa
2020,Barri,el barri gotic,-0.5921656266649642,0.2563799212939966,21715,8270.0,13.0,3891.0,9541.0,,,,,9180.0,1.6794352046986312,0.9319573004834216,-0.1760661545154979,7,3.93846426025648,4.213855947307647,0.6730756261723628,0.2563799212939966,4.076160103782064,-0.1760661545154979,3.4577188793536378,1.058855454093221,1,Gentrificació residencial,3.798174254720813,-1.809724296095092,1.4936290625185826,Gentrificació intensa
2021,Barri,el barri gotic,-0.5316812978609466,-0.0784489308257451,22850,8257.0,12.0,3436.0,11145.0,4506.0,7788.0,3534.0,4041.0,144.0,-1.2323467915972994,1.019398704768232,-0.1760661545154979,7,3.1279048090613317,4.849917327980336,-0.2482097948966713,-0.0784489308257451,3.988911068520833,-0.1760661545154979,3.090929100536341,0.6645713650843422,1,Gentrificació residencial,2.2459608537935263,-3.123469404905713,1.4936290625185826,Gentrificació intensa
2022,Barri,el barri gotic,,0.9260376255334802,22748,8243.0,6.0,3505.0,10994.0,4082.0,7793.0,3813.0,4150.0,8380.0,2.294571915521399,0.8604143333413051,-0.1750404047759361,7,3.2322032045567823,4.791390883157224,1.577493124431352,0.9260376255334802,4.011797043857003,-0.1750404047759361,3.864839870274448,1.518410552805663,1,Gentrificació residencial,5.6237105775664045,-0.3310113715471344,1.4936290625185826,Gentrificació intensa
2023,Barri,el barri gotic,,1.1939007072292738,24460,8385.0,10.0,3281.0,12784.0,4772.0,8596.0,4364.0,4820.0,8670.0,1.209988767491782,1.186332294766505,1.687721122268326,7,2.6711952729092694,5.308866099619389,1.1981605311291434,1.1939007072292738,3.990030686264329,1.687721122268326,4.474108373802097,1.8531687332140565,1,Gentrificació residencial,7.042349877242689,-1.9332305266101328,1.4936290625185826,Gentrificació intensa
2024,Barri,el barri gotic,,1.1269349368053254,27222,8612.0,8.0,3402.0,15200.0,,,,,9890.0,0.5422416800854879,0.8206682404845733,1.8518410805982168,7,2.413369431680414,5.778592377479377,0.6814549602850306,1.1269349368053254,4.095980904579895,1.8518410805982168,4.501156559421431,1.7320813661627292,1,Gentrificació residencial,6.561597163778392,-2.853194321909525,1.4936290625185826,Gentrificació intensa
2025,Barri,el barri gotic,,1.227383592441248,27878,8903.0,8.0,3415.0,15552.0,,,,,9520.0,0.926702124349718,0.6934807433430311,,7,2.3437594456591677,5.771851269639815,0.8100914338463745,1.227383592441248,4.057805357649492,1.0092936587501425e-17,3.9921263763771706,1.422803579416185,1,Gentrificació residencial,5.251055317667748,-1.4786000647097388,1.4936290625185826,Gentrificació intensa
2000,Barri,el besos i el maresme,,,21207,20954.0,0.0,29.0,224.0,,,,,,,,,8,-1.0638635940652557,-1.4246867697184968,0.0033723453127869,3.6921966638804284e-16,-1.2442751818918762,1.0092936587501425e-17,-1.0036152923960389,-0.247843332784539,0,Intermedi,-0.8689486770134741,0.8919282457750077,0.5044426275173394,Estable
2001,Barri,el besos i el maresme,,,21036,20535.0,0.0,34.0,465.0,0.0,0.0,0.0,0.0,,,,,8,-1.0568642886196404,-1.27291276145328,0.0033723453127869,3.6921966638804284e-16,-1.1648885250364602,1.0092936587501425e-17,-0.9395831040250135,-0.2319660014134558,0,Intermedi,-0.813508424366025,0.8350218615462925,0.5044426275173394,Estable
2002,Barri,el besos i el maresme,,,21264,20264.0,6.0,41.0,953.0,,,,,,,,,8,-1.0480909695549054,-0.9742596377151024,0.0033723453127869,3.6921966638804284e-16,-1.011175303635004,1.0092936587501425e-17,-0.8156001283239318,-0.2012233571331646,0,Intermedi,-0.7061616715575443,0.7248362965585147,0.5044426275173394,Estable
2003,Barri,el besos i el maresme,,,21623,19726.0,5.0,58.0,1834.0,,,,,,,,,8,-1.0268743007924432,-0.4482956311910935,0.0033723453127869,3.6921966638804284e-16,-0.7375849659917684,1.0092936587501425e-17,-0.5949259151703281,-0.1465052896045174,0,Intermedi,-0.5150978575407041,0.5287197513871363,0.5044426275173394,Estable
2004,Barri,el besos i el maresme,,,21805,19183.0,0.0,88.0,2531.0,,,,,,,,,8,-0.988799495833576,-0.0372870400640056,0.0033723453127869,3.6921966638804284e-16,-0.5130432679487908,1.0092936587501425e-17,-0.4138136618552182,-0.1015969499959219,0,Intermedi,-0.3582875198530726,0.3677625244381078,0.5044426275173394,Estable
2005,Barri,el besos i el maresme,,,22067,18681.0,10.0,124.0,3252.0,,,,,,,,,8,-0.9442533525413808,0.3742196210693777,0.0033723453127869,3.6921966638804284e-16,-0.2850168657360015,1.0092936587501425e-17,-0.2298906939608928,-0.0559916695533641,0,Intermedi,-0.1990436135126151,0.2043073724943049,0.5044426275173394,Estable
2006,Barri,el besos i el maresme,,,22403,18212.0,12.0,163.0,4016.0,,,,,,,,,8,-0.8976512806957294,0.7935796781846445,0.0033723453127869,3.6921966638804284e-16,-0.0520358012555424,1.0092936587501425e-17,-0.0419713634509198,-0.0093954566572722,0,Intermedi,-0.0363395825267442,0.0373005920288345,0.5044426275173394,Estable
2007,Barri,el besos i el maresme,,,22033,17640.0,9.0,403.0,3981.0,,,,,,,,,8,-0.5877811195291374,0.81227546011099,0.0033723453127869,3.6921966638804284e-16,0.1122471702909263,1.0092936587501425e-17,0.0905370277183148,0.0234611376520214,0,Intermedi,0.0783886326290819,-0.0804616399553763,0.5044426275173394,Estable
2008,Barri,el besos i el maresme,,,23319,17427.0,0.0,597.0,5293.0,,,,,,,,,8,-0.3821179527692797,1.4210692929689548,0.0033723453127869,3.6921966638804284e-16,0.5194756700998375,1.0092936587501425e-17,0.4190019491887452,0.1049068376138037,0,Intermedi,0.3627796349579258,-0.3723734346693794,0.5044426275173394,Estable
2009,Barri,el besos i el maresme,,,24018,17350.0,0.0,637.0,6029.0,,,,,,,,,8,-0.3562272689597062,1.737147928369267,0.0033723453127869,3.6921966638804284e-16,0.6904603297047804,1.0092936587501425e-17,0.5569158300102979,0.1391037695347923,0,Intermedi,0.482188023002288,-0.494939607904462,0.5044426275173394,Estable
2010,Barri,el besos i el maresme,,,23798,17290.0,0.0,597.0,5908.0,,,,,,,,,8,-0.3966142573035165,1.7008045697292966,0.0033723453127869,3.6921966638804284e-16,0.65209515621289,1.0092936587501425e-17,0.5259710073760117,0.1314307348364142,0,Intermedi,0.4553954233954371,-0.4674384711869018,0.5044426275173394,Estable
2011,Barri,el besos i el maresme,,,23976,17313.0,0.0,606.0,6055.0,0.0,0.0,0.0,0.0,208.0,,,,8,-0.3912935852509939,1.7571892520072243,0.0033723453127869,3.6921966638804284e-16,0.6829478333781152,1.0092936587501425e-17,0.5508563535317534,0.1376012702694592,0,Intermedi,0.4769416162273824,-0.4895544585680864,0.5044426275173394,Estable
2012,Barri,el besos i el maresme,,,23720,17269.0,0.0,596.0,5851.0,,,,,2188.0,,,,8,-0.3954795925096087,1.679940942969323,0.0033723453127869,3.6921966638804284e-16,0.6422306752298572,1.0092936587501425e-17,0.5180144523388303,0.1294578386398076,0,Intermedi,0.4485064909274616,-0.4603673591477629,0.5044426275173394,Estable
2013,Barri,el besos i el maresme,,,23143,17117.0,0.0,640.0,5385.0,,,,,2327.0,,,,8,-0.3243714998669951,1.496039181158736,0.0033723453127869,3.6921966638804284e-16,0.5858338406458704,1.0092936587501425e-17,0.4725255392310725,0.1181784717230103,0,Intermedi,0.4091213488682982,-0.4199406669901034,0.5044426275173394,Estable
2014,Barri,el besos i el maresme,,-1.71911030621248,22840,17048.0,0.0,627.0,5165.0,,,,,2263.0,0.1294525715070516,-0.6578864137858482,-0.3432633620640743,8,-0.3300628880229175,1.409972180643253,-0.2642169211393983,-1.71911030621248,0.5399546463101678,-0.3432633620640743,-0.5497081418467077,-0.5556599113563447,2,Baixa gentrificació,-2.274038464661153,-0.965712755657768,0.5044426275173394,Estable
2015,Barri,el besos i el maresme,-1.1004081799425522,-1.4847301097286607,22844,17336.0,0.0,592.0,4916.0,,,,,2153.0,-0.170021879814559,-0.6578864137858482,-0.3432633620640743,8,-0.3732997470784284,1.2661245149905285,-0.6427721578476532,-1.4847301097286607,0.44641238395605,-0.3432633620640743,-0.5639587857968211,-0.617620875894499,2,Baixa gentrificació,-2.5096030031390986,-1.374588004642132,0.5044426275173394,Estable
2016,Barri,el besos i el maresme,-1.1586690949711442,-1.350798568880764,22783,17214.0,0.0,583.0,4985.0,,,,,1834.0,-0.2590548248020649,-0.6340387580718089,-0.3412118625849507,8,-0.3824607597874595,1.313524314031653,-0.683920892615006,-1.350798568880764,0.4655317771220967,-0.3412118625849507,-0.4879229664319177,-0.5855518555413017,2,Baixa gentrificació,-2.3840018661983,-1.415170571578605,0.5044426275173394,Estable
2017,Barri,el besos i el maresme,-1.165128581937222,-0.9490039463370736,23063,17068.0,0.0,687.0,5308.0,,,,,1612.0,0.157781235821258,-0.6499371952145018,-0.3412118625849507,8,-0.2643432075896362,1.462751118633569,-0.5524281804434885,-0.9490039463370736,0.5992039555219665,-0.3412118625849507,-0.1636356609403258,-0.3988312194467655,2,Baixa gentrificació,-1.6566383444065964,-1.2292944489041793,0.5044426275173394,Estable
2018,Barri,el besos i el maresme,-1.1693394119291936,-0.6476579794293061,23721,17073.0,0.0,797.0,5848.0,,,,,1531.0,0.4167861666940024,-0.4830036052162283,-0.3412118625849507,8,-0.1571342814371151,1.678141219063824,-0.4118522834838065,-0.6476579794293061,0.7605034688133545,-0.3412118625849507,0.1348153939103507,-0.233994757628253,2,Baixa gentrificació,-1.0187109072793814,-1.0746411614818177,0.5044426275173394,Estable
2019,Barri,el besos i el maresme,-1.211065418501328,-0.5137264385814094,24847,17002.0,0.0,965.0,6878.0,,,,,1429.0,0.4451148310082088,-0.4909528237875742,-0.3412118625849507,8,-0.0097582592848853,2.0763199883562256,-0.4189678037602311,-0.5137264385814094,1.03328086453567,-0.3412118625849507,0.4197080434643661,-0.1413944723123483,2,Baixa gentrificació,-0.6773156113518629,-1.2479245871111035,0.5044426275173394,Estable
2020,Barri,el besos i el maresme,-1.204430227540161,-0.3128291273095643,25705,16742.0,0.0,1042.0,7917.0,,,,,1437.0,-4.989392932053018e-05,-0.5624957909296918,-0.3412118625849507,8,0.0380425960886241,2.486319365849249,-0.5889919707997245,-0.3128291273095643,1.2621809809689366,-0.3412118625849507,0.6788694610055135,-0.0863525057559895,0,Intermedi,-0.480152492951425,-1.6027326460639049,0.5044426275173394,Estable
2021,Barri,el besos i el maresme,-1.0897080882573038,-0.5137264385814094,26116,16820.0,0.0,977.0,8315.0,5142.0,4971.0,6690.0,5046.0,1965.0,0.3601288380655896,-0.5148004795016142,-0.3412118625849507,8,-0.049921210077126,2.6229747564952954,-0.4147932432311095,-0.5137264385814094,1.2865267732090846,-0.3412118625849507,0.6245694277567332,-0.0894929224189289,0,Intermedi,-0.4955071497240362,-1.4235868571559724,0.5044426275173394,Estable
2022,Barri,el besos i el maresme,,-0.245863356885616,26349,16979.0,0.0,1024.0,8342.0,4863.0,5286.0,6994.0,5095.0,1422.0,0.2549080848985371,-0.371714545217379,-0.3412118625849507,8,-0.0090474157558104,2.5994278742537125,-0.0584032301594209,-0.245863356885616,1.295190229248951,-0.3412118625849507,0.8142818278786828,0.099515697219289,0,Intermedi,0.2520134030376617,-0.8640755475056494,0.5044426275173394,Estable
2023,Barri,el besos i el maresme,,-0.1119318160377193,27892,17111.0,7.0,1032.0,9742.0,5033.0,6014.0,7293.0,5711.0,1316.0,0.0242318183399992,-0.5545465723583454,-0.045795937591147,8,-0.0614597649534439,3.0291362788455163,-0.2651573770091731,-0.1119318160377193,1.4838382569460362,-0.045795937591147,1.0898886385592514,0.1744817059569101,0,Intermedi,0.5460428850833707,-1.4400122225429948,0.5044426275173394,Estable
2024,Barri,el besos i el maresme,,0.1894141508700483,30485,17484.0,7.0,1193.0,11801.0,,,,,1354.0,-0.4209329065975301,-0.5545465723583454,-0.045795937591147,8,-0.0014224157808732,3.526606859284402,-0.4877397394779377,0.1894141508700483,1.7625922217517644,-0.045795937591147,1.4311672818373296,0.2538615802497567,1,Gentrificació residencial,0.8351767418991516,-1.8802787630492157,0.5044426275173394,Estable
2025,Barri,el besos i el maresme,,0.1224483804460999,30724,17670.0,6.0,1221.0,11827.0,,,,,1345.0,-0.2347731125327451,-0.6419879766431553,,8,0.0156513157812498,3.4981381239723053,-0.4383805445879502,0.1224483804460999,1.7568947198767777,1.0092936587501425e-17,1.414185143778698,0.2565992947328004,1,Gentrificació residencial,0.8485625602439738,-1.8511520539104165,0.5044426275173394,Estable
2000,Barri,el bon pastor,,,9847,9764.0,0.0,11.0,72.0,,,,,,,,,9,-1.0709072816702176,-1.467430735645758,0.0033723453127869,3.6921966638804284e-16,-1.269169008657988,1.0092936587501425e-17,-1.0236943115650463,-0.2528220981377614,0,Intermedi,-0.8863334630712703,0.9097727769215388,0.12879563407610273,Desgentrificació
2001,Barri,el bon pastor,,,9893,9736.0,0.0,15.0,142.0,0.0,0.0,0.0,0.0,,,,,9,-1.0596789691754005,-1.374837546738442,0.0033723453127869,3.6921966638804284e-16,-1.217258257956921,1.0092936587501425e-17,-0.981823812175888,-0.242439947997548,0,Intermedi,-0.8500812105141762,0.8725618243256124,0.12879563407610273,Desgentrificació
2002,Barri,el bon pastor,,,10032,9692.0,0.0,18.0,320.0,,,,,,,,,9,-1.051857344551329,-1.144142687211061,0.0033723453127869,3.6921966638804284e-16,-1.098000015881195,1.0092936587501425e-17,-0.885631750135814,-0.2185882995824027,0,Intermedi,-0.7667963446076728,0.7870744689585445,0.12879563407610273,Desgentrificació
2003,Barri,el bon pastor,,,10595,9930.0,0.0,21.0,642.0,,,,,,,,,9,-1.0465739455623302,-0.7668028484847774,0.0033723453127869,3.6921966638804284e-16,-0.9066883970235536,1.0092936587501425e-17,-0.7313224228319961,-0.1803259758108745,0,Intermedi,-0.6331924758469929,0.649937411909294,0.12879563407610273,Desgentrificació
2004,Barri,el bon pastor,,,11389,10496.0,0.0,38.0,855.0,,,,,,,,,9,-1.0084697937443703,-0.576430476984388,0.0033723453127869,3.6921966638804284e-16,-0.7924501353643792,1.0092936587501425e-17,-0.6391794081304054,-0.1574783234790396,0,Intermedi,-0.5534133499930749,0.5680485067821097,0.12879563407610273,Desgentrificació
2005,Barri,el bon pastor,,,11732,10591.0,0.0,63.0,1078.0,,,,,,,,,9,-0.951267236150224,-0.355352187023172,0.0033723453127869,3.6921966638804284e-16,-0.653309711586698,1.0092936587501425e-17,-0.5269506510789119,-0.1296502387235034,0,Intermedi,-0.4562436170270303,0.4683090955148016,0.12879563407610273,Desgentrificació
2006,Barri,el bon pastor,,,12041,10604.0,0.0,70.0,1367.0,,,,,,,,,9,-0.9387895853160336,-0.0707586813410973,0.0033723453127869,3.6921966638804284e-16,-0.5047741333285655,1.0092936587501425e-17,-0.4071438913088658,-0.0999431230718768,0,Intermedi,-0.3525127091899152,0.3618349974382677,0.12879563407610273,Desgentrificació
2007,Barri,el bon pastor,,,12172,10544.0,0.0,141.0,1487.0,,,,,,,,,9,-0.7764551230045548,0.0428093624238163,0.0033723453127869,3.6921966638804284e-16,-0.3668228802903692,1.0092936587501425e-17,-0.2958743030624612,-0.0723528724642376,0,Intermedi,-0.2561734423103576,0.2629480141443144,0.12879563407610273,Desgentrificació
2008,Barri,el bon pastor,,,13089,10541.0,0.0,215.0,2333.0,,,,,,,,,9,-0.6402396265203685,0.7801617324906616,0.0033723453127869,3.6921966638804284e-16,0.0699610529851465,1.0092936587501425e-17,0.0564296255923587,0.0150039141908655,0,Intermedi,0.0488578132222163,-0.0501498705187841,0.12879563407610273,Desgentrificació
2009,Barri,el bon pastor,,,13829,10590.0,0.0,274.0,2965.0,,,,,,,,,9,-0.5449450819994069,1.2556810297403975,0.0033723453127869,3.6921966638804284e-16,0.3553679738704954,1.0092936587501425e-17,0.2866349326858286,0.0720852983679352,0,Intermedi,0.2481738246022166,-0.2547368445113558,0.12879563407610273,Desgentrificació
2010,Barri,el bon pastor,,,13809,10639.0,0.0,296.0,2874.0,,,,,,,,,9,-0.4993191990545816,1.1731119731607622,0.0033723453127869,3.6921966638804284e-16,0.3368963870530903,1.0092936587501425e-17,0.2717360041573484,0.0683909810044542,0,Intermedi,0.2352740568009181,-0.2414959390697808,0.12879563407610273,Desgentrificació
2011,Barri,el bon pastor,,,13621,10645.0,0.0,308.0,2668.0,0.0,0.0,0.0,0.0,9670.0,,,,9,-0.4662123447345806,1.0120190308704795,0.0033723453127869,3.6921966638804284e-16,0.2729033430679494,1.0092936587501425e-17,0.2201200927535632,0.0555923722074261,0,Intermedi,0.1905840463287931,-0.1956240899048028,0.12879563407610273,Desgentrificació
2012,Barri,el bon pastor,,,13198,10733.0,0.0,288.0,2176.0,,,,,1037.0,,,,9,-0.488454906969953,0.60438518798481,0.0033723453127869,3.6921966638804284e-16,0.0579651405074284,1.0092936587501425e-17,0.0467538871511427,0.0126047316953219,0,Intermedi,0.0404803799753091,-0.0415508939190472,0.12879563407610273,Desgentrificació
2013,Barri,el bon pastor,,,12813,10844.0,0.0,312.0,1657.0,,,,,1067.0,,,,9,-0.4173156887585687,0.1369074144075227,0.0033723453127869,3.6921966638804284e-16,-0.140204137175523,1.0092936587501425e-17,-0.1130867336858722,-0.0270291238412683,0,Intermedi,-0.0979125850000863,0.100501908212318,0.12879563407610273,Desgentrificació
2014,Barri,el bon pastor,,-1.5851787653645832,12676,10883.0,0.0,308.0,1485.0,,,,,103.0,-0.6313744129316349,-0.5704450095010383,-0.373010104511367,9,-0.4187893316944859,-0.0231354841143774,-0.6009097112163366,-1.5851787653645832,-0.2209624079044317,-0.373010104511367,-1.1544600615428775,-0.7746210454574357,2,Baixa gentrificació,-3.070506884474007,-0.8431702348542256,0.12879563407610273,Desgentrificació
2015,Barri,el bon pastor,-0.7663170133331326,-1.350798568880764,12560,10972.0,0.0,237.0,1350.0,,,,,9610.0,-0.574717084303222,-0.6022418837864235,-0.373010104511367,9,-0.5715017678846661,-0.1502419228038864,-0.6477586604742593,-1.350798568880764,-0.3608718453442763,-0.373010104511367,-1.1586959925113756,-0.7463435587776356,2,Baixa gentrificació,-2.944945353583839,-0.7523151274152828,0.12879563407610273,Desgentrificació
2016,Barri,el bon pastor,-0.8088633360322514,-1.3842814540927382,12594,10987.0,0.0,248.0,1358.0,,,,,8650.0,-0.6313744129316349,-0.5704450095010383,-0.373010104511367,9,-0.5483636256470434,-0.1457047950951214,-0.6702275861549748,-1.3842814540927382,-0.3470342103710824,-0.373010104511367,-1.1672192446319456,-0.7603615750508038,2,Baixa gentrificació,-3.001771987983904,-0.8018976518304829,0.12879563407610273,Desgentrificació
2017,Barri,el bon pastor,-0.81517689180034,-1.1164183723969447,12582,10924.0,0.0,237.0,1421.0,,,,,7490.0,-0.5989987965725418,-0.2524762666471837,-0.373010104511367,9,-0.5724299422048487,-0.0785122293858764,-0.5555506516733552,-1.1164183723969447,-0.3254710857953625,-0.373010104511367,-1.0016524294459788,-0.6412869452824358,2,Baixa gentrificació,-2.5319898198216357,-0.5915649163276644,0.12879563407610273,Desgentrificació
2018,Barri,el bon pastor,-0.8071156568448807,-0.6811408646412803,12740,10865.0,0.0,250.0,1625.0,,,,,6910.0,-0.5261536597645825,-0.4512067309308425,-0.373010104511367,9,-0.550295800028709,0.1136232298638739,-0.5948253491801019,-0.6811408646412803,-0.2183362850824175,-0.373010104511367,-0.7067063624975854,-0.5010591420651715,2,Baixa gentrificació,-1.9859070748854224,-0.6187595493922121,0.12879563407610273,Desgentrificació
2019,Barri,el bon pastor,-0.8456429647816132,-0.7815895202772029,13126,10831.0,0.0,284.0,2011.0,,,,,6520.0,-0.6354213649765215,-0.2524762666471837,-0.373010104511367,9,-0.4936604572722578,0.4509849050774712,-0.5778468654684394,-0.7815895202772029,-0.0213377760973933,-0.373010104511367,-0.5948015996709606,-0.4867004918454447,2,Baixa gentrificació,-1.9476952783913064,-0.760288463171327,0.12879563407610273,Desgentrificació
2020,Barri,el bon pastor,-0.8529515192185776,-0.3128291273095643,13652,10796.0,0.0,289.0,2567.0,,,,,6730.0,-0.5706701322583354,-0.4989020423589212,-0.373010104511367,9,-0.5068089121447178,0.9088900277686524,-0.6408412312786115,-0.3128291273095643,0.2010405578119673,-0.373010104511367,-0.1938193430497738,-0.3204950169163327,2,Baixa gentrificació,-1.309435172964876,-0.8953863082847521,0.12879563407610273,Desgentrificació
2021,Barri,el bon pastor,-0.7309496663838883,-0.6811408646412803,13730,10707.0,0.0,282.0,2741.0,2286.0,2979.0,3360.0,2739.0,8260.0,-0.6070927006623151,-0.4591559495021895,-0.373010104511367,9,-0.5245345954732579,1.0614840676344206,-0.5990661055161309,-0.6811408646412803,0.2684747360805813,-0.373010104511367,-0.3146574414711027,-0.4049691647333804,2,Baixa gentrificació,-1.6509698937709072,-0.9736820916677984,0.12879563407610273,Desgentrificació
2022,Barri,el bon pastor,,-0.446760668157461,13553,10627.0,0.0,286.0,2640.0,2096.0,3031.0,3459.0,2771.0,6080.0,-0.6151866047520883,-0.2524762666471837,-0.373010104511367,9,-0.5086858816568144,0.9977758107818018,-0.433831435699636,-0.446760668157461,0.2445449645624937,-0.373010104511367,-0.1950306963735376,-0.2898706591469038,2,Baixa gentrificació,-1.192815915490547,-0.6677016259124552,0.12879563407610273,Desgentrificació
2023,Barri,el bon pastor,,-0.6476579794293061,14434,10632.0,0.0,280.0,3522.0,2228.0,3390.0,3616.0,3127.0,5630.0,-0.542341467944129,0.1847307547768654,-0.3637783568553107,9,-0.5566139766866112,1.644934077197619,-0.1788053565836317,-0.6476579794293061,0.544160050255504,-0.3637783568553107,-0.0130267712725695,-0.2118626621238427,0,Intermedi,-0.9122909662535668,-0.5778985417586937,0.12879563407610273,Desgentrificació
2024,Barri,el bon pastor,,-0.7815895202772029,15798,10870.0,0.0,338.0,4589.0,,,,,5570.0,-0.5463884199890157,0.3437151262037924,-0.3637783568553107,9,-0.50044960639568,2.256013688124634,-0.1013366468926116,-0.7815895202772029,0.877782040864477,-0.3637783568553107,0.2012502359441163,-0.162077113349111,0,Intermedi,-0.7467420286719316,-0.7403568988942194,0.12879563407610273,Desgentrificació
2025,Barri,el bon pastor,,-0.4802435533694352,15918,10985.0,0.0,329.0,4603.0,,,,,5530.0,-0.6637500292907279,-0.3478668895033401,,9,-0.5208926523956995,2.23878405007852,-0.505808459397034,-0.4802435533694352,0.8589456988414101,1.0092936587501425e-17,0.3837631474424078,-0.1240264640616587,0,Intermedi,-0.575549133999818,-1.4474637340711491,0.12879563407610273,Desgentrificació
2000,Barri,el camp de larpa del clot,,,36381,35428.0,9.0,159.0,785.0,,,,,,,,,10,-0.97938542068678,-1.279852486049024,0.0033723453127869,3.6921966638804284e-16,-1.129618953367902,1.0092936587501425e-17,-0.911135151355088,-0.2249120870797442,0,Intermedi,-0.7888776609414687,0.8097397313186829,0.9170553948837686,Gentrificació moderada
2001,Barri,el camp de larpa del clot,,,36593,34926.0,9.0,195.0,1463.0,0.0,0.0,0.0,0.0,,,,,10,-0.9524217762661712,-1.037865266730787,0.0033723453127869,3.6921966638804284e-16,-0.9951435214984792,1.0092936587501425e-17,-0.8026691127811207,-0.1980170007058596,0,Intermedi,-0.6949657592059693,0.7133443054573692,0.9170553948837686,Gentrificació moderada
2002,Barri,el camp de larpa del clot,,,38125,35304.0,13.0,298.0,2510.0,,,,,,,,,10,-0.8824437200452282,-0.6978818004742947,0.0033723453127869,3.6921966638804284e-16,-0.7901627602597614,1.0092936587501425e-17,-0.6373344427498776,-0.1570208484581161,0,Intermedi,-0.5518159448531853,0.5664088578570309,0.9170553948837686,Gentrificació moderada
2003,Barri,el camp de larpa del clot,,,38542,34612.0,12.0,378.0,3540.0,,,,,,,,,10,-0.8264307525962599,-0.3558464308137947,0.0033723453127869,3.6921966638804284e-16,-0.5911385917050274,1.0092936587501425e-17,-0.476804278663317,-0.1172160147471692,0,Intermedi,-0.4128259605826712,0.4237432481034491,0.9170553948837686,Gentrificació moderada
2004,Barri,el camp de larpa del clot,,,38272,33823.0,5.0,468.0,3976.0,,,,,,,,,10,-0.7583298562704944,-0.1975281387875641,0.0033723453127869,3.6921966638804284e-16,-0.4779289975290293,1.0092936587501425e-17,-0.3854909730421057,-0.0945740959119696,0,Intermedi,-0.3337652121918749,0.3425917181141022,0.9170553948837686,Gentrificació moderada
2005,Barri,el camp de larpa del clot,,,38486,33264.0,10.0,582.0,4630.0,,,,,,,,,10,-0.6769129546635851,0.0183236408350691,0.0033723453127869,3.6921966638804284e-16,-0.329294656914258,1.0092936587501425e-17,-0.2656045529100447,-0.0648472277890154,0,Intermedi,-0.2299653329404067,0.2360468246566211,0.9170553948837686,Gentrificació moderada
2006,Barri,el camp de larpa del clot,,,38898,33087.0,13.0,756.0,5042.0,,,,,,,,,10,-0.5555786002850743,0.1408426893236591,0.0033723453127869,3.6921966638804284e-16,-0.2073679554807075,1.0092936587501425e-17,-0.167260148158628,-0.0404618875023053,0,Intermedi,-0.144816928917584,0.1486466494337982,0.9170553948837686,Gentrificació moderada
2007,Barri,el camp de larpa del clot,,,38586,32913.0,15.0,1070.0,4588.0,,,,,,,,,10,-0.3222302581467897,-8.869175649810328e-05,0.0033723453127869,3.6921966638804284e-16,-0.1611594749516439,1.0092936587501425e-17,-0.1299890216648563,-0.0312201913964925,0,Intermedi,-0.1125468984557678,0.1155232298092495,0.9170553948837686,Gentrificació moderada
2008,Barri,el camp de larpa del clot,,,38786,32680.0,16.0,1289.0,4801.0,,,,,,,,,10,-0.1674102668283084,0.0640605257923436,0.0033723453127869,3.6921966638804284e-16,-0.0516748705179824,1.0092936587501425e-17,-0.0416802416693536,-0.0093232705097602,0,Intermedi,-0.0360875239054195,0.0370418676531633,0.9170553948837686,Gentrificació moderada
2009,Barri,el camp de larpa del clot,,,38839,32495.0,7.0,1407.0,4930.0,,,,,,,,,10,-0.0832164425201692,0.1055133898544131,0.0033723453127869,3.6921966638804284e-16,0.0111484736671219,1.0092936587501425e-17,0.0089922059219938,0.0032413983272605,0,Intermedi,0.0077856181532412,-0.007991510805404,0.9170553948837686,Gentrificació moderada
2010,Barri,el camp de larpa del clot,,,38350,32322.0,0.0,1404.0,4622.0,,,,,,,,,10,-0.0724223725609715,0.0211905101744384,0.0033723453127869,3.6921966638804284e-16,-0.0256159311932665,1.0092936587501425e-17,-0.0206614586939185,-0.0041114826448171,0,Intermedi,-0.0178890729677765,0.0183621540521,0.9170553948837686,Gentrificació moderada
2011,Barri,el camp de larpa del clot,,,37951,32148.0,0.0,1254.0,4548.0,0.0,0.0,0.0,0.0,2701.0,,,,10,-0.172784385088676,0.0122125616026224,0.0033723453127869,3.6921966638804284e-16,-0.0802859117430268,1.0092936587501425e-17,-0.0647575150271398,-0.0150454787547691,0,Intermedi,-0.0560682538776104,0.0575509931111263,0.9170553948837686,Gentrificació moderada
2012,Barri,el camp de larpa del clot,,,38168,32198.0,0.0,1297.0,4670.0,,,,,2895.0,,,,10,-0.1463759743087595,0.0452837636765242,0.0033723453127869,3.6921966638804284e-16,-0.0505461053161176,1.0092936587501425e-17,-0.0407697951422489,-0.0090975174693873,0,Intermedi,-0.0352992424680868,0.0362327399127382,0.9170553948837686,Gentrificació moderada
2013,Barri,el camp de larpa del clot,,,37977,31989.0,0.0,1383.0,4603.0,,,,,2889.0,,,,10,-0.0778628111234067,0.0301770647600636,0.0033723453127869,3.6921966638804284e-16,-0.0238428731816715,1.0092936587501425e-17,-0.0192313344250759,-0.0037568710424981,0,Intermedi,-0.0166508449328003,0.0170911807618229,0.9170553948837686,Gentrificació moderada
2014,Barri,el camp de larpa del clot,,-1.0494526019729964,37796,31977.0,0.0,1470.0,4348.0,,,,,2725.0,-0.8462675665151149,-0.4353082937881506,-0.0970834245692379,10,-0.008202065796978,-0.0509052715682579,-0.6407879301516328,-1.0494526019729964,-0.029553668682618,-0.0970834245692379,-0.6608463939499404,-0.5323995782877601,2,Baixa gentrificació,-2.114936984013438,-1.0776090710099884,0.9170553948837686,Gentrificació moderada
2015,Barri,el camp de larpa del clot,0.0685661299841731,-0.7481066350652287,38168,32406.0,0.0,1587.0,4172.0,,,,,2507.0,-1.2335608772107656,-0.5545465723583454,-0.0970834245692379,10,0.0673692580109248,-0.1262820443382606,-0.5731804398616459,-0.7481066350652287,-0.0294563931636679,-0.0970834245692379,-0.5028489003154164,-0.4216940860246435,2,Baixa gentrificació,-1.6761495562611295,-0.9100205885452916,0.9170553948837686,Gentrificació moderada
2016,Barri,el camp de larpa del clot,0.0229061649898034,-0.3797948977335127,38130,32284.0,0.0,1664.0,4179.0,,,,,2276.0,-0.8563849466273316,-0.5942926652150771,-0.1001606737879234,10,0.1253445763929531,-0.1224356794261288,-0.475923815617535,-0.3797948977335127,0.0014544484834121,-0.1001606737879234,-0.2837213415167357,-0.2764568590662165,0,Intermedi,-1.103585557845153,-0.7047966436750597,0.9170553948837686,Gentrificació moderada
2017,Barri,el camp de larpa del clot,-0.0163513521073032,0.0554826100221515,38247,31920.0,6.0,1832.0,4489.0,,,,,2021.0,-0.7734224297071556,-0.5545465723583454,-0.1001606737879234,10,0.2451580938850861,-0.0202668207127859,-0.448106784724268,0.0554826100221515,0.1124456365861501,-0.1001606737879234,0.0239252743945826,-0.1153302598509895,0,Intermedi,-0.4752179993536276,-0.6404015773302706,0.9170553948837686,Gentrificació moderada
2018,Barri,el camp de larpa del clot,-0.0331254723988585,0.0554826100221515,38327,31613.0,5.0,2027.0,4682.0,,,,,1888.0,-0.7090758921934581,-0.4512067309308425,-0.102212173267047,10,0.3854744702589996,0.0427263545424263,-0.3978026985077197,0.0554826100221515,0.214100412400713,-0.102212173267047,0.1125041329444756,-0.0803183787189372,0,Intermedi,-0.3462740864998794,-0.6412601944406705,0.9170553948837686,Gentrificació moderada
2019,Barri,el camp de larpa del clot,-0.06934358647273,0.2228970360820225,38912,31461.0,0.0,2337.0,5110.0,,,,,1755.0,-0.7479266318243698,-0.3637653266460331,-0.1011864235274852,10,0.5872244963308941,0.1632082002129891,-0.3936785149810443,0.2228970360820225,0.3752163482719416,-0.1011864235274852,0.3257140412987288,0.0035715412791847,0,Intermedi,-0.0288276177068805,-0.7112632626614349,0.9170553948837686,Gentrificació moderada
2020,Barri,el camp de larpa del clot,0.0150421886112007,0.2563799212939966,39136,31019.0,9.0,2521.0,5587.0,,,,,1768.0,-0.8430300048792057,-0.3240192337893013,-0.1011864235274852,10,0.7098173551479435,0.3135912207699939,-0.384002350019102,0.2563799212939966,0.5117042879589687,-0.1011864235274852,0.4536592524029252,0.043816844268765,0,Intermedi,0.1178037846971056,-0.7874289750513278,0.9170553948837686,Gentrificació moderada
2021,Barri,el camp de larpa del clot,0.0585518451994262,0.0554826100221515,38838,30473.0,9.0,2451.0,5905.0,3942.0,15954.0,6033.0,8160.0,233.0,-0.6953162552408436,-0.379663763788726,-0.1011864235274852,10,0.6730181734357704,0.435658672203122,-0.3388093912767145,0.0554826100221515,0.5543384228194462,-0.1011864235274852,0.3956703605491593,0.0056323654820233,0,Intermedi,-0.0378200787327366,-0.8028192393932274,0.9170553948837686,Gentrificació moderada
2022,Barri,el camp de larpa del clot,,0.4237943473538675,38207,30104.0,7.0,2568.0,5528.0,3619.0,16129.0,5894.0,8030.0,1552.0,-0.7948712755450548,-0.3558161080746872,-0.1001606737879234,10,0.7884857496627858,0.3389290704634276,-0.575343691809871,0.4237943473538675,0.5637074100631068,-0.1001606737879234,0.5509205709139194,0.0472445439182356,0,Intermedi,0.1271675553651831,-1.05410897856579,0.9170553948837686,Gentrificació moderada
2023,Barri,el camp de larpa del clot,,0.9930033959574286,38343,29706.0,5.0,2634.0,5998.0,3480.0,16892.0,5789.0,8138.0,148.0,2.3431353400600385,-0.395562200931419,2.6211533852695803,10,0.8302025899781031,0.4933615400345102,0.9737865695643098,0.9930033959574286,0.6617820650063067,2.6211533852695803,1.933916919805267,1.246624079711699,3,Gentrificació turística,4.997161683307893,-0.4870871038279371,0.9170553948837686,Gentrificació moderada
2024,Barri,el camp de larpa del clot,,0.9260376255334802,39060,29710.0,6.0,2841.0,6503.0,,,,,1587.0,1.8696419508083024,-0.4114606380741107,2.651925877456435,10,0.9438139267105534,0.625607930808257,0.7290906563670959,0.9260376255334802,0.7847109287594052,2.651925877456435,1.9742211390611428,1.1838658458133409,3,Gentrificació turística,4.738910469070252,-0.9544399684581696,0.9170553948837686,Gentrificació moderada
2025,Barri,el camp de larpa del clot,,1.059969166381377,39804,29790.0,6.0,3101.0,6907.0,,,,,1531.0,1.7644211976412505,-0.4750543866448824,,10,1.089325433497362,0.7181499289041999,0.6446834054981839,1.059969166381377,0.903737681200781,1.0092936587501425e-17,1.3420913222654838,0.6921433078040244,1,Gentrificació residencial,2.652988126659923,0.5093740729408603,0.9170553948837686,Gentrificació moderada
2000,Barri,el camp den grassot i gracia nova,,,33711,32912.0,0.0,236.0,560.0,,,,,,,,,11,-0.9053911605677636,-1.3451438558129654,0.0033723453127869,3.6921966638804284e-16,-1.1252675081903645,1.0092936587501425e-17,-0.9076253353692388,-0.2240417980442367,0,Intermedi,-0.785838797364387,0.8066205042214373,1.0256553064000005,Gentrificació intensa
2001,Barri,el camp den grassot i gracia nova,,,33697,32470.0,0.0,260.0,965.0,0.0,0.0,0.0,0.0,,,,,11,-0.8852730228716305,-1.1870139903505943,0.0033723453127869,3.6921966638804284e-16,-1.0361435066111124,1.0092936587501425e-17,-0.835739138323609,-0.2062169977283862,0,Intermedi,-0.7235983987857648,0.7427341424729322,1.0256553064000005,Gentrificació intensa
2002,Barri,el camp den grassot i gracia nova,,,34502,32538.0,19.0,380.0,1565.0,,,,,,,,,11,-0.7924933251068004,-0.9671306786307842,0.0033723453127869,3.6921966638804284e-16,-0.8798120018687923,1.0092936587501425e-17,-0.709644291198136,-0.1749506967799222,0,Intermedi,-0.614423148649522,0.6306717250805218,1.0256553064000005,Gentrificació intensa
2003,Barri,el camp den grassot i gracia nova,,,34823,32066.0,18.0,513.0,2226.0,,,,,,,,,11,-0.6879051622088994,-0.7230336289346314,0.0033723453127869,3.6921966638804284e-16,-0.7054693955717655,1.0092936587501425e-17,-0.5690219366400084,-0.1400821755205168,0,Intermedi,-0.4926697139643263,0.505698489849778,1.0256553064000005,Gentrificació intensa
2004,Barri,el camp den grassot i gracia nova,,,34878,31629.0,0.0,657.0,2588.0,,,,,,,,,11,-0.5724114797657555,-0.5878826265751373,0.0033723453127869,3.6921966638804284e-16,-0.5801470531704465,1.0092936587501425e-17,-0.4679386544663503,-0.115017707040253,0,Intermedi,-0.4051499392274557,0.4158642324112683,1.0256553064000005,Gentrificació intensa
2005,Barri,el camp den grassot i gracia nova,,,34743,31070.0,0.0,792.0,2879.0,,,,,,,,,11,-0.4610412692362849,-0.4739561148120547,0.0033723453127869,3.6921966638804284e-16,-0.4674986920241698,1.0092936587501425e-17,-0.3770780317077593,-0.0924880348109977,0,Intermedi,-0.3264811320292268,0.3351150085990079,1.0256553064000005,Gentrificació intensa
2006,Barri,el camp den grassot i gracia nova,,,35140,30975.0,0.0,964.0,3197.0,,,,,,,,,11,-0.3305893535246412,-0.3672719791348454,0.0033723453127869,3.6921966638804284e-16,-0.3489306663297433,1.0092936587501425e-17,-0.2814426887322588,-0.0687744296721124,0,Intermedi,-0.2436782837825722,0.2501224179713942,1.0256553064000005,Gentrificació intensa
2007,Barri,el camp den grassot i gracia nova,,,34538,30568.0,0.0,1277.0,2689.0,,,,,,,,,11,-0.0621936838188168,-0.5398251376839305,0.0033723453127869,3.6921966638804284e-16,-0.3010094107513736,1.0092936587501425e-17,-0.2427900613800481,-0.0591901785564385,0,Intermedi,-0.2102121243335547,0.2157712374243685,1.0256553064000005,Gentrificació intensa
2008,Barri,el camp den grassot i gracia nova,,,34696,30375.0,0.0,1547.0,2772.0,,,,,,,,,11,0.1519880542439418,-0.5130314264197795,0.0033723453127869,3.6921966638804284e-16,-0.1805216860879188,1.0092936587501425e-17,-0.1456063155511013,-0.0350926336237475,0,Intermedi,-0.1260686402664018,0.1294025575210222,1.0256553064000005,Gentrificació intensa
2009,Barri,el camp den grassot i gracia nova,,,34934,30215.0,0.0,1672.0,3046.0,,,,,,,,,11,0.2441031616842453,-0.417054346580451,0.0033723453127869,3.6921966638804284e-16,-0.0864755924481028,1.0092936587501425e-17,-0.0697500265720682,-0.0162834148957843,0,Intermedi,-0.0603908626847987,0.0619879144075808,1.0256553064000005,Gentrificació intensa
2010,Barri,el camp den grassot i gracia nova,,,34630,30097.0,0.0,1609.0,2923.0,,,,,,,,,11,0.2047445683854125,-0.4536935147102917,0.0033723453127869,3.6921966638804284e-16,-0.1244744731624395,1.0092936587501425e-17,-0.1003994024768873,-0.0238831910386517,0,Intermedi,-0.0869276590504639,0.0892264831021843,1.0256553064000005,Gentrificació intensa
2011,Barri,el camp den grassot i gracia nova,,,34412,29995.0,0.0,1498.0,2919.0,0.0,0.0,0.0,0.0,2002.0,,,,11,0.1222823698690429,-0.4481908565001226,0.0033723453127869,3.6921966638804284e-16,-0.1629542433155398,1.0092936587501425e-17,-0.131436657206036,-0.0315791450692717,0,Intermedi,-0.1138002880741171,0.116809765634828,1.0256553064000005,Gentrificació intensa
2012,Barri,el camp den grassot i gracia nova,,,34732,30001.0,0.0,1652.0,3077.0,,,,,2148.0,,,,11,0.2357346170885112,-0.3986498775374696,0.0033723453127869,3.6921966638804284e-16,-0.0814576302244792,1.0092936587501425e-17,-0.0657026070803147,-0.0152798224510596,0,Intermedi,-0.0568865320520109,0.0583909108599598,1.0256553064000005,Gentrificació intensa
2013,Barri,el camp den grassot i gracia nova,,,34440,29869.0,0.0,1696.0,2874.0,,,,,2136.0,,,,11,0.2830202119702026,-0.4662787425487388,0.0033723453127869,3.6921966638804284e-16,-0.091629265289268,1.0092936587501425e-17,-0.0739069083862142,-0.0173141494640174,0,Intermedi,-0.0639899678202735,0.0656821987937161,1.0256553064000005,Gentrificació intensa
2014,Barri,el camp den grassot i gracia nova,,-0.815072405489177,34041,29635.0,6.0,1685.0,2715.0,,,,,1973.0,2.5171542779901634,-0.0457965837921791,-0.1381134141517107,11,0.2901676501382249,-0.5148351345603565,1.235678847098992,-0.815072405489177,-0.1123337422110657,-0.1381134141517107,-0.3561836262959684,0.0760925012103892,0,Intermedi,0.2976974686249399,1.7024433526203822,1.0256553064000005,Gentrificació intensa
2015,Barri,el camp den grassot i gracia nova,0.6313766226022347,-0.5137264385814094,33913,29814.0,9.0,1645.0,2445.0,,,,,1813.0,2.5333420861697102,-0.2524762666471837,-0.1381134141517107,11,0.2622422900882336,-0.6155651537989028,0.9707474807082538,-0.5137264385814094,-0.1766614318553345,-0.1381134141517107,-0.2976832728922636,0.0741513434366442,0,Intermedi,0.2969986389488393,1.4485492370766715,1.0256553064000005,Gentrificació intensa
2016,Barri,el camp den grassot i gracia nova,0.6219935123125824,-0.1119318160377193,34275,29941.0,13.0,1793.0,2528.0,,,,,1615.0,2.379557908464018,-0.1729840809337202,-0.1391391638912724,11,0.3693037980354718,-0.593735620613143,0.9428557799476268,-0.1119318160377193,-0.1122159112888356,-0.1391391638912724,-0.0523179828693821,0.1990061741369506,0,Intermedi,0.7860758082959179,1.460532102668657,1.0256553064000005,Gentrificació intensa
2017,Barri,el camp den grassot i gracia nova,0.57478045519502,0.2563799212939966,34431,29774.0,13.0,1894.0,2750.0,,,,,1433.0,-0.8179389022009085,-0.2365778295044919,-0.1391391638912724,11,0.4451580730521107,-0.5133476815745859,-0.1599120921701268,0.2563799212939966,-0.0340948042612375,-0.1391391638912724,0.0342655288593189,-0.005706444893341,0,Intermedi,-0.0294075830679894,-0.0576307514819204,1.0256553064000005,Gentrificació intensa
2018,Barri,el camp den grassot i gracia nova,0.5583204755571701,0.323345691717945,34663,29680.0,12.0,1989.0,2982.0,,,,,1338.0,-0.7276918715999366,-0.1093903323629497,-0.1411906633703961,11,0.5119008541840859,-0.43236877961157,-0.0929205761352387,0.323345691717945,0.0397660372862579,-0.1411906633703961,0.1357570852186374,0.0488426094579842,0,Intermedi,0.1795929334802641,0.0010309281790233,1.0256553064000005,Gentrificació intensa
2019,Barri,el camp den grassot i gracia nova,0.6166525842093826,0.6246916586257126,35199,29519.0,0.0,2313.0,3363.0,,,,,1258.0,-0.7665426112308483,-0.0855426766489108,-0.1442679125890816,11,0.7462677547952776,-0.3072648019295245,-0.0784775678901255,0.6246916586257126,0.2195014764328765,-0.1442679125890816,0.4301415928995908,0.1789109399894351,0,Intermedi,0.6781767338540453,-0.0330194676954822,1.0256553064000005,Gentrificació intensa
2020,Barri,el camp den grassot i gracia nova,0.6173298881693791,0.4237943473538675,35483,29313.0,0.0,2488.0,3679.0,,,,,1284.0,2.54548294230437,-0.0060504909354473,-0.1452936623286434,11,0.8702162933759285,-0.2002172357872465,1.0522541131794338,0.4237943473538675,0.334999528794341,-0.1452936623286434,0.5857873450638141,0.4807557114531299,1,Gentrificació residencial,1.8603629248273743,1.4266331625544213,1.0256553064000005,Gentrificació intensa
2021,Barri,el camp den grassot i gracia nova,0.6213890218959829,0.2898628065059708,35352,28887.0,0.0,2393.0,4068.0,2829.0,17418.0,4056.0,6648.0,1695.0,-0.690055217582491,-0.212730173790452,-0.147345161807767,11,0.8019282473262683,-0.0504758873358422,-0.0937987898256533,0.2898628065059708,0.375726179995213,-0.147345161807767,0.3883248396732969,0.1044954086415844,0,Intermedi,0.3681649630338714,-0.2452974638735861,1.0256553064000005,Gentrificació intensa
2022,Barri,el camp den grassot i gracia nova,,0.7586231994736093,35033,28314.0,8.0,2619.0,4092.0,2603.0,17545.0,4020.0,6615.0,1146.0,-0.8037745700438054,-0.1014411137916038,-0.1483709115473288,11,1.0007479563632906,-0.0276899167620195,-0.4526078419177046,0.7586231994736093,0.4865290198006355,-0.1483709115473288,0.6567258526276754,0.1594362289174327,0,Intermedi,0.576715318030248,-0.7157997481439032,1.0256553064000005,Gentrificació intensa
2023,Barri,el camp den grassot i gracia nova,,1.2943493628651963,35319,27897.0,11.0,2740.0,4671.0,2531.0,18237.0,3917.0,6787.0,1115.0,2.2905249634765124,0.1449846619201336,1.913386064971926,11,1.0800953085759255,0.175434437052076,1.217754812698323,1.2943493628651963,0.6277648728140008,1.913386064971926,1.8809109002836968,1.2618614402262411,1,Gentrificació residencial,5.0266497691995005,0.3894971849257787,1.0256553064000005,Gentrificació intensa
2024,Barri,el camp den grassot i gracia nova,,1.5622124445609895,36412,27941.0,8.0,3011.0,5452.0,,,,,1193.0,1.8939236630776224,-0.0060504909354473,1.9339010597631625,11,1.2239580236758112,0.4052713367581781,0.9439365860710875,1.5622124445609895,0.8146146802169947,1.9339010597631625,2.130313651289398,1.301547857185655,1,Gentrificació residencial,5.168222399948576,-0.0776623646525272,1.0256553064000005,Gentrificació intensa
2025,Barri,el camp den grassot i gracia nova,,1.428280903713093,36743,27979.0,8.0,3088.0,5668.0,,,,,1148.0,1.5013693147236191,-0.1650348623623743,,11,1.2619556786994448,0.4648350151770462,0.6681672261806225,1.428280903713093,0.8633953469382455,1.0092936587501425e-17,1.4941093937699172,0.8016135083557637,1,Gentrificació residencial,3.0908600621621107,0.6600262645967948,1.0256553064000005,Gentrificació intensa
2000,Barri,el carmel,,,32803,32404.0,0.0,76.0,323.0,,,,,,,,,12,-1.0371555737235032,-1.4341001788774228,0.0033723453127869,3.6921966638804284e-16,-1.235627876300463,1.0092936587501425e-17,-0.9966404943321824,-0.2461138716662564,0,Intermedi,-0.8629097678857,0.8857296361594863,0.3797504937394814,Estable
2001,Barri,el carmel,,,32541,31780.0,0.0,83.0,677.0,0.0,0.0,0.0,0.0,,,,,12,-1.030579277443458,-1.2900125570339829,0.0033723453127869,3.6921966638804284e-16,-1.1602959172387204,1.0092936587501425e-17,-0.935878769578046,-0.2310474798539079,0,Intermedi,-0.8103011431086589,0.831729762920374,0.3797504937394814,Estable
2002,Barri,el carmel,,,33097,31511.0,19.0,117.0,1450.0,,,,,,,,,12,-1.0028853238662174,-0.9874998053267482,0.0033723453127869,3.6921966638804284e-16,-0.9951925645964828,1.0092936587501425e-17,-0.8027086702711833,-0.1980268093254603,0,Intermedi,-0.6950000088122839,0.7133794608032334,0.3797504937394814,Estable
2003,Barri,el carmel,,,33101,30800.0,19.0,143.0,2139.0,,,,,,,,,12,-0.9808005062092,-0.713866828876786,0.0033723453127869,3.6921966638804284e-16,-0.847333667542993,1.0092936587501425e-17,-0.6834477122778985,-0.1684550299147624,0,Intermedi,-0.5917416662453693,0.607390425105657,0.3797504937394814,Estable
2004,Barri,el carmel,,,32908,30062.0,7.0,175.0,2664.0,,,,,,,,,12,-0.9527321320879596,-0.4991060626728553,0.0033723453127869,3.6921966638804284e-16,-0.7259190973804075,1.0092936587501425e-17,-0.5855163855840809,-0.1441721158822453,0,Intermedi,-0.5069509128426334,0.5203573586645296,0.3797504937394814,Estable
2005,Barri,el carmel,,,32679,29346.0,0.0,238.0,3091.0,,,,,,,,,12,-0.8974500447872416,-0.319832183709506,0.0033723453127869,3.6921966638804284e-16,-0.6086411142483739,1.0092936587501425e-17,-0.4909215732422387,-0.1207165192558385,0,Intermedi,-0.4250489752580222,0.4362895035105437,0.3797504937394814,Estable
2006,Barri,el carmel,,,32610,28808.0,0.0,282.0,3519.0,,,,,,,,,12,-0.8590588443810271,-0.1446192125027237,0.0033723453127869,3.6921966638804284e-16,-0.5018390284418754,1.0092936587501425e-17,-0.4047764759718584,-0.0993561020945388,0,Intermedi,-0.3504629572176005,0.359731039253736,0.3797504937394814,Estable
2007,Barri,el carmel,,,32278,28222.0,0.0,510.0,3546.0,,,,,,,,,12,-0.6578437074046575,-0.1190252053670992,0.0033723453127869,3.6921966638804284e-16,-0.3884344563858783,1.0092936587501425e-17,-0.3133059038674015,-0.0766751876833394,0,Intermedi,-0.2712660445977514,0.2784397441376686,0.3797504937394814,Estable
2008,Barri,el carmel,,,32264,27792.0,0.0,645.0,3826.0,,,,,,,,,12,-0.5399408231607599,-0.0042839403266399,0.0033723453127869,3.6921966638804284e-16,-0.2721123817436999,1.0092936587501425e-17,-0.2194821142000541,-0.0534107727549037,0,Intermedi,-0.190031672700935,0.1950571086158718,0.3797504937394814,Estable
2009,Barri,el carmel,,,32615,27789.0,0.0,737.0,4089.0,,,,,,,,,12,-0.4666393415400591,0.0849676211214724,0.0033723453127869,3.6921966638804284e-16,-0.1908358602092933,1.0092936587501425e-17,-0.1539255869046518,-0.0371554684480224,0,Intermedi,-0.1332716192277179,0.136796021092889,0.3797504937394814,Estable
2010,Barri,el carmel,,,32337,27732.0,0.0,734.0,3871.0,,,,,,,,,12,-0.4637841786500143,0.0104944144515899,0.0033723453127869,3.6921966638804284e-16,-0.2266448820992122,1.0092936587501425e-17,-0.1828086527227966,-0.0443172728260062,0,Intermedi,-0.158279111661249,0.1624648430239284,0.3797504937394814,Estable
2011,Barri,el carmel,,,32084,27603.0,0.0,711.0,3770.0,0.0,0.0,0.0,0.0,2464.0,,,,12,-0.4789156772484126,-0.0184868159950586,0.0033723453127869,3.6921966638804284e-16,-0.2487012466217356,1.0092936587501425e-17,-0.2005990137712334,-0.0487285457305109,0,Intermedi,-0.1736823352009427,0.1782754087275992,0.3797504937394814,Estable
2012,Barri,el carmel,,,31986,27522.0,0.0,721.0,3743.0,,,,,2587.0,,,,12,-0.468210583919493,-0.0248524393841673,0.0033723453127869,3.6921966638804284e-16,-0.2465315116518302,1.0092936587501425e-17,-0.1988489353095441,-0.0482945987365298,0,Intermedi,-0.1721670849098435,0.1767200872571814,0.3797504937394814,Estable
2013,Barri,el carmel,,,31797,27394.0,0.0,761.0,3642.0,,,,,2683.0,,,,12,-0.4290521102651182,-0.0574735948471381,0.0033723453127869,3.6921966638804284e-16,-0.2432628525561282,1.0092936587501425e-17,-0.1962124797233384,-0.0476408669173894,0,Intermedi,-0.169884392915216,0.1743770288922037,0.3797504937394814,Estable
2014,Barri,el carmel,,-1.4177643393047124,31655,27348.0,0.0,776.0,3531.0,,,,,2599.0,1.3030686645241745,-0.8327692223554676,-0.3473663610223216,12,-0.4127013532842818,-0.0968259736774274,0.2351497210843534,-1.4177643393047124,-0.2547636634808546,-0.3473663610223216,-0.9722925089665916,-0.4752103903667429,2,Baixa gentrificació,-1.881563046140081,0.3813523226079286,0.3797504937394814,Estable
2015,Barri,el carmel,-0.8086300886447296,-1.2503499132448417,31449,27538.0,0.0,767.0,3142.0,,,,,2341.0,0.9874064050230172,-0.9043121894975846,-0.3473663610223216,12,-0.4162347644363232,-0.2498644021772202,-0.2418452910397656,-1.2503499132448417,-0.3330495833067717,-0.3473663610223216,-1.021254117315743,-0.5837417501512009,2,Baixa gentrificació,-2.3029236406521187,-0.1930278859526476,0.3797504937394814,Estable
2016,Barri,el carmel,-0.8647039064184907,-1.0159697167610222,31377,27381.0,0.0,790.0,3205.0,,,,,2068.0,1.2059418154468953,-0.9440582823543164,-0.3401861128453889,12,-0.3940391766444567,-0.2204482801212581,-0.2009401244419705,-1.0159697167610222,-0.3072437283828574,-0.3401861128453889,-0.8771656542775285,-0.494558920606547,2,Baixa gentrificació,-1.95149679378077,-0.1019776927678061,0.3797504937394814,Estable
2017,Barri,el carmel,-0.8683134646001412,-0.614175094217332,31583,27244.0,0.0,830.0,3508.0,,,,,1839.0,1.6187309240253316,-1.0473981237818193,-0.3401861128453889,12,-0.3630299538595008,-0.1030580161774635,-0.0989935547855429,-0.614175094217332,-0.2330439850184822,-0.3401861128453889,-0.6050713017986292,-0.3285966142736367,0,Intermedi,-1.300717205598201,0.0849777478384286,0.3797504937394814,Estable
2018,Barri,el carmel,-0.8493270832039725,-0.5137264385814094,31832,27060.0,0.0,889.0,3883.0,,,,,1727.0,1.8494071905838696,-0.9043121894975846,-0.3401861128453889,12,-0.3166712285848364,0.0404233116828111,0.0319226392941041,-0.5137264385814094,-0.1381239584510126,-0.3401861128453889,-0.4603786275447005,-0.2402031540454718,0,Intermedi,-0.9596164258146772,0.2252428034589199,0.3797504937394814,Estable
2019,Barri,el carmel,-0.8810791732319242,-0.245863356885616,32175,26790.0,0.0,1019.0,4366.0,,,,,1609.0,1.6227778760702185,-0.8963629709262387,-0.3401861128453889,12,-0.2113828158389528,0.2207158747892915,-0.0515547560293148,-0.245863356885616,0.0046665294751693,-0.3401861128453889,-0.2253555108455825,-0.1563293505485231,0,Intermedi,-0.6402469670174059,0.0700034944190356,0.3797504937394814,Estable
2020,Barri,el carmel,-0.882264738767243,-0.2793462420975902,32512,26469.0,0.0,1149.0,4894.0,,,,,1637.0,1.0359698295616568,-0.8884137523548923,-0.3401861128453889,12,-0.1081321251330839,0.4157667675191421,-0.2449028871868261,-0.2793462420975902,0.1538173211930291,-0.3401861128453889,-0.14916236854561,-0.1945484971157968,0,Intermedi,-0.8052926050289435,-0.3168899209910292,0.3797504937394814,Estable
2021,Barri,el carmel,-0.786864127246168,-0.3463120125215385,32724,26248.0,0.0,1136.0,5340.0,5592.0,7794.0,7929.0,6903.0,2126.0,1.586355307666239,-0.8963629709262387,-0.3422376123245125,12,-0.1257486841344054,0.5821566437897089,-0.0322905968353893,-0.3463120125215385,0.2282039798276517,-0.3422376123245125,-0.0923230055872625,-0.1363875093064505,0,Intermedi,-0.58251373469727,-0.086069495533858,0.3797504937394814,Estable
2022,Barri,el carmel,,-0.0449660456137709,32119,25984.0,0.0,1121.0,5013.0,5166.0,7946.0,7904.0,6891.0,1482.0,1.3880546574667938,-0.8963629709262387,-0.3412118625849507,12,-0.1204914762645124,0.4887030958642707,0.2458458432702775,-0.0449660456137709,0.1841058097998791,-0.3412118625849507,0.0604223514547272,0.0288427287399376,0,Intermedi,0.0760242330618022,0.4086429237541608,0.3797504937394814,Estable
2023,Barri,el carmel,,0.2228970360820225,32512,25842.0,0.0,1110.0,5557.0,5009.0,8498.0,7838.0,7180.0,1407.0,0.9752655488883574,-0.8804645337835458,-0.045795937591147,12,-0.1418778501131369,0.6839123476919745,0.0474005075524057,0.2228970360820225,0.2710172487894188,-0.045795937591147,0.3210487115455663,0.1261335253299828,0,Intermedi,0.4682024889051969,-0.0504240653058586,0.3797504937394814,Estable
2024,Barri,el carmel,,0.2563799212939966,33037,25870.0,0.0,1193.0,5971.0,,,,,1445.0,0.7081667139258397,-0.8168707852127752,-0.0252809427999106,12,-0.0864641588255539,0.812975388223295,-0.0543520356434677,0.2563799212939966,0.3632556146988705,-0.0252809427999106,0.4034244529891272,0.1282033000749506,0,Intermedi,0.4689802469028272,-0.2642303481100335,0.3797504937394814,Estable
2025,Barri,el carmel,,0.3903114621418934,33694,25939.0,0.0,1263.0,6488.0,,,,,1452.0,0.4167861666940024,-0.9202106266402776,,12,-0.047828153578832,0.9683966778048152,-0.2517122299731376,0.3903114621418934,0.4602842621129915,1.0092936587501425e-17,0.5268216227554365,0.133636622073225,0,Intermedi,0.483192752307932,-0.5946741580964326,0.3797504937394814,Estable
2000,Barri,el clot,,,24199,23563.0,0.0,118.0,518.0,,,,,,,,,13,-0.965155742942341,-1.2821056573755711,0.0033723453127869,3.6921966638804284e-16,-1.123630700158956,1.0092936587501425e-17,-0.906305108465299,-0.223714436437955,0,Intermedi,-0.7846957204999472,0.805447198398601,0.6136501276115227,Estable
2001,Barri,el clot,,,24867,23873.0,0.0,144.0,848.0,0.0,0.0,0.0,0.0,,,,,13,-0.9394271521932838,-1.115168420091209,0.0033723453127869,3.6921966638804284e-16,-1.0272977861422463,1.0092936587501425e-17,-0.8286043015415105,-0.2044478536346131,0,Intermedi,-0.7174209251766192,0.7363933040030886,0.6136501276115227,Estable
2002,Barri,el clot,,,26150,24410.0,16.0,194.0,1530.0,,,,,,,,,13,-0.8936304902921066,-0.7942323815466487,0.0033723453127869,3.6921966638804284e-16,-0.8439314359193777,1.0092936587501425e-17,-0.6807035189230636,-0.1677745835900393,0,Intermedi,-0.58936569289859,0.6049516185394458,0.6136501276115227,Estable
2003,Barri,el clot,,,26627,24261.0,13.0,249.0,2104.0,,,,,,,,,13,-0.8392609030884562,-0.5245553889497923,0.0033723453127869,3.6921966638804284e-16,-0.6819081460191243,1.0092936587501425e-17,-0.5500177559707159,-0.1353699256099886,0,Intermedi,-0.4762155429533586,0.4888091841016702,0.6136501276115227,Estable
2004,Barri,el clot,,,26599,23956.0,0.0,313.0,2329.0,,,,,,,,,13,-0.7712958460699004,-0.412232647555163,0.0033723453127869,3.6921966638804284e-16,-0.5917642468125317,1.0092936587501425e-17,-0.4773089234901168,-0.1173411457686701,0,Intermedi,-0.4132628914046025,0.42419173367209,0.6136501276115227,Estable
2005,Barri,el clot,,,26841,23858.0,0.0,365.0,2618.0,,,,,,,,,13,-0.7197797451275273,-0.2810338661940889,0.0033723453127869,3.6921966638804284e-16,-0.5004068056608081,1.0092936587501425e-17,-0.4036212647242856,-0.0990696575383254,0,Intermedi,-0.3494627539595844,0.3587043853661819,0.6136501276115227,Estable
2006,Barri,el clot,,,26869,23618.0,0.0,433.0,2817.0,,,,,,,,,13,-0.648982457571401,-0.1849830840132046,0.0033723453127869,3.6921966638804284e-16,-0.4169827707923028,1.0092936587501425e-17,-0.3363325826337931,-0.0823848505646243,0,Intermedi,-0.2912029688372183,0.2989039054091648,0.6136501276115227,Estable
2007,Barri,el clot,,,26748,23550.0,0.0,624.0,2572.0,,,,,,,,,13,-0.4460501561917541,-0.29918807579495,0.0033723453127869,3.6921966638804284e-16,-0.372619115993352,1.0092936587501425e-17,-0.3005494672660907,-0.0735121196048342,0,Intermedi,-0.2602212859216938,0.2671029040094321,0.6136501276115227,Estable
2008,Barri,el clot,,,27076,23506.0,0.0,801.0,2768.0,,,,,,,,,13,-0.2700983363794946,-0.2193190930622516,0.0033723453127869,3.6921966638804284e-16,-0.2447087147208731,1.0092936587501425e-17,-0.1973786923106766,-0.0479300393503384,0,Intermedi,-0.170894121336616,0.1754134598385097,0.6136501276115227,Estable
2009,Barri,el clot,,,27544,23555.0,0.0,896.0,3091.0,,,,,,,,,13,-0.1872114243384462,-0.0879622244450472,0.0033723453127869,3.6921966638804284e-16,-0.1375868243917467,1.0092936587501425e-17,-0.1109756450995133,-0.0265056612845131,0,Intermedi,-0.0960847654679674,0.0986257515278066,0.6136501276115227,Estable
2010,Barri,el clot,,,27497,23543.0,0.0,943.0,3009.0,,,,,,,,,13,-0.1375621427603401,-0.1246529247479563,0.0033723453127869,3.6921966638804284e-16,-0.1311075337541482,1.0092936587501425e-17,-0.1057495381559631,-0.0252098031569934,0,Intermedi,-0.091559905445471,0.093981230431217,0.6136501276115227,Estable
2011,Barri,el clot,,,27362,23499.0,0.0,872.0,2987.0,0.0,0.0,0.0,0.0,1754.0,,,,13,-0.205799669127323,-0.1281259428070828,0.0033723453127869,3.6921966638804284e-16,-0.1669628059672029,1.0092936587501425e-17,-0.1346699088502742,-0.0323808575996043,0,Intermedi,-0.1165996971305544,0.1196832057757306,0.6136501276115227,Estable
2012,Barri,el clot,,,27315,23397.0,5.0,909.0,3004.0,,,,,1887.0,,,,13,-0.1661505957165819,-0.117472334007142,0.0033723453127869,3.6921966638804284e-16,-0.1418114648618619,1.0092936587501425e-17,-0.1143831821478986,-0.0273505893785361,0,Intermedi,-0.099035074049854,0.1016540817704871,0.6136501276115227,Estable
2013,Barri,el clot,,,27179,23291.0,0.0,950.0,2934.0,,,,,1981.0,,,,13,-0.1190287195386892,-0.1441023414514044,0.0033723453127869,3.6921966638804284e-16,-0.1315655304950468,1.0092936587501425e-17,-0.1061189520442434,-0.0253014025051731,0,Intermedi,-0.0918797508204106,0.0943095341984425,0.6136501276115227,Estable
2014,Barri,el clot,,-1.0829354871849706,27035,23285.0,0.0,1001.0,2746.0,,,,,1876.0,1.0764393500105232,-0.1411872066483355,-0.3227483672728379,13,-0.0607221284281689,-0.2279807846664776,0.4676260716810938,-1.0829354871849706,-0.1443514565473233,-0.3227483672728379,-0.6780184742197151,-0.2780127894151953,0,Intermedi,-1.109630466663727,0.6946076782517029,0.6136501276115227,Estable
2015,Barri,el clot,-0.0052305841068182,-0.8485552907011512,26932,23363.0,0.0,1021.0,2544.0,,,,,1737.0,0.9631246927536976,-0.2683747037898767,-0.3227483672728379,13,-0.0358475425937524,-0.3214970867686775,0.2298398016190008,-0.8485552907011512,-0.178672314681215,-0.3227483672728379,-0.624380538660089,-0.2858987831154557,0,Intermedi,-1.136841484887745,0.4412506192066123,0.6136501276115227,Estable
2016,Barri,el clot,-0.0403303229333586,-0.5472093237933836,26928,23287.0,0.0,1046.0,2592.0,,,,,1564.0,0.8498100354968718,-0.3240192337893013,-0.3217226175332761,13,-0.0095714930612179,-0.2978736445197034,0.1618201595914039,-0.5472093237933836,-0.1537225687904606,-0.3217226175332761,-0.4654213626674398,-0.2107057865253412,0,Intermedi,-0.8407322802670446,0.3996531639664227,0.6136501276115227,Estable
2017,Barri,el clot,-0.0955146962244702,-0.1454147012496934,27089,23176.0,0.0,1153.0,2758.0,,,,,1376.0,1.4447119860952065,-0.3558161080746872,-0.3217226175332761,13,0.0950529007952103,-0.2248182915923634,0.3311270605986829,-0.1454147012496934,-0.0648826953985765,-0.3217226175332761,-0.1718900484502877,-0.0216073547816736,0,Intermedi,-0.099818326236388,0.6708459898738796,0.6136501276115227,Estable
2018,Barri,el clot,-0.0681783012485373,-0.0784489308257451,27050,22953.0,0.0,1240.0,2854.0,,,,,1288.0,1.6389656842497649,0.0018987276358984,-0.3227483672728379,13,0.1872586849788184,-0.1762216544347943,0.5242287035457086,-0.0784489308257451,0.005518515272012,-0.3227483672728379,-0.0548604406884938,0.0702879614158238,0,Intermedi,0.2572338788937685,0.9087092198970352,0.6136501276115227,Estable
2019,Barri,el clot,-0.1069067303193684,0.1224483804460999,27183,22798.0,0.0,1363.0,3019.0,,,,,1203.0,1.3475851370179277,-0.1729840809337202,-0.3227483672728379,13,0.3082423236137359,-0.1031941309355076,0.3558981085882796,0.1224483804460999,0.1025240963391141,-0.3227483672728379,0.098158731877071,0.099459092523569,0,Intermedi,0.3642965872553321,0.6508282793480092,0.6136501276115227,Estable
2020,Barri,el clot,-0.0704868109279962,0.1559312656580741,27082,22392.0,0.0,1510.0,3177.0,,,,,1215.0,0.9874064050230172,-0.1650348623623743,-0.3227483672728379,13,0.4662013285947075,-0.0210333144436447,0.2506282439108822,0.1559312656580741,0.2225840070755313,-0.3227483672728379,0.1964230235676999,0.1019349808312255,0,Intermedi,0.3630935787353895,0.4247849272311622,0.6136501276115227,Estable
2021,Barri,el clot,0.0807339431222982,0.0219997248101774,26759,22049.0,0.0,1496.0,3211.0,2640.0,10527.0,4674.0,5514.0,1593.0,1.6996699649230642,-0.2047809552191061,-0.3247998667519616,13,0.4704164012551977,0.0142937046859113,0.5252076509420854,0.0219997248101774,0.2423550529705545,-0.3247998667519616,0.1851220986969678,0.1476732499693974,0,Intermedi,0.5415733145346393,0.765773682503507,0.6136501276115227,Estable
2022,Barri,el clot,,0.2563799212939966,26380,21673.0,0.0,1599.0,3105.0,2389.0,10713.0,4600.0,5509.0,1111.0,1.0845332541002963,-0.053745802363525,-0.3268513662310852,13,0.6028519433890372,-0.0158733603693878,0.5153937258683856,0.2563799212939966,0.2934892915098247,-0.3268513662310852,0.3396682174186825,0.2248596792044625,0,Intermedi,0.8427629121629314,0.7730330578989937,0.6136501276115227,Estable
2023,Barri,el clot,,0.8590718551095319,26470,21573.0,0.0,1639.0,3255.0,2330.0,11219.0,4477.0,5589.0,10.0,0.6434154812076537,0.1608830990628254,0.128581518134362,13,0.6395654370600142,0.053378373975424,0.4021492901352396,0.8590718551095319,0.3464719055177191,0.128581518134362,0.7970181523106663,0.4733770283038477,1,Gentrificació residencial,1.8451251469769956,0.4400610542547811,0.6136501276115227,Estable
2024,Barri,el clot,,0.9260376255334802,26767,21416.0,0.0,1816.0,3533.0,,,,,1042.0,0.3641757901104762,-0.1570856437910285,0.1593540103212166,13,0.8062628037161551,0.1720040856896485,0.1035450731597238,0.9260376255334802,0.4891334447029018,0.1593540103212166,0.9114240967691644,0.4385723006127849,1,Gentrificació residencial,1.6960427878597968,-0.0849930693894605,0.6136501276115227,Estable
2025,Barri,el clot,,0.9260376255334802,27103,21342.0,0.0,1902.0,3858.0,,,,,1035.0,0.3722696942002494,-0.4114606380741107,,13,0.8718661820829064,0.3081642688631221,-0.0195954719369306,0.9260376255334802,0.5900152254730142,1.0092936587501425e-17,0.9282043527685612,0.3899356911735677,1,Gentrificació residencial,1.4865157710400538,-0.2322035865274206,0.6136501276115227,Estable
2000,Barri,el coll,,,6670,6511.0,0.0,57.0,98.0,,,,,,,,,14,-0.8619262352797238,-1.3703790280485513,0.0033723453127869,3.6921966638804284e-16,-1.1161526316641377,1.0092936587501425e-17,-0.9002734010036314,-0.2222188227389913,0,Intermedi,-0.7794733566533031,0.8000867278118396,0.4234687047036369,Estable
2001,Barri,el coll,,,6681,6459.0,0.0,61.0,157.0,0.0,0.0,0.0,0.0,,,,,14,-0.8454791753146642,-1.2545759663560272,0.0033723453127869,3.6921966638804284e-16,-1.0500275708353457,1.0092936587501425e-17,-0.8469378340613659,-0.2089938105732329,0,Intermedi,-0.7332944366195132,0.7526865944931672,0.4234687047036369,Estable
2002,Barri,el coll,,,6854,6487.0,0.0,76.0,288.0,,,,,,,,,14,-0.7903957812588354,-1.0110548155642445,0.0033723453127869,3.6921966638804284e-16,-0.9007252984115398,1.0092936587501425e-17,-0.7265126692950146,-0.1791333560884717,0,Intermedi,-0.6290281023022825,0.6456629104470771,0.4234687047036369,Estable
2003,Barri,el coll,,,7019,6438.0,0.0,115.0,463.0,,,,,,,,,14,-0.64141852623188,-0.6962020247902707,0.0033723453127869,3.6921966638804284e-16,-0.6688102755110754,1.0092936587501425e-17,-0.5394531932992062,-0.1327503515083788,0,Intermedi,-0.467068549253494,0.4794202958270768,0.4234687047036369,Estable
2004,Barri,el coll,,,7142,6443.0,0.0,136.0,562.0,,,,,,,,,14,-0.5666389485319032,-0.5288696015730404,0.0033723453127869,3.6921966638804284e-16,-0.5477542750524718,1.0092936587501425e-17,-0.44181108400966,-0.1085391514166581,0,Intermedi,-0.3825282056270092,0.3926442613124195,0.4234687047036369,Estable
2005,Barri,el coll,,,7138,6353.0,0.0,169.0,615.0,,,,,,,,,14,-0.4362813045902793,-0.4306559863707127,0.0033723453127869,3.6921966638804284e-16,-0.433468645480496,1.0092936587501425e-17,-0.3496298629994102,-0.085682025502263,0,Intermedi,-0.3027160000446191,0.3107214016549305,0.4234687047036369,Estable
2006,Barri,el coll,,,7203,6298.0,0.0,193.0,710.0,,,,,,,,,14,-0.3485580875794741,-0.2674547639005377,0.0033723453127869,3.6921966638804284e-16,-0.3080064257400059,1.0092936587501425e-17,-0.2484337576828534,-0.0605895815541649,0,Intermedi,-0.2150985409445256,0.2207868765653688,0.4234687047036369,Estable
2007,Barri,el coll,,,7102,6275.0,0.0,251.0,574.0,,,,,,,,,14,-0.108093868817984,-0.5008240928625889,0.0033723453127869,3.6921966638804284e-16,-0.3044589808402865,1.0092936587501425e-17,-0.2455724372915896,-0.0598800925742211,0,Intermedi,-0.2126211568439264,0.2182439774121611,0.4234687047036369,Estable
2008,Barri,el coll,,,7304,6342.0,5.0,287.0,670.0,,,,,,,,,14,0.0030656634375511,-0.3573887805307482,0.0033723453127869,3.6921966638804284e-16,-0.1771615585465985,1.0092936587501425e-17,-0.1428960827714498,-0.0344206081154834,0,Intermedi,-0.1237220706135478,0.1269939322369004,0.4234687047036369,Estable
2009,Barri,el coll,,,7294,6256.0,0.0,330.0,706.0,,,,,,,,,14,0.1704254497433916,-0.2908361787512041,0.0033723453127869,3.6921966638804284e-16,-0.0602053645039062,1.0092936587501425e-17,-0.0485608210946768,-0.011029369306945,0,Intermedi,-0.0420448567938481,0.0431567437249424,0.4234687047036369,Estable
2010,Barri,el coll,,,7227,6221.0,0.0,378.0,628.0,,,,,,,,,14,0.3690697309671606,-0.4209548284248523,0.0033723453127869,3.6921966638804284e-16,-0.0259425487288458,1.0092936587501425e-17,-0.0209249039174852,-0.0041768061519329,0,Intermedi,-0.0181171687134454,0.0185962818477743,0.4234687047036369,Estable
2011,Barri,el coll,,,7288,6221.0,0.0,362.0,705.0,0.0,0.0,0.0,0.0,3890.0,,,,14,0.294993893262,-0.2915926007640932,0.0033723453127869,3.6921966638804284e-16,0.0017006462489533,1.0092936587501425e-17,0.0013717179344608,0.0013518328436268,0,Intermedi,0.0011876587507345,-0.0012190666884527,0.4234687047036369,Estable
2012,Barri,el coll,,,7291,6197.0,0.0,351.0,742.0,,,,,4180.0,,,,14,0.2519761988997031,-0.2253868546002873,0.0033723453127869,3.6921966638804284e-16,0.0132946721497078,1.0092936587501425e-17,0.0107233001758915,0.0036706380237777,0,Intermedi,0.0092844315662161,-0.0095299607202751,0.4234687047036369,Estable
2013,Barri,el coll,,,7227,6149.0,0.0,352.0,726.0,,,,,4190.0,,,,14,0.2678621288684119,-0.2426476524370452,0.0033723453127869,3.6921966638804284e-16,0.0126072382156832,1.0092936587501425e-17,0.0101688253951199,0.0035331512369728,0,Intermedi,0.0088043570487797,-0.0090371905101288,0.4234687047036369,Estable
2014,Barri,el coll,,-1.1164183723969447,7201,6167.0,0.0,362.0,672.0,,,,,3990.0,-0.5706701322583354,-0.6499371952145018,-0.3607011076366253,14,0.3118759163663251,-0.3364839331586908,-0.6103036637364185,-1.1164183723969447,-0.0123040083961828,-0.3607011076366253,-0.7532530163920688,-0.5926176340465705,2,Baixa gentrificació,-2.367898913756229,-0.9006442689398149,0.4234687047036369,Estable
2015,Barri,el coll,-0.0546695370865054,-0.982486831549048,7351,6321.0,0.0,404.0,626.0,,,,,3660.0,-0.619233556796975,-0.9202106266402776,-0.3607011076366253,14,0.4437498274688742,-0.4438066246961501,-0.531371240174586,-0.982486831549048,-2.839861363793106e-05,-0.3607011076366253,-0.6661779071606797,-0.5263033227671428,2,Baixa gentrificació,-2.106347295743492,-0.7661803395299768,0.4234687047036369,Estable
2016,Barri,el coll,-0.1228571599208088,-0.5472093237933836,7391,6373.0,0.0,397.0,621.0,,,,,3160.0,-0.4735432831810562,-0.8248200037841211,-0.3535208594596925,14,0.4087388597291677,-0.4587622478116183,-0.4737401489619954,-0.5472093237933836,-0.0250116940412252,-0.3535208594596925,-0.4618276385655749,-0.3819913525267973,2,Baixa gentrificació,-1.5315366276263704,-0.5668149021866553,0.4234687047036369,Estable
2017,Barri,el coll,-0.1076452825944018,-0.1119318160377193,7428,6363.0,0.0,402.0,663.0,,,,,2880.0,-0.4937780434054894,-0.6340387580718089,-0.3535208594596925,14,0.4201483160328427,-0.3899159704637359,-0.4118206946905667,-0.1119318160377193,0.0151161727845533,-0.3535208594596925,-0.2064638314358368,-0.2248066905535136,0,Intermedi,-0.91220089696089,-0.4036634544217354,0.4234687047036369,Estable
2018,Barri,el coll,-0.1354000576734527,-0.2123804716736418,7460,6353.0,0.0,386.0,721.0,,,,,2570.0,-0.3723694820588905,-0.538648135215653,-0.3535208594596925,14,0.353281219808654,-0.2927177064394319,-0.3488058916493321,-0.2123804716736418,0.030281756684611,-0.3535208594596925,-0.2346426156472999,-0.2330037295519084,0,Intermedi,-0.946360047104198,-0.3501069749580426,0.4234687047036369,Estable
2019,Barri,el coll,-0.0559213119522849,-0.0449660456137709,7518,6303.0,0.0,450.0,765.0,,,,,2440.0,-0.4087920504628702,-0.3637653266460331,-0.3535208594596925,14,0.5815348643435349,-0.2255646127778716,-0.2761595630203961,-0.0449660456137709,0.1779851257828316,-0.3535208594596925,-0.0227590553463477,-0.1314448293256223,0,Intermedi,-0.5578536210904672,-0.3134972235919945,0.4234687047036369,Estable
2020,Barri,el coll,-0.0756572136570602,-0.2123804716736418,7617,6235.0,0.0,465.0,917.0,,,,,2650.0,-0.619233556796975,-0.2604254852185308,-0.3535208594596925,14,0.6150486339806054,0.0194428710641107,-0.3184387518908553,-0.2123804716736418,0.3172457525223581,-0.3535208594596925,0.0011592622264444,-0.166500788456816,0,Intermedi,-0.7099317592393003,-0.5131034522137536,0.4234687047036369,Estable
2021,Barri,el coll,-0.0440299566464616,-0.0449660456137709,7688,6214.0,0.0,443.0,1031.0,762.0,3090.0,1143.0,1566.0,3490.0,-0.3399938656997975,-0.5624957909296918,-0.3535208594596925,14,0.5186862301935972,0.1998044098291278,-0.3155065377586503,-0.0449660456137709,0.3592453200113625,-0.3535208594596925,0.1178187045850154,-0.1069968829013923,0,Intermedi,-0.4779469999923463,-0.4987645484188858,0.4234687047036369,Estable
2022,Barri,el coll,,0.0219997248101774,7611,6162.0,0.0,458.0,991.0,698.0,3138.0,1135.0,1540.0,2190.0,-0.4856841393157162,-0.4194098566454577,-0.3535208594596925,14,0.5905290629541378,0.1485378924889936,-0.4525469979805869,0.0219997248101774,0.3695334777215657,-0.3535208594596925,0.1394741495877502,-0.1259616582987482,0,Intermedi,-0.5536646256418519,-0.6827367795564877,0.4234687047036369,Estable
2023,Barri,el coll,,0.5242430029897901,7740,6179.0,0.0,431.0,1130.0,712.0,3288.0,1145.0,1596.0,2450.0,-0.6313744129316349,-0.4432575123594965,-0.1688859063385652,14,0.4641804350325008,0.3561454185148898,-0.5373159626455657,0.5242430029897901,0.4101629267736952,-0.1688859063385652,0.4616630788240528,0.0443335161902933,0,Intermedi,0.1268110384700966,-0.8239848487781756,0.4234687047036369,Estable
2024,Barri,el coll,,0.6246916586257126,7943,6184.0,0.0,492.0,1267.0,,,,,2510.0,-0.651609173156068,-0.4512067309308425,-0.1688859063385652,14,0.6401893510927223,0.5338796477323797,-0.5514079520434553,0.6246916586257126,0.587034499412551,-0.1688859063385652,0.6517293882460284,0.1056148305894743,0,Intermedi,0.3531184297920602,-0.946396158889244,0.4234687047036369,Estable
2025,Barri,el coll,,0.7921060846855835,8091,6207.0,0.0,554.0,1330.0,,,,,2530.0,-0.6597030772458413,-0.5306989166443066,,14,0.8238847615332839,0.5978987948916438,-0.595200996945074,0.7921060846855835,0.7108917782124639,1.0092936587501425e-17,0.8775338820032039,0.2012498819646456,0,Intermedi,0.7287430149256537,-1.1606076746585998,0.4234687047036369,Estable
2000,Barri,el congres i els indians,,,13482,13305.0,0.0,36.0,141.0,,,,,,,,,15,-1.027214752994358,-1.426056409993517,0.0033723453127869,3.6921966638804284e-16,-1.2266355814939374,1.0092936587501425e-17,-0.9893874327000756,-0.2443154127049512,0,Intermedi,-0.8566299330154383,0.8792837294589434,0.31569227763468366,Desgentrificació
2001,Barri,el congres i els indians,,,13381,13076.0,0.0,43.0,261.0,0.0,0.0,0.0,0.0,,,,,15,-1.011931164437056,-1.3070967768494657,0.0033723453127869,3.6921966638804284e-16,-1.159513970643261,1.0092936587501425e-17,-0.9352480621811122,-0.230891090534816,0,Intermedi,-0.8097550649826074,0.8311692436193963,0.31569227763468366,Desgentrificació
2002,Barri,el congres i els indians,,,13514,13020.0,5.0,57.0,432.0,,,,,,,,,15,-0.9836773510881004,-1.1432364076357668,0.0033723453127869,3.6921966638804284e-16,-1.0634568793619334,1.0092936587501425e-17,-0.857769730091869,-0.2116796722785505,0,Intermedi,-0.7426728924845908,0.7623130660088,0.31569227763468366,Desgentrificació
2003,Barri,el congres i els indians,,,13670,12823.0,6.0,82.0,759.0,,,,,,,,,15,-0.933583333324754,-0.8334902537099255,0.0033723453127869,3.6921966638804284e-16,-0.8835367935173397,1.0092936587501425e-17,-0.7126486570441117,-0.1756956551096317,0,Intermedi,-0.6170243841497228,0.6333417509150924,0.31569227763468366,Desgentrificació
2004,Barri,el congres i els indians,,,13707,12645.0,0.0,96.0,962.0,,,,,,,,,15,-0.905305683246908,-0.6407213437635706,0.0033723453127869,3.6921966638804284e-16,-0.7730135135052394,1.0092936587501425e-17,-0.6235020955758849,-0.1535909991072117,0,Intermedi,-0.5398396429097022,0.5541158395627444,0.31569227763468366,Desgentrificació
2005,Barri,el congres i els indians,,,13833,12556.0,0.0,125.0,1149.0,,,,,,,,,15,-0.8481237741697623,-0.4713705887726324,0.0033723453127869,3.6921966638804284e-16,-0.6597471814711974,1.0092936587501425e-17,-0.5321430259767213,-0.1309377327004032,0,Intermedi,-0.4607392712206182,0.4729236384269095,0.31569227763468366,Desgentrificació
2006,Barri,el congres i els indians,,,13905,12428.0,0.0,153.0,1324.0,,,,,,,,,15,-0.7927920294371227,-0.3115375089916634,0.0033723453127869,3.6921966638804284e-16,-0.5521647692143931,1.0092936587501425e-17,-0.4453685280962626,-0.1094212502490424,0,Intermedi,-0.3856083064943673,0.3958058162305704,0.31569227763468366,Desgentrificació
2007,Barri,el congres i els indians,,,13850,12337.0,0.0,269.0,1244.0,,,,,,,,,15,-0.5559461110452786,-0.3825178284926926,0.0033723453127869,3.6921966638804284e-16,-0.4692319697689856,1.0092936587501425e-17,-0.3784760697591346,-0.0928346903599609,0,Intermedi,-0.3276915792238455,0.3363574663775387,0.31569227763468366,Desgentrificació
2008,Barri,el congres i els indians,,,13995,12214.0,0.0,331.0,1449.0,,,,,,,,,15,-0.4369788530791115,-0.2021432918414029,0.0033723453127869,3.6921966638804284e-16,-0.3195610724602572,1.0092936587501425e-17,-0.2577535772175049,-0.0629005108982152,0,Intermedi,-0.2231678130211851,0.2290695425943367,0.31569227763468366,Desgentrificació
2009,Barri,el congres i els indians,,,14061,12116.0,0.0,351.0,1593.0,,,,,,,,,15,-0.400087946642823,-0.0738710048270712,0.0033723453127869,3.6921966638804284e-16,-0.2369794757349471,1.0092936587501425e-17,-0.1911443941765095,-0.0463841915531532,0,Intermedi,-0.1654963507398181,0.1698729438254757,0.31569227763468366,Desgentrificació
2010,Barri,el congres i els indians,,,13953,12066.0,0.0,385.0,1501.0,,,,,,,,,15,-0.3261021096795816,-0.1490406686593838,0.0033723453127869,3.6921966638804284e-16,-0.2375713891694827,1.0092936587501425e-17,-0.1916218234327704,-0.0465025742400603,0,Intermedi,-0.1659097178175607,0.1702972425007199,0.31569227763468366,Desgentrificació
2011,Barri,el congres i els indians,,,13998,12065.0,0.0,384.0,1547.0,0.0,0.0,0.0,0.0,9170.0,,,,15,-0.3306071972154678,-0.1103772065600188,0.0033723453127869,3.6921966638804284e-16,-0.2204922018877433,1.0092936587501425e-17,-0.1778459852684285,-0.0430867367837124,0,Intermedi,-0.1539823424194853,0.1580544446267779,0.31569227763468366,Desgentrificació
2012,Barri,el congres i els indians,,,14108,12088.0,0.0,365.0,1653.0,,,,,9650.0,,,,15,-0.3745109712543358,-0.0229113705814229,0.0033723453127869,3.6921966638804284e-16,-0.1987111709178794,1.0092936587501425e-17,-0.1602777044864634,-0.0387305305897396,0,Intermedi,-0.1387714000807693,0.1424412450493472,0.31569227763468366,Desgentrificació
2013,Barri,el congres i els indians,,,14028,12071.0,0.0,350.0,1607.0,,,,,1004.0,,,,15,-0.4004413634333553,-0.0572435669529791,0.0033723453127869,3.6921966638804284e-16,-0.2288424651931672,1.0092936587501425e-17,-0.1845811930993159,-0.0447567894447972,0,Intermedi,-0.159813809893529,0.1640401267412777,0.31569227763468366,Desgentrificació
2014,Barri,el congres i els indians,,-1.2168670280328673,13923,12078.0,0.0,346.0,1499.0,,,,,9420.0,-0.125505407320806,-0.3558161080746872,-0.3699328552926816,15,-0.4032301769679182,-0.147881609501953,-0.2406607576977466,-1.2168670280328673,-0.2755558932349357,-0.3699328552926816,-0.9648924507717708,-0.5663560854247076,2,Baixa gentrificació,-2.240493427542469,-0.2105926994888912,0.31569227763468366,Desgentrificació
2015,Barri,el congres i els indians,-0.0947106670930846,-1.1164183723969447,14046,12280.0,0.0,334.0,1432.0,,,,,8720.0,-0.3035712972958178,-0.212730173790452,-0.3699328552926816,15,-0.4333862006670133,-0.2230012044921594,-0.2036707127264515,-1.1164183723969447,-0.3281937025795863,-0.3699328552926816,-0.9526436338756054,-0.5356520371114725,2,Baixa gentrificació,-2.1138663964642324,-0.0966469021800214,0.31569227763468366,Desgentrificació
2016,Barri,el congres i els indians,-0.1672162771132362,-0.815072405489177,14051,12290.0,0.0,351.0,1410.0,,,,,7750.0,-0.3157121534304777,-0.371714545217379,-0.3678813558135579,15,-0.3995881636004044,-0.2440663425296396,-0.2848809919203643,-0.815072405489177,-0.321827253065022,-0.3678813558135579,-0.8102564911429815,-0.4679277409985784,2,Baixa gentrificació,-1.8455212997053996,-0.1441065849376715,0.31569227763468366,Desgentrificació
2017,Barri,el congres i els indians,-0.1938094115211556,-0.4802435533694352,14141,12272.0,0.0,407.0,1459.0,,,,,6770.0,-0.0243316061986403,-0.2524762666471837,-0.3678813558135579,15,-0.2926554912551848,-0.2069008604462034,-0.1568724281223265,-0.4802435533694352,-0.2497781758506941,-0.3678813558135579,-0.56911717076484,-0.3146667007803789,0,Intermedi,-1.2449962202327114,0.0649140138507813,0.31569227763468366,Desgentrificació
2018,Barri,el congres i els indians,-0.1990601001075253,-0.3128291273095643,14196,12250.0,0.0,416.0,1527.0,,,,,6370.0,0.2103916124047842,-0.2047809552191061,-0.3678813558135579,15,-0.2779573989337999,-0.1491711143602691,-0.0644831476406157,-0.3128291273095643,-0.2135642566470345,-0.3678813558135579,-0.4443374290280716,-0.2294828049771725,0,Intermedi,-0.9109279798959856,0.2092076356962398,0.31569227763468366,Desgentrificació
2019,Barri,el congres i els indians,-0.1974632171970514,-0.245863356885616,14557,12304.0,0.0,485.0,1766.0,,,,,5960.0,0.0525604826542056,-0.2047809552191061,-0.3678813558135579,15,-0.16505666347101,0.0316401211042927,-0.1165612299206506,-0.245863356885616,-0.0667082711833586,-0.3678813558135579,-0.3003837910060757,-0.1956453014412633,0,Intermedi,-0.7904806326945396,0.0468264348508625,0.31569227763468366,Desgentrificació
2020,Barri,el congres i els indians,-0.1938091491415536,-0.1119318160377193,14726,12287.0,0.0,538.0,1901.0,,,,,5850.0,-0.2064444482185387,-0.220679392361799,-0.3678813558135579,15,-0.0745645553749818,0.1338780966692274,-0.2069776632406304,-0.1119318160377193,0.0296567706471228,-0.3678813558135579,-0.1696898941477738,-0.1633177608167919,0,Intermedi,-0.6711050113443787,-0.1171498552155547,0.31569227763468366,Desgentrificació
2021,Barri,el congres i els indians,-0.0795002757328422,-0.3797948977335127,14549,12113.0,0.0,517.0,1919.0,1671.0,5475.0,2304.0,3132.0,7920.0,0.3398940778411564,-0.1729840809337202,-0.3678813558135579,15,-0.102666363343408,0.1707971861839935,0.0291365737248646,-0.3797948977335127,0.0340654114202927,-0.3678813558135579,-0.2641664207971761,-0.1719606860812474,0,Intermedi,-0.7066020677988534,0.147233278718763,0.31569227763468366,Desgentrificació
2022,Barri,el congres i els indians,,-0.1119318160377193,14319,12091.0,0.0,532.0,1694.0,1538.0,5527.0,2295.0,3103.0,5300.0,-0.0202846541537536,-0.1173395509342967,-0.3678813558135579,15,-0.0571393949044783,-0.0079634887900393,-0.0688121025440252,-0.1119318160377193,-0.0325514418472588,-0.3678813558135579,-0.2001169065083644,-0.1343097351066867,0,Intermedi,-0.5506412023240873,0.1217509023192176,0.31569227763468366,Desgentrificació
2023,Barri,el congres i els indians,,0.3903114621418934,14623,12148.0,0.0,507.0,1966.0,1465.0,5856.0,2330.0,3207.0,5300.0,-0.279289585026498,-0.0378473652208332,-0.3124908698772198,15,-0.1269632618124405,0.2042835331521843,-0.1585684751236656,0.3903114621418934,0.0386601356698718,-0.3124908698772198,0.1079165253047702,0.0147567492639987,0,Intermedi,0.0366787986031451,0.0312787126303634,0.31569227763468366,Desgentrificació
2024,Barri,el congres i els indians,,0.5912087734137385,14945,12190.0,0.0,584.0,2169.0,,,,,5310.0,-0.4694963311361697,-0.2683747037898767,-0.3124908698772198,15,-0.0030367905799494,0.3448018174858246,-0.3689355174630232,0.5912087734137385,0.1708825134529376,-0.3124908698772198,0.2833324256917926,0.0383603055003581,0,Intermedi,0.1184671010282871,-0.310964237497137,0.31569227763468366,Desgentrificació
2025,Barri,el congres i els indians,,0.4572772325658417,15175,12319.0,0.0,649.0,2203.0,,,,,5380.0,-0.3723694820588905,-0.3637653266460331,,15,0.1008004548801551,0.3453387097770303,-0.3680674043524618,0.4572772325658417,0.2230695823285927,1.0092936587501425e-17,0.3518014131179218,0.0713768649297325,0,Intermedi,0.259168898092951,-0.5721394010782915,0.31569227763468366,Desgentrificació
2000,Barri,el fort pienc,,,28353,27468.0,0.0,222.0,660.0,,,,,,,,,16,-0.8820649016859853,-1.2574887360058522,0.0033723453127869,3.6921966638804284e-16,-1.069776818845919,1.0092936587501425e-17,-0.8628673065809388,-0.2129436601753475,0,Intermedi,-0.7470864684630685,0.7668433601265243,1.1431886325060319,Gentrificació intensa
2001,Barri,el fort pienc,,,28710,27263.0,7.0,267.0,1173.0,0.0,0.0,0.0,0.0,,,,,16,-0.8407101058442613,-1.026339688320683,0.0033723453127869,3.6921966638804284e-16,-0.933524897082472,1.0092936587501425e-17,-0.7529683756288414,-0.1856932758226582,0,Intermedi,-0.6519339420123894,0.6691745009139125,1.1431886325060319,Gentrificació intensa
2002,Barri,el fort pienc,,,29749,27344.0,23.0,458.0,1924.0,,,,,,,,,16,-0.6692303425188239,-0.7131562618366328,0.0033723453127869,3.6921966638804284e-16,-0.6911933021777283,1.0092936587501425e-17,-0.5575070355518544,-0.1372269568417094,0,Intermedi,-0.4826998996915642,0.4954650213029705,1.1431886325060319,Gentrificació intensa
2003,Barri,el fort pienc,,,30407,27059.0,24.0,622.0,2702.0,,,,,,,,,16,-0.5268737471838872,-0.3951197630263292,0.0033723453127869,3.6921966638804284e-16,-0.4609967551051082,1.0092936587501425e-17,-0.371833658584249,-0.0911876474271854,0,Intermedi,-0.3219404568103791,0.3304542540691773,1.1431886325060319,Gentrificació intensa
2004,Barri,el fort pienc,,,30537,26655.0,12.0,769.0,3101.0,,,,,,,,,16,-0.3939016824968323,-0.2282844746194693,0.0033723453127869,3.6921966638804284e-16,-0.3110930785581508,1.0092936587501425e-17,-0.2509234095023951,-0.0612069121177939,0,Intermedi,-0.2172541275235723,0.2229994681797242,1.1431886325060319,Gentrificació intensa
2005,Barri,el fort pienc,,,30929,26309.0,12.0,972.0,3636.0,,,,,,,,,16,-0.2182395368231488,-0.0177567691655642,0.0033723453127869,3.6921966638804284e-16,-0.1179981529943565,1.0092936587501425e-17,-0.0951756914732985,-0.0225879270050351,0,Intermedi,-0.0824048734770871,0.0845840913140489,1.1431886325060319,Gentrificació intensa
2006,Barri,el fort pienc,,,31505,26237.0,21.0,1161.0,4086.0,,,,,,,,,16,-0.0656391167016071,0.1417978399777728,0.0033723453127869,3.6921966638804284e-16,0.0380793616380828,1.0092936587501425e-17,0.0307142907138526,0.0086275759214527,0,Intermedi,0.0265930008076017,-0.0272962594773016,1.1431886325060319,Gentrificació intensa
2007,Barri,el fort pienc,,,31121,26013.0,21.0,1534.0,3553.0,,,,,,,,,16,0.2843258472008883,-0.062362811639224,0.0033723453127869,3.6921966638804284e-16,0.1109815177808321,1.0092936587501425e-17,0.089516169766251,0.0232080071500026,0,Intermedi,0.0775047549385112,-0.0795543878944836,1.1431886325060319,Gentrificació intensa
2008,Barri,el fort pienc,,,32159,25825.0,23.0,1910.0,4401.0,,,,,,,,,16,0.5684830855424098,0.2359144889447224,0.0033723453127869,3.6921966638804284e-16,0.402198787243566,1.0092936587501425e-17,0.3244080243142389,0.0814514610425494,0,Intermedi,0.2808784657589434,-0.2883063682211756,1.1431886325060319,Gentrificació intensa
2009,Barri,el fort pienc,,,33079,25746.0,17.0,2123.0,5193.0,,,,,,,,,16,0.7031584667987146,0.5006948660849881,0.0033723453127869,3.6921966638804284e-16,0.6019266664418514,1.0092936587501425e-17,0.4855057917521868,0.1213970368822065,0,Intermedi,0.4203598915060803,-0.4314764157462168,1.1431886325060319,Gentrificació intensa
2010,Barri,el fort pienc,,,32648,25562.0,17.0,2059.0,5010.0,,,,,,,,,16,0.6718466049682367,0.4542414582032928,0.0033723453127869,3.6921966638804284e-16,0.5630440315857648,1.0092936587501425e-17,0.4541435918802208,0.1136205099109891,0,Intermedi,0.3932059189695369,-0.4036043494999312,1.1431886325060319,Gentrificació intensa
2011,Barri,el fort pienc,,,32387,25569.0,14.0,2014.0,4790.0,0.0,0.0,0.0,0.0,1901.0,,,,16,0.6470566882617292,0.3811817938731003,0.0033723453127869,3.6921966638804284e-16,0.5141192410674148,1.0092936587501425e-17,0.4146815270121975,0.1038355518073191,0,Intermedi,0.3590389335528207,-0.3685338094642516,1.1431886325060319,Gentrificació intensa
2012,Barri,el fort pienc,,,32286,25653.0,8.0,2149.0,4476.0,,,,,1987.0,,,,16,0.7701590909850047,0.2593815645877719,0.0033723453127869,3.6921966638804284e-16,0.5147703277863883,1.0092936587501425e-17,0.4152066846279303,0.1039657691511138,0,Intermedi,0.3594936247266918,-0.3690005250618563,1.1431886325060319,Gentrificació intensa
2013,Barri,el fort pienc,,,31755,25403.0,11.0,2289.0,4052.0,,,,,2039.0,,,,16,0.925496778367894,0.1142929477141977,0.0033723453127869,3.6921966638804284e-16,0.5198948630410459,1.0092936587501425e-17,0.4193400644645169,0.1049906762020454,0,Intermedi,0.3630723814154439,-0.3726739228814201,1.1431886325060319,Gentrificació intensa
2014,Barri,el fort pienc,,-0.9490039463370736,31489,25265.0,9.0,2385.0,3830.0,,,,,1879.0,2.4078865727782244,0.5980901204868747,-0.0222036935812252,16,1.0283916795311128,0.0357633325298289,1.5029883466325495,-0.9490039463370736,0.5320775060304709,-0.0222036935812252,0.1700851989607832,0.2681700825784918,0,Intermedi,1.0028905550006957,1.5126970943892832,1.1431886325060319,Gentrificació intensa
2015,Barri,el fort pienc,0.3425549403702195,-0.6476579794293061,31548,25417.0,13.0,2340.0,3778.0,,,,,1715.0,1.9870035601100149,0.2960198147757136,-0.0222036935812252,16,0.984279701046986,0.0110986389316507,0.8751927717519826,-0.6476579794293061,0.4976891699893184,-0.0222036935812252,0.2008666947873692,0.1633575329784215,0,Intermedi,0.5926301720412223,0.7270297462061784,1.1431886325060319,Gentrificació intensa
2016,Barri,el fort pienc,0.3135904701148088,-0.3463120125215385,31693,25379.0,17.0,2453.0,3844.0,,,,,1479.0,2.246008490982759,0.3437151262037924,-0.034512690455967,16,1.0750359214248322,0.0312772988045353,0.9677713624337868,-0.3463120125215385,0.5531566101146838,-0.034512690455967,0.4034648556382069,0.2901665889054178,1,Gentrificació residencial,1.089366753993402,0.8976370530703207,1.1431886325060319,Gentrificació intensa
2017,Barri,el fort pienc,0.3298535076231637,0.0889654952341257,32137,25063.0,19.0,2699.0,4356.0,,,,,1368.0,-0.8482910425375583,0.2721721590616748,-0.034512690455967,16,1.2602951574269037,0.2187340674815168,-0.0820884586175732,0.0889654952341257,0.7395146124542102,-0.034512690455967,0.6178590138090517,0.1430634953846144,0,Intermedi,0.4919070246106314,-0.6075772219820531,1.1431886325060319,Gentrificació intensa
2018,Barri,el fort pienc,0.3048888586830991,0.0889654952341257,32170,24765.0,10.0,2771.0,4624.0,,,,,1276.0,-0.7928477995226114,0.4391057490599477,-0.034512690455967,16,1.320833682883001,0.3264487483246741,-0.0162843972598548,0.0889654952341257,0.8236412156038375,-0.034512690455967,0.6951203595027032,0.1796300344218553,0,Intermedi,0.6287215566439086,-0.5753381673504653,1.1431886325060319,Gentrificació intensa
2019,Barri,el fort pienc,0.3281705689621687,0.3903114621418934,32738,24533.0,6.0,3093.0,5106.0,,,,,1206.0,-0.8118684741335785,0.4629534047739876,-0.0334869407164052,16,1.5554872218843527,0.4872527561295748,-0.0069148334658073,0.3903114621418934,1.021369989006964,-0.0334869407164052,1.0045026821156848,0.3125955982609375,1,Gentrificació residencial,1.1372999505549373,-0.6319521915370444,1.1431886325060319,Gentrificació intensa
2020,Barri,el fort pienc,0.30922987076963,0.3568285769299192,33473,24267.0,7.0,3298.0,5901.0,,,,,1169.0,2.424074380957771,0.4152580933459088,-0.0334869407164052,16,1.6694156216196698,0.754521599760134,1.0495207816911034,0.3568285769299192,1.211968610689902,-0.0334869407164052,1.292770198120158,0.6576011415810061,1,Gentrificació residencial,2.483832319750407,0.7090695280494075,1.1431886325060319,Gentrificació intensa
2021,Barri,el fort pienc,0.3523151030903219,0.0554826100221515,33445,23846.0,10.0,3231.0,6358.0,2922.0,15405.0,4065.0,6735.0,168.0,-0.7090758921934581,0.3993596562032159,-0.0355384401955288,16,1.6153799502698936,0.9361365340617456,0.0141996223666932,0.0554826100221515,1.2757582421658196,-0.0355384401955288,1.0473738471216445,0.2689486301107116,1,Gentrificació residencial,0.9399273453546676,-0.8639878624563759,1.1431886325060319,Gentrificació intensa
2022,Barri,el fort pienc,,0.5242430029897901,33445,23655.0,5.0,3404.0,6381.0,2735.0,15800.0,4172.0,6664.0,1063.0,-0.8567896418318202,0.4868010604880264,-0.0375899396746524,16,1.760896619294359,0.9451792197686688,-0.1849942906718968,0.5242430029897901,1.353037919531514,-0.0375899396746524,1.3112483435836275,0.3648642096667403,1,Gentrificació residencial,1.3135579262898551,-1.0853534436243348,1.1431886325060319,Gentrificació intensa
2023,Barri,el fort pienc,,1.0934520515933512,34403,23354.0,0.0,3445.0,7600.0,2836.0,16815.0,4163.0,7044.0,1074.0,1.841313286494096,0.5265471533447582,3.041710778489926,16,1.7146922354170728,1.34123599485591,1.1839302199194273,1.0934520515933512,1.527964115136491,3.041710778489926,2.8360315133563465,1.597149660179117,3,Gentrificació turística,6.324236274545285,-1.0476414392851732,1.1431886325060319,Gentrificació intensa
2024,Barri,el fort pienc,,1.0264862811694029,36119,23311.0,10.0,3788.0,9010.0,,,,,1138.0,1.2342704797611015,0.5265471533447582,3.3186632081716168,16,1.8480070850502517,1.7165447466123456,0.88040881655293,1.0264862811694029,1.7822759158312986,3.3186632081716168,3.046488892300498,1.592256354117283,3,Gentrificació turística,6.294802041569652,-1.8437341026726333,1.1431886325060319,Gentrificació intensa
2025,Barri,el fort pienc,,0.8925547403215061,36621,23397.0,10.0,4039.0,9175.0,,,,,1174.0,1.3071156165690612,0.6219377762009146,,16,2.0003791186910367,1.7308262944963242,0.964526696384988,0.8925547403215061,1.8656027065936804,1.0092936587501425e-17,2.081272570418092,0.9302449723306844,1,Gentrificació residencial,3.5049717876236586,0.2293728041678196,1.1431886325060319,Gentrificació intensa
2000,Barri,el guinardo,,,34049,33360.0,0.0,160.0,527.0,,,,,,,,,17,-0.9701385762014292,-1.3600563420105822,0.0033723453127869,3.6921966638804284e-16,-1.1650974591060057,1.0092936587501425e-17,-0.9397516273792924,-0.2320077882273649,0,Intermedi,-0.8136543350021581,0.8351716308263073,0.7488334182465891,Gentrificació moderada
2001,Barri,el guinardo,,,34282,33091.0,0.0,193.0,996.0,0.0,0.0,0.0,0.0,,,,,17,-0.9439572343336236,-1.1815493845940237,0.0033723453127869,3.6921966638804284e-16,-1.0627533094638235,1.0092936587501425e-17,-0.8572022402638237,-0.2115389582989285,0,Intermedi,-0.7421815492985764,0.7618087291272693,0.7488334182465891,Gentrificació moderada
2002,Barri,el guinardo,,,35029,33047.0,16.0,268.0,1698.0,,,,,,,,,17,-0.8871020632628068,-0.9261782488310988,0.0033723453127869,3.6921966638804284e-16,-0.9066401560469528,1.0092936587501425e-17,-0.7312835123220531,-0.1803163276155543,0,Intermedi,-0.6331587864080286,0.6499028315445481,0.7488334182465891,Gentrificació moderada
2003,Barri,el guinardo,,,35306,32494.0,14.0,349.0,2449.0,,,,,,,,,17,-0.8242498997097902,-0.6514792358654502,0.0033723453127869,3.6921966638804284e-16,-0.7378645677876202,1.0092936587501425e-17,-0.5951514381432059,-0.1465612099636878,0,Intermedi,-0.5152931195005438,0.5289201770991645,0.7488334182465891,Gentrificació moderada
2004,Barri,el guinardo,,,35206,31933.0,0.0,433.0,2836.0,,,,,,,,,17,-0.7563387122478018,-0.5043461525918896,0.0033723453127869,3.6921966638804284e-16,-0.6303424324198457,1.0092936587501425e-17,-0.5084255587745433,-0.1250567828901329,0,Intermedi,-0.4402042495807625,0.4518455629171582,0.7488334182465891,Gentrificació moderada
2005,Barri,el guinardo,,,35344,31610.0,5.0,546.0,3183.0,,,,,,,,,17,-0.6677480455696132,-0.3793853649779093,0.0033723453127869,3.6921966638804284e-16,-0.5235667052737613,1.0092936587501425e-17,-0.4223017220380575,-0.103701637460916,0,Intermedi,-0.3656366393036941,0.3753059932216874,0.7488334182465891,Gentrificació moderada
2006,Barri,el guinardo,,,35370,31090.0,9.0,622.0,3649.0,,,,,,,,,17,-0.6076202771745649,-0.2070144582368749,0.0033723453127869,3.6921966638804284e-16,-0.4073173677057199,1.0092936587501425e-17,-0.3285366010968814,-0.0804517699473077,0,Intermedi,-0.2844530638747821,0.2919754974933076,0.7488334182465891,Gentrificació moderada
2007,Barri,el guinardo,,,35044,30703.0,5.0,856.0,3480.0,,,,,,,,,17,-0.4151729982280461,-0.2578072659123566,0.0033723453127869,3.6921966638804284e-16,-0.3364901320702013,1.0092936587501425e-17,-0.2714083244612706,-0.066286322820204,0,Intermedi,-0.234990345661253,0.2412047251168714,0.7488334182465891,Gentrificació moderada
2008,Barri,el guinardo,,,35169,30387.0,6.0,996.0,3780.0,,,,,,,,,17,-0.3056288002978425,-0.1502821097412668,0.0033723453127869,3.6921966638804284e-16,-0.2279554550195547,1.0092936587501425e-17,-0.1838657428615358,-0.0445793874100747,0,Intermedi,-0.1591943598489769,0.1634042951827539,0.7488334182465891,Gentrificació moderada
2009,Barri,el guinardo,,,35620,30364.0,6.0,1112.0,4138.0,,,,,,,,,17,-0.2241021980544279,-0.0360195089528372,0.0033723453127869,3.6921966638804284e-16,-0.1300608535036326,1.0092936587501425e-17,-0.1049053002245522,-0.0250004671068903,0,Intermedi,-0.0908289486344875,0.0932309432814643,0.7488334182465891,Gentrificació moderada
2010,Barri,el guinardo,,,35669,30466.0,0.0,1163.0,4038.0,,,,,,,,,17,-0.1850854174948696,-0.0749826067065002,0.0033723453127869,3.6921966638804284e-16,-0.1300340121006849,1.0092936587501425e-17,-0.1048836503171525,-0.0249950988263007,0,Intermedi,-0.0908102037443538,0.0932117026779437,0.7488334182465891,Gentrificació moderada
2011,Barri,el guinardo,,,35692,30564.0,0.0,1070.0,4057.0,0.0,0.0,0.0,0.0,2267.0,,,,17,-0.2589774949783591,-0.0689420937067619,0.0033723453127869,3.6921966638804284e-16,-0.1639597943425605,1.0092936587501425e-17,-0.1322477208699982,-0.0317802552746758,0,Intermedi,-0.114502521990951,0.1175305703061903,0.7488334182465891,Gentrificació moderada
2012,Barri,el guinardo,,,35656,30525.0,0.0,1109.0,4019.0,,,,,2474.0,,,,17,-0.2273558376888174,-0.0814467060770101,0.0033723453127869,3.6921966638804284e-16,-0.1544012718829137,1.0092936587501425e-17,-0.1245379477805547,-0.0298685507827465,0,Intermedi,-0.1078272578963278,0.1106787771548787,0.7488334182465891,Gentrificació moderada
2013,Barri,el guinardo,,,35712,30448.0,0.0,1193.0,4068.0,,,,,2526.0,,,,17,-0.1625576124665047,-0.065728915926513,0.0033723453127869,3.6921966638804284e-16,-0.1141432641965088,1.0092936587501425e-17,-0.0920663910514065,-0.0218169492454655,0,Intermedi,-0.0797127836808165,0.0818208085184423,0.7488334182465891,Gentrificació moderada
2014,Barri,el guinardo,,-1.2168670280328673,35539,30593.0,0.0,1176.0,3768.0,,,,,2469.0,2.440262189137317,-0.3001715780752625,-0.3186453683145907,17,-0.1714396798868784,-0.1694359911978443,1.0700453055310275,-1.2168670280328673,-0.1704378355423613,-0.3186453683145907,-0.6776314486080744,-0.1418631575219423,0,Intermedi,-0.5690842474729708,1.5257280071013593,0.7488334182465891,Gentrificació moderada
2015,Barri,el guinardo,0.0895998368908197,-0.815072405489177,35784,31167.0,0.0,1200.0,3416.0,,,,,2215.0,1.9950974641997885,-0.6101911023577701,-0.3186453683145907,17,-0.1589454139863482,-0.3083276311747212,0.4915020662442793,-0.815072405489177,-0.2336365225805347,-0.3186453683145907,-0.6136294725107697,-0.2075274799524943,0,Intermedi,-0.8215306252491311,0.8541713252889855,0.7488334182465891,Gentrificació moderada
2016,Barri,el guinardo,0.0385206791249262,-0.5806922090053578,36176,31437.0,0.0,1270.0,3468.0,,,,,2031.0,2.322900579835605,-0.6101911023577701,-0.2971046237837925,17,-0.114733243428607,-0.303028448663544,0.5837433855342539,-0.5806922090053578,-0.2088808460460755,-0.2971046237837925,-0.4588157049175893,-0.1002817410073048,0,Intermedi,-0.3978702635074905,1.0093137261769345,0.7488334182465891,Gentrificació moderada
2017,Barri,el guinardo,-0.0102131003034327,-0.1788975864616676,36538,31477.0,0.0,1364.0,3695.0,,,,,18.0,-0.8454581761061376,-0.5545465723583454,-0.2971046237837925,17,-0.052144157936171,-0.2338248751104509,-0.4700726162559719,-0.1788975864616676,-0.142984516523311,-0.2971046237837925,-0.3586225807227881,-0.2827088888767126,0,Intermedi,-1.1239836525072735,-0.4231786080352951,0.7488334182465891,Gentrificació moderada
2018,Barri,el guinardo,-0.024101291304477,-0.245863356885616,36890,31459.0,0.0,1531.0,3899.0,,,,,1655.0,-0.8393877480388077,-0.3319684523606472,-0.2971046237837925,17,0.0651870310954519,-0.17379848942672,-0.3984858305679773,-0.245863356885616,-0.054305729165634,-0.2971046237837925,-0.3098085431341265,-0.2635868268259633,0,Intermedi,-1.0568001720322833,-0.4021988011019334,0.7488334182465891,Gentrificació moderada
2019,Barri,el guinardo,-0.0262922169298277,0.0219997248101774,37216,31216.0,0.0,1746.0,4252.0,,,,,1537.0,-0.8357454911984097,-0.3558161080746872,-0.2971046237837925,17,0.2174798596056607,-0.061249700355033,-0.4059512720676415,0.0219997248101774,0.0781150796253138,-0.2971046237837925,-0.0722843774470103,-0.1589833730089349,0,Intermedi,-0.6544986128818425,-0.4431058963230961,0.7488334182465891,Gentrificació moderada
2020,Barri,el guinardo,0.0037628068614906,0.1224483804460999,37584,31110.0,0.0,1875.0,4597.0,,,,,1537.0,2.3107597237009454,-0.4432575123594965,-0.3022333724816016,17,0.3011142176326753,0.0447430932457618,0.6237550060676466,0.1224483804460999,0.1729286554392186,-0.3022333724816016,0.1992825042296556,0.1980000725456473,0,Intermedi,0.7484633047406274,0.964406770617894,0.7488334182465891,Gentrificació moderada
2021,Barri,el guinardo,0.0501744883789528,-0.0784489308257451,37325,30730.0,0.0,1800.0,4791.0,3843.0,14946.0,5478.0,8148.0,2049.0,-0.7956806659540321,-0.3160700152179554,-0.3022333724816016,17,0.2543253709185768,0.1242476655612494,-0.3538587309310115,-0.0784489308257451,0.1892865182399131,-0.3022333724816016,-0.0260996666883382,-0.1522816693753647,0,Intermedi,-0.6388779518483715,-0.4705661530672581,0.7488334182465891,Gentrificació moderada
2022,Barri,el guinardo,,0.1894141508700483,36994,30520.0,0.0,1853.0,4617.0,3542.0,15246.0,5480.0,8071.0,1437.0,-0.8507192137644902,-0.3558161080746872,-0.3022333724816016,17,0.3067674008488969,0.0775022797589844,-0.6032676609195887,0.1894141508700483,0.1921348403039406,-0.3022333724816016,0.0723298934882184,-0.1461757594503943,0,Intermedi,-0.6140845871949945,-0.758848176505171,0.7488334182465891,Gentrificació moderada
2023,Barri,el guinardo,,0.691657429049661,37575,30475.0,0.0,1872.0,5224.0,3427.0,16032.0,5435.0,8260.0,1413.0,2.128646881681047,-0.2683747037898767,0.3850189530248166,17,0.2992043191231474,0.264544854400256,0.9301360889455852,0.691657429049661,0.2818745867617017,0.3850189530248166,0.8136353637656972,0.6199167633558774,1,Gentrificació residencial,2.442663165404832,1.0304170019068817,0.7488334182465891,Gentrificació moderada
2024,Barri,el guinardo,,0.7251403142616352,38153,30417.0,0.0,2037.0,5696.0,,,,,1421.0,1.2949747604344013,-0.3081207966466084,0.3850189530248166,17,0.3996331661670457,0.3995221658174576,0.4934269818938964,0.7251403142616352,0.3995776659922516,0.3850189530248166,0.8626229983843483,0.5224895126500732,1,Gentrificació residencial,2.046624119622306,0.3399454636202897,0.7488334182465891,Gentrificació moderada
2025,Barri,el guinardo,,0.8590718551095319,39061,30675.0,0.0,2197.0,6185.0,,,,,1428.0,1.4811345544991863,-0.4194098566454577,,17,0.479951282858183,0.5185024052248707,0.5308623489268642,0.8590718551095319,0.4992268440415268,1.0092936587501425e-17,0.9007120896062429,0.5168256300192242,1,Gentrificació residencial,1.9964571733034029,0.5908803282450975,0.7488334182465891,Gentrificació moderada
2000,Barri,el parc i la llacuna del poblenou,,,12420,11930.0,5.0,86.0,399.0,,,,,,,,,18,-0.9075394934769832,-1.1411489036474771,0.0033723453127869,3.6921966638804284e-16,-1.0243441985622304,1.0092936587501425e-17,-0.8262219783176171,-0.2038571361186098,0,Intermedi,-0.7153582656801916,0.7342760969516862,0.9763543918411622,Gentrificació moderada
2001,Barri,el parc i la llacuna del poblenou,,,12462,11652.0,9.0,94.0,707.0,0.0,0.0,0.0,0.0,,,,,18,-0.890136730291933,-0.8175872478990324,0.0033723453127869,3.6921966638804284e-16,-0.8538619890954826,1.0092936587501425e-17,-0.6887133668847799,-0.1697606942252603,0,Intermedi,-0.5963007673660146,0.6120700928149445,0.9763543918411622,Gentrificació moderada
2002,Barri,el parc i la llacuna del poblenou,,,12771,11511.0,20.0,149.0,1091.0,,,,,,,,,18,-0.7741175097934518,-0.440263681765092,0.0033723453127869,3.6921966638804284e-16,-0.6071905957792719,1.0092936587501425e-17,-0.4897516049436826,-0.1204264155620181,0,Intermedi,-0.4240359950724066,0.4352497348062903,0.9763543918411622,Gentrificació moderada
2003,Barri,el parc i la llacuna del poblenou,,,13159,11402.0,21.0,221.0,1515.0,,,,,,,,,18,-0.6298707245074134,-0.0496994776153732,0.0033723453127869,3.6921966638804284e-16,-0.3397851010613933,1.0092936587501425e-17,-0.2740660012482519,-0.0669453166184424,0,Intermedi,-0.2372914113638924,0.2435666430872423,0.9763543918411622,Gentrificació moderada
2004,Barri,el parc i la llacuna del poblenou,,,13219,11239.0,15.0,270.0,1695.0,,,,,,,,,18,-0.5277365633845661,0.1224793104166328,0.0033723453127869,3.6921966638804284e-16,-0.2026286264839666,1.0092936587501425e-17,-0.1634374704053088,-0.0395140217029571,0,Intermedi,-0.1415071838374097,0.1452493773032181,0.9763543918411622,Gentrificació moderada
2005,Barri,el parc i la llacuna del poblenou,,,13194,11053.0,15.0,323.0,1803.0,,,,,,,,,18,-0.4136429287837849,0.2333077018596119,0.0033723453127869,3.6921966638804284e-16,-0.0901676134620865,1.0092936587501425e-17,-0.0727279600737616,-0.017021819098581,0,Intermedi,-0.0629692125725856,0.0646344494138967,0.9763543918411622,Gentrificació moderada
2006,Barri,el parc i la llacuna del poblenou,,,13341,11032.0,13.0,438.0,1858.0,,,,,,,,,18,-0.1787338563764877,0.2677179031707038,0.0033723453127869,3.6921966638804284e-16,0.044492023397108,1.0092936587501425e-17,0.0358866557179794,0.0099101082732578,0,Intermedi,0.0310713300652564,-0.0318930192911391,0.9763543918411622,Gentrificació moderada
2007,Barri,el parc i la llacuna del poblenou,,,13190,11020.0,19.0,603.0,1548.0,,,,,,,,,18,0.1837539309604942,-0.0203594559147819,0.0033723453127869,3.6921966638804284e-16,0.0816972375228561,1.0092936587501425e-17,0.0658958710401851,0.0173511510984074,0,Intermedi,0.0570538635619191,-0.0585626674942049,0.9763543918411622,Gentrificació moderada
2008,Barri,el parc i la llacuna del poblenou,,,13123,10882.0,20.0,730.0,1491.0,,,,,,,,,18,0.4625704417074321,-0.0695944941141711,0.0033723453127869,3.6921966638804284e-16,0.1964879737966305,1.0092936587501425e-17,0.1584845041869095,0.0403092983531623,0,Intermedi,0.1372188141051235,-0.1408476005427097,0.9763543918411622,Gentrificació moderada
2009,Barri,el parc i la llacuna del poblenou,,,13400,10885.0,9.0,859.0,1647.0,,,,,,,,,18,0.7010425760453332,0.0526032055153087,0.0033723453127869,3.6921966638804284e-16,0.3768228907803209,1.0092936587501425e-17,0.3039401743406914,0.0763762817499004,0,Intermedi,0.2631570228010915,-0.2701162771972455,0.9763543918411622,Gentrificació moderada
2010,Barri,el parc i la llacuna del poblenou,,,13471,10898.0,0.0,966.0,1605.0,,,,,,,,,18,0.9149884709940228,0.0030881720728094,0.0033723453127869,3.6921966638804284e-16,0.4590383215334161,1.0092936587501425e-17,0.3702540129316664,0.0928193679005194,0,Intermedi,0.3205727703967088,-0.3290503988404569,0.9763543918411622,Gentrificació moderada
2011,Barri,el parc i la llacuna del poblenou,,,13733,11060.0,0.0,942.0,1728.0,0.0,0.0,0.0,0.0,8230.0,,,,18,0.8273381432956141,0.0909707159802673,0.0033723453127869,3.6921966638804284e-16,0.4591544296379407,1.0092936587501425e-17,0.3703476641359722,0.0928425895214243,0,Intermedi,0.3206538553410085,-0.3291336280967308,0.9763543918411622,Gentrificació moderada
2012,Barri,el parc i la llacuna del poblenou,,,14038,11294.0,0.0,1026.0,1714.0,,,,,8890.0,,,,18,0.9537466927140986,0.0419091495155781,0.0033723453127869,3.6921966638804284e-16,0.4978279211148384,1.0092936587501425e-17,0.4015411718273722,0.1005772878168038,0,Intermedi,0.3476617710684977,-0.3568557750245005,0.9763543918411622,Gentrificació moderada
2013,Barri,el parc i la llacuna del poblenou,,,14356,11523.0,5.0,1142.0,1686.0,,,,,9560.0,,,,18,1.135514443963232,-0.0193003257135753,0.0033723453127869,3.6921966638804284e-16,0.5581070591248283,1.0092936587501425e-17,0.4501614976200104,0.1126331154188018,0,Intermedi,0.3897581481300832,-0.4000654014837638,0.9763543918411622,Gentrificació moderada
2014,Barri,el parc i la llacuna del poblenou,,-0.8820381759131254,14617,11688.0,5.0,1182.0,1742.0,,,,,9160.0,-0.0405194143781868,0.0257463833499384,-0.2704351305551852,18,1.1725394574734669,0.0035020042099404,-0.0073865155141241,-0.8820381759131254,0.5880207308417036,-0.2704351305551852,-0.0409328345678322,-0.2033102873708711,0,Intermedi,-0.8787195162720227,-0.4822850496278286,0.9763543918411622,Gentrificació moderada
2015,Barri,el parc i la llacuna del poblenou,0.1411870573177567,-0.446760668157461,14713,11808.0,6.0,1178.0,1721.0,,,,,8480.0,-0.1862096879941055,-0.1729840809337202,-0.2704351305551852,18,1.1500481199755197,-0.0254909716572453,-0.072668903870023,-0.446760668157461,0.5622785741591371,-0.2704351305551852,0.1431189821622208,-0.0974601828874548,0,Intermedi,-0.4562855849154192,-0.4508058467760851,0.9763543918411622,Gentrificació moderada
2016,Barri,el parc i la llacuna del poblenou,0.1006132826162773,-0.0114831604017967,14859,11856.0,7.0,1212.0,1784.0,,,,,7600.0,-0.0243316061986403,-0.2604254852185308,-0.2683836310760616,18,1.192287452944398,0.0151471562140122,-0.0613812696002979,-0.0114831604017967,0.6037173045792051,-0.2683836310760616,0.3929077569636384,0.0452074057000003,0,Intermedi,0.1056242462247045,-0.361065089821014,0.9763543918411622,Gentrificació moderada
2017,Barri,el parc i la llacuna del poblenou,0.0872920406064374,0.323345691717945,15202,11905.0,8.0,1308.0,1981.0,,,,,6710.0,0.2144385644496708,-0.0934918952202567,-0.2683836310760616,18,1.3181656232969603,0.1499254099091868,0.0694129032786172,0.323345691717945,0.7340455166030737,-0.2683836310760616,0.6814524007983608,0.2109599556043711,0,Intermedi,0.750153585490241,-0.1899029391935176,0.9763543918411622,Gentrificació moderada
2018,Barri,el parc i la llacuna del poblenou,0.0428790742709648,0.3903114621418934,15425,12002.0,7.0,1377.0,2039.0,,,,,6230.0,0.3803635982900227,-0.0060504909354473,-0.2704351305551852,18,1.4090132355406413,0.1745960934983225,0.1390640605418467,0.3903114621418934,0.791804664519482,-0.2704351305551852,0.770336719023765,0.2630865635979814,1,Gentrificació residencial,0.9510645289924712,-0.1159587833344816,0.9763543918411622,Gentrificació moderada
2019,Barri,el parc i la llacuna del poblenou,0.0592276747231211,0.7251403142616352,15713,12055.0,8.0,1560.0,2090.0,,,,,5850.0,0.4855843514570751,-0.1014411137916038,-0.2704351305551852,18,1.690617986947259,0.1854162941808714,0.1477903041295308,0.7251403142616352,0.9380171405640652,-0.2704351305551852,1.0542450968552428,0.3953955875191258,1,Gentrificació residencial,1.4618761933318285,-0.1278523912834568,0.9763543918411622,Gentrificació moderada
2020,Barri,el parc i la llacuna del poblenou,0.1416972959724111,0.4907601177778159,15943,12101.0,8.0,1664.0,2170.0,,,,,5990.0,-0.0405194143781868,-0.0298981466494862,-0.2735123797738707,18,1.8338363656449512,0.2261659183303599,0.023759911648246,0.4907601177778159,1.0300011419876556,-0.2735123797738707,0.9944922931248688,0.3056537612705755,1,Gentrificació residencial,1.0975438591212474,-0.4227705723085705,0.9763543918411622,Gentrificació moderada
2021,Barri,el parc i la llacuna del poblenou,0.1788115027047055,0.4907601177778159,15914,12028.0,8.0,1531.0,2347.0,1470.0,6930.0,2193.0,2967.0,7780.0,0.5017721596366216,-0.0775934580775649,-0.2735123797738707,18,1.6040774584124595,0.3756769652870091,0.2009967347545873,0.4907601177778159,0.9898772118497344,-0.2735123797738707,0.987462976002357,0.3508000221748937,1,Gentrificació residencial,1.279781069378667,-0.1447527533015775,0.9763543918411622,Gentrificació moderada
2022,Barri,el parc i la llacuna del poblenou,,1.0264862811694029,15961,11954.0,0.0,1675.0,2330.0,1351.0,7122.0,2200.0,2997.0,5540.0,0.4491617830530954,0.0575432576353231,-0.2735123797738707,18,1.84991298855352,0.3559612794871968,0.2533525203442093,1.0264862811694029,1.1029371340203582,-0.2735123797738707,1.349704178439223,0.5498365913033811,1,Gentrificació residencial,2.0582092671385244,-0.0231377365242186,0.9763543918411622,Gentrificació moderada
2023,Barri,el parc i la llacuna del poblenou,,1.4952466741370414,16413,11959.0,0.0,1827.0,2624.0,1296.0,7671.0,2130.0,3097.0,5890.0,-0.0405194143781868,0.248324503347636,0.6517138853108895,18,2.029138086174414,0.5386364081064438,0.1039025444847245,1.4952466741370414,1.2838872471404288,0.6517138853108895,1.977730350692195,0.8668649920767935,1,Gentrificació residencial,3.3423859947939176,-0.8207613975026722,0.9763543918411622,Gentrificació moderada
2024,Barri,el parc i la llacuna del poblenou,,1.3613151332891449,17039,12079.0,0.0,1929.0,3029.0,,,,,6020.0,-0.2266792084429718,0.0416448204926302,0.6619713827065077,18,2.08249478302536,0.773947098401227,-0.0925171939751707,1.3613151332891449,1.4282209407132933,0.6619713827065077,2.003205192626198,0.7986778464781523,1,Gentrificació residencial,3.059445851217156,-1.2390408142850156,0.9763543918411622,Gentrificació moderada
2025,Barri,el parc i la llacuna del poblenou,,1.796592641044809,17603,12209.0,0.0,2014.0,3378.0,,,,,6100.0,-0.3845103381935504,-0.1093903323629497,,18,2.1162936718975214,0.959751968028326,-0.24695033527825,1.796592641044809,1.5380228199629236,1.0092936587501425e-17,2.088649347626009,0.7724972557225525,1,Gentrificació residencial,2.9145629444820447,-1.0218266880648197,0.9763543918411622,Gentrificació moderada
2000,Barri,el poble sec,,,33997,32287.0,0.0,209.0,1499.0,,,,,,,,,19,-0.9293898826814396,-0.9837981812408388,0.0033723453127869,3.6921966638804284e-16,-0.9565940319611392,1.0092936587501425e-17,-0.7715756233530744,-0.1903071027983916,0,Intermedi,-0.6680444411402303,0.6857110462885391,1.1053903303152193,Gentrificació intensa
2001,Barri,el poble sec,,,34517,31597.0,0.0,271.0,2646.0,0.0,0.0,0.0,0.0,,,,,19,-0.881464442585262,-0.5555831334117602,0.0033723453127869,3.6921966638804284e-16,-0.7185237879985111,1.0092936587501425e-17,-0.5795514304875836,-0.142693054005866,0,Intermedi,-0.5017863444280055,0.515056211924683,1.1053903303152193,Gentrificació intensa
2002,Barri,el poble sec,,,36577,31560.0,51.0,399.0,4567.0,,,,,,,,,19,-0.7954572898134759,0.0782368274977578,0.0033723453127869,3.6921966638804284e-16,-0.358610231157859,1.0092936587501425e-17,-0.289250092935616,-0.0707103426377356,0,Intermedi,-0.2504380787008223,0.2570609773854618,1.1053903303152193,Gentrificació intensa
2003,Barri,el poble sec,,,38204,30897.0,46.0,531.0,6730.0,,,,,,,,,19,-0.7113270050011222,0.7527888601061995,0.0033723453127869,3.6921966638804284e-16,0.0207309275525386,1.0092936587501425e-17,0.0167212817711654,0.0051578891043439,0,Intermedi,0.0144775949341452,-0.0148604586142355,1.1053903303152193,Gentrificació intensa
2004,Barri,el poble sec,,,38793,30419.0,5.0,713.0,7656.0,,,,,,,,,19,-0.5852813577738646,1.0314953616026517,0.0033723453127869,3.6921966638804284e-16,0.2231070019143935,1.0092936587501425e-17,0.1799550470993603,0.0456331039767149,0,Intermedi,0.1558084071492807,-0.1599288001027722,1.1053903303152193,Gentrificació intensa
2005,Barri,el poble sec,,,39394,29828.0,6.0,1027.0,8533.0,,,,,,,,,19,-0.3689376600235999,1.284636686233736,0.0033723453127869,3.6921966638804284e-16,0.457849513105068,1.0092936587501425e-17,0.3692951363617702,0.0925816062148498,0,Intermedi,0.3197425573328552,-0.3281982305809832,1.1053903303152193,Gentrificació intensa
2006,Barri,el poble sec,,,40319,29708.0,6.0,1328.0,9277.0,,,,,,,,,19,-0.1757461802191127,1.4619337638630128,0.0033723453127869,3.6921966638804284e-16,0.64309379182195,1.0092936587501425e-17,0.5187106303415354,0.1296304619582262,0,Intermedi,0.4491092547145421,-0.4609860631764924,1.1053903303152193,Gentrificació intensa
2007,Barri,el poble sec,,,39453,29486.0,7.0,1781.0,8179.0,,,,,,,,,19,0.1676025914079834,1.1623930768736266,0.0033723453127869,3.6921966638804284e-16,0.664997834140805,1.0092936587501425e-17,0.5363781303900923,0.1340112704219972,0,Intermedi,0.4644061029288387,-0.4766874404322316,1.1053903303152193,Gentrificació intensa
2008,Barri,el poble sec,,,40334,29256.0,5.0,2139.0,8934.0,,,,,,,,,19,0.3895587201509056,1.3489875270817735,0.0033723453127869,3.6921966638804284e-16,0.8692731236163396,1.0092936587501425e-17,0.7011437765750125,0.1748663283171041,0,Intermedi,0.6070632459142196,-0.6231171878455557,1.1053903303152193,Gentrificació intensa
2009,Barri,el poble sec,,,40678,29061.0,0.0,2333.0,9283.0,,,,,,,,,19,0.5111075289910285,1.437171910910985,0.0033723453127869,3.6921966638804284e-16,0.9741397199510068,1.0092936587501425e-17,0.7857277345890042,0.1958396475840375,0,Intermedi,0.6802976007209792,-0.6982882437907215,1.1053903303152193,Gentrificació intensa
2010,Barri,el poble sec,,,40386,29069.0,0.0,2483.0,8834.0,,,,,,,,,19,0.6272591107529846,1.312678465275877,0.0033723453127869,3.6921966638804284e-16,0.9699687880144308,1.0092936587501425e-17,0.7823635181069829,0.1950054611967223,0,Intermedi,0.6773847998864482,-0.6952984131973148,1.1053903303152193,Gentrificació intensa
2011,Barri,el poble sec,,,40539,28887.0,0.0,2406.0,9243.0,0.0,0.0,0.0,0.0,3389.0,,,,19,0.5672976462744515,1.4344864530714458,0.0033723453127869,3.6921966638804284e-16,1.0008920496729488,1.0092936587501425e-17,0.8073057967467168,0.2011901135284259,0,Intermedi,0.6989802859157159,-0.7174649973469617,1.1053903303152193,Gentrificació intensa
2012,Barri,el poble sec,,,41255,28791.0,0.0,2653.0,9807.0,,,,,3578.0,,,,19,0.7067499337422907,1.5622179025725904,0.0033723453127869,3.6921966638804284e-16,1.1344839181574409,1.0092936587501425e-17,0.9150591652153706,0.2279084872253243,0,Intermedi,0.7922751446967575,-0.8132270623959555,1.1053903303152193,Gentrificació intensa
2013,Barri,el poble sec,,,41002,28429.0,0.0,2907.0,9663.0,,,,,3622.0,,,,19,0.8921843146602492,1.5353249395806403,0.0033723453127869,3.6921966638804284e-16,1.213754627120445,1.0092936587501425e-17,0.9789978316069822,0.2437626290179251,1,Gentrificació residencial,0.8476344242852081,-0.8700503322125333,1.1053903303152193,Gentrificació intensa
2014,Barri,el poble sec,,-0.8820381759131254,40287,28226.0,0.0,3057.0,9000.0,,,,,3509.0,-0.8260328062906818,-0.8168707852127752,0.1860235035498239,19,1.032325131019441,1.3739271015819126,-0.8214517957517284,-0.8820381759131254,1.2031261163006768,0.1860235035498239,0.4734347445030261,-0.2332170675293559,2,Baixa gentrificació,-1.0313564870173724,-2.3495865485053344,1.1053903303152193,Gentrificació intensa
2015,Barri,el poble sec,-0.6841813620375891,-0.5806922090053578,40222,28502.0,0.0,3157.0,8561.0,,,,,3237.0,-0.8665023267395481,-0.9599567194970092,0.1860235035498239,19,1.1057161822681074,1.235157756142652,-0.8368801360913821,-0.5806922090053578,1.1704369692053795,0.1860235035498239,0.5931180819846397,-0.1539796089779813,2,Baixa gentrificació,-0.7139720436259518,-2.275272871051757,1.1053903303152193,Gentrificació intensa
2016,Barri,el poble sec,-0.7300106951710535,-0.1788975864616676,40129,28364.0,0.0,3257.0,8507.0,,,,,2802.0,-1.228299839552413,-1.0314996866391264,0.1573025108420929,19,1.1809368621142486,1.2239494794969492,-0.996603407120864,-0.1788975864616676,1.202443170805599,0.1573025108420929,0.7853079896299417,-0.0807011617452211,2,Baixa gentrificació,-0.4272130300633091,-2.408356093298884,1.1053903303152193,Gentrificació intensa
2017,Barri,el poble sec,-0.693778613850415,0.2898628065059708,40385,27994.0,0.0,3524.0,8865.0,,,,,2492.0,-0.7847538954328381,-0.9679059380683558,0.1573025108420929,19,1.3524529953066542,1.3228432005549595,-0.8154794824505363,0.2898628065059708,1.337648097930807,0.1573025108420929,1.1508714519525782,0.1413051189712104,0,Intermedi,0.4397691815373927,-2.1376514951930683,1.1053903303152193,Gentrificació intensa
2018,Barri,el poble sec,-0.6971357477660503,0.3568285769299192,39801,27371.0,8.0,3636.0,8786.0,,,,,235.0,-0.6795331422657858,-0.8248200037841211,0.1583282605816548,19,1.467635000963075,1.3390960255260804,-0.7338296312719857,0.3568285769299192,1.4033655132445777,0.1583282605816548,1.2487972579604327,0.1992384384626265,0,Intermedi,0.6630576519182498,-2.05443563975244,1.1053903303152193,Gentrificació intensa
2019,Barri,el poble sec,-0.6943345505900032,0.5242430029897901,40440,26961.0,11.0,4184.0,9284.0,,,,,2164.0,-0.7483313270288585,-0.8248200037841211,0.1583282605816548,19,1.808239060633268,1.455157255230858,-0.7558286271343276,0.5242430029897901,1.631698157932063,0.1583282605816548,1.5121867563321416,0.2885295964593823,1,Gentrificació residencial,0.9955933021733347,-2.208726907223611,1.1053903303152193,Gentrificació intensa
2020,Barri,el poble sec,-0.709016728341828,0.4907601177778159,40188,26347.0,0.0,4439.0,9399.0,,,,,2082.0,-0.845053480901649,-0.8327692223554676,0.1542252616234075,19,2.004991287271188,1.5117135401713406,-0.7956131438663148,0.4907601177778159,1.7583524137212645,0.1542252616234075,1.5909749331246104,0.2910596272423847,1,Gentrificació residencial,0.9935637970624834,-2.361000409751508,1.1053903303152193,Gentrificació intensa
2021,Barri,el poble sec,-0.5960720236170987,0.2563799212939966,40204,25993.0,0.0,4189.0,10019.0,5256.0,14340.0,7488.0,7842.0,3108.0,-0.6669875909266372,-0.8725153152121993,0.1367875160508566,19,1.8288229362107984,1.7132687822198838,-0.711858309918645,0.2563799212939966,1.771045859215341,0.1367875160508566,1.4927337003119026,0.244923158465845,1,Gentrificació residencial,0.8082900349256829,-2.2980066842807503,1.1053903303152193,Gentrificació intensa
2022,Barri,el poble sec,,0.7921060846855835,39143,25612.0,0.0,4231.0,9296.0,4658.0,14421.0,7359.0,7698.0,1805.0,-1.226681058734458,-0.8327692223554676,0.1255042689156766,19,1.938459219245797,1.5592138780149236,-1.0297251405449628,0.7921060846855835,1.7488365486303603,0.1255042689156766,1.6896222210671503,0.3035824467513935,1,Gentrificació residencial,1.0435720627730274,-2.593128638006402,1.1053903303152193,Gentrificació intensa
2023,Barri,el poble sec,,1.059969166381377,38778,25344.0,6.0,4096.0,9332.0,4436.0,15011.0,7172.0,7908.0,183.0,2.217679826668553,-0.7453278180706576,4.888060309701199,19,1.869143973245582,1.600814559471266,0.7361760042989478,1.059969166381377,1.7349792663584238,4.888060309701199,3.466957309120136,1.8634514664160224,3,Gentrificació turística,7.44917149997747,-2.972538036402492,1.1053903303152193,Gentrificació intensa
2024,Barri,el poble sec,,1.1939007072292738,39177,25210.0,9.0,4315.0,9643.0,,,,,1857.0,1.877735854898076,-0.7771246923560434,5.1444977445916535,19,1.996138112651732,1.6729697290031438,0.5503055812710163,1.1939007072292738,1.8345539208274375,5.1444977445916535,3.662210452656812,1.9190722196339052,3,Gentrificació turística,7.673019273765013,-3.4312148299821765,1.1053903303152193,Gentrificació intensa
2025,Barri,el poble sec,,1.2943493628651963,40300,25332.0,6.0,4542.0,10420.0,,,,,1811.0,1.8210785262696632,-0.9122614080689312,,19,2.0682557341536647,1.836302775117924,0.454408559100366,1.2943493628651963,1.9522792546357943,1.0092936587501425e-17,2.275942486289753,0.9150832275168276,1,Gentrificació residencial,3.4383653502388323,-0.4533890374307621,1.1053903303152193,Gentrificació intensa
2000,Barri,el poblenou,,,24197,23646.0,0.0,96.0,451.0,,,,,,,,,20,-0.990721957866545,-1.3184918391367246,0.0033723453127869,3.6921966638804284e-16,-1.154606898501635,1.0092936587501425e-17,-0.9312900851082766,-0.2299096761064908,0,Intermedi,-0.80632817524991,0.8276517289161639,1.1721096216927425,Gentrificació intensa
2001,Barri,el poblenou,,,24652,23686.0,5.0,117.0,844.0,0.0,0.0,0.0,0.0,,,,,20,-0.9688176431258784,-1.1133912530765664,0.0033723453127869,3.6921966638804284e-16,-1.0411044481012224,1.0092936587501425e-17,-0.839740565673937,-0.2072091860264082,0,Intermedi,-0.7270629085721112,0.7462902721017002,1.1721096216927425,Gentrificació intensa
2002,Barri,el poblenou,,,25988,24301.0,15.0,203.0,1469.0,,,,,,,,,20,-0.8825870775727985,-0.8203009591907116,0.0033723453127869,3.6921966638804284e-16,-0.8514440183817551,1.0092936587501425e-17,-0.6867630648774917,-0.1692771000825148,0,Intermedi,-0.5946121598270003,0.6103368296201009,1.1721096216927425,Gentrificació intensa
2003,Barri,el poblenou,,,27444,24990.0,13.0,319.0,2122.0,,,,,,,,,20,-0.7753380977273331,-0.5468624033273375,0.0033723453127869,3.6921966638804284e-16,-0.6611002505273353,1.0092936587501425e-17,-0.5332343929156191,-0.1312083465116308,0,Intermedi,-0.4616841968957019,0.4738935529017916,1.1721096216927425,Gentrificació intensa
2004,Barri,el poblenou,,,28092,25076.0,0.0,476.0,2538.0,,,,,,,,,20,-0.6256583632188897,-0.3755946014217907,0.0033723453127869,3.6921966638804284e-16,-0.5006264823203402,1.0092936587501425e-17,-0.4037984529042779,-0.0991135928702318,0,Intermedi,-0.3496161667620329,0.3588618552092084,1.1721096216927425,Gentrificació intensa
2005,Barri,el poblenou,,,29025,25450.0,0.0,637.0,2936.0,,,,,,,,,20,-0.4849353445408483,-0.2334753124047409,0.0033723453127869,3.6921966638804284e-16,-0.3592053284727946,1.0092936587501425e-17,-0.2897300902661302,-0.0708293621007227,0,Intermedi,-0.2508536692647371,0.2574875583475356,1.1721096216927425,Gentrificació intensa
2006,Barri,el poblenou,,,29580,25519.0,0.0,863.0,3195.0,,,,,,,,,20,-0.2815838995437421,-0.143297886307191,0.0033723453127869,3.6921966638804284e-16,-0.2124408929254665,1.0092936587501425e-17,-0.1713519099095836,-0.0414764749912571,0,Intermedi,-0.148359651898278,0.15228306062473,1.1721096216927425,Gentrificació intensa
2007,Barri,el poblenou,,,29852,25732.0,0.0,1192.0,2924.0,,,,,,,,,20,0.0209795888432585,-0.275609322527488,0.0033723453127869,3.6921966638804284e-16,-0.1273148668421147,1.0092936587501425e-17,-0.1026904250535915,-0.0244512697745867,0,Intermedi,-0.0889112687584052,0.0912625498733395,1.1721096216927425,Gentrificació intensa
2008,Barri,el poblenou,,,30555,25942.0,0.0,1499.0,3110.0,,,,,,,,,20,0.277787972432124,-0.2251979765927273,0.0033723453127869,3.6921966638804284e-16,0.0262949979196983,1.0092936587501425e-17,0.0212091845998295,0.0062707031777758,0,Intermedi,0.0183633041845716,-0.0188489264340338,1.1721096216927425,Gentrificació intensa
2009,Barri,el poblenou,,,31127,26063.0,0.0,1693.0,3368.0,,,,,,,,,20,0.4277588651877029,-0.1408033138821126,0.0033723453127869,3.6921966638804284e-16,0.1434777756527951,1.0092936587501425e-17,0.1157272055729439,0.0297072587243952,0,Intermedi,0.100198754382265,-0.1028485359252452,1.1721096216927425,Gentrificació intensa
2010,Barri,el poblenou,,,31384,26308.0,0.0,1827.0,3249.0,,,,,,,,,20,0.5353433142711644,-0.2023127696179756,0.0033723453127869,3.6921966638804284e-16,0.1665152723265944,1.0092936587501425e-17,0.1343089343551522,0.034314758059155,0,Intermedi,0.1162871587382555,-0.1193624022261605,1.1721096216927425,Gentrificació intensa
2011,Barri,el poblenou,,,32065,26943.0,0.0,1815.0,3307.0,0.0,0.0,0.0,0.0,1954.0,,,,20,0.4900341146076825,-0.2074387418398658,0.0033723453127869,3.6921966638804284e-16,0.1412976863839083,1.0092936587501425e-17,0.1139687754757394,0.0292712408706178,0,Intermedi,0.0986762730907148,-0.1012857922287306,1.1721096216927425,Gentrificació intensa
2012,Barri,el poblenou,,,32513,27061.0,0.0,2028.0,3421.0,,,,,2102.0,,,,20,0.6523906278460033,-0.1800200405128796,0.0033723453127869,3.6921966638804284e-16,0.2361852936665618,1.0092936587501425e-17,0.1905038178149636,0.0482487623271485,0,Intermedi,0.1649417278817281,-0.1693036538248477,1.1721096216927425,Gentrificació intensa
2013,Barri,el poblenou,,,32881,27223.0,0.0,2244.0,3411.0,,,,,2134.0,,,,20,0.8175539427551661,-0.1995036680526915,0.0033723453127869,3.6921966638804284e-16,0.3090251373512373,1.0092936587501425e-17,0.2492554364934995,0.0628167310640836,0,Intermedi,0.2158099656516325,-0.2215171150797905,1.1721096216927425,Gentrificació intensa
2014,Barri,el poblenou,,-0.7481066350652287,33019,27425.0,0.0,2349.0,3242.0,,,,,2076.0,1.8858297589878488,-0.3478668895033401,0.0424185400111693,20,0.8989887763484463,-0.2725060105440205,0.7689814347422546,-0.7481066350652287,0.3132413829022129,0.0424185400111693,0.0065483134770292,0.0773944244857841,0,Intermedi,0.2726128263211543,0.64582803586117,1.1721096216927425,Gentrificació intensa
2015,Barri,el poblenou,0.2087863247825174,-0.3797948977335127,33437,27881.0,0.0,2553.0,3000.0,,,,,1911.0,1.6389656842497649,-0.4035114195027648,0.0424185400111693,20,1.0456029730671752,-0.3838133814054069,0.4814135298431725,-0.3797948977335127,0.3308947958308841,0.0424185400111693,0.1608834658441809,0.1051482568013086,0,Intermedi,0.3819823315208464,0.3174616346941921,1.1721096216927425,Gentrificació intensa
2016,Barri,el poblenou,0.157768172937064,-0.0114831604017967,33623,27996.0,0.0,2664.0,2959.0,,,,,1711.0,2.1205529775912737,-0.4989020423589212,0.0311352928759893,20,1.126592652674833,-0.4063739777733187,0.5931397027231388,-0.0114831604017967,0.3601093374507573,0.0311352928759893,0.3782914132355447,0.2527458887617519,0,Intermedi,0.9636320927755708,0.5493117708396679,1.1721096216927425,Gentrificació intensa
2017,Barri,el poblenou,0.1592422092678666,0.3903114621418934,33933,27937.0,0.0,2858.0,3134.0,,,,,1549.0,2.6628445516060824,-0.3081207966466084,0.0311352928759893,20,1.267063764830722,-0.3491322054551552,0.8379886547424468,0.3903114621418934,0.4589657796877833,0.0311352928759893,0.6906998768526802,0.4665102495780565,1,Gentrificació residencial,1.8011575815653331,0.919562582029531,1.1721096216927425,Gentrificació intensa
2018,Barri,el poblenou,0.1378304047017407,0.5577258882017643,33986,27827.0,0.0,2968.0,3187.0,,,,,1407.0,-0.8410065288567623,-0.0934918952202567,0.0249807944386184,20,1.3544209781644156,-0.3305202940749282,-0.2655560064584261,0.5577258882017643,0.5119503420447438,0.0249807944386184,0.6562459672145273,0.1950371918196739,0,Intermedi,0.7230164921506811,-0.6262642584870399,1.1721096216927425,Gentrificació intensa
2019,Barri,el poblenou,0.1996603389111123,0.7586231994736093,34170,27393.0,5.0,3347.0,3425.0,,,,,1332.0,-1.2319420963928107,-0.1173395509342967,0.0249807944386184,20,1.6532186757529193,-0.2455733265229931,-0.3832071028053317,0.7586231994736093,0.7038226746149631,0.0249807944386184,0.8930274484910954,0.2583855228111996,0,Intermedi,0.9564517536576922,-0.8808752967845577,1.1721096216927425,Gentrificació intensa
2020,Barri,el poblenou,0.2498575105142511,0.691657429049661,34436,27175.0,5.0,3658.0,3598.0,,,,,1416.0,2.16102249804014,-0.1014411137916038,0.0260065441781802,20,1.885998890975336,-0.1896948708064248,0.7698129649209292,0.691657429049661,0.8481520100844556,0.0260065441781802,1.1416101503180798,0.6132728290437043,1,Gentrificació residencial,2.346277626532689,0.6204474571204892,1.1721096216927425,Gentrificació intensa
2021,Barri,el poblenou,0.3120218379483814,0.4907601177778159,34411,26855.0,0.0,3487.0,4066.0,3063.0,14694.0,4872.0,6195.0,18.0,-0.8074168268842032,-0.1888825180764132,0.0239550446990566,20,1.7483733336188658,-0.0098630303580777,-0.2280925023374116,0.4907601177778159,0.869255151630394,0.0239550446990566,0.9165500556073112,0.2574423238980114,0,Intermedi,0.9364542099061804,-0.8451988898417041,1.1721096216927425,Gentrificació intensa
2022,Barri,el poblenou,,1.227383592441248,34103,26420.0,0.0,3685.0,3994.0,2795.0,15068.0,4817.0,6120.0,1202.0,2.634515887291876,-0.2922223595039155,0.0219035452199329,20,1.937451071545797,-0.023592083802142,1.1711467638939803,1.227383592441248,0.9569294938718278,0.0219035452199329,1.549070011598209,0.9153257147189204,1,Gentrificació residencial,3.5322642200049685,1.23844594337369,1.1721096216927425,Gentrificació intensa
2023,Barri,el poblenou,,1.6626611001969125,34151,26090.0,6.0,3725.0,4330.0,2638.0,15751.0,4758.0,6220.0,1208.0,1.9627218478406951,-0.1809332995050673,3.954628046699944,20,1.9661285097210328,0.1036143496266406,0.8908942741678139,1.6626611001969125,1.0348714296738368,3.954628046699944,2.945648869051324,1.7639665075841742,3,Gentrificació turística,7.076515436543385,-1.5322407273426544,1.1721096216927425,Gentrificació intensa
2024,Barri,el poblenou,,1.7631097558328348,34563,25779.0,0.0,4005.0,4775.0,,,,,1241.0,1.0197820213821105,-0.1252887695056426,4.272610465964108,20,2.157451706096528,0.2530380467750714,0.4472466259382338,1.7631097558328348,1.2052448764357997,4.272610465964108,3.162835550904399,1.7586779830113022,3,Gentrificació turística,7.0558794391337605,-2.450213765109265,1.1721096216927425,Gentrificació intensa
2025,Barri,el poblenou,,1.8300755262567832,34818,25577.0,6.0,4267.0,4968.0,,,,,1248.0,1.1573783909082558,-0.3081207966466084,,20,2.345265248511503,0.3126212371881922,0.4246287971308237,1.8300755262567832,1.3289432428498476,1.0092936587501425e-17,2.0324764388049505,0.9421999455862516,1,Gentrificació residencial,3.6050877294350494,0.0805825594283529,1.1721096216927425,Gentrificació intensa
2000,Barri,el putxet i el farro,,,27000,26073.0,5.0,379.0,543.0,,,,,,,,,21,-0.7074456892899438,-1.299130406391659,0.0033723453127869,3.6921966638804284e-16,-1.0032880478408015,1.0092936587501425e-17,-0.809238375999928,-0.1996459059743241,0,Intermedi,-0.7006535487665565,0.7191825100594499,1.1766101755760818,Gentrificació intensa
2001,Barri,el putxet i el farro,,,27043,25839.0,0.0,428.0,773.0,0.0,0.0,0.0,0.0,,,,,21,-0.6571007179574653,-1.1877169145363335,0.0033723453127869,3.6921966638804284e-16,-0.9224088162468994,1.0092936587501425e-17,-0.7440022973204012,-0.1834700596555437,0,Intermedi,-0.6441709456300626,0.6612062101179081,1.1766101755760818,Gentrificació intensa
2002,Barri,el putxet i el farro,,,27983,26257.0,13.0,588.0,1125.0,,,,,,,,,21,-0.5112059644768967,-1.034937504928476,0.0033723453127869,3.6921966638804284e-16,-0.7730717347026864,1.0092936587501425e-17,-0.6235490559950508,-0.1536026433467011,0,Intermedi,-0.5398803021089147,0.5541575740048208,1.1766101755760818,Gentrificació intensa
2003,Barri,el putxet i el farro,,,28326,25928.0,12.0,730.0,1656.0,,,,,,,,,21,-0.3773373651720093,-0.7948426904830193,0.0033723453127869,3.6921966638804284e-16,-0.5860900278275143,1.0092936587501425e-17,-0.4727321762973384,-0.1162063019716666,0,Intermedi,-0.4093002590609927,0.4201243085083455,1.1766101755760818,Gentrificació intensa
2004,Barri,el putxet i el farro,,,28456,25607.0,0.0,860.0,1986.0,,,,,,,,,21,-0.252130475364245,-0.6458647838114742,0.0033723453127869,3.6921966638804284e-16,-0.4489976295878596,1.0092936587501425e-17,-0.362155328549425,-0.0887878223237357,0,Intermedi,-0.3135607797138076,0.321852974280601,1.1766101755760818,Gentrificació intensa
2005,Barri,el putxet i el farro,,,28642,25374.0,6.0,998.0,2264.0,,,,,,,,,21,-0.1221097512525365,-0.5241974552650683,0.0033723453127869,3.6921966638804284e-16,-0.3231536032588024,1.0092936587501425e-17,-0.2606512632762606,-0.0636190170579242,0,Intermedi,-0.2256766831891004,0.2316447604719183,1.1766101755760818,Gentrificació intensa
2006,Barri,el putxet i el farro,,,28879,25194.0,9.0,1186.0,2490.0,,,,,,,,,21,0.0529818161053504,-0.4298245038156688,0.0033723453127869,3.6921966638804284e-16,-0.1884213438551591,1.0092936587501425e-17,-0.1519780711364237,-0.0366725651771956,0,Intermedi,-0.1315854240659996,0.1350652340712725,1.1766101755760818,Gentrificació intensa
2007,Barri,el putxet i el farro,,,28662,25068.0,13.0,1432.0,2149.0,,,,,,,,,21,0.3031782870217409,-0.5776811861528494,0.0033723453127869,3.6921966638804284e-16,-0.1372514495655542,1.0092936587501425e-17,-0.1107051363654729,-0.0264385863192746,0,Intermedi,-0.095850554004326,0.0983853462824426,1.1766101755760818,Gentrificació intensa
2008,Barri,el putxet i el farro,,,28757,24923.0,19.0,1586.0,2229.0,,,,,,,,,21,0.4491871481308732,-0.5443578380345472,0.0033723453127869,3.6921966638804284e-16,-0.047585344951837,1.0092936587501425e-17,-0.038381686448966,-0.0085053653965311,0,Intermedi,-0.0332315738052883,0.0341103912262863,1.1766101755760818,Gentrificació intensa
2009,Barri,el putxet i el farro,,,28871,24826.0,9.0,1682.0,2354.0,,,,,,,,,21,0.536602945538949,-0.4914513001598681,0.0033723453127869,3.6921966638804284e-16,0.0225758226895404,1.0092936587501425e-17,0.0182093488798791,0.0055268681317442,0,Intermedi,0.0157659909512455,-0.0161829265916831,1.1766101755760818,Gentrificació intensa
2010,Barri,el putxet i el farro,,,28731,24918.0,0.0,1632.0,2179.0,,,,,,,,,21,0.4956318692500361,-0.5663188746955634,0.0033723453127869,3.6921966638804284e-16,-0.0353435027227636,1.0092936587501425e-17,-0.0285075844440405,-0.0060569969507165,0,Intermedi,-0.0246823937171772,0.0253351258964497,1.1766101755760818,Gentrificació intensa
2011,Barri,el putxet i el farro,,,28632,25007.0,0.0,1494.0,2128.0,0.0,0.0,0.0,0.0,1487.0,,,,21,0.3655678591845673,-0.5862924351172774,0.0033723453127869,3.6921966638804284e-16,-0.110362287966355,1.0092936587501425e-17,-0.089016707492663,-0.0210607539994348,0,Intermedi,-0.0770723112669763,0.0791105081400722,1.1766101755760818,Gentrificació intensa
2012,Barri,el putxet i el farro,,,28869,25140.0,0.0,1534.0,2192.0,,,,,1582.0,,,,21,0.3924957161978288,-0.5651647422163387,0.0033723453127869,3.6921966638804284e-16,-0.0863345130092549,1.0092936587501425e-17,-0.069636233832061,-0.0162551990080147,0,Intermedi,-0.0602923388264715,0.0618867850607629,1.1766101755760818,Gentrificació intensa
2013,Barri,el putxet i el farro,,,28848,25117.0,0.0,1615.0,2114.0,,,,,1564.0,,,,21,0.4725729793905525,-0.5999912268143721,0.0033723453127869,3.6921966638804284e-16,-0.0637091237119097,1.0092936587501425e-17,-0.0513869052062953,-0.0117301211485457,0,Intermedi,-0.0444917326720113,0.0456683278580126,1.1766101755760818,Gentrificació intensa
2014,Barri,el putxet i el farro,,-0.614175094217332,28827,25140.0,0.0,1639.0,2044.0,,,,,1476.0,2.52120123003505,0.4709026233453335,-0.2119673954001616,21,0.4971414994050726,-0.6312193056249226,1.496051926690192,-0.614175094217332,-0.0670389031099249,-0.2119673954001616,-0.205372043512517,0.2087617900398406,0,Intermedi,0.8151685987762157,2.130084558264943,1.1766101755760818,Gentrificació intensa
2015,Barri,el putxet i el farro,1.174888286756834,-0.1788975864616676,29024,25441.0,7.0,1634.0,1942.0,,,,,1336.0,-0.8636694603081274,0.0336956019212843,-0.2119673954001616,21,0.4814387844136827,-0.6837584894516077,0.1149714761233303,-0.1788975864616676,-0.1011598525189624,-0.2119673954001616,-0.2161576039875791,-0.081803282685326,0,Intermedi,-0.3291950035209578,0.3171050514871881,1.1766101755760818,Gentrificació intensa
2016,Barri,el putxet i el farro,1.3257987268393665,0.2898628065059708,29318,25649.0,0.0,1686.0,1979.0,,,,,1179.0,-0.8685258027619914,0.0336956019212843,-0.2160703943584088,21,0.5154528967969058,-0.675986622229101,0.1636561753328864,0.2898628065059708,-0.0802668627160976,-0.2160703943584088,0.037062824752431,0.0767882431367558,0,Intermedi,0.2973949757461691,0.4860267817580114,1.1766101755760818,Gentrificació intensa
2017,Barri,el putxet i el farro,1.351812444769816,0.691657429049661,29515,25681.0,5.0,1732.0,2097.0,,,,,1057.0,-0.7900149330911908,-0.0775934580775649,-0.2160703943584088,21,0.5484991415794112,-0.6293406564598397,0.1614013512003534,0.691657429049661,-0.0404207574402142,-0.2160703943584088,0.2665535373388376,0.2046194037152797,0,Intermedi,0.8005681559016173,0.5510647725678282,1.1766101755760818,Gentrificació intensa
2018,Barri,el putxet i el farro,1.3576966645698536,0.5912087734137385,29590,25602.0,0.0,1804.0,2180.0,,,,,9600.0,-0.764519135208405,0.1847307547768654,-0.2140188948792852,21,0.6127667549054802,-0.5948249545891257,0.259302761379438,0.5912087734137385,0.0089709001581772,-0.2140188948792852,0.2715726156006354,0.2141438614937313,0,Intermedi,0.833421162634418,0.6278844330250225,1.1766101755760818,Gentrificació intensa
2019,Barri,el putxet i el farro,1.3956724257977953,0.7251403142616352,29786,25428.0,0.0,2002.0,2352.0,,,,,9220.0,-0.733357604462778,0.5583440276301429,-0.226327891754027,21,0.7884849091939098,-0.5252689623293858,0.4068862829883867,0.7251403142616352,0.131607973432262,-0.226327891754027,0.4538472044442695,0.3206639955106535,1,Gentrificació residencial,1.2431435866562952,0.7873771255981756,1.1766101755760818,Gentrificació intensa
2020,Barri,el putxet i el farro,1.329712586730125,0.7586231994736093,30340,25472.0,0.0,2169.0,2695.0,,,,,9600.0,-0.8697398883754573,0.4391057490599477,-0.2273536414935888,21,0.908804648613206,-0.3955732278231817,0.2996928158048718,0.7586231994736093,0.2566157103950121,-0.2273536414935888,0.5555249284914135,0.3233472183638289,1,Gentrificació residencial,1.2422520619648638,0.5557144326358258,1.1766101755760818,Gentrificació intensa
2021,Barri,el putxet i el farro,1.27353076906089,0.4907601177778159,29986,25131.0,0.0,1950.0,2901.0,1305.0,16614.0,2367.0,5283.0,127.0,-0.6823660086972064,0.3993596562032159,-0.2160703943584088,21,0.7270889816782965,-0.2914507219006103,0.3301748055222998,0.4907601177778159,0.2178191298888431,-0.2160703943584088,0.4001337881993119,0.2466302240961215,0,Intermedi,0.9421190886274105,0.5549194963146082,1.1766101755760818,Gentrificació intensa
2022,Barri,el putxet i el farro,,0.9930033959574286,29783,24896.0,0.0,2038.0,2848.0,1173.0,16745.0,2335.0,5201.0,8130.0,-0.7661379160263596,0.2960198147757136,-0.2160703943584088,21,0.8226795169307929,-0.3061795424121619,-0.2350590506253229,0.9930033959574286,0.2582499872593154,-0.2160703943584088,0.5990427895127983,0.235819222179813,0,Intermedi,0.8973375544411393,-0.1480109795789097,1.1766101755760818,Gentrificació intensa
2023,Barri,el putxet i el farro,,1.4952466741370414,30030,24640.0,7.0,2081.0,3302.0,1132.0,17429.0,2301.0,5152.0,7940.0,2.3107597237009454,0.6139885576295676,1.6569486300814715,21,0.8471280742872812,-0.1177286600467533,1.4623741406652564,1.4952466741370414,0.3646997071202639,1.6569486300814715,1.7269141541873554,1.2916159118810364,1,Gentrificació residencial,5.15667276231138,1.1286324604662694,1.1766101755760818,Gentrificació intensa
2024,Barri,el putxet i el farro,,1.428280903713093,30335,24484.0,7.0,2268.0,3576.0,,,,,8120.0,1.958674895795809,0.7570744919138016,1.6672061274770895,21,1.0009459357829624,-0.0134956138869737,1.3578746938548052,1.428280903713093,0.4937251609479943,1.6672061274770895,1.7861262109669784,1.2680329369553862,1,Gentrificació residencial,5.051758294543114,0.8667265669775673,1.1766101755760818,Gentrificació intensa
2025,Barri,el putxet i el farro,,1.8300755262567832,30756,24624.0,0.0,2370.0,3761.0,,,,,8260.0,2.039613936693541,0.0734416947780161,,21,1.0654525441205431,0.0443801259193458,1.0565278157357785,1.8300755262567832,0.5549163350199445,1.0092936587501425e-17,1.4984801105466257,0.9769642696017576,1,Gentrificació residencial,3.814169337132852,1.5240922829241872,1.1766101755760818,Gentrificació intensa
2000,Barri,el raval,,,35333,29760.0,9.0,408.0,5156.0,,,,,,,,,22,-0.7774871232735026,0.3552390794877086,0.0033723453127869,3.6921966638804284e-16,-0.2111240218928969,1.0092936587501425e-17,-0.1702897397999213,-0.0412131007847431,0,Intermedi,-0.147440005377796,0.1513390938181222,0.7583392989243755,Gentrificació moderada
2001,Barri,el raval,,,37584,28989.0,10.0,509.0,8076.0,0.0,0.0,0.0,0.0,,,,,22,-0.7213439345088039,1.2619158691788142,0.0033723453127869,3.6921966638804284e-16,0.2702859673350051,1.0092936587501425e-17,0.218008953393269,0.0550688970608372,0,Intermedi,0.1887561828356621,-0.1937478880967193,0.7583392989243755,Gentrificació moderada
2002,Barri,el raval,,,41898,28617.0,65.0,854.0,12362.0,,,,,,,,,22,-0.5289268522543958,2.316106727971584,0.0033723453127869,3.6921966638804284e-16,0.8935899378585941,1.0092936587501425e-17,0.7207573853578976,0.179729691165555,0,Intermedi,0.6240450710542678,-0.6405481016703849,0.7583392989243755,Gentrificació moderada
2003,Barri,el raval,,,45627,27648.0,62.0,1136.0,16781.0,,,,,,,,,22,-0.4019200018201678,3.272539834253201,0.0033723453127869,3.6921966638804284e-16,1.4353099162165166,1.0092936587501425e-17,1.1577012884339184,0.2880736868371395,1,Gentrificació residencial,1.002359181434707,-1.028866824915677,0.7583392989243755,Gentrificació moderada
2004,Barri,el raval,,,46257,26744.0,21.0,1496.0,17996.0,,,,,,,,,22,-0.1925204464999609,3.552055991513913,0.0033723453127869,3.6921966638804284e-16,1.679767772506976,1.0092936587501425e-17,1.35487764177597,0.3369652580952313,1,Gentrificació residencial,1.173078113951038,-1.2041004630209935,0.7583392989243755,Gentrificació moderada
2005,Barri,el raval,,,47329,26079.0,23.0,1849.0,19378.0,,,,,,,,,22,-0.0033084713374733,3.820143169678526,0.0033723453127869,3.6921966638804284e-16,1.9084173491705263,1.0092936587501425e-17,1.5393032536333964,0.3826951734279415,1,Gentrificació residencial,1.3327572187286405,-1.3680023223352948,0.7583392989243755,Gentrificació moderada
2006,Barri,el raval,,,47699,25425.0,22.0,2237.0,20015.0,,,,,,,,,22,0.2170002846429701,3.9539843934594847,0.0033723453127869,3.6921966638804284e-16,2.0854923390512274,1.0092936587501425e-17,1.682129511306507,0.4181101714040817,1,Gentrificació residencial,1.4564188334809791,-1.4949341999403607,0.7583392989243755,Gentrificació moderada
2007,Barri,el raval,,,46061,25156.0,14.0,3172.0,17719.0,,,,,,,,,22,0.834970378990745,3.494747709184685,0.0033723453127869,3.6921966638804284e-16,2.164859044087715,1.0092936587501425e-17,1.746145606814089,0.4339835124113792,1,Gentrificació residencial,1.5118451526297023,-1.5518262821954327,0.7583392989243755,Gentrificació moderada
2008,Barri,el raval,,,47488,25023.0,15.0,3681.0,18769.0,,,,,,,,,22,1.078285842157544,3.633487566177129,0.0033723453127869,3.6921966638804284e-16,2.3558867041673364,1.0092936587501425e-17,1.9002258968629828,0.4721890444273035,1,Gentrificació residencial,1.6452507167001675,-1.6887597903365013,0.7583392989243755,Gentrificació moderada
2009,Barri,el raval,,,47963,24944.0,7.0,4065.0,18947.0,,,,,,,,,22,1.2819183335260094,3.6308180120029054,0.0033723453127869,3.6921966638804284e-16,2.4563681727644573,1.0092936587501425e-17,1.981272871000289,0.4922853381467276,1,Gentrificació residencial,1.715422685467625,-1.7607874746647056,0.7583392989243755,Gentrificació moderada
2010,Barri,el raval,,,47356,24994.0,9.0,4070.0,18283.0,,,,,,,,,22,1.3154494536330967,3.513027214946376,0.0033723453127869,3.6921966638804284e-16,2.4142383342897364,1.0092936587501425e-17,1.947291521235588,0.4838593704517835,1,Gentrificació residencial,1.6860010045258431,-1.7305877298876633,0.7583392989243755,Gentrificació moderada
2011,Barri,el raval,,,47725,24838.0,11.0,3700.0,19176.0,0.0,0.0,0.0,0.0,5034.0,,,,22,1.0786566730784546,3.7198162905160297,0.0033723453127869,3.6921966638804284e-16,2.3992364817972422,1.0092936587501425e-17,1.9351912328147869,0.4808589999532846,1,Gentrificació residencial,1.675524351076657,-1.7198340186735082,0.7583392989243755,Gentrificació moderada
2012,Barri,el raval,,,48991,24818.0,13.0,3966.0,20194.0,,,,,5053.0,,,,22,1.1750403206103477,3.856518049006432,0.0033723453127869,3.6921966638804284e-16,2.5157791848083897,1.0092936587501425e-17,2.029192978297902,0.5041675405555142,1,Gentrificació residencial,1.7569128004091707,-1.803374806247975,0.7583392989243755,Gentrificació moderada
2013,Barri,el raval,,,48771,24350.0,14.0,4233.0,20174.0,,,,,4802.0,,,,22,1.339322748725302,3.875575190996259,0.0033723453127869,3.6921966638804284e-16,2.6074489698607803,1.0092936587501425e-17,2.1031325693691896,0.5225014975659923,1,Gentrificació residencial,1.820931065502484,-1.869086050643313,0.7583392989243755,Gentrificació moderada
2014,Barri,el raval,,-0.7815895202772029,47490,24084.0,11.0,4285.0,19110.0,,,,,4588.0,-0.6342072793630555,-0.7771246923560434,-0.1894009011298016,22,1.435987642858174,3.727686307938488,-0.7056659858595495,-0.7815895202772029,2.581836975398331,-0.1894009011298016,1.5407530857805607,0.0323105630126801,2,Baixa gentrificació,-0.1271067216182943,-2.9193098797263133,0.7583392989243755,Gentrificació moderada
2015,Barri,el raval,-1.2868364554635694,-0.5806922090053578,47150,24498.0,12.0,4347.0,18293.0,,,,,4368.0,-0.6742721046074331,-0.7532770366420041,-0.1894009011298016,22,1.4912835482873628,3.537995884594569,-0.9047951989043356,-0.5806922090053578,2.514639716440966,-0.1894009011298016,1.5569261695003984,0.0194015406893249,2,Baixa gentrificació,-0.171253017405425,-3.1027994834672974,0.7583392989243755,Gentrificació moderada
2016,Barri,el raval,-1.3232622653280766,-0.1788975864616676,47196,24275.0,10.0,4445.0,18466.0,,,,,3977.0,-0.5735029986897561,-0.8804645337835458,-0.192478150348487,22,1.5471698960916278,3.581223000805392,-0.9257432659337927,-0.1788975864616676,2.5641964484485094,-0.192478150348487,1.7906699682652332,0.1429514039013664,1,Gentrificació residencial,0.3139400180890535,-3.06911354651654,0.7583392989243755,Gentrificació moderada
2017,Barri,el raval,-1.2480679399083767,0.3568285769299192,47901,24108.0,10.0,4731.0,19052.0,,,,,3559.0,-0.464235293477817,-0.9043121894975846,-0.192478150348487,22,1.6761400873636287,3.6663647254568463,-0.8722051409612596,0.3568285769299192,2.671252406410237,-0.192478150348487,2.148237458212754,0.341141882002948,1,Gentrificació residencial,1.0895779261154177,-2.9415319587568107,0.7583392989243755,Gentrificació moderada
2018,Barri,el raval,-1.2444519314864075,0.3903114621418934,47514,23732.0,8.0,4884.0,18890.0,,,,,3483.0,-0.4986343858593534,-0.5863434466437306,-0.1904266508693634,22,1.7893580379295595,3.664129796324024,-0.7764765879964971,0.3903114621418934,2.726743917126792,-0.1904266508693634,2.2237572389593616,0.3914139154951046,1,Gentrificació residencial,1.2834535529175208,-2.8398833618479795,0.7583392989243755,Gentrificació moderada
2019,Barri,el raval,-1.2772491177025769,0.4907601177778159,48210,23170.0,8.0,5502.0,19530.0,,,,,3315.0,-0.4941827386099781,-0.4989020423589212,-0.1781176539946216,22,2.1082306413819745,3.763217807518639,-0.7567779662238254,0.4907601177778159,2.935724224450307,-0.1781176539946216,2.4481815149024304,0.4717159595573341,1,Gentrificació residencial,1.5826130032943984,-2.945381420352468,0.7583392989243755,Gentrificació moderada
2020,Barri,el raval,-1.3813650315039163,0.3903114621418934,48180,22660.0,12.0,5602.0,19906.0,,,,,3065.0,-0.6811519230837404,-0.5624957909296918,-0.1781176539946216,22,2.168618748284527,3.869152215061379,-0.8750042485057828,0.3903114621418934,3.018885481672953,-0.1781176539946216,2.448940647367711,0.4227457296264995,1,Gentrificació residencial,1.3809307770546706,-3.1954533081727456,0.7583392989243755,Gentrificació moderada
2021,Barri,el raval,-1.2535406770210875,0.0219997248101774,48688,22691.0,15.0,5033.0,20949.0,7893.0,14076.0,10143.0,8451.0,5179.0,-0.464235293477817,-0.5624957909296918,-0.1801691534737452,22,1.8057233826002523,4.094152952706111,-0.7600905871428655,0.0219997248101774,2.949938167653181,-0.1801691534737452,2.227948557637606,0.3325265441360809,1,Gentrificació residencial,1.0291943655817524,-3.0718641358854306,0.7583392989243755,Gentrificació moderada
2022,Barri,el raval,,0.7921060846855835,46520,22369.0,19.0,4909.0,19223.0,6921.0,13683.0,9957.0,8199.0,3039.0,-0.616805385570043,-0.4432575123594965,-0.169911656078127,22,1.8662633799380373,3.869956071069784,-0.5300314489647698,0.7921060846855835,2.8681097255039107,-0.169911656078127,2.5767304948201555,0.6182620046014008,1,Gentrificació residencial,2.1697968508974994,-2.5105122516438425,0.7583392989243755,Gentrificació moderada
2023,Barri,el raval,,1.0264862811694029,45671,22396.0,19.0,4563.0,18693.0,6640.0,14543.0,9735.0,8490.0,2901.0,-0.7863726762507928,-0.4591559495021895,1.800553593620126,22,1.7083235148165148,3.818369055649751,-0.6227643128764911,1.0264862811694029,2.763346285233133,1.800553593620126,3.1753063314266328,1.033896566258525,1,Gentrificació residencial,3.921132843170215,-3.7246700699795,0.7583392989243755,Gentrificació moderada
2024,Barri,el raval,,1.0264862811694029,46934,22634.0,20.0,4840.0,19440.0,,,,,2908.0,-0.8462675665151149,-0.4194098566454577,2.067248525906199,22,1.7987197106032533,3.882823153458545,-0.6328387115802864,1.0264862811694029,2.840771432030899,2.067248525906199,3.314955484056528,1.0996982624641545,1,Gentrificació residencial,4.187339486405627,-3.9588234253477856,0.7583392989243755,Gentrificació moderada
2025,Barri,el raval,,1.260866477653222,49917,23364.0,18.0,5064.0,21471.0,,,,,2896.0,-0.843839395288183,-0.7930231294987359,,22,1.751595230422187,4.092361105194849,-0.8184312623934594,1.260866477653222,2.921978167808517,1.0092936587501425e-17,2.8596767790470827,0.7171261981396324,1,Gentrificació residencial,2.5657422790308466,-2.9466090843937613,0.7583392989243755,Gentrificació moderada
2000,Barri,el turo de la peira,,,14470,13965.0,0.0,26.0,479.0,,,,,,,,,23,-1.051785252940879,-1.128297255469944,0.0033723453127869,3.6921966638804284e-16,-1.0900412542054116,1.0092936587501425e-17,-0.8792123221486651,-0.2169965472472461,0,Intermedi,-0.7612382851611104,0.7813694252163479,0.1981121308923561,Desgentrificació
2001,Barri,el turo de la peira,,,14488,13661.0,0.0,29.0,798.0,0.0,0.0,0.0,0.0,,,,,23,-1.046022856398138,-0.8393150652551566,0.0033723453127869,3.6921966638804284e-16,-0.9426689608266472,1.0092936587501425e-17,-0.7603438520040472,-0.1875220885714932,0,Intermedi,-0.6583197658306759,0.6757291994671669,0.1981121308923561,Desgentrificació
2002,Barri,el turo de la peira,,,14667,13400.0,0.0,43.0,1221.0,,,,,,,,,23,-1.019857590328469,-0.4689265974238888,0.0033723453127869,3.6921966638804284e-16,-0.744392093876179,1.0092936587501425e-17,-0.6004164511397931,-0.1478667151813996,0,Intermedi,-0.5198516651031332,0.5335992745995797,0.1981121308923561,Desgentrificació
2003,Barri,el turo de la peira,,,14797,12970.0,0.0,56.0,1768.0,,,,,,,,,23,-0.9958667912485456,0.0075437868666023,0.0033723453127869,3.6921966638804284e-16,-0.4941615021909716,1.0092936587501425e-17,-0.3985838886203503,-0.0978205968443581,0,Intermedi,-0.3451013005876617,0.3542275922505993,0.1981121308923561,Desgentrificació
2004,Barri,el turo de la peira,,,15023,12738.0,0.0,89.0,2196.0,,,,,,,,,23,-0.93567317478205,0.3585258477369883,0.0033723453127869,3.6921966638804284e-16,-0.2885736635225308,1.0092936587501425e-17,-0.232759558262352,-0.0567030291106699,0,Intermedi,-0.2015275292701485,0.2068569760357755,0.1981121308923561,Desgentrificació
2005,Barri,el turo de la peira,,,15213,12474.0,0.0,105.0,2631.0,,,,,,,,,23,-0.9081675054973,0.7105091478326305,0.0033723453127869,3.6921966638804284e-16,-0.0988291788323346,1.0092936587501425e-17,-0.0797142598796067,-0.0187541321726307,0,Intermedi,-0.069018080121241,0.070843280803272,0.1981121308923561,Desgentrificació
2006,Barri,el turo de la peira,,,15167,12072.0,0.0,115.0,2976.0,,,,,,,,,23,-0.8890305749797336,1.016508836874861,0.0033723453127869,3.6921966638804284e-16,0.0637391309475636,1.0092936587501425e-17,0.051411108630926,0.0137595297833489,0,Intermedi,0.0445126884445781,-0.0456898378113147,0.1981121308923561,Desgentrificació
2007,Barri,el turo de la peira,,,15047,11891.0,0.0,187.0,2965.0,,,,,,,,,23,-0.7527185261094855,1.0274723864039306,0.0033723453127869,3.6921966638804284e-16,0.1373769301472225,1.0092936587501425e-17,0.1108063472812686,0.0284870896232807,0,Intermedi,0.0959381842866127,-0.0984752939698314,0.1981121308923561,Desgentrificació
2008,Barri,el turo de la peira,,,15186,11779.0,0.0,218.0,3186.0,,,,,,,,,23,-0.698491605355046,1.1951154302279905,0.0033723453127869,3.6921966638804284e-16,0.2483119124364721,1.0092936587501425e-17,0.2002849821583962,0.0506740860811306,0,Intermedi,0.1734104408241004,-0.1779963240348111,0.1981121308923561,Desgentrificació
2009,Barri,el turo de la peira,,,15341,11719.0,0.0,245.0,3375.0,,,,,,,,,23,-0.6530601648002242,1.3292403235468706,0.0033723453127869,3.6921966638804284e-16,0.3380900793733232,1.0092936587501425e-17,0.2726988200074403,0.0686297194685008,0,Intermedi,0.2361076805664025,-0.2423516082277572,0.1981121308923561,Desgentrificació
2010,Barri,el turo de la peira,,,15339,11792.0,0.0,237.0,3310.0,,,,,,,,,23,-0.6676736350653967,1.2738967379731327,0.0033723453127869,3.6921966638804284e-16,0.303111551453868,1.0092936587501425e-17,0.244485619232921,0.0616340138846098,0,Intermedi,0.2116801696734539,-0.2172781055966464,0.1981121308923561,Desgentrificació
2011,Barri,el turo de la peira,,,15425,11904.0,0.0,228.0,3293.0,0.0,0.0,0.0,0.0,1031.0,,,,23,-0.6865110484200563,1.2435849169186308,0.0033723453127869,3.6921966638804284e-16,0.2785369342492872,1.0092936587501425e-17,0.2246640701172373,0.0567190904436936,0,Intermedi,0.1945183059484498,-0.1996623920206935,0.1981121308923561,Desgentrificació
2012,Barri,el turo de la peira,,,15569,11857.0,0.0,242.0,3470.0,,,,,1182.0,,,,23,-0.6650602734438119,1.3671114798083153,0.0033723453127869,3.6921966638804284e-16,0.3510256031822517,1.0092936587501425e-17,0.2831324360585573,0.0712168242302865,0,Intermedi,0.2451412982611268,-0.2516241222399197,0.1981121308923561,Desgentrificació
2013,Barri,el turo de la peira,,,15432,11862.0,0.0,254.0,3316.0,,,,,1219.0,,,,23,-0.6393028715142903,1.2619093398569998,0.0033723453127869,3.6921966638804284e-16,0.3113032341713547,1.0092936587501425e-17,0.2510929181370314,0.0632723504281071,0,Intermedi,0.2174008912336567,-0.2231501130934481,0.1981121308923561,Desgentrificació
2014,Barri,el turo de la peira,,-1.6856274210005058,15350,11951.0,0.0,240.0,3159.0,,,,,1206.0,-0.0486133184679601,-0.5624957909296918,,23,-0.6624870416946582,1.1425124954345784,-0.305554554698826,-1.6856274210005058,0.2400127268699601,1.0092936587501425e-17,-0.6798566392349057,-0.5493520473358074,2,Baixa gentrificació,-2.2042858816232505,-1.0124861341289748,0.1981121308923561,Desgentrificació
2015,Barri,el turo de la peira,-0.9342969574400166,-1.5182129949406349,15328,12225.0,0.0,237.0,2866.0,,,,,1126.0,-0.2266792084429718,-0.5863434466437306,,23,-0.6673617056480375,0.8950441574860002,-0.5824398708422397,-1.5182129949406349,0.1138412259189813,1.0092936587501425e-17,-0.7388385751477559,-0.6074276145510661,2,Baixa gentrificació,-2.421695323509567,-1.271117644088344,0.1981121308923561,Desgentrificació
2016,Barri,el turo de la peira,-0.9972338978235316,-1.1164183723969447,15334,12269.0,0.0,230.0,2834.0,,,,,1021.0,-0.0607541746026199,-0.7930231294987359,,23,-0.6803741338368327,0.8666414219413509,-0.6170037339749624,-1.1164183723969447,0.0931336440522591,1.0092936587501425e-17,-0.5628078649786491,-0.5013999031011204,2,Baixa gentrificació,-1.999138832672968,-1.2081108493791004,0.1981121308923561,Desgentrificació
2017,Barri,el turo de la peira,-1.0254112054315836,-0.7481066350652287,15466,12231.0,0.0,242.0,2992.0,,,,,8760.0,0.1375464755968249,-0.840718440926814,,23,-0.6621481370744556,0.98023200052523,-0.5761943902538575,-0.7481066350652287,0.1590419317253872,1.0092936587501425e-17,-0.3226130025259479,-0.3654819212506484,2,Baixa gentrificació,-1.4665125337691838,-1.1092561714704965,0.1981121308923561,Desgentrificació
2018,Barri,el turo de la peira,-1.003972292509007,-0.5137264385814094,15575,12172.0,0.0,274.0,3128.0,,,,,8430.0,0.2630019889883104,-0.7373785994993117,,23,-0.6074297997288022,1.0772478685502085,-0.4927829676733362,-0.5137264385814094,0.2349090344107031,1.0092936587501425e-17,-0.1341872194502475,-0.254971014994283,2,Baixa gentrificació,-1.0357325230591587,-0.9898842963299328,0.1981121308923561,Desgentrificació
2019,Barri,el turo de la peira,-1.0564338584752824,-0.3797948977335127,15783,12133.0,0.0,300.0,3349.0,,,,,7820.0,0.343941029886043,-0.7532770366420041,,23,-0.567609267890381,1.2265662238844466,-0.4885899550770811,-0.3797948977335127,0.3294784779970328,1.0092936587501425e-17,0.0085817735654581,-0.1946197602437716,0,Intermedi,-0.8053746137496912,-1.0195200195667329,0.1981121308923561,Desgentrificació
2020,Barri,el turo de la peira,-1.0495519664285802,-0.4132777829454869,16229,12203.0,0.0,321.0,3703.0,,,,,7770.0,-0.0607541746026199,-0.7135309437852724,,23,-0.5459023600382242,1.4367103471428908,-0.6079456949388241,-0.4132777829454869,0.4454039935523333,1.0092936587501425e-17,0.068552279124035,-0.2172862446548266,2,Baixa gentrificació,-0.90584535471331,-1.2785379450189105,0.1981121308923561,Desgentrificació
2021,Barri,el turo de la peira,-0.9715992888562348,-0.5137264385814094,16186,12083.0,0.0,297.0,3803.0,2730.0,3876.0,3588.0,3501.0,1061.0,0.3237062696616099,-0.681734069499887,,23,-0.5861369564179415,1.5259193411315266,-0.4432090295648372,-0.5137264385814094,0.4698911923567925,1.0092936587501425e-17,0.0624322259913959,-0.1931024019725155,0,Intermedi,-0.8128208896137865,-1.088607496324154,0.1981121308923561,Desgentrificació
2022,Barri,el turo de la peira,,-0.3128291273095643,16025,12117.0,0.0,306.0,3599.0,2478.0,3963.0,3607.0,3589.0,7430.0,0.1334995235519382,-0.6578864137858482,,23,-0.565151373510368,1.389567573536763,-0.2621934451169549,-0.3128291273095643,0.4122081000131974,1.0092936587501425e-17,0.1406169094953908,-0.0900651517253163,0,Intermedi,-0.3993528191778203,-0.7443027044877679,0.1981121308923561,Desgentrificació
2023,Barri,el turo de la peira,,-0.0784489308257451,16295,12209.0,0.0,331.0,3751.0,2379.0,4216.0,3594.0,3835.0,6970.0,-0.1619279757247857,-0.6658356323571941,-0.3637783568553107,23,-0.5308920023195228,1.4632918025383432,-0.4138818040409899,-0.0784489308257451,0.4661999001094102,-0.3637783568553107,0.1705277278792764,-0.1272149118092005,0,Intermedi,-0.5684120397584216,-0.7155197682176906,0.1981121308923561,Desgentrificació
2024,Barri,el turo de la peira,,0.0889654952341257,16820,12462.0,0.0,367.0,3987.0,,,,,7350.0,-0.2428670166225183,-0.7612262552133505,-0.3637783568553107,23,-0.4885175093256003,1.5533105858609424,-0.5020466359179344,0.0889654952341257,0.5323965382676711,-0.3637783568553107,0.2936828541565395,-0.0902007059226705,0,Intermedi,-0.4275985365150652,-0.8466397362310899,0.1981121308923561,Desgentrificació
2025,Barri,el turo de la peira,,0.0554826100221515,17456,12679.0,5.0,427.0,4345.0,,,,,7190.0,-0.2914304411611579,-0.8089215666414288,,23,-0.414186475204239,1.709422493292763,-0.5501760039012933,0.0554826100221515,0.647618009044262,1.0092936587501425e-17,0.4705321940678496,-0.01888441635489,0,Intermedi,-0.138403380309616,-1.2293456725134653,0.1981121308923561,Desgentrificació
2000,Barri,horta,,,26293,26028.0,0.0,67.0,197.0,,,,,,,,,24,-1.0306474040186269,-1.4650557604061247,0.0033723453127869,3.6921966638804284e-16,-1.247851582212376,1.0092936587501425e-17,-1.0064999678324853,-0.2485586128486389,0,Intermedi,-0.8714462823440277,0.8944919009137385,0.4711574385783355,Estable
2001,Barri,horta,,,26278,25751.0,0.0,73.0,453.0,0.0,0.0,0.0,0.0,,,,,24,-1.024183205444415,-1.3368997211302556,0.0033723453127869,3.6921966638804284e-16,-1.1805414632873354,1.0092936587501425e-17,-0.9522085492867468,-0.2350965890636309,0,Intermedi,-0.8244397683182454,0.8462422876694752,0.4711574385783355,Estable
2002,Barri,horta,,,26630,25714.0,19.0,118.0,779.0,,,,,,,,,24,-0.9776783923566136,-1.1789251232142828,0.0033723453127869,3.6921966638804284e-16,-1.078301757785448,1.0092936587501425e-17,-0.869743405382046,-0.2146486479632534,0,Intermedi,-0.753039921944204,0.7729542541990977,0.4711574385783355,Estable
2003,Barri,horta,,,26731,25511.0,18.0,155.0,1047.0,,,,,,,,,24,-0.9392104246951464,-1.0485466205620873,0.0033723453127869,3.6921966638804284e-16,-0.9938785226286168,1.0092936587501425e-17,-0.8016487820463011,-0.1977640009318871,0,Intermedi,-0.6940823379898367,0.7124375219424973,0.4711574385783355,Estable
2004,Barri,horta,,,26684,25201.0,0.0,211.0,1271.0,,,,,,,,,24,-0.8798846590832906,-0.9372575648085129,0.0033723453127869,3.6921966638804284e-16,-0.9085711119459016,1.0092936587501425e-17,-0.7328409948607476,-0.1807025187953441,0,Intermedi,-0.6345072835878982,0.6512869900752997,0.4711574385783355,Estable
2005,Barri,horta,,,26641,24819.0,0.0,241.0,1580.0,,,,,,,,,24,-0.8478468261775809,-0.7837329877770254,0.0033723453127869,3.6921966638804284e-16,-0.8157899069773031,1.0092936587501425e-17,-0.6580049477318188,-0.1621462778016244,0,Intermedi,-0.5697128502643978,0.5847790514835256,0.4711574385783355,Estable
2006,Barri,horta,,,26526,24534.0,0.0,283.0,1706.0,,,,,,,,,24,-0.8022009544163314,-0.7178924241625856,0.0033723453127869,3.6921966638804284e-16,-0.7600466892894585,1.0092936587501425e-17,-0.6130432330459884,-0.1509976342640555,0,Intermedi,-0.5307841663468431,0.5448208886191199,0.4711574385783355,Estable
2007,Barri,horta,,,26363,24326.0,0.0,399.0,1637.0,,,,,,,,,24,-0.6765622657038509,-0.7470792160605946,0.0033723453127869,3.6921966638804284e-16,-0.7118207408822228,1.0092936587501425e-17,-0.5741448446378766,-0.1413524445826083,0,Intermedi,-0.4971052224315017,0.5102512964664416,0.4711574385783355,Estable
2008,Barri,horta,,,27284,24236.0,0.0,551.0,2494.0,,,,,,,,,24,-0.5342113706333197,-0.3616185541587477,0.0033723453127869,3.6921966638804284e-16,-0.4479149623960337,1.0092936587501425e-17,-0.3612820640448322,-0.0885712888853705,0,Intermedi,-0.3128046911590615,0.3210768907717303,0.4711574385783355,Estable
2009,Barri,horta,,,27873,24122.0,0.0,601.0,3149.0,,,,,,,,,24,-0.4957523837700704,-0.0780178645871071,0.0033723453127869,3.6921966638804284e-16,-0.2868851241785888,1.0092936587501425e-17,-0.2313976055913874,-0.0563653212418815,0,Intermedi,-0.2003483254651086,0.2056465878862069,0.4711574385783355,Estable
2010,Barri,horta,,,27771,24038.0,0.0,592.0,3141.0,,,,,,,,,24,-0.502641410238014,-0.0763494692530059,0.0033723453127869,3.6921966638804284e-16,-0.2894954397455099,1.0092936587501425e-17,-0.2335030503186207,-0.0568873843552657,0,Intermedi,-0.2021712584396416,0.2075177287868742,0.4711574385783355,Estable
2011,Barri,horta,,,27527,23872.0,0.0,583.0,3072.0,0.0,0.0,0.0,0.0,1886.0,,,,24,-0.5065234756595759,-0.0961269429319567,0.0033723453127869,3.6921966638804284e-16,-0.3013252092957663,1.0092936587501425e-17,-0.2430447801537417,-0.059253338265317,0,Intermedi,-0.2104326645575713,0.2159976098906988,0.4711574385783355,Estable
2012,Barri,horta,,,27001,23841.0,0.0,570.0,2590.0,,,,,2088.0,,,,24,-0.508461100489022,-0.302269584839136,0.0033723453127869,3.6921966638804284e-16,-0.405365342664079,1.0092936587501425e-17,-0.326962124476724,-0.0800613649389796,0,Intermedi,-0.2830898529049612,0.2905762360626871,0.4711574385783355,Estable
2013,Barri,horta,,,26571,23786.0,0.0,619.0,2166.0,,,,,2158.0,,,,24,-0.4469721020328311,-0.4916835237113593,0.0033723453127869,3.6921966638804284e-16,-0.4693278128720952,1.0092936587501425e-17,-0.3785533754913002,-0.0928538589805828,0,Intermedi,-0.3277585119561381,0.3364261691629597,0.4711574385783355,Estable
2014,Barri,horta,,-1.3173156836687898,26552,23717.0,0.0,645.0,2190.0,,,,,2114.0,0.5220069198610547,-0.3081207966466084,-0.3699328552926816,24,-0.4189561635227228,-0.4790310745111776,0.1069430616072231,-1.3173156836687898,-0.4489936190169502,-0.3699328552926816,-1.1045171432545933,-0.5268970814803964,2,Baixa gentrificació,-2.068753905989571,0.3783895359166971,0.4711574385783355,Estable
2015,Barri,horta,-0.0621139275937786,-1.1164183723969447,26469,23831.0,0.0,640.0,1998.0,,,,,1949.0,0.4532087350979821,-0.5148004795016142,-0.3699328552926816,24,-0.4221273758173683,-0.5710117949035131,-0.0412352239991369,-1.1164183723969447,-0.4965695853604407,-0.3699328552926816,-1.0652349078985313,-0.5205965670494489,2,Baixa gentrificació,-2.038753866287513,0.2524894244631682,0.4711574385783355,Estable
2016,Barri,horta,-0.102064028587221,-0.7481066350652287,26597,23885.0,0.0,634.0,2078.0,,,,,175.0,0.7688709945991392,-0.6578864137858482,-0.3668556060739961,24,-0.431747154639695,-0.5362375233606832,0.0029735174086899,-0.7481066350652287,-0.4839923390001891,-0.3668556060739961,-0.8666628500409147,-0.3937095243117987,0,Intermedi,-1.536753320168065,0.3924559750634675,0.4711574385783355,Estable
2017,Barri,horta,-0.1014048887240634,-0.3797948977335127,26743,23867.0,0.0,642.0,2233.0,,,,,1525.0,1.08048630205541,-0.5148004795016142,-0.3668556060739961,24,-0.4269926761477256,-0.4656343213093078,0.1547603112765774,-0.3797948977335127,-0.4463134987285167,-0.3668556060739961,-0.6333744416614207,-0.2301441968975831,0,Intermedi,-0.8921874564829281,0.6676187245390636,0.4711574385783355,Estable
2018,Barri,horta,-0.098441679866376,-0.3463120125215385,26867,23788.0,0.0,665.0,2413.0,,,,,1453.0,1.3597259931525874,-0.371714545217379,-0.3668556060739961,24,-0.4060268196875242,-0.3826061007608813,0.2965232560229441,-0.3463120125215385,-0.3943164602242027,-0.3668556060739961,-0.5546980501784605,-0.1671710402092181,0,Intermedi,-0.6478648503729926,0.8377777126583623,0.4711574385783355,Estable
2019,Barri,horta,-0.1376343859482479,-0.1119318160377193,27482,23692.0,0.0,713.0,3074.0,,,,,1351.0,1.270693048165081,-0.395562200931419,-0.3668556060739961,24,-0.3724739838135259,-0.0927671543021571,0.2458321537618048,-0.1119318160377193,-0.2326205690578415,-0.3668556060739961,-0.3162124549805671,-0.0797251337091418,0,Intermedi,-0.3162330211749348,0.7070310243172483,0.4711574385783355,Estable
2020,Barri,horta,-0.033413047410512,-0.0784489308257451,28363,23751.0,0.0,742.0,3868.0,,,,,1352.0,0.4613026391877553,-0.4750543866448824,-0.3678813558135579,24,-0.3663809428179339,0.2296499825947543,-0.015721598289213,-0.0784489308257451,-0.0683654801115898,-0.3678813558135579,-0.2049424950322322,-0.115500525919517,0,Intermedi,-0.4728352245047324,0.2301511505626783,0.4711574385783355,Estable
2021,Barri,horta,-0.0259800182347359,-0.3128291273095643,28055,23413.0,0.0,692.0,3949.0,3984.0,9228.0,5094.0,5838.0,1813.0,1.3030686645241745,-0.4750543866448824,-0.3678813558135579,24,-0.4084382507807393,0.2873011145382239,0.267344753214852,-0.3128291273095643,-0.0605685681212577,-0.3678813558135579,-0.2735019818472936,-0.0993352970153768,0,Intermedi,-0.4104311247266327,0.5662006273893456,0.4711574385783355,Estable
2022,Barri,horta,,-0.1454147012496934,27875,23411.0,0.0,691.0,3772.0,3798.0,9440.0,5159.0,5881.0,127.0,1.1047680143247296,-0.3319684523606472,-0.3678813558135579,24,-0.4049667081082991,0.2157582145417466,0.3863997809820412,-0.1454147012496934,-0.0946042467832762,-0.3678813558135579,-0.2015730207401268,-0.0202015965996625,0,Intermedi,-0.0937883270495559,0.7983521724800756,0.4711574385783355,Estable
2023,Barri,horta,,0.3568285769299192,29395,23574.0,0.0,703.0,5117.0,3889.0,10206.0,5328.0,6493.0,1225.0,0.7243545221053863,-0.3319684523606472,-0.3124908698772198,24,-0.4295428287269064,0.7254076567177018,0.1961930348723695,0.3568285769299192,0.1479324139953976,-0.3124908698772198,0.2302905741991029,0.1329947923643221,0,Intermedi,0.494012383566707,0.4438019949638059,0.4711574385783355,Estable
2024,Barri,horta,,0.4572772325658417,31091,23704.0,0.0,787.0,6598.0,,,,,1277.0,0.3682227421553628,-0.4194098566454577,-0.3124908698772198,24,-0.390238186016958,1.226900509052532,-0.0255935572450474,0.4572772325658417,0.418331161517787,-0.3124908698772198,0.4661069138797916,0.1506731609243517,0,Intermedi,0.5392447024385082,-0.0377420632956941,0.4711574385783355,Estable
2025,Barri,horta,,0.4907601177778159,31259,23881.0,0.0,867.0,6510.0,,,,,1264.0,0.4248800707837756,-0.4909528237875742,,24,-0.3220685799132141,1.1748856133824304,-0.0330363765018992,0.4907601177778159,0.4264085167346081,1.0092936587501425e-17,0.5801736920920609,0.2225988257296966,0,Intermedi,0.8384583402222546,-0.2386647227267493,0.4711574385783355,Estable
2000,Barri,hostafrancs,,,14537,14037.0,0.0,88.0,411.0,,,,,,,,,25,-0.9320365989650572,-1.1918118955927754,0.0033723453127869,3.6921966638804284e-16,-1.0619242472789163,1.0092936587501425e-17,-0.8565335300787866,-0.211373145861947,0,Intermedi,-0.741602567655913,0.7612144361678144,0.7748217116275908,Gentrificació moderada
2001,Barri,hostafrancs,,,14465,13689.0,0.0,104.0,670.0,0.0,0.0,0.0,0.0,,,,,25,-0.9000718232598565,-0.954520408281903,0.0033723453127869,3.6921966638804284e-16,-0.9272961157708796,1.0092936587501425e-17,-0.7479443260710901,-0.1844475195603397,0,Intermedi,-0.6475840270105607,0.6647095513035556,0.7748217116275908,Gentrificació moderada
2002,Barri,hostafrancs,,,14749,13454.0,9.0,148.0,1138.0,,,,,,,,,25,-0.8200421322975374,-0.5490098960153492,0.0033723453127869,3.6921966638804284e-16,-0.6845260141564433,1.0092936587501425e-17,-0.5521292924976239,-0.1358934992374524,0,Intermedi,-0.4780437503206874,0.4906857388777922,0.7748217116275908,Gentrificació moderada
2003,Barri,hostafrancs,,,15212,13216.0,6.0,181.0,1809.0,,,,,,,,,25,-0.7676065966667533,0.0001222892744579,0.0033723453127869,3.6921966638804284e-16,-0.3837421536961476,1.0092936587501425e-17,-0.3095211568881967,-0.0757367271453933,0,Intermedi,-0.2679891406831457,0.2750761816656329,0.7748217116275908,Gentrificació moderada
2004,Barri,hostafrancs,,,15448,13111.0,0.0,248.0,2087.0,,,,,,,,,25,-0.6507088404648812,0.2128654986214238,0.0033723453127869,3.6921966638804284e-16,-0.2189216709217286,1.0092936587501425e-17,-0.176579216536228,-0.0427726305905095,0,Intermedi,-0.1528855506285793,0.1569286478980166,0.7748217116275908,Gentrificació moderada
2005,Barri,hostafrancs,,,15474,12837.0,0.0,325.0,2309.0,,,,,,,,,25,-0.5114812348306881,0.3985282097055458,0.0033723453127869,3.6921966638804284e-16,-0.0564765125625711,1.0092936587501425e-17,-0.0455531802722387,-0.010283598918678,0,Intermedi,-0.0394407857584718,0.0404838073687476,0.7748217116275908,Gentrificació moderada
2006,Barri,hostafrancs,,,15843,12868.0,0.0,384.0,2589.0,,,,,,,,,25,-0.4204787044930512,0.5852208744058571,0.0033723453127869,3.6921966638804284e-16,0.0823710849564029,1.0092936587501425e-17,0.0664393871360547,0.0174859205851167,0,Intermedi,0.0575244498473411,-0.0590456985536282,0.7748217116275908,Gentrificació moderada
2007,Barri,hostafrancs,,,15612,12762.0,5.0,594.0,2251.0,,,,,,,,,25,-0.0319832695862427,0.3323338331678824,0.0033723453127869,3.6921966638804284e-16,0.1501752817908198,1.0092936587501425e-17,0.121129322145596,0.0310467599520001,0,Intermedi,0.1048760067960577,-0.1076494794686766,0.7748217116275908,Gentrificació moderada
2008,Barri,hostafrancs,,,15940,12709.0,0.0,759.0,2469.0,,,,,,,,,25,0.237193373138329,0.4731542076534643,0.0033723453127869,3.6921966638804284e-16,0.3551737903958967,1.0092936587501425e-17,0.286478306959081,0.0720464616730155,0,Intermedi,0.2480382151519872,-0.2545976488347258,0.7748217116275908,Gentrificació moderada
2009,Barri,hostafrancs,,,16013,12573.0,0.0,788.0,2651.0,,,,,,,,,25,0.2820342755433661,0.6133203957488111,0.0033723453127869,3.6921966638804284e-16,0.4476773356460886,1.0092936587501425e-17,0.3610903975681573,0.0905471707230539,0,Intermedi,0.3126387427796412,-0.3209065538452111,0.7748217116275908,Gentrificació moderada
2010,Barri,hostafrancs,,,15961,12577.0,0.0,767.0,2617.0,,,,,,,,,25,0.2495312285572009,0.5924021773696209,0.0033723453127869,3.6921966638804284e-16,0.4209667029634109,1.0092936587501425e-17,0.3395459676703035,0.0852050441865183,0,Intermedi,0.293985177017351,-0.3017596897922145,0.7748217116275908,Gentrificació moderada
2011,Barri,hostafrancs,,,15858,12548.0,0.0,688.0,2618.0,0.0,0.0,0.0,0.0,1041.0,,,,25,0.1181671337096934,0.6072347558846489,0.0033723453127869,3.6921966638804284e-16,0.3627009447971712,1.0092936587501425e-17,0.2925496064395215,0.0735518925532704,0,Intermedi,0.2532948585005419,-0.2599933054535443,0.7748217116275908,Gentrificació moderada
2012,Barri,hostafrancs,,,16042,12434.0,0.0,729.0,2876.0,,,,,1113.0,,,,25,0.1760671841522372,0.7938122301415546,0.0033723453127869,3.6921966638804284e-16,0.4849397071468959,1.0092936587501425e-17,0.3911457152449847,0.0979996450232154,0,Intermedi,0.3386611925473686,-0.3476171739152816,0.7748217116275908,Gentrificació moderada
2013,Barri,hostafrancs,,,15982,12429.0,0.0,741.0,2808.0,,,,,1096.0,,,,25,0.2019892130861828,0.746715163899205,0.0033723453127869,3.6921966638804284e-16,0.4743521884926939,1.0092936587501425e-17,0.3826059679410729,0.0958821412923749,0,Intermedi,0.3312673214316269,-0.3400277699974165,0.7748217116275908,Gentrificació moderada
2014,Barri,hostafrancs,,-0.8485552907011512,15671,12332.0,0.0,825.0,2512.0,,,,,1047.0,0.7041197618809532,-0.6101911023577701,-0.1822206529528688,25,0.3786669736012504,0.5441961339076111,0.0469643297615915,-0.8485552907011512,0.4614315537544308,-0.1822206529528688,-0.092784852005002,-0.1846351081215555,0,Intermedi,-0.7886905813123217,-0.3614489529617234,0.7748217116275908,Gentrificació moderada
2015,Barri,hostafrancs,-0.1394769689532765,-0.5806922090053578,15758,12546.0,0.0,881.0,2331.0,,,,,9810.0,0.562476440309921,-0.7612262552133505,-0.1822206529528688,25,0.4704638359889291,0.3815238748616849,-0.1127422612855686,-0.5806922090053578,0.425993855425307,-0.1822206529528688,-0.0124142876684335,-0.1592757005927903,0,Intermedi,-0.6842196385661639,-0.4961342234662274,0.7748217116275908,Gentrificació moderada
2016,Barri,hostafrancs,-0.184323740700192,-0.2123804716736418,15915,12593.0,0.0,915.0,2407.0,,,,,8570.0,0.4855843514570751,-0.6578864137858482,-0.2017098980045434,25,0.5150477371988401,0.4251281381822556,-0.1188752676763217,-0.2123804716736418,0.4700879376905478,-0.2017098980045434,0.1977289279297698,-0.0457011138677881,0,Intermedi,-0.2388913233837713,-0.435639608038192,0.7748217116275908,Gentrificació moderada
2017,Barri,hostafrancs,-0.1941044886020624,0.0219997248101774,15949,12423.0,0.0,973.0,2553.0,,,,,7660.0,1.0157350693372238,-0.6658356323571941,-0.2017098980045434,25,0.6139037568230322,0.5412591648986003,0.0519316494593224,0.0219997248101774,0.5775814608608163,-0.2017098980045434,0.4241563923457288,0.0973537248521045,0,Intermedi,0.3176534944004411,-0.2160302210761244,0.7748217116275908,Gentrificació moderada
2018,Barri,hostafrancs,-0.2159750443342087,0.2228970360820225,15969,12253.0,0.0,1054.0,2661.0,,,,,7350.0,1.339491232928154,-0.681734069499887,-0.192478150348487,25,0.7544481081490835,0.6275527146563444,0.1472607063646861,0.2228970360820225,0.691000411402714,-0.192478150348487,0.6308237937213677,0.2107517749448579,0,Intermedi,0.7567179087593242,-0.1205741984903075,0.7748217116275908,Gentrificació moderada
2019,Barri,hostafrancs,-0.2162241911089991,0.323345691717945,16155,12135.0,0.0,1189.0,2829.0,,,,,6790.0,0.837669179362212,-0.5465973537869989,-0.1976068990462961,25,0.9681549791564474,0.7390676063099454,0.0249492114887379,0.323345691717945,0.8536112927331965,-0.1976068990462961,0.792406521970841,0.235689349699385,0,Intermedi,0.8403748401474515,-0.381793771444226,0.7748217116275908,Gentrificació moderada
2020,Barri,hostafrancs,-0.2173180153080663,0.3903114621418934,16203,12005.0,5.0,1277.0,2916.0,,,,,6990.0,0.5179599678161682,-0.4830036052162283,-0.192478150348487,25,1.114807870667834,0.80284945922279,-0.0607872175693754,0.3903114621418934,0.958828664945312,-0.192478150348487,0.8994762184161413,0.2521273762911203,1,Gentrificació residencial,0.8961236560756096,-0.5648257400491091,0.7748217116275908,Gentrificació moderada
2021,Barri,hostafrancs,-0.1464296420397289,0.0889654952341257,16102,11796.0,6.0,1210.0,3090.0,1779.0,6507.0,2664.0,3051.0,9280.0,1.2909278083895146,-0.5624957909296918,-0.1945296498276106,25,1.0116591466276934,0.9597850912446751,0.1940007918066979,0.0889654952341257,0.9857221189361844,-0.1945296498276106,0.8087271241634088,0.2431283799339618,1,Gentrificació residencial,0.8569230833371225,-0.2970975891899994,0.7748217116275908,Gentrificació moderada
2022,Barri,hostafrancs,,0.4572772325658417,15859,11615.0,0.0,1253.0,2990.0,1652.0,6538.0,2594.0,3142.0,7330.0,0.5988990087139008,-0.4671051680735354,-0.1955553995671725,25,1.1203273104151348,0.9155359187829334,0.0658969203201826,0.4572772325658417,1.017931614599034,-0.1955553995671725,0.9972942207072816,0.3214274888721796,1,Gentrificació residencial,1.164770048781571,-0.4110042253075265,0.7748217116275908,Gentrificació moderada
2023,Barri,hostafrancs,,0.9930033959574286,15969,11595.0,0.0,1227.0,3143.0,1598.0,6817.0,2551.0,3228.0,6010.0,0.3722696942002494,-0.5148004795016142,1.4415411847734896,25,1.05921390409894,1.0244426794838557,-0.0712653926506823,0.9930033959574286,1.0418282917913977,1.4415411847734896,1.7432512044323591,0.7731952963050013,1,Gentrificació residencial,3.0316560817019416,-1.5016869795871544,0.7748217116275908,Gentrificació moderada
2024,Barri,hostafrancs,,0.9260376255334802,16192,11548.0,0.0,1277.0,3364.0,,,,,6330.0,0.0970769551479586,-0.4591559495021895,1.4312836873778714,25,1.1163140805660765,1.1682701743282764,-0.1810394971771154,0.9260376255334802,1.1422921274471765,1.4312836873778714,1.772622733381281,0.738214601471919,1,Gentrificació residencial,2.8833005051318508,-1.7378844698184903,0.7748217116275908,Gentrificació moderada
2025,Barri,hostafrancs,,1.227383592441248,16798,11506.0,0.0,1360.0,3931.0,,,,,6210.0,0.2225324685394441,-0.7135309437852724,,25,1.175275917324754,1.513556675876682,-0.2454992376229141,1.227383592441248,1.344416296600718,1.0092936587501425e-17,1.6526586681362525,0.5634485657656438,1,Gentrificació residencial,2.103881046376744,-1.018097163040797,0.7748217116275908,Gentrificació moderada
2000,Barri,la barceloneta,,,14911,14049.0,0.0,120.0,742.0,,,,,,,,,26,-0.8759352393077015,-0.9092446611355568,0.0033723453127869,3.6921966638804284e-16,-0.892589950221629,1.0092936587501425e-17,-0.719950809048034,-0.1775062864504896,0,Intermedi,-0.6233467223715838,0.6398312849791774,1.4884697073180906,Gentrificació intensa
2001,Barri,la barceloneta,,,15110,13732.0,0.0,176.0,1200.0,0.0,0.0,0.0,0.0,,,,,26,-0.7746560341666363,-0.5192948279424866,0.0033723453127869,3.6921966638804284e-16,-0.6469754310545615,1.0092936587501425e-17,-0.5218415072971377,-0.1283833826170761,0,Intermedi,-0.4518200258726497,0.4637685213673006,1.4884697073180906,Gentrificació intensa
2002,Barri,la barceloneta,,,15507,13388.0,14.0,263.0,1842.0,,,,,,,,,26,-0.6252150969642156,-0.0016424635676949,0.0033723453127869,3.6921966638804284e-16,-0.3134287802659553,1.0092936587501425e-17,-0.2528073544580952,-0.0616740524593548,0,Intermedi,-0.2188852819003789,0.2246737588488736,1.4884697073180906,Gentrificació intensa
2003,Barri,la barceloneta,,,15983,13047.0,13.0,386.0,2537.0,,,,,,,,,26,-0.422931058477947,0.523618401676154,0.0033723453127869,3.6921966638804284e-16,0.0503436715991035,1.0092936587501425e-17,0.0406065148831482,0.0110804379136569,0,Intermedi,0.0351578714007036,-0.0360876302515238,1.4884697073180906,Gentrificació intensa
2004,Barri,la barceloneta,,,15958,12617.0,9.0,474.0,2858.0,,,,,,,,,26,-0.2667344624155726,0.7913892596899594,0.0033723453127869,3.6921966638804284e-16,0.2623273986371934,1.0092936587501425e-17,0.2115896810595046,0.0534771833212749,0,Intermedi,0.183198258156678,-0.1880429826860639,1.4884697073180906,Gentrificació intensa
2005,Barri,la barceloneta,,,15796,12248.0,16.0,644.0,2888.0,,,,,,,,,26,0.0445960334307288,0.8405144660358718,0.0033723453127869,3.6921966638804284e-16,0.4425552497333003,1.0092936587501425e-17,0.3569589933371218,0.0895227535404962,0,Intermedi,0.3090616966067042,-0.3172349117764882,1.4884697073180906,Gentrificació intensa
2006,Barri,la barceloneta,,,15863,12010.0,22.0,874.0,2957.0,,,,,,,,,26,0.4476392489805001,0.8875562480130024,0.0033723453127869,3.6921966638804284e-16,0.6675977484967512,1.0092936587501425e-17,0.5384751856432399,0.1345312532931864,0,Intermedi,0.4662217721415869,-0.4785511254790863,1.4884697073180906,Gentrificació intensa
2007,Barri,la barceloneta,,,15646,11740.0,21.0,1259.0,2626.0,,,,,,,,,26,1.161374069460375,0.6433721651154346,0.0033723453127869,3.6921966638804284e-16,0.9023731172879048,1.0092936587501425e-17,0.7278417773954464,0.1814863270514171,0,Intermedi,0.6301788686708585,-0.6468441091249424,1.4884697073180906,Gentrificació intensa
2008,Barri,la barceloneta,,,16154,11658.0,12.0,1578.0,2906.0,,,,,,,,,26,1.6457177359232038,0.8018876180917262,0.0033723453127869,3.6921966638804284e-16,1.223802677007465,1.0092936587501425e-17,0.98710245080387,0.2457722389953292,1,Gentrificació residencial,0.854651553440365,-0.8772530311328501,1.4884697073180906,Gentrificació intensa
2009,Barri,la barceloneta,,,16231,11472.0,0.0,1763.0,2992.0,,,,,,,,,26,1.953325827266475,0.8603371469793886,0.0033723453127869,3.6921966638804284e-16,1.4068314871229315,1.0092936587501425e-17,1.1347309782021568,0.2823780010184225,1,Gentrificació residencial,0.9824710621147774,-1.0084527592222277,1.4884697073180906,Gentrificació intensa
2010,Barri,la barceloneta,,,16090,11443.0,0.0,1887.0,2759.0,,,,,,,,,26,2.196905298106657,0.6911636125583509,0.0033723453127869,3.6921966638804284e-16,1.444034455332504,1.0092936587501425e-17,1.164738381999185,0.289818594660337,1,Gentrificació residencial,1.0084520271594468,-1.035120797495188,1.4884697073180906,Gentrificació intensa
2011,Barri,la barceloneta,,,15749,11315.0,0.0,1693.0,2739.0,0.0,0.0,0.0,0.0,1463.0,,,,26,1.9218063751036287,0.7232851077792567,0.0033723453127869,3.6921966638804284e-16,1.3225457414414428,1.0092936587501425e-17,1.0667472519911037,0.2655208518821247,1,Gentrificació residencial,0.9236094949414572,-0.948034582934869,1.4884697073180906,Gentrificació intensa
2012,Barri,la barceloneta,,,15712,11091.0,0.0,1846.0,2772.0,,,,,152.0,,,,26,2.20286936774733,0.7562878408121374,0.0033723453127869,3.6921966638804284e-16,1.479578604279734,1.0092936587501425e-17,1.1934078049353587,0.296927424449783,1,Gentrificació residencial,1.0332745436355082,-1.060599751732518,1.4884697073180906,Gentrificació intensa
2013,Barri,la barceloneta,,,15493,10755.0,0.0,2009.0,2726.0,,,,,1506.0,,,,26,2.5455613013965044,0.7500388899991832,0.0033723453127869,3.6921966638804284e-16,1.6478000956978438,1.0092936587501425e-17,1.3290929522033326,0.3305717227334049,1,Gentrificació residencial,1.1507532529598754,-1.1811852154030844,1.4884697073180906,Gentrificació intensa
2014,Barri,la barceloneta,,0.7921060846855835,15107,10485.0,0.0,2074.0,2547.0,,,,,1409.0,1.0157350693372238,-2.4544098109101227,-0.3032591222211634,26,2.7598100330892765,0.6533513085581983,-0.7193373707864494,0.7921060846855835,1.7065806708237374,-0.3032591222211634,1.573478292298602,0.302494923890255,1,Gentrificació residencial,1.0220149789304738,-1.8618853304119083,1.4884697073180906,Gentrificació intensa
2015,Barri,la barceloneta,-0.7029973385905665,1.1604178220172996,15037,10331.0,0.0,2178.0,2527.0,,,,,1278.0,1.570167499486692,-2.5736480894803178,-0.3032591222211634,26,2.972356377490092,0.6461823283276988,-0.5688259761947307,1.1604178220172996,1.8092693529088952,-0.3032591222211634,1.85902044267482,0.4786795998843171,1,Gentrificació residencial,1.710467920685505,-1.6351169470151752,1.4884697073180906,Gentrificació intensa
2016,Barri,la barceloneta,-0.748296458050955,1.796592641044809,15068,10263.0,0.0,2290.0,2512.0,,,,,1223.0,1.9182053753469424,-2.533901996623586,-0.3042848719607252,26,3.1730763505422224,0.6285461997315503,-0.4546643597758661,1.796592641044809,1.9008112751368864,-0.3042848719607252,2.26185596446313,0.7218837650159151,1,Gentrificació residencial,2.665833268526691,-1.3863314390172696,1.4884697073180906,Gentrificació intensa
2017,Barri,la barceloneta,-0.719630284482405,2.332318804436396,15101,9855.0,0.0,2526.0,2716.0,,,,,1062.0,2.193398114399233,-2.4226129366247373,-0.3042848719607252,26,3.6033803829256903,0.8013894441821836,-0.3162817022359697,2.332318804436396,2.2023849135539373,-0.3042848719607252,2.7884463589200523,0.9844311389787704,1,Gentrificació residencial,3.677966051726039,-1.2788644873419346,1.4884697073180906,Gentrificació intensa
2018,Barri,la barceloneta,-0.7060432299729376,1.3613151332891449,14893,9536.0,0.0,2576.0,2780.0,,,,,1049.0,0.4046453105593425,-0.9361090637829704,-0.3063363714398489,26,3.763548209657885,0.8909257718257291,-0.4125023277321884,1.3613151332891449,2.327236990741807,-0.3063363714398489,2.397080287516645,0.6888239655274785,1,Gentrificació residencial,2.494067940856699,-1.7362807634868584,1.4884697073180906,Gentrificació intensa
2019,Barri,la barceloneta,-0.708370188115704,1.5287295593490156,15173,9246.0,0.0,2868.0,3058.0,,,,,9910.0,0.2832367492127436,-1.2143317137800926,-0.3073621211794107,26,4.215142812054743,1.0865515138618562,-0.5464883842276843,1.5287295593490156,2.6508471629582995,-0.3073621211794107,2.721009530518808,0.7633693608921771,1,Gentrificació residencial,2.759427955911232,-2.1157291049512668,1.4884697073180906,Gentrificació intensa
2020,Barri,la barceloneta,-0.7602267681105881,1.4952466741370414,15112,8990.0,0.0,2893.0,3227.0,,,,,1002.0,-0.1659749277696723,-1.4289606152064438,-0.3083878709189725,26,4.283145826228373,1.2442990071351616,-0.7850541036955682,1.4952466741370414,2.7637224166817678,-0.3083878709189725,2.761177496242868,0.704124680285001,1,Gentrificació residencial,2.5145450180553444,-2.5395781418654764,1.4884697073180906,Gentrificació intensa
2021,Barri,la barceloneta,-0.6060444693674069,1.059969166381377,15125,8786.0,0.0,2759.0,3577.0,2076.0,5511.0,2772.0,3069.0,1444.0,0.1901568521803511,-1.1348395280666292,-0.3083878709189725,26,4.029283002360153,1.546165664670052,-0.516909048417895,1.059969166381377,2.7877243335151025,-0.3083878709189725,2.604719058725733,0.6587853279082706,1,Gentrificació residencial,2.3315540566312665,-2.284515181468348,1.4884697073180906,Gentrificació intensa
2022,Barri,la barceloneta,,1.997489952316654,14342,8472.0,0.0,2598.0,3270.0,1862.0,5311.0,2657.0,2977.0,8530.0,0.1051708592377318,-1.1507379652093217,-0.3083878709189725,26,3.9936416874577167,1.434473426187787,-0.5227835529857948,1.997489952316654,2.714057556822752,-0.3083878709189725,3.00569936827422,0.9235458569800136,1,Gentrificació residencial,3.3885223297956792,-2.014169764603244,1.4884697073180906,Gentrificació intensa
2023,Barri,la barceloneta,,2.064455722740602,14274,8264.0,0.0,2619.0,3390.0,1745.0,5709.0,2572.0,3116.0,7700.0,-0.3197591054753643,-1.0076520309250874,0.2824439790686348,26,4.059306148853753,1.55930015470216,-0.6637055682002259,2.064455722740602,2.8093031517779563,0.2824439790686348,3.2695413826827986,1.0385744725314312,1,Gentrificació residencial,3.8639708381868014,-2.6288979105968413,1.4884697073180906,Gentrificació intensa
2024,Barri,la barceloneta,,2.399284574860344,14526,8247.0,0.0,2675.0,3603.0,,,,,8160.0,-0.4452146188668499,-1.2143317137800926,0.4978514243766166,26,4.078213547536955,1.6979359942787502,-0.8297731663234713,2.399284574860344,2.8880747709078527,0.4978514243766166,3.5375842046708588,1.1480386616179556,1,Gentrificació residencial,4.301318602497722,-2.9711217143971056,1.4884697073180906,Gentrificació intensa
2025,Barri,la barceloneta,,3.3033224755836468,14749,8199.0,0.0,2753.0,3793.0,,,,,7960.0,0.5381947280406013,-2.3828668437680056,,26,4.1486603655452,1.8180145899709776,-0.922336057863702,3.3033224755836468,2.9833374777580888,1.0092936587501425e-17,3.899157560899625,1.310963420867601,1,Gentrificació residencial,4.915271095558325,-2.644795809395578,1.4884697073180906,Gentrificació intensa
2000,Barri,la bordeta,,,17677,17287.0,0.0,61.0,325.0,,,,,,,,,27,-1.005255480730818,-1.321821248458345,0.0033723453127869,3.6921966638804284e-16,-1.1635383645945816,1.0092936587501425e-17,-0.938494083134476,-0.2316959693250801,0,Intermedi,-0.8125655299429903,0.8340540320404362,0.9133164005511216,Gentrificació moderada
2001,Barri,la bordeta,,,17997,17312.0,0.0,65.0,617.0,0.0,0.0,0.0,0.0,,,,,27,-1.000729034928028,-1.1127743089922464,0.0033723453127869,3.6921966638804284e-16,-1.056751671960137,1.0092936587501425e-17,-0.8523614017855067,-0.2103386307981912,0,Intermedi,-0.7379902618368968,0.7575066020027039,0.9133164005511216,Gentrificació moderada
2002,Barri,la bordeta,,,18429,17350.0,8.0,84.0,987.0,,,,,,,,,27,-0.97410731703941,-0.8593436293999948,0.0033723453127869,3.6921966638804284e-16,-0.9167254732197024,1.0092936587501425e-17,-0.739418190800367,-0.1823333910501042,0,Intermedi,-0.6402019414448407,0.6571322446075796,0.9133164005511216,Gentrificació moderada
2003,Barri,la bordeta,,,18548,17055.0,0.0,134.0,1355.0,,,,,,,,,27,-0.8990947997302469,-0.6029753802686949,0.0033723453127869,3.6921966638804284e-16,-0.7510350899994709,1.0092936587501425e-17,-0.6057746006823456,-0.149195314406058,0,Intermedi,-0.5244908500493146,0.5383611439715372,0.9133164005511216,Gentrificació moderada
2004,Barri,la bordeta,,,18757,16857.0,0.0,169.0,1731.0,,,,,,,,,27,-0.8488662491754336,-0.3500911058998692,0.0033723453127869,3.6921966638804284e-16,-0.5994786775376514,1.0092936587501425e-17,-0.4835312774842614,-0.118884031913694,0,Intermedi,-0.4186503205441216,0.4297216347453774,0.9133164005511216,Gentrificació moderada
2005,Barri,la bordeta,,,18666,16592.0,0.0,210.0,1864.0,,,,,,,,,27,-0.7858388123650889,-0.250483440994713,0.0033723453127869,3.6921966638804284e-16,-0.518161126679901,1.0092936587501425e-17,-0.4179416564995019,-0.102620521742144,0,Intermedi,-0.3618616139427564,0.3714311363549853,0.9133164005511216,Gentrificació moderada
2006,Barri,la bordeta,,,18709,16321.0,0.0,262.0,2126.0,,,,,,,,,27,-0.7083763383479549,-0.0693599675494694,0.0033723453127869,3.6921966638804284e-16,-0.3888681529487122,1.0092936587501425e-17,-0.3136557175654114,-0.0767619269959062,0,Intermedi,-0.2715689197655473,0.2787506289163065,0.9133164005511216,Gentrificació moderada
2007,Barri,la bordeta,,,18649,16278.0,0.0,396.0,1974.0,,,,,,,,,27,-0.5049712554671775,-0.1717264312971248,0.0033723453127869,3.6921966638804284e-16,-0.3383488433821511,1.0092936587501425e-17,-0.2729075355071632,-0.066658065082594,0,Intermedi,-0.2362883903052144,0.2425370968815713,0.9133164005511216,Gentrificació moderada
2008,Barri,la bordeta,,,18721,16162.0,0.0,470.0,2088.0,,,,,,,,,27,-0.396069771294545,-0.0970081640784472,0.0033723453127869,3.6921966638804284e-16,-0.2465389676864961,1.0092936587501425e-17,-0.1988549492448217,-0.048296089943463,0,Intermedi,-0.1721722918862046,0.1767254319333566,0.9133164005511216,Gentrificació moderada
2009,Barri,la bordeta,,,18839,16153.0,0.0,498.0,2187.0,,,,,,,,,27,-0.3586818043535823,-0.0370941472756888,0.0033723453127869,3.6921966638804284e-16,-0.1978879758146356,1.0092936587501425e-17,-0.1596137266090097,-0.0385658915690909,0,Intermedi,-0.1381965157575121,0.1418511577639523,0.9133164005511216,Gentrificació moderada
2010,Barri,la bordeta,,,18645,16055.0,0.0,514.0,2076.0,,,,,,,,,27,-0.3268031514278028,-0.0994931066295324,0.0033723453127869,3.6921966638804284e-16,-0.2131481290286676,1.0092936587501425e-17,-0.1719223568483613,-0.0416179222118973,0,Intermedi,-0.1488535554054413,0.1527900255357537,0.9133164005511216,Gentrificació moderada
2011,Barri,la bordeta,,,18492,15942.0,0.0,448.0,2101.0,0.0,0.0,0.0,0.0,1221.0,,,,27,-0.4207921244777984,-0.0696025677667209,0.0033723453127869,3.6921966638804284e-16,-0.2451973461222597,1.0092936587501425e-17,-0.1977728156958516,-0.0480277656306157,0,Intermedi,-0.171235360650846,0.1757637233131912,0.9133164005511216,Gentrificació moderada
2012,Barri,la bordeta,,,18604,15991.0,0.0,440.0,2173.0,,,,,1305.0,,,,27,-0.4369922510889866,-0.0277072472305748,0.0033723453127869,3.6921966638804284e-16,-0.2323497491597807,1.0092936587501425e-17,-0.1874101202328754,-0.0454582462381199,0,Intermedi,-0.1622631473126565,0.1665542375113889,0.9133164005511216,Gentrificació moderada
2013,Barri,la bordeta,,,18581,15997.0,0.0,511.0,2072.0,,,,,1285.0,,,,27,-0.3286739627765239,-0.0972809357083112,0.0033723453127869,3.6921966638804284e-16,-0.2129774492424176,1.0092936587501425e-17,-0.1717846888742055,-0.0415837862546473,0,Intermedi,-0.148734359927935,0.15266767790353,0.9133164005511216,Gentrificació moderada
2014,Barri,la bordeta,,-1.183384142820893,18397,15956.0,0.0,505.0,1934.0,,,,,1228.0,0.2306263726292174,-0.0775934580775649,-0.3309543651893325,27,-0.3301110255332099,-0.1812510063420591,0.0765164572758262,-1.183384142820893,-0.2556810159376345,-0.3309543651893325,-0.8755583640896284,-0.4493873818889135,2,Baixa gentrificació,-1.7777563679835673,0.2052449890963852,0.9133164005511216,Gentrificació moderada
2015,Barri,la bordeta,-0.1102923829545746,-1.0159697167610222,18384,16162.0,5.0,499.0,1718.0,,,,,1151.0,-0.0324255102884135,-0.1809332995050673,-0.3309543651893325,27,-0.3387463626599543,-0.3347685532620188,-0.1078837309160185,-1.0159697167610222,-0.3367574579609865,-0.3309543651893325,-0.8849474913974072,-0.470698398933176,2,Baixa gentrificació,-1.8539571908582944,0.0443541026552988,0.9133164005511216,Gentrificació moderada
2016,Barri,la bordeta,-0.1670442028075898,-0.6811408646412803,18518,16211.0,0.0,517.0,1788.0,,,,,1005.0,-0.1902566400389921,-0.3876129823600719,-0.3289028657102089,27,-0.3169269355426612,-0.2939549193011802,-0.2483046084022179,-0.6811408646412803,-0.3054409274219207,-0.3289028657102089,-0.714426664941845,-0.4057024005394754,2,Baixa gentrificació,-1.5985951187416791,-0.0961965983489194,0.9133164005511216,Gentrificació moderada
2017,Barri,la bordeta,-0.1729448678169792,-0.3128291273095643,18561,16121.0,0.0,542.0,1896.0,,,,,8990.0,0.4248800707837756,-0.1173395509342967,-0.3289028657102089,27,-0.2808554386118834,-0.2203853548667134,0.0448652173441665,-0.3128291273095643,-0.2506203967392985,-0.3289028657102089,-0.4471028229401357,-0.1962938254795208,0,Intermedi,-0.7743339382782153,0.3655117422188218,0.9133164005511216,Gentrificació moderada
2018,Barri,la bordeta,-0.1911533508262512,-0.2123804716736418,18833,16305.0,0.0,592.0,1933.0,,,,,8620.0,0.5462886321303746,-0.2365778295044919,-0.3289028657102089,27,-0.2180322497734271,-0.2139512178215221,0.0395191505998771,-0.2123804716736418,-0.2159917337974746,-0.3289028657102089,-0.3705175577276911,-0.1608373162236661,0,Intermedi,-0.6369875365729637,0.3573635612890828,0.9133164005511216,Gentrificació moderada
2019,Barri,la bordeta,-0.1728478307200304,-0.0114831604017967,19443,16507.0,0.0,679.0,2255.0,,,,,7970.0,0.3237062696616099,-0.1491364252196814,-0.3289028657102089,27,-0.1198969368179984,-0.0385263649659779,0.000574004573966,-0.0114831604017967,-0.0792116508919881,-0.3289028657102089,-0.1669225615584542,-0.0848956500687886,0,Intermedi,-0.3486565905008927,0.2529317042580853,0.9133164005511216,Gentrificació moderada
2020,Barri,la bordeta,-0.1354313504302351,0.0554826100221515,19567,16478.0,0.0,731.0,2357.0,,,,,8210.0,0.0363726744746591,-0.1809332995050673,-0.3289028657102089,27,-0.0513615151101682,0.0203542372722978,-0.0933306584868811,0.0554826100221515,-0.0155036389189352,-0.3289028657102089,-0.0960135974325836,-0.0802357154652476,0,Intermedi,-0.3358955853998538,0.0913305303906971,0.9133164005511216,Gentrificació moderada
2021,Barri,la bordeta,-0.0573480072289302,-0.1788975864616676,19451,16317.0,0.0,745.0,2388.0,2376.0,7158.0,3405.0,3960.0,1089.0,0.6676971934769735,-0.0298981466494862,-0.334031614408018,27,-0.0248457475526292,0.0507569170579157,0.1934836798661856,-0.1788975864616676,0.0129555847526432,-0.334031614408018,-0.1488837034870704,-0.0598393779097195,0,Intermedi,-0.2589249067381635,0.4210028657243057,0.9133164005511216,Gentrificació moderada
2022,Barri,la bordeta,,0.1894141508700483,19227,16271.0,0.0,758.0,2196.0,2209.0,7311.0,3380.0,3959.0,7330.0,1.5296979790378258,-0.053745802363525,-0.3432633620640743,27,0.0067281244518546,-0.0617434364991414,0.7379760883371503,0.1894141508700483,-0.0275076560236433,-0.3432633620640743,0.0747872879745819,0.204062868144616,0,Intermedi,0.7891841024476617,1.310152790224259,0.9133164005511216,Gentrificació moderada
2023,Barri,la bordeta,,2.76759631219206,19728,16219.0,6.0,812.0,2691.0,2151.0,7790.0,3335.0,4128.0,7290.0,0.9509838366190376,-0.3637653266460331,-0.0663109323823833,27,0.0555662554879163,0.2300478120009504,0.2936092549865022,2.76759631219206,0.1428070337444333,-0.0663109323823833,1.4987132282539355,0.9336608904259786,1,Gentrificació residencial,3.680976799517421,1.0132749890756672,0.9133164005511216,Gentrificació moderada
2024,Barri,la bordeta,,1.96400706710468,20392,16249.0,0.0,908.0,3232.0,,,,,7680.0,0.4491617830530954,-0.3558161080746872,-0.0150234454042924,27,0.1502999561284381,0.5204938127735947,0.0466728374892041,1.96400706710468,0.3353968844510164,-0.0150234454042924,1.2385321795031905,0.66727865918751,1,Gentrificació residencial,2.6095810624213907,0.302768853855216,0.9133164005511216,Gentrificació moderada
2025,Barri,la bordeta,,1.796592641044809,21242,16355.0,7.0,985.0,3895.0,,,,,7520.0,0.6069929128036741,-0.3558161080746872,,27,0.2021506341717872,0.8475105478607212,0.1255884023644934,1.796592641044809,0.5248305910162543,1.0092936587501425e-17,1.3246727942102898,0.6816204312260415,1,Gentrificació residencial,2.6489396617965912,0.2283730480225064,0.9133164005511216,Gentrificació moderada
2000,Barri,la clota,,,459,446.0,,0.0,13.0,,,,,,,,,28,-1.1023330995454166,-1.1911576340272474,0.0033723453127869,3.6921966638804284e-16,-1.146745366786332,1.0092936587501425e-17,-0.9249490814734233,-0.2283373697634302,0,Intermedi,-0.8008380170576319,0.8220163820941906,0.5844704605560265,Estable
2001,Barri,la clota,,,454,434.0,,0.0,20.0,0.0,0.0,0.0,0.0,,,,,28,-1.1023330995454166,-0.984314451344884,0.0033723453127869,3.6921966638804284e-16,-1.0433237754451503,1.0092936587501425e-17,-0.8415306446641906,-0.2076530514951938,0,Intermedi,-0.7286127920604517,0.7478811426530685,0.5844704605560265,Estable
2002,Barri,la clota,,,453,420.0,,0.0,33.0,,,,,,,,,28,-1.1023330995454166,-0.6056843401878659,0.0033723453127869,3.6921966638804284e-16,-0.8540087198666413,1.0092936587501425e-17,-0.6888317179119025,-0.169790040379492,0,Intermedi,-0.5964032378736088,0.6121752731811732,0.5844704605560265,Estable
2003,Barri,la clota,,,463,416.0,,0.0,46.0,,,,,,,,,28,-1.1023330995454166,-0.257171902502081,0.0033723453127869,3.6921966638804284e-16,-0.6797525010237488,1.0092936587501425e-17,-0.5482790422891922,-0.1349387966109135,0,Intermedi,-0.4747101324990617,0.4872639626850416,0.5844704605560265,Estable
2004,Barri,la clota,,,462,414.0,,0.0,47.0,,,,,,,,,28,-1.1023330995454166,-0.2258826191262383,0.0033723453127869,3.6921966638804284e-16,-0.6641078593358274,1.0092936587501425e-17,-0.5356602889213227,-0.1318098682733292,0,Intermedi,-0.4637845825122819,0.4760494837501889,0.5844704605560265,Estable
2005,Barri,la clota,,,476,421.0,,0.0,52.0,,,,,,,,,28,-1.1023330995454166,-0.1271042354468326,0.0033723453127869,3.6921966638804284e-16,-0.6147186674961246,1.0092936587501425e-17,-0.4958236443182845,-0.1219320299053887,0,Intermedi,-0.4292932790350069,0.4406460489803556,0.5844704605560265,Estable
2006,Barri,la clota,,,486,414.0,,6.0,66.0,,,,,,,,,28,-0.7550266701210782,0.2221235466513547,0.0033723453127869,3.6921966638804284e-16,-0.2664515617348617,1.0092936587501425e-17,-0.214916174437651,-0.0522786087531361,0,Intermedi,-0.1860783976303736,0.1909992881806412,0.5844704605560265,Estable
2007,Barri,la clota,,,457,387.0,,10.0,60.0,,,,,,,,,28,-0.4867571524256919,0.1628015099852811,0.0033723453127869,3.6921966638804284e-16,-0.1619778212202054,1.0092936587501425e-17,-0.130649088538773,-0.0313838606502048,0,Intermedi,-0.1131183965598481,0.1161098413260401,0.5844704605560265,Estable
2008,Barri,la clota,,,455,386.0,,11.0,58.0,,,,,,,,,28,-0.4222231465408328,0.1125911070617849,0.0033723453127869,3.6921966638804284e-16,-0.1548160197395239,1.0092936587501425e-17,-0.1248724777120684,-0.0299515003540685,0,Intermedi,-0.1081169000964941,0.1109760790166926,0.5844704605560265,Estable
2009,Barri,la clota,,,464,370.0,,12.0,82.0,,,,,,,,,28,-0.3747860103202937,0.7602125749310428,0.0033723453127869,3.6921966638804284e-16,0.1927132823053745,1.0092936587501425e-17,0.155439889812345,0.0395543600549111,0,Intermedi,0.1345827306846749,-0.1381418052257776,0.5844704605560265,Estable
2010,Barri,la clota,,,453,365.0,,12.0,76.0,,,,,,,,,28,-0.3571193039594187,0.6424779411372448,0.0033723453127869,3.6921966638804284e-16,0.142679318588913,1.0092936587501425e-17,0.1150831810586757,0.0295475673116188,0,Intermedi,0.0996411460497919,-0.1022761814986045,0.5844704605560265,Estable
2011,Barri,la clota,,,464,359.0,,12.0,93.0,0.0,0.0,0.0,0.0,220.0,,,,28,-0.3747860103202937,1.0719403539929426,0.0033723453127869,3.6921966638804284e-16,0.3485771718363244,1.0092936587501425e-17,0.2811575649232042,0.0707271379611011,0,Intermedi,0.2434314183167508,-0.2498690240855444,0.5844704605560265,Estable
2012,Barri,la clota,,,452,347.0,,8.0,97.0,,,,,250.0,,,,28,-0.604424767096365,1.2582748188706512,0.0033723453127869,3.6921966638804284e-16,0.3269250258871431,1.0092936587501425e-17,0.2636932410308407,0.0663967087712648,0,Intermedi,0.2283104837752156,-0.2343482125843825,0.5844704605560265,Estable
2013,Barri,la clota,,,439,338.0,,11.0,90.0,,,,,250.0,,,,28,-0.3974355400531943,1.1321685622896402,0.0033723453127869,3.6921966638804284e-16,0.3673665111182229,1.0092936587501425e-17,0.296312788230527,0.0744850058174808,0,Intermedi,0.2565530908764641,-0.2633377026133072,0.5844704605560265,Estable
2014,Barri,la clota,,-0.7815895202772029,521,416.0,,8.0,97.0,,,,,250.0,-1.242464171709516,-2.4862066851955085,,28,-0.6703665616049725,0.8845555696851003,-1.864335428452512,-0.7815895202772029,0.1070945040400638,1.0092936587501425e-17,-0.5651117771603577,-0.7723585838109017,2,Baixa gentrificació,-3.070761808652078,-2.8916527906681915,0.5844704605560265,Estable
2015,Barri,la clota,-0.3154705605566126,-1.6186616505765574,542,452.0,,9.0,81.0,,,,,220.0,-1.2262763635299696,-0.7214801623566188,,28,-0.6351995441019798,0.4015321716494875,-0.7544090288144004,-1.6186616505765574,-0.1168336862262461,1.0092936587501425e-17,-0.9988973567108054,-0.7352879410625365,2,Baixa gentrificació,-2.906303116872313,-1.3718047223171554,0.5844704605560265,Estable
2016,Barri,la clota,-0.1064658532059176,-0.1788975864616676,590,513.0,,8.0,69.0,,,,,200.0,-1.2141355073953095,-1.1825348394947068,,28,-0.7208846821437702,-0.0257833228453715,-0.8343787333653113,-0.1788975864616676,-0.3733340024945709,1.0092936587501425e-17,-0.5088870657471579,-0.3786496964470078,2,Baixa gentrificació,-1.4673913531235645,-0.9536382047915992,0.5844704605560265,Estable
2017,Barri,la clota,-0.315974565620906,0.7586231994736093,611,546.0,,9.0,56.0,,,,,180.0,-1.242464171709516,-1.6912848280608737,,28,-0.6879527606741519,-0.3584082516446009,-1.0832411884637652,0.7586231994736093,-0.5231805061593764,1.0092936587501425e-17,-0.204084788745109,-0.202021497928922,0,Intermedi,-0.751883107181963,-0.9704098837294938,0.5844704605560265,Estable
2018,Barri,la clota,-0.2251926578311416,-1.6186616505765574,657,575.0,,10.0,72.0,,,,,170.0,-1.2181824594401962,-0.4353082937881506,,28,-0.6741470906660952,-0.1225632277921955,-0.6262278036864962,-1.6186616505765574,-0.3983551592291454,1.0092936587501425e-17,-1.2076465896049484,-0.7531378681247451,2,Baixa gentrificació,-2.9508428582901063,-0.9897360268875146,0.5844704605560265,Estable
2019,Barri,la clota,-0.3227769410391314,-0.4802435533694352,686,591.0,,13.0,82.0,,,,,170.0,-1.230323315574856,-0.4909528237875742,,28,-0.5692227931549961,0.0081992579362342,-0.6813510268005206,-0.4802435533694352,-0.2805117676093809,1.0092936587501425e-17,-0.5603995324926334,-0.4045807275728629,2,Baixa gentrificació,-1.5795457282446403,-0.8775447592385512,0.5844704605560265,Estable
2020,Barri,la clota,-0.193817382266917,-0.4802435533694352,709,600.0,,28.0,81.0,,,,,160.0,-1.2384172196646297,-0.69763250664258,,28,0.0086555914763037,-0.0613354146622755,-0.7099557028580422,-0.4802435533694352,-0.0263399115929859,1.0092936587501425e-17,-0.3594767305160183,-0.3623277591868403,2,Baixa gentrificació,-1.4359770040986504,-1.099969657995488,0.5844704605560265,Estable
2021,Barri,la clota,-0.0588410481465227,-0.245863356885616,698,590.0,,29.0,79.0,78.0,234.0,105.0,153.0,230.0,-1.2465111237544029,0.5344963719161041,,28,0.0664674774141408,-0.0753380493322939,-0.2569519333282737,-0.245863356885616,-0.0044352859590765,1.0092936587501425e-17,-0.1617470967698935,-0.1517316442559822,0,Intermedi,-0.6044304972808103,-0.4221420836262226,0.5844704605560265,Estable
2022,Barri,la clota,,,669,576.0,,23.0,70.0,71.0,226.0,108.0,139.0,160.0,-1.254605027844176,-0.2842731409325696,,28,-0.135170352135039,-0.1877211443035264,-0.7694390843883728,3.6921966638804284e-16,-0.1614457482192827,1.0092936587501425e-17,-0.2406849941536054,-0.2631208749603683,0,Intermedi,-1.029541770534282,-0.9711103572282986,0.5844704605560265,Estable
2023,Barri,la clota,,0.8925547403215061,699,597.0,,20.0,82.0,76.0,239.0,113.0,137.0,260.0,-1.2384172196646297,-0.8089215666414288,,28,-0.2974169111799969,-0.02103261983067,-1.0236693931530292,0.8925547403215061,-0.1592247655053334,1.0092936587501425e-17,0.1638832963630406,-0.0711793489505236,0,Intermedi,-0.2677008292584381,-1.1152669640573027,0.5844704605560265,Estable
2024,Barri,la clota,,-0.446760668157461,841,730.0,,16.0,95.0,,,,,270.0,-1.20199465126065,0.995551049054192,,28,-0.5671260454027975,-0.0782276584078602,-0.1032218011032288,-0.446760668157461,-0.3226768519053289,1.0092936587501425e-17,-0.4952991586185181,-0.2295301111592727,0,Intermedi,-0.8833156686436432,-0.0262068104256494,0.5844704605560265,Estable
2025,Barri,la clota,,2.432767460072318,1071,892.0,,34.0,145.0,,,,,270.0,-1.2262763635299696,-1.2699762437795168,,28,-0.2092594238828319,0.2166668625560705,-1.2481263036547432,2.432767460072318,0.0037037193366192,1.0092936587501425e-17,1.0209646383032824,0.3561330907925963,1,Gentrificació residencial,1.4122206188789517,-1.176763519704775,0.5844704605560265,Estable
2000,Barri,la dreta de leixample,,,39574,38119.0,6.0,548.0,901.0,,,,,,,,,29,-0.7127783972336074,-1.2642012466301915,0.0033723453127869,3.6921966638804284e-16,-0.9884898219318994,1.0092936587501425e-17,-0.7973023299880451,-0.1966862607925436,0,Intermedi,-0.6903190994318558,0.7085747635837539,1.2555265015240709,Gentrificació intensa
2001,Barri,la dreta de leixample,,,39823,37772.0,8.0,688.0,1355.0,0.0,0.0,0.0,0.0,,,,,29,-0.6163151526564444,-1.116165874904775,0.0033723453127869,3.6921966638804284e-16,-0.8662405137806097,1.0092936587501425e-17,-0.6986977150837099,-0.1722363991622857,0,Intermedi,-0.604945400647348,0.6209433356219745,1.2555265015240709,Gentrificació intensa
2002,Barri,la dreta de leixample,,,41359,38208.0,39.0,1029.0,2083.0,,,,,,,,,29,-0.4024215062745641,-0.9013292602404964,0.0033723453127869,3.6921966638804284e-16,-0.6518753832575304,1.0092936587501425e-17,-0.5257937415251259,-0.1293633730576698,0,Intermedi,-0.4552419433440928,0.4672809323165653,1.2555265015240709,Gentrificació intensa
2003,Barri,la dreta de leixample,,,42271,37786.0,47.0,1353.0,3085.0,,,,,,,,,29,-0.2018965468283877,-0.603925043025671,0.0033723453127869,3.6921966638804284e-16,-0.4029107949270293,1.0092936587501425e-17,-0.324982319944198,-0.0795704553915696,0,Intermedi,-0.2813757015340941,0.2888167535228609,1.2555265015240709,Gentrificació intensa
2004,Barri,la dreta de leixample,,,42147,36808.0,28.0,1626.0,3685.0,,,,,,,,,29,-0.0170283188074773,-0.4139104878272176,0.0033723453127869,3.6921966638804284e-16,-0.2154694033173474,1.0092936587501425e-17,-0.1737946648457149,-0.0420821770696332,0,Intermedi,-0.1504746342885439,0.1544539742622057,1.2555265015240709,Gentrificació intensa
2005,Barri,la dreta de leixample,,,42439,36137.0,33.0,1994.0,4275.0,,,,,,,,,29,0.2194428763739642,-0.2390158901657459,0.0033723453127869,3.6921966638804284e-16,-0.0097865068958908,1.0092936587501425e-17,-0.0078936622081632,-0.0009455977853419,0,Intermedi,-0.0068344786937223,0.0070152182209765,1.2555265015240709,Gentrificació intensa
2006,Barri,la dreta de leixample,,,42888,35871.0,32.0,2387.0,4598.0,,,,,,,,,29,0.4633882259980355,-0.1538527130889263,0.0033723453127869,3.6921966638804284e-16,0.1547677564545546,1.0092936587501425e-17,0.1248335492085015,0.0319652548847471,0,Intermedi,0.1080831950783175,-0.1109414826607383,1.2555265015240709,Gentrificació intensa
2007,Barri,la dreta de leixample,,,42277,35497.0,25.0,2945.0,3810.0,,,,,,,,,29,0.8573190093324325,-0.3785674170396743,0.0033723453127869,3.6921966638804284e-16,0.2393757961463791,1.0092936587501425e-17,0.1930772333469712,0.048886862823112,0,Intermedi,0.1671698386318197,-0.1715906875303962,1.2555265015240709,Gentrificació intensa
2008,Barri,la dreta de leixample,,,42735,35446.0,25.0,3348.0,3916.0,,,,,,,,,29,1.1016059663894728,-0.3586519885225332,0.0033723453127869,3.6921966638804284e-16,0.3714769889334698,1.0092936587501425e-17,0.2996282432476109,0.0753071013805301,0,Intermedi,0.2594236731330523,-0.2662841981477402,1.2555265015240709,Gentrificació intensa
2009,Barri,la dreta de leixample,,,43410,35456.0,20.0,3741.0,4193.0,,,,,,,,,29,1.3220193895260526,-0.2934822856894313,0.0033723453127869,3.6921966638804284e-16,0.5142685519183106,1.0092936587501425e-17,0.4148019590962417,0.1038654139774983,0,Intermedi,0.3591432058779767,-0.3686408392975656,1.2555265015240709,Gentrificació intensa
2010,Barri,la dreta de leixample,,,43063,35393.0,13.0,3652.0,4005.0,,,,,,,,,29,1.2834135855641304,-0.3406535309488899,0.0033723453127869,3.6921966638804284e-16,0.4713800273076203,1.0092936587501425e-17,0.3802086635021381,0.0952877090553602,0,Intermedi,0.3291916909222137,-0.337897248911291,1.2555265015240709,Gentrificació intensa
2011,Barri,la dreta de leixample,,,42856,35451.0,12.0,3323.0,4070.0,0.0,0.0,0.0,0.0,2071.0,,,,29,1.078972679415364,-0.3148031036931009,0.0033723453127869,3.6921966638804284e-16,0.3820847878611315,1.0092936587501425e-17,0.3081843483418847,0.0774286611660625,0,Intermedi,0.2668317071261451,-0.2738881394838501,1.2555265015240709,Gentrificació intensa
2012,Barri,la dreta de leixample,,,43285,35526.0,18.0,3529.0,4212.0,,,,,2223.0,,,,29,1.1912373184866436,-0.2840425860197136,0.0033723453127869,3.6921966638804284e-16,0.453597366233465,1.0092936587501425e-17,0.3658654130272855,0.0917311768405292,0,Intermedi,0.3167730394542389,-0.3251501830468357,1.2555265015240709,Gentrificació intensa
2013,Barri,la dreta de leixample,,,43399,35242.0,12.0,3965.0,4180.0,,,,,2209.0,,,,29,1.4678337108895627,-0.2970991695822789,0.0033723453127869,3.6921966638804284e-16,0.5853672706536419,1.0092936587501425e-17,0.4721492102758798,0.1180851577245646,0,Intermedi,0.4087955163005661,-0.4196062176972493,1.2555265015240709,Gentrificació intensa
2014,Barri,la dreta de leixample,,-0.9155210611250996,43343,35044.0,10.0,4194.0,4095.0,,,,,2015.0,-1.2169683738267305,2.712582260465004,1.4179489407635677,29,1.619787112840891,-0.3212498527782009,0.7478069433191369,-0.9155210611250996,0.649268630031345,1.4179489407635677,0.5977889515394954,0.3631292788171938,0,Intermedi,1.438759723136838,-0.5135078829913334,1.2555265015240709,Gentrificació intensa
2015,Barri,la dreta de leixample,1.195281579550664,-0.5137264385814094,43558,35155.0,7.0,4245.0,4151.0,,,,,1794.0,-0.6993632072857303,2.1879338347561443,1.4179489407635677,29,1.6392890875479225,-0.3104766882456121,0.8946174023403594,-0.5137264385814094,0.6644061996511552,1.4179489407635677,0.8286573745747673,0.5307383172106296,1,Gentrificació residencial,2.101515350187908,-0.2211211008709672,1.2555265015240709,Gentrificació intensa
2016,Barri,la dreta de leixample,1.4100315576570817,0.0219997248101774,43692,34998.0,17.0,4388.0,4289.0,,,,,1669.0,-0.622875813637373,2.211781490470184,1.3215284652447568,29,1.7229536714294478,-0.2727883153242498,0.9996457448299644,0.0219997248101774,0.725082678052599,1.3215284652447568,1.1277447186629106,0.7158158695515137,1,Gentrificació residencial,2.824830951782518,0.0715870861928921,1.2555265015240709,Gentrificació intensa
2017,Barri,la dreta de leixample,1.406020698616203,0.2228970360820225,44224,34710.0,16.0,4599.0,4899.0,,,,,1466.0,-0.5176550604703205,2.1879338347561443,1.3215284652447568,29,1.823187970071198,-0.1069430746452729,1.0254331576340088,0.2228970360820225,0.8581224477129625,1.3215284652447568,1.3375756514018646,0.8104292407063531,1,Gentrificació residencial,3.187342790361987,0.0608726335003135,1.2555265015240709,Gentrificació intensa
2018,Barri,la dreta de leixample,1.3467765262074578,0.3903114621418934,43853,34108.0,17.0,4664.0,5064.0,,,,,134.0,-0.3796539957396864,2.243578364755569,1.3328117123799368,29,1.8896357995867816,-0.0451448789093551,1.0702336317411134,0.3903114621418934,0.9222454603387132,1.3328117123799368,1.4813912174428403,0.889174962708632,1,Gentrificació residencial,3.493927039525799,0.1112750878133269,1.2555265015240709,Gentrificació intensa
2019,Barri,la dreta de leixample,1.4598665096785282,0.5242430029897901,44189,33531.0,14.0,5148.0,5496.0,,,,,1286.0,-0.434287848345656,2.283324457612301,1.3287087134216895,29,2.1750122441554147,0.0718589152024668,1.1029677063150578,0.5242430029897901,1.1234355796789408,1.3287087134216895,1.7130287896201633,0.9785920714115804,1,Gentrificació residencial,3.8291553613668574,0.047880031671699,1.2555265015240709,Gentrificació intensa
2020,Barri,la dreta de leixample,1.2935757528791707,0.4572772325658417,44298,33034.0,13.0,5409.0,5842.0,,,,,1269.0,-0.6159959951610656,2.251527583326916,1.3307602129008131,29,2.332698247631792,0.1705400329842526,0.9763691136816736,0.4572772325658417,1.2516191403080223,1.3307602129008131,1.7659832869001053,0.9465697745160218,1,Gentrificació residencial,3.690541481324966,-0.2394402989079274,1.2555265015240709,Gentrificació intensa
2021,Barri,la dreta de leixample,1.0890577923438196,0.0889654952341257,44088,32116.0,10.0,5073.0,6889.0,2424.0,24807.0,3393.0,7722.0,1885.0,-0.3387797800863315,2.227679927612876,1.3184512160260713,29,2.134663970724117,0.4910676918690701,0.9926526466234548,0.0889654952341257,1.3128658312965935,1.3184512160260713,1.632881199787266,0.8507488520218072,1,Gentrificació residencial,3.3041022136956286,-0.3415590709147587,1.2555265015240709,Gentrificació intensa
2022,Barri,la dreta de leixample,,0.7251403142616352,44156,31611.0,8.0,5671.0,6866.0,2273.0,25505.0,3333.0,7595.0,1165.0,-0.5431508583531063,2.362816643325764,1.298961970974397,29,2.5106652622287315,0.4810543660126699,0.909832892486329,0.7251403142616352,1.495859814120701,1.298961970974397,2.0758800876019534,1.0494563190434087,1,Gentrificació residencial,4.074138789645732,-0.4239649049250039,1.2555265015240709,Gentrificació intensa
2023,Barri,la dreta de leixample,,1.260866477653222,44105,31090.0,9.0,5647.0,7359.0,2169.0,26490.0,3312.0,7549.0,1133.0,-0.6621312484727733,2.54564867046673,1.3235799647238804,29,2.4995349871499326,0.6303991954647034,0.9417587109969784,1.260866477653222,1.564967091307318,1.3235799647238804,2.40700844136642,1.2384969678012996,1,Gentrificació residencial,4.818321044005336,-0.3147582998847256,1.2555265015240709,Gentrificació intensa
2024,Barri,la dreta de leixample,,1.3278322480771705,44887,30939.0,12.0,5932.0,8004.0,,,,,1243.0,-0.7940618851360774,2.48205492189596,1.4117944423261968,29,2.6154016763798897,0.7811237670722949,0.8439965183799412,1.3278322480771705,1.6982627217260924,1.4117944423261968,2.5595058322260424,1.2735600627475914,1,Gentrificació residencial,4.949224123254544,-0.5860732346384486,1.2555265015240709,Gentrificació intensa
2025,Barri,la dreta de leixample,,1.5287295593490156,45667,30740.0,17.0,6364.0,8546.0,,,,,1252.0,-0.7904196282956795,2.3151213318976867,,29,2.818023119723984,0.8971380541412309,0.7623508518010036,1.5287295593490156,1.8575805869326076,1.0092936587501425e-17,2.358886527857859,1.0588402407315272,1,Gentrificació residencial,4.016393021261194,0.1040164050449462,1.2555265015240709,Gentrificació intensa
2000,Barri,la font de la guatlla,,,9352,9083.0,0.0,40.0,226.0,,,,,,,,,30,-0.982008801926206,-1.2458122883843172,0.0033723453127869,3.6921966638804284e-16,-1.1139105451552616,1.0092936587501425e-17,-0.8984649647831473,-0.2217704054372161,0,Intermedi,-0.7779075791356037,0.7984795429094635,0.6206680667653254,Estable
2001,Barri,la font de la guatlla,,,9404,8983.0,0.0,53.0,364.0,0.0,0.0,0.0,0.0,,,,,30,-0.9437849815617196,-1.054609394830433,0.0033723453127869,3.6921966638804284e-16,-0.9991971881960764,1.0092936587501425e-17,-0.8059387447300593,-0.1988277340453791,0,Intermedi,-0.6977966670028884,0.7162500773309568,0.6206680667653254,Estable
2002,Barri,la font de la guatlla,,,9731,9025.0,5.0,80.0,621.0,,,,,,,,,30,-0.8710572119008052,-0.7244353479228022,0.0033723453127869,3.6921966638804284e-16,-0.7977462799118037,1.0092936587501425e-17,-0.6434512056683531,-0.1585375523885245,0,Intermedi,-0.5571119512870099,0.5718449185279203,0.6206680667653254,Estable
2003,Barri,la font de la guatlla,,,9873,8909.0,5.0,119.0,840.0,,,,,,,,,30,-0.763258180754654,-0.4448317293003428,0.0033723453127869,3.6921966638804284e-16,-0.6040449550274984,1.0092936587501425e-17,-0.4872143742660893,-0.1197972874116634,0,Intermedi,-0.4218392138383252,0.4329948591337708,0.6206680667653254,Estable
2004,Barri,la font de la guatlla,,,9929,8739.0,0.0,160.0,1027.0,,,,,,,,,30,-0.64900533991812,-0.2034923170772204,0.0033723453127869,3.6921966638804284e-16,-0.4262488284976702,1.0092936587501425e-17,-0.3438064576645489,-0.0842380621056978,0,Intermedi,-0.2976739880308722,0.3055460523511557,0.6206680667653254,Estable
2005,Barri,la font de la guatlla,,,10114,8606.0,0.0,198.0,1309.0,,,,,,,,,30,-0.5516013895288514,0.1382588602427794,0.0033723453127869,3.6921966638804284e-16,-0.2066712646430359,1.0092936587501425e-17,-0.1666982068863635,-0.0403225493347709,0,Intermedi,-0.1443303897737575,0.1481472436385728,0.6206680667653254,Estable
2006,Barri,la font de la guatlla,,,10157,8462.0,0.0,224.0,1469.0,,,,,,,,,30,-0.4819207873001476,0.3381899626229628,0.0033723453127869,3.6921966638804284e-16,-0.0718654123385923,1.0092936587501425e-17,-0.0579656557223092,-0.0133613788738822,0,Intermedi,-0.0501877365099403,0.0515149639660884,0.6206680667653254,Estable
2007,Barri,la font de la guatlla,,,10131,8367.0,0.0,321.0,1441.0,,,,,,,,,30,-0.210978398976645,0.3067288114512008,0.0033723453127869,3.6921966638804284e-16,0.0478752062372778,1.0092936587501425e-17,0.0386154845854038,0.0105867448412917,0,Intermedi,0.0334340005547459,-0.0343181712026163,0.6206680667653254,Estable
2008,Barri,la font de la guatlla,,,10075,8308.0,0.0,430.0,1333.0,,,,,,,,,30,0.0983302192485992,0.1761698716704541,0.0033723453127869,3.6921966638804284e-16,0.1372500454595266,1.0092936587501425e-17,0.1107040038328131,0.0284617126857415,0,Intermedi,0.0958495734366084,-0.0983843397833626,0.6206680667653254,Estable
2009,Barri,la font de la guatlla,,,10219,8307.0,0.0,479.0,1430.0,,,,,,,,,30,0.2163029857109596,0.2764686547467187,0.0033723453127869,3.6921966638804284e-16,0.2463858202288391,1.0092936587501425e-17,0.1987314226063957,0.050288867639604,0,Intermedi,0.1720653402386464,-0.1766156519222781,0.6206680667653254,Estable
2010,Barri,la font de la guatlla,,,10281,8380.0,0.0,502.0,1399.0,,,,,,,,,30,0.2712856178218095,0.2257236524988707,0.0033723453127869,3.6921966638804284e-16,0.2485046351603401,1.0092936587501425e-17,0.2004404296636434,0.0507126306259042,0,Intermedi,0.1735450301483694,-0.1781344726079903,0.6206680667653254,Estable
2011,Barri,la font de la guatlla,,,10215,8348.0,0.0,479.0,1387.0,0.0,0.0,0.0,0.0,8460.0,,,,30,0.2168193385588328,0.2218374914058312,0.0033723453127869,3.6921966638804284e-16,0.219328414982332,1.0092936587501425e-17,0.1769072907156809,0.0448773865903026,0,Intermedi,0.1531696033192446,-0.1572202124343292,0.6206680667653254,Estable
2012,Barri,la font de la guatlla,,,10275,8378.0,0.0,505.0,1391.0,,,,,8940.0,,,,30,0.2803014012431543,0.2165306446027432,0.0033723453127869,3.6921966638804284e-16,0.2484160229229487,1.0092936587501425e-17,0.2003689562485712,0.0506949081784259,0,Intermedi,0.1734831471440557,-0.1780709530918889,0.6206680667653254,Estable
2013,Barri,la font de la guatlla,,,10312,8370.0,0.0,566.0,1375.0,,,,,9060.0,,,,30,0.4417524865085228,0.1897412856230394,0.0033723453127869,3.6921966638804284e-16,0.3157468860657811,1.0092936587501425e-17,0.2546771067958055,0.0641610808069924,0,Intermedi,0.2205041480461082,-0.2263354363215497,0.6206680667653254,Estable
2014,Barri,la font de la guatlla,,-0.7481066350652287,10310,8404.0,0.0,600.0,1306.0,,,,,8780.0,-0.2104914002634253,-0.4194098566454577,-0.2981303735233543,30,0.5348242690309994,0.1020796721229564,-0.3149506284544415,-0.7481066350652287,0.3184519705769779,-0.2981303735233543,-0.2446014139310627,-0.3148528596451763,2,Baixa gentrificació,-1.2957718297297085,-0.6722538671984483,0.6206680667653254,Estable
2015,Barri,la font de la guatlla,0.0079690623297242,-0.5137264385814094,10371,8464.0,0.0,625.0,1282.0,,,,,8140.0,-0.4573554750015097,-0.2922223595039155,-0.2981303735233543,30,0.593008525139487,0.0618533792195221,-0.247202924058567,-0.5137264385814094,0.3274309521795046,-0.2981303735233543,-0.112365631500291,-0.2224186930607628,0,Intermedi,-0.930285674036884,-0.5269634553127328,0.6206680667653254,Estable
2016,Barri,la font de la guatlla,-0.077754026206828,-0.2793462420975902,10316,8414.0,0.0,614.0,1287.0,,,,,7060.0,-0.2104914002634253,-0.3558161080746872,-0.2991561232629161,30,0.5720501847692452,0.0768926246774806,-0.2146871781816468,-0.2793462420975902,0.3244714047233629,-0.2991561232629161,0.0049022101039215,-0.1431469697916817,0,Intermedi,-0.6157948242288518,-0.4220308232804456,0.6206680667653254,Estable
2017,Barri,la font de la guatlla,-0.0599757423045442,0.0554826100221515,10422,8401.0,0.0,637.0,1383.0,,,,,6270.0,-0.1538340716350124,-0.3558161080746872,-0.2991561232629161,30,0.6171036533818135,0.1813291784441881,-0.1898753073380813,0.0554826100221515,0.3992164159130008,-0.2991561232629161,0.2334651783204259,-0.0203057506647619,0,Intermedi,-0.1358104250812727,-0.3600727991928544,0.6206680667653254,Estable
2018,Barri,la font de la guatlla,-0.0825946103909832,-0.1454147012496934,10307,8320.0,0.0,640.0,1346.0,,,,,5920.0,0.2022977083150109,-0.1650348623623743,-0.2991561232629161,30,0.644476379581168,0.15359483152253,-0.0151105881461155,-0.1454147012496934,0.399035605551849,-0.2991561232629161,0.1594632262814354,-0.0281816903609561,0,Intermedi,-0.1676219719568223,-0.1625497358230502,0.6206680667653254,Estable
2019,Barri,la font de la guatlla,-0.1007731002668284,-0.0114831604017967,10373,8167.0,0.0,731.0,1474.0,,,,,5460.0,0.0201848662951126,-0.1650348623623743,-0.2991561232629161,30,0.8801561506854236,0.304927136505536,-0.0818743654446967,-0.0114831604017967,0.5925416435954798,-0.2991561232629161,0.3718906104464822,0.0306698463125646,0,Intermedi,0.0476521885324478,-0.3628954009935438,0.6206680667653254,Estable
2020,Barri,la font de la guatlla,-0.0340404115633084,0.1559312656580741,10377,8112.0,0.0,714.0,1551.0,,,,,5250.0,-0.3076182493407044,-0.2842731409325696,-0.2991561232629161,30,0.8333053353902287,0.4017776532784863,-0.2086439339455275,0.1559312656580741,0.6175414943343575,-0.2991561232629161,0.4562988419278661,0.0478632737280522,0,Intermedi,0.1138983776144423,-0.5187760026748913,0.6206680667653254,Estable
2021,Barri,la font de la guatlla,-0.0145365111387012,-0.0114831604017967,10239,7933.0,0.0,661.0,1645.0,1191.0,4155.0,1680.0,2076.0,7810.0,0.0080440101604527,-0.2604254852185308,-0.2991561232629161,30,0.713775264338606,0.5489841999792446,-0.0889726620655931,-0.0114831604017967,0.6313797321589254,-0.2991561232629161,0.4022022548577112,0.0363079750389848,0,Intermedi,0.066354262170909,-0.4007181828960141,0.6206680667653254,Estable
2022,Barri,la font de la guatlla,,0.4237943473538675,10359,7904.0,0.0,682.0,1771.0,1172.0,4205.0,1844.0,2139.0,4610.0,-0.1740688318594456,-0.1968317366477602,-0.2991561232629161,30,0.7497666952474501,0.6844507067852911,-0.1854502842536029,0.4237943473538675,0.7171087010163706,-0.2991561232629161,0.6717061296451386,0.1550937344807702,0,Intermedi,0.5296276104496965,-0.4930155643580577,0.6206680667653254,Estable
2023,Barri,la font de la guatlla,,0.9930033959574286,10499,7836.0,7.0,676.0,1980.0,1184.0,4474.0,1831.0,2151.0,4870.0,-0.311665201385591,-0.1729840809337202,0.9696963045750532,30,0.7089928219289217,0.9162316683973984,-0.2423246411596556,0.9930033959574286,0.81261224516316,0.9696963045750532,1.3947868614607006,0.5816653363869746,1,Gentrificació residencial,2.2721891800167784,-1.2869353719484555,0.6206680667653254,Estable
2024,Barri,la font de la guatlla,,0.9260376255334802,10699,7877.0,7.0,710.0,2105.0,,,,,4940.0,-0.6111396527072017,-0.2604254852185308,0.9799538019706714,30,0.7645322856488733,1.02350281186322,-0.4357825689628662,0.9260376255334802,0.8940175487560467,0.9799538019706714,1.4028735018170515,0.5218707871165278,1,Gentrificació residencial,2.028486378473772,-1.639812159836498,0.6206680667653254,Estable
2025,Barri,la font de la guatlla,,1.0264862811694029,10860,7854.0,0.0,753.0,2250.0,,,,,4820.0,-0.6394683170214082,-0.0934918952202567,,30,0.8482434243844799,1.160714663750902,-0.3664801061208325,1.0264862811694029,1.004479044067691,1.0092936587501425e-17,1.2623401850154377,0.3988976613281093,1,Gentrificació residencial,1.4839517623240748,-0.9929480625321516,0.6206680667653254,Estable
2000,Barri,la font den fargues,,,9785,9705.0,0.0,35.0,44.0,,,,,,,,,31,-1.001708293473061,-1.5044483973230462,0.0033723453127869,3.6921966638804284e-16,-1.2530783453980536,1.0092936587501425e-17,-1.0107158033158412,-0.2496039654857745,0,Intermedi,-0.8750964306563584,0.8982385783265234,0.22872962676836608,Desgentrificació
2001,Barri,la font den fargues,,,9748,9625.0,0.0,41.0,81.0,0.0,0.0,0.0,0.0,,,,,31,-0.9840109152903666,-1.4543140333798497,0.0033723453127869,3.6921966638804284e-16,-1.2191624743351082,1.0092936587501425e-17,-0.983359726983956,-0.2428207912731854,0,Intermedi,-0.851411033954082,0.8739268152845976,0.22872962676836608,Desgentrificació
2002,Barri,la font den fargues,,,9777,9579.0,0.0,51.0,144.0,,,,,,,,,31,-0.955588406904326,-1.3699084082394044,0.0033723453127869,3.6921966638804284e-16,-1.1627484075718653,1.0092936587501425e-17,-0.9378569146368064,-0.2315379779205368,0,Intermedi,-0.8120138576764557,0.8334877706605075,0.22872962676836608,Desgentrificació
2003,Barri,la font den fargues,,,9763,9499.0,0.0,59.0,203.0,,,,,,,,,31,-0.9323261932441862,-1.2901668558239456,0.0033723453127869,3.6921966638804284e-16,-1.111246524534066,1.0092936587501425e-17,-0.8963162022958773,-0.2212376013129769,0,Intermedi,-0.7760471408434848,0.7965699048535484,0.22872962676836608,Desgentrificació
2004,Barri,la font den fargues,,,9715,9388.0,0.0,76.0,251.0,,,,,,,,,31,-0.8822591541479665,-1.2238480302569623,0.0033723453127869,3.6921966638804284e-16,-1.0530535922024646,1.0092936587501425e-17,-0.8493785813842694,-0.2095990148466567,0,Intermedi,-0.7354076807811258,0.7548557239340907,0.22872962676836608,Desgentrificació
2005,Barri,la font den fargues,,,9710,9319.0,0.0,95.0,296.0,,,,,,,,,31,-0.8270990136112988,-1.1627342667241238,0.0033723453127869,3.6921966638804284e-16,-0.9949166401677112,1.0092936587501425e-17,-0.8024861134121455,-0.197971624439706,0,Intermedi,-0.6948073149686501,0.7131816711218975,0.22872962676836608,Desgentrificació
2006,Barri,la font den fargues,,,9570,9104.0,0.0,107.0,359.0,,,,,,,,,31,-0.7877975902642523,-1.07030790399002,0.0033723453127869,3.6921966638804284e-16,-0.929052747127136,1.0092936587501425e-17,-0.7493612008250821,-0.184798845831591,0,Intermedi,-0.6488107833705957,0.66596874954753,0.22872962676836608,Desgentrificació
2007,Barri,la font den fargues,,,9599,9139.0,0.0,163.0,297.0,,,,,,,,,31,-0.6246284649283168,-1.1567291919450733,0.0033723453127869,3.6921966638804284e-16,-0.8906788284366951,1.0092936587501425e-17,-0.718409324433614,-0.1771240620935028,0,Intermedi,-0.6220120764903527,0.6384613440481796,0.22872962676836608,Desgentrificació
2008,Barri,la font den fargues,,,9664,9124.0,0.0,190.0,349.0,,,,,,,,,31,-0.5492447356339338,-1.0887122579245094,0.0033723453127869,3.6921966638804284e-16,-0.8189784967792216,1.0092936587501425e-17,-0.6605768205240719,-0.1627839957620081,0,Intermedi,-0.5719396252818846,0.587064714132681,0.22872962676836608,Desgentrificació
2009,Barri,la font den fargues,,,9667,9059.0,0.0,219.0,387.0,,,,,,,,,31,-0.4650238255660703,-1.037171273260146,0.0033723453127869,3.6921966638804284e-16,-0.7510975494131081,1.0092936587501425e-17,-0.6058249795885495,-0.1492078062887854,0,Intermedi,-0.5245344690378125,0.5384059164752796,0.22872962676836608,Desgentrificació
2010,Barri,la font den fargues,,,9581,8968.0,0.0,230.0,382.0,,,,,,,,,31,-0.4270049730267415,-1.0393083558371017,0.0033723453127869,3.6921966638804284e-16,-0.7331566644319216,1.0092936587501425e-17,-0.5913541078808457,-0.1456196292925481,0,Intermedi,-0.5120053207467172,0.5255454316711139,0.22872962676836608,Desgentrificació
2011,Barri,la font den fargues,,,9521,8934.0,0.0,212.0,375.0,0.0,0.0,0.0,0.0,7220.0,,,,31,-0.4759339811676474,-1.0456720396338333,0.0033723453127869,3.6921966638804284e-16,-0.7608030104007404,1.0092936587501425e-17,-0.6136532712789221,-0.1511488984863118,0,Intermedi,-0.5313123487285301,0.5453630389182222,0.22872962676836608,Desgentrificació
2012,Barri,la font den fargues,,,9560,8929.0,0.0,222.0,409.0,,,,,7580.0,,,,31,-0.4490627842830259,-1.0010197335793551,0.0033723453127869,3.6921966638804284e-16,-0.7250412589311905,1.0092936587501425e-17,-0.584808333133378,-0.1439965481924019,0,Intermedi,-0.5063378679389178,0.5197281016324208,0.22872962676836608,Desgentrificació
2013,Barri,la font den fargues,,,9499,8906.0,0.0,217.0,376.0,,,,,7860.0,,,,31,-0.4596754397926428,-1.043088279370191,0.0033723453127869,3.6921966638804284e-16,-0.7513818595814169,1.0092936587501425e-17,-0.6060543002700604,-0.1492646683224472,0,Intermedi,-0.5247330191240063,0.5386097172689995,0.22872962676836608,Desgentrificació
2014,Barri,la font den fargues,,-1.183384142820893,9437,8875.0,0.0,195.0,367.0,,,,,7630.0,-0.8984732478941525,0.39141043763187,-0.3719843547718052,31,-0.5210355417667341,-1.052209074299678,-0.2535314051311412,-1.183384142820893,-0.786622308033206,-0.3719843547718052,-1.363083438891075,-0.6627959969466125,2,Baixa gentrificació,-2.574557636068812,0.1469817889245712,0.22872962676836608,Desgentrificació
2015,Barri,la font den fargues,0.6031238560798609,-0.4802435533694352,9399,8887.0,0.0,187.0,325.0,,,,,6870.0,-0.8296750631310797,-0.1809332995050673,-0.3719843547718052,31,-0.5426298878749778,-1.1088998194290425,-0.1358281688520954,-0.4802435533694352,-0.8257648536520101,-0.3719843547718052,-1.0319019059647918,-0.4243713583512222,0,Intermedi,-1.6257231893052733,0.5099219906156423,0.22872962676836608,Desgentrificació
2016,Barri,la font den fargues,0.6855282623655292,-0.3128291273095643,9402,8918.0,0.0,177.0,307.0,,,,,6070.0,-0.7770646865475536,-0.4512067309308425,-0.3699328552926816,31,-0.5727295812879458,-1.134218946262408,-0.1809143850376222,-0.3128291273095643,-0.8534742637751769,-0.3699328552926816,-0.9777275696801124,-0.3928044775177277,0,Intermedi,-1.4976612615284632,0.5054343657366699,0.22872962676836608,Desgentrificació
2017,Barri,la font den fargues,0.6053225543712849,0.0889654952341257,9390,8849.0,0.0,190.0,351.0,,,,,5400.0,-0.7568299263231204,-0.2683747037898767,-0.3699328552926816,31,-0.5331056289553666,-1.072055043550363,-0.139960691913904,0.0889654952341257,-0.8025803362528648,-0.3699328552926816,-0.7331496431693356,-0.2498011973130428,0,Intermedi,-0.9355140005236716,0.6233190385901138,0.22872962676836608,Desgentrificació
2018,Barri,la font den fargues,0.5037085934409127,-0.245863356885616,9446,8821.0,0.0,236.0,389.0,,,,,5070.0,-0.7163604058742541,0.0177971647785914,-0.3699328552926816,31,-0.3994843058893024,-1.0220713362384493,-0.06495154921825,-0.245863356885616,-0.7107778210638759,-0.3699328552926816,-0.8131093228385526,-0.3093866071024713,0,Intermedi,-1.180769917257667,0.582358185253757,0.22872962676836608,Desgentrificació
2019,Barri,la font den fargues,0.5549470452579442,-0.0114831604017967,9506,8814.0,0.0,275.0,417.0,,,,,4720.0,-0.6799378374702745,0.0098479462072455,-0.3699328552926816,31,-0.2885049157218168,-0.9867580028991274,-0.0383809486683615,-0.0114831604017967,-0.6376314593104722,-0.3699328552926816,-0.6350028352392153,-0.2164720956416783,0,Intermedi,-0.8193208667739036,0.6237426022827167,0.22872962676836608,Desgentrificació
2020,Barri,la font den fargues,0.6325084780918436,0.0219997248101774,9544,8725.0,0.0,313.0,506.0,,,,,4800.0,-0.837768967220853,0.2085784104909042,-0.3699328552926816,31,-0.1797367138376154,-0.8664349031304355,0.0011059737872982,0.0219997248101774,-0.5230858084840255,-0.3699328552926816,-0.5204948466862468,-0.1716720231760987,0,Intermedi,-0.6526481831185509,0.6052298661824955,0.22872962676836608,Desgentrificació
2021,Barri,la font den fargues,0.6577840529702443,-0.245863356885616,9505,8652.0,0.0,295.0,558.0,942.0,3990.0,1449.0,1932.0,6230.0,-0.6799378374702745,-0.0060504909354473,-0.3699328552926816,31,-0.229225563396593,-0.7916375091984658,-0.0094014251451591,-0.245863356885616,-0.5104315362975294,-0.3699328552926816,-0.6435724661566692,-0.2526523129272747,0,Intermedi,-0.9749568821713755,0.5168674380925957,0.22872962676836608,Desgentrificació
2022,Barri,la font den fargues,,0.2228970360820225,9527,8700.0,0.0,289.0,538.0,774.0,4105.0,1448.0,1920.0,4350.0,-0.7972994467719867,-0.2524762666471837,-0.3699328552926816,31,-0.2489588782381488,-0.8210242567462271,-0.5248878567095853,0.2228970360820225,-0.534991567492188,-0.3699328552926816,-0.5064461733724888,-0.2715821307452428,0,Intermedi,-1.0459444527603492,-0.0775782240512653,0.22872962676836608,Desgentrificació
2023,Barri,la font den fargues,,0.8925547403215061,9709,8785.0,0.0,311.0,613.0,768.0,4293.0,1408.0,1970.0,4200.0,-0.760876878368007,-0.1332379880769885,-0.3330058646684561,31,-0.201210814693371,-0.733368590741375,-0.4470574332224977,0.8925547403215061,-0.467289702717373,-0.3330058646684561,-0.1003691082977441,-0.0264099213474633,0,Intermedi,-0.0786035930001723,0.1218591253196548,0.22872962676836608,Desgentrificació
2024,Barri,la font den fargues,,0.9260376255334802,9837,8792.0,0.0,338.0,707.0,,,,,4310.0,-0.8580037274452862,0.2403752847762889,-0.3330058646684561,31,-0.135721792766974,-0.6185203246976171,-0.3088142213344986,0.9260376255334802,-0.3771210587322955,-0.3330058646684561,0.0085928686230351,0.0431416365795441,0,Intermedi,0.188200934129386,0.2597057756770511,0.22872962676836608,Desgentrificació
2025,Barri,la font den fargues,,0.5912087734137385,9952,8781.0,0.0,348.0,823.0,,,,,4340.0,-0.934895816298132,0.0098479462072455,,31,-0.1186239322812232,-0.4761739699977466,-0.4625239350454433,0.5912087734137385,-0.2973989511394849,1.0092936587501425e-17,-0.0156116783582087,-0.0208743387174084,0,Intermedi,-0.0570185341966383,-0.299635389314938,0.22872962676836608,Desgentrificació
2000,Barri,la guineueta,,,16497,16338.0,0.0,28.0,130.0,,,,,,,,,32,-1.054585570786588,-1.4599573755507942,0.0033723453127869,3.6921966638804284e-16,-1.2572714731686911,1.0092936587501425e-17,-1.0140979226531277,-0.2504425910399021,0,Intermedi,-0.8780247321140022,0.9012443194609634,0.09811532153563268,Desgentrificació
2001,Barri,la guineueta,,,16266,15975.0,0.0,27.0,263.0,0.0,0.0,0.0,0.0,,,,,32,-1.0556369750433243,-1.3509701939881138,0.0033723453127869,3.6921966638804284e-16,-1.2033035845157192,1.0092936587501425e-17,-0.9705681640123612,-0.2396490133093076,0,Intermedi,-0.8403358622171455,0.8625587578143524,0.09811532153563268,Desgentrificació
2002,Barri,la guineueta,,,16052,15567.0,0.0,35.0,447.0,,,,,,,,,32,-1.0409940933519204,-1.1974093480208523,0.0033723453127869,3.6921966638804284e-16,-1.1192017206863865,1.0092936587501425e-17,-0.902732754380714,-0.2228286405434411,0,Intermedi,-0.7816027102806501,0.8022723927374158,0.09811532153563268,Desgentrificació
2003,Barri,la guineueta,,,15970,15236.0,0.0,61.0,670.0,,,,,,,,,32,-0.994879056478062,-1.0119173495748883,0.0033723453127869,3.6921966638804284e-16,-1.003398203026475,1.0092936587501425e-17,-0.8093272256615524,-0.1996679370114588,0,Intermedi,-0.700730476446422,0.7192614721113743,0.09811532153563268,Desgentrificació
2004,Barri,la guineueta,,,16079,15214.0,0.0,74.0,789.0,,,,,,,,,32,-0.9728626885764828,-0.9183400582524452,0.0033723453127869,3.6921966638804284e-16,-0.945601373414464,1.0092936587501425e-17,-0.762709095769717,-0.1881085710890566,0,Intermedi,-0.6603676376163742,0.6778312277430689,0.09811532153563268,Desgentrificació
2005,Barri,la guineueta,,,15863,14913.0,0.0,99.0,850.0,,,,,,,,,32,-0.9267641493119316,-0.8589896864617806,0.0033723453127869,3.6921966638804284e-16,-0.8928769178868561,1.0092936587501425e-17,-0.7201822732301028,-0.177563679983535,0,Intermedi,-0.623547128340194,0.6400369907345964,0.09811532153563268,Desgentrificació
2006,Barri,la guineueta,,,15695,14711.0,0.0,110.0,873.0,,,,,,,,,32,-0.905168379177729,-0.83217839761211,0.0033723453127869,3.6921966638804284e-16,-0.8686733883949195,1.0092936587501425e-17,-0.7006600383727519,-0.1727229740851477,0,Intermedi,-0.6066444164343783,0.6226872823135997,0.09811532153563268,Desgentrificació
2007,Barri,la guineueta,,,15526,14571.0,0.0,191.0,763.0,,,,,,,,,32,-0.756256984021525,-0.917378104256901,0.0033723453127869,3.6921966638804284e-16,-0.8368175441392129,1.0092936587501425e-17,-0.6749655514035569,-0.1663518052340064,0,Intermedi,-0.5843976545251234,0.5998521991276818,0.09811532153563268,Desgentrificació
2008,Barri,la guineueta,,,15428,14350.0,0.0,218.0,859.0,,,,,,,,,32,-0.7048261685903369,-0.8314528451594508,0.0033723453127869,3.6921966638804284e-16,-0.7681395068748939,1.0092936587501425e-17,-0.619570788690846,-0.1526161977811425,0,Intermedi,-0.5364358447187311,0.5506220270629322,0.09811532153563268,Desgentrificació
2009,Barri,la guineueta,,,15362,14225.0,0.0,227.0,910.0,,,,,,,,,32,-0.6866370106360746,-0.7846534948794321,0.0033723453127869,3.6921966638804284e-16,-0.7356452527577534,1.0092936587501425e-17,-0.593361369085305,-0.1461173469577144,0,Intermedi,-0.513743244611818,0.52732931537483,0.09811532153563268,Desgentrificació
2010,Barri,la guineueta,,,15299,14127.0,0.0,244.0,928.0,,,,,,,,,32,-0.6536655872150273,-0.7659752453742351,0.0033723453127869,3.6921966638804284e-16,-0.7098204162946312,1.0092936587501425e-17,-0.5725314102665423,-0.14095237966509,0,Intermedi,-0.4957082811203825,0.5088174126870686,0.09811532153563268,Desgentrificació
2011,Barri,la guineueta,,,15263,14028.0,0.0,223.0,1012.0,0.0,0.0,0.0,0.0,1265.0,,,,32,-0.6913132453429776,-0.6917270519196752,0.0033723453127869,3.6921966638804284e-16,-0.6915201486313264,1.0092936587501425e-17,-0.5577706654175548,-0.1372923261324291,0,Intermedi,-0.4829281553038065,0.4956993131929303,0.09811532153563268,Desgentrificació
2012,Barri,la guineueta,,,15182,13966.0,0.0,220.0,996.0,,,,,1376.0,,,,32,-0.6946792612934266,-0.7009332250837713,0.0033723453127869,3.6921966638804284e-16,-0.697806243188599,1.0092936587501425e-17,-0.5628409430530324,-0.1385495450438836,0,Intermedi,-0.4873180954300882,0.5002053464023359,0.09811532153563268,Desgentrificació
2013,Barri,la guineueta,,,15126,13953.0,0.0,226.0,947.0,,,,,1421.0,,,,32,-0.6820110383896623,-0.740335907016796,0.0033723453127869,3.6921966638804284e-16,-0.7111734727032291,1.0092936587501425e-17,-0.5736227670041077,-0.1412229909468096,0,Intermedi,-0.496653197962964,0.5097873180958709,0.09811532153563268,Desgentrificació
2014,Barri,la guineueta,,-1.551695880152609,15057,13922.0,0.0,218.0,917.0,,,,,1364.0,-0.3157121534304777,0.4073088747745629,-0.373010104511367,32,-0.6950317160842377,-0.762762269919027,0.0457983606720426,-1.551695880152609,-0.7288969930016324,-0.373010104511367,-1.4552403701927688,-0.6721506753467698,2,Baixa gentrificació,-2.6181945016767183,0.438488649868782,0.09811532153563268,Desgentrificació
2015,Barri,la guineueta,-0.1375913051766263,-1.551695880152609,15097,14033.0,0.0,217.0,847.0,,,,,1271.0,-0.5140128036299226,-0.2047809552191061,-0.373010104511367,32,-0.6979742792505503,-0.825852928794779,-0.2854616880085517,-1.551695880152609,-0.7619136040226646,-0.373010104511367,-1.529221171014109,-0.7781320121551546,2,Baixa gentrificació,-3.034229440777813,-0.0037098148905273,0.09811532153563268,Desgentrificació
2016,Barri,la guineueta,-0.2401856155242739,-1.350798568880764,15050,13954.0,0.0,237.0,859.0,,,,,1122.0,-0.2995243452509312,0.0336956019212843,-0.373010104511367,32,-0.6593270181062787,-0.8130646275631573,-0.1686714529513069,-1.350798568880764,-0.7361958228347181,-0.373010104511367,-1.3929468088336476,-0.6776821920188383,2,Baixa gentrificació,-2.638709019434794,0.1904881584029825,0.09811532153563268,Desgentrificació
2017,Barri,la guineueta,-0.2579578718676796,-1.149901257608919,15247,14034.0,0.0,249.0,964.0,,,,,1015.0,-0.1133645511861461,-0.1252887695056426,-0.373010104511367,32,-0.6429100409070299,-0.7322080742576799,-0.1655370641864894,-1.149901257608919,-0.6875590575823549,-0.373010104511367,-1.2544321873319282,-0.6067453289573669,2,Baixa gentrificació,-2.362014175478635,0.2084179893311219,0.09811532153563268,Desgentrificació
2018,Barri,la guineueta,-0.2550180159671619,-0.9155210611250996,15293,14029.0,0.0,250.0,1014.0,,,,,9730.0,0.1132647633275051,0.089340131920709,-0.373010104511367,32,-0.6424524223831297,-0.6917177005269529,-0.0174710402396492,-0.9155210611250996,-0.6670850614550413,-0.373010104511367,-1.1014440453646823,-0.4879166636027063,2,Baixa gentrificació,-1.8932178602108904,0.4584236759394207,0.09811532153563268,Desgentrificació
2019,Barri,la guineueta,-0.3090067889933151,-0.7815895202772029,15398,13917.0,0.0,273.0,1208.0,,,,,8970.0,-0.1821627359492189,0.0654924762066701,-0.373010104511367,32,-0.6035678654981119,-0.5319951211455279,-0.1418923495786212,-0.7815895202772029,-0.5677814933218199,-0.373010104511367,-0.9732406041953888,-0.4652028805233846,2,Baixa gentrificació,-1.8121304670397935,0.2445184183493141,0.09811532153563268,Desgentrificació
2020,Barri,la guineueta,-0.2249023703940759,-0.7481066350652287,15420,13777.0,0.0,290.0,1353.0,,,,,8860.0,-0.2388200645776317,-0.0457965837921791,-0.373010104511367,32,-0.5732651340993913,-0.4098196564343648,-0.1698396729212955,-0.7481066350652287,-0.491542395266878,-0.373010104511367,-0.8992691545773063,-0.4482943923516063,2,Baixa gentrificació,-1.7522074542572987,0.158629044379903,0.09811532153563268,Desgentrificació
2021,Barri,la guineueta,-0.1623350022249215,-1.0494526019729964,15267,13526.0,0.0,267.0,1474.0,2352.0,4554.0,3195.0,3273.0,1162.0,-0.1821627359492189,-0.0775934580775649,-0.373010104511367,32,-0.6103440939018606,-0.2940416152738467,-0.1406970654172351,-1.0494526019729964,-0.4521928545878536,-0.373010104511367,-1.0116200032157368,-0.5220854920369136,2,Baixa gentrificació,-2.048671172609254,0.098828005330784,0.09811532153563268,Desgentrificació
2022,Barri,la guineueta,,-0.6811408646412803,15056,13445.0,0.0,267.0,1340.0,2163.0,4664.0,3196.0,3194.0,8410.0,-0.1619279757247857,0.0018987276358984,-0.373010104511367,32,-0.6034491895321217,-0.3932795894616621,-0.0800146240444436,-0.6811408646412803,-0.4983643894968919,-0.373010104511367,-0.8589865428982457,-0.402621545407369,0,Intermedi,-1.5707409570331925,0.3059727777237887,0.09811532153563268,Desgentrificació
2023,Barri,la guineueta,,-0.2123804716736418,15265,13440.0,5.0,263.0,1557.0,2059.0,4923.0,3181.0,3325.0,7870.0,-0.4816371872708295,-0.1173395509342967,-0.3637783568553107,32,-0.6176512216530692,-0.222379226619983,-0.2994883691025631,-0.2123804716736418,-0.4200152241365261,-0.3637783568553107,-0.5938211559913492,-0.3103193684312288,0,Intermedi,-1.2109410565449723,0.0483611590130041,0.09811532153563268,Desgentrificació
2024,Barri,la guineueta,,-0.3128291273095643,15373,13450.0,0.0,286.0,1636.0,,,,,8130.0,-0.4411676668219632,0.3198674704897524,-0.3637783568553107,32,-0.5789674100870008,-0.1642291564369381,-0.0606500981661053,-0.3128291273095643,-0.3715982832619695,-0.3637783568553107,-0.5700477812247237,-0.259119095666157,0,Intermedi,-1.0132975071186403,0.32535051293417,0.09811532153563268,Desgentrificació
2025,Barri,la guineueta,,-0.1119318160377193,15656,13512.0,0.0,296.0,1847.0,,,,,8130.0,-0.6435152690662947,0.2403752847762889,,32,-0.570459124591537,-0.0123081459029904,-0.2015699921450028,-0.1119318160377193,-0.2913836352472637,1.0092936587501425e-17,-0.3193882158335553,-0.1523272695042694,0,Intermedi,-0.5797823243091581,-0.1063068561401739,0.09811532153563268,Desgentrificació
2000,Barri,la marina de port,,,27385,26906.0,0.0,69.0,408.0,,,,,,,,,33,-1.0314513893371775,-1.367670106424922,0.0033723453127869,3.6921966638804284e-16,-1.19956074788105,1.0092936587501425e-17,-0.9675492433281258,-0.2389004459823737,0,Intermedi,-0.8377220248688602,0.85987579687262,0.2703638047316467,Desgentrificació
2001,Barri,la marina de port,,,27627,26845.0,0.0,86.0,693.0,0.0,0.0,0.0,0.0,,,,,33,-1.0147616445423422,-1.233738612684573,0.0033723453127869,3.6921966638804284e-16,-1.1242501286134576,1.0092936587501425e-17,-0.9068047309592056,-0.2238383221288553,0,Intermedi,-0.7851283028931966,0.8058912205432577,0.2703638047316467,Desgentrificació
2002,Barri,la marina de port,,,28103,26819.0,11.0,125.0,1148.0,,,,,,,,,33,-0.9772049068997408,-1.0264332183670477,0.0033723453127869,3.6921966638804284e-16,-1.0018190626333945,1.0092936587501425e-17,-0.8080535126835868,-0.1993521089328426,0,Intermedi,-0.6996276721991336,0.7181295039252925,0.2703638047316467,Desgentrificació
2003,Barri,la marina de port,,,28536,26542.0,11.0,169.0,1814.0,,,,,,,,,33,-0.935726787785192,-0.7276942966001836,0.0033723453127869,3.6921966638804284e-16,-0.8317105421926878,1.0092936587501425e-17,-0.6708463136927831,-0.1653304048447013,0,Intermedi,-0.580831142350388,0.5961913696314222,0.2703638047316467,Desgentrificació
2004,Barri,la marina de port,,,28813,26266.0,6.0,219.0,2322.0,,,,,,,,,33,-0.888510562789149,-0.5038968133865389,0.0033723453127869,3.6921966638804284e-16,-0.6962036880878439,1.0092936587501425e-17,-0.5615483440930664,-0.1382290340237326,0,Intermedi,-0.4861989393503816,0.4990565939554688,0.2703638047316467,Desgentrificació
2005,Barri,la marina de port,,,29224,26121.0,0.0,262.0,2837.0,,,,,,,,,33,-0.8501247418516268,-0.2870773280965181,0.0033723453127869,3.6921966638804284e-16,-0.5686010349740724,1.0092936587501425e-17,-0.4586257945806897,-0.1127085034009783,0,Intermedi,-0.3970866929435767,0.4075877515287033,0.2703638047316467,Desgentrificació
2006,Barri,la marina de port,,,29585,25938.0,7.0,285.0,3355.0,,,,,,,,,33,-0.8313319529082406,-0.0724248855435726,0.0033723453127869,3.6921966638804284e-16,-0.4518784192259066,1.0092936587501425e-17,-0.3644789339519888,-0.0893639802513451,0,Intermedi,-0.3155726002348349,0.323917997906969,0.2703638047316467,Desgentrificació
2007,Barri,la marina de port,,,29430,25770.0,5.0,500.0,3155.0,,,,,,,,,33,-0.6243884718972443,-0.1539308463602308,0.0033723453127869,3.6921966638804284e-16,-0.3891596591287376,1.0092936587501425e-17,-0.313890842451256,-0.0768202282319113,0,Intermedi,-0.2717724952391731,0.2789595879951071,0.2703638047316467,Desgentrificació
2008,Barri,la marina de port,,,29714,25584.0,0.0,641.0,3486.0,,,,,,,,,33,-0.4954643803510611,-0.0209275276039566,0.0033723453127869,3.6921966638804284e-16,-0.2581959539775089,1.0092936587501425e-17,-0.2082573144733262,-0.0506274872016655,0,Intermedi,-0.1803130335508727,0.1850814575817648,0.2703638047316467,Desgentrificació
2009,Barri,la marina de port,,,30137,25645.0,0.0,688.0,3800.0,,,,,,,,,33,-0.4601094973633967,0.094423115522001,0.0033723453127869,3.6921966638804284e-16,-0.1828431909206977,1.0092936587501425e-17,-0.1474788095021626,-0.0355569345903033,0,Intermedi,-0.1276898801516629,0.1310666715073756,0.2703638047316467,Desgentrificació
2010,Barri,la marina de port,,,30108,25802.0,0.0,672.0,3632.0,,,,,,,,,33,-0.4744407265407138,0.0226484678524734,0.0033723453127869,3.6921966638804284e-16,-0.2258961293441201,1.0092936587501425e-17,-0.1822047190221408,-0.0441675222749878,0,Intermedi,-0.157756214696481,0.1619281179159398,0.2703638047316467,Desgentrificació
2011,Barri,la marina de port,,,30238,25972.0,0.0,638.0,3626.0,0.0,0.0,0.0,0.0,2216.0,,,,33,-0.5087719625723707,0.0132197791206975,0.0033723453127869,3.6921966638804284e-16,-0.2477760917258366,1.0092936587501425e-17,-0.1998527965237371,-0.0485435147513311,0,Intermedi,-0.1730362465104959,0.1776122340574151,0.2703638047316467,Desgentrificació
2012,Barri,la marina de port,,,30445,26148.0,0.0,645.0,3651.0,,,,,236.0,,,,33,-0.5063395240724469,0.0132964524403395,0.0033723453127869,3.6921966638804284e-16,-0.2465215358160536,1.0092936587501425e-17,-0.1988408889372581,-0.0482926035693745,0,Intermedi,-0.1721601182119408,0.1767129363231808,0.2703638047316467,Desgentrificació
2013,Barri,la marina de port,,,30276,26098.0,0.0,657.0,3521.0,,,,,2437.0,,,,33,-0.4918625534139916,-0.0343620984144756,0.0033723453127869,3.6921966638804284e-16,-0.2631123259142336,1.0092936587501425e-17,-0.2122227926333113,-0.0516107615890105,0,Intermedi,-0.1837464178635194,0.1886056386157649,0.2703638047316467,Desgentrificació
2014,Barri,la marina de port,,-1.6186616505765574,30051,26041.0,0.0,669.0,3340.0,,,,,2396.0,0.31156541352695,-0.1093903323629497,-0.3678813558135579,33,-0.4760581634675664,-0.1021115927273942,0.1010875405820001,-1.6186616505765574,-0.2890848780974803,-0.3678813558135579,-1.1240242839902477,-0.5866654797805748,2,Baixa gentrificació,-2.3208191502462543,0.1816839009284229,0.2703638047316467,Desgentrificació
2015,Barri,la marina de port,-0.5330487140627773,-1.4847301097286607,30237,26312.0,0.0,696.0,3228.0,,,,,2362.0,0.157781235821258,-0.2286286109331449,-0.3678813558135579,33,-0.454790444347265,-0.1598073900543048,-0.2012986963915547,-1.4847301097286607,-0.3072989172007849,-0.3678813558135579,-1.1160471018720528,-0.6408446964389332,2,Baixa gentrificació,-2.532922846989865,-0.1982616589177472,0.2703638047316467,Desgentrificació
2016,Barri,la marina de port,-0.6030395232398124,-1.3173156836687898,30397,26395.0,0.0,680.0,3321.0,,,,,2097.0,0.2630019889883104,-0.371714545217379,-0.3668556060739961,33,-0.4730065826953141,-0.1269660994988338,-0.2372506931562936,-1.3173156836687898,-0.299986341097074,-0.3668556060739961,-1.0326213318214077,-0.5997383024817391,2,Baixa gentrificació,-2.370428906330232,-0.2143754483937341,0.2703638047316467,Desgentrificació
2017,Barri,la marina de port,-0.6351620381195276,-0.815072405489177,30622,26325.0,0.0,721.0,3574.0,,,,,1844.0,0.3520349339758163,-0.0457965837921791,-0.3668556060739961,33,-0.4399647766138382,-0.0288823179776563,-0.1096412293119634,-0.815072405489177,-0.2344235472957473,-0.3668556060739961,-0.7144067667400933,-0.3976699211142908,2,Baixa gentrificació,-1.5757314919615653,0.0390549771799491,0.2703638047316467,Desgentrificació
2018,Barri,la marina de port,-0.6301441918863251,-0.7481066350652287,30751,26096.0,0.0,785.0,3869.0,,,,,1754.0,0.5988990087139008,0.0575432576353231,-0.3668556060739961,33,-0.3841945247040598,0.0908227843076012,0.0087660248209662,-0.7481066350652287,-0.1466858701982293,-0.3668556060739961,-0.5937681030384928,-0.3245104783277238,0,Intermedi,-1.2943211626348532,0.1588123375440318,0.2703638047316467,Desgentrificació
2019,Barri,la marina de port,-0.6643163820194379,-0.6811408646412803,31087,25871.0,0.0,842.0,4374.0,,,,,1664.0,0.388457502379796,0.0972893504920549,-0.3668556060739961,33,-0.3403749466326641,0.2865473756662082,-0.059523176382529,-0.6811408646412803,-0.0269137854832279,-0.3668556060739961,-0.4739771726239312,-0.3009530906185876,0,Intermedi,-1.212019489648403,-0.0069528426224132,0.2703638047316467,Desgentrificació
2020,Barri,la marina de port,-0.6399029341548732,-0.5806922090053578,31352,25797.0,0.0,892.0,4661.0,,,,,1588.0,0.0080440101604527,0.0813909133493619,-0.3678813558135579,33,-0.301950854751869,0.3912791436814633,-0.1834893368816861,-0.5806922090053578,0.0446641444647971,-0.3678813558135579,-0.3848470581824504,-0.2938979060358653,0,Intermedi,-1.1904515329490808,-0.2077752369201474,0.2703638047316467,Desgentrificació
2021,Barri,la marina de port,-0.5242098133953104,-0.7146237498532545,31092,25518.0,0.0,886.0,4687.0,4428.0,8298.0,7449.0,6522.0,2223.0,0.6353215771178804,0.0018987276358984,-0.3678813558135579,33,-0.3006865919528823,0.4186219578599969,0.0376701637861561,-0.7146237498532545,0.0589676829535572,-0.3678813558135579,-0.4075888833523598,-0.2648688103921296,0,Intermedi,-1.0774389600829388,0.0607407282789471,0.2703638047316467,Desgentrificació
2022,Barri,la marina de port,,-0.7481066350652287,30428,25144.0,0.0,903.0,4379.0,4063.0,8472.0,7387.0,6471.0,162.0,0.4855843514570751,-0.2047809552191061,-0.3678813558135579,33,-0.2674759230177319,0.3287774841276128,0.1404016981189845,-0.7481066350652287,0.0306507805549404,-0.3678813558135579,-0.4322173500515765,-0.2497575961355967,0,Intermedi,-1.0151778004866157,0.2174505817729337,0.2703638047316467,Desgentrificació
2023,Barri,la marina de port,,-0.0784489308257451,30437,24880.0,0.0,907.0,4649.0,3862.0,8832.0,7290.0,6700.0,1533.0,-0.0526602705128467,0.0416448204926302,-0.3124908698772198,33,-0.2640257285654293,0.4448620138235769,-0.0055077250101082,-0.0784489308257451,0.0904181426290738,-0.3124908698772198,-0.0590771000981485,-0.0696015422003852,0,Intermedi,-0.3032894157695302,0.0965329517350897,0.2703638047316467,Desgentrificació
2024,Barri,la marina de port,,-0.2793462420975902,30960,24805.0,0.0,973.0,5181.0,,,,,1546.0,-0.1295523593656927,0.0416448204926302,-0.3124908698772198,33,-0.2182161220835177,0.6368834874290338,-0.0439537694365312,-0.2793462420975902,0.209333682672758,-0.3124908698772198,-0.0674937514431397,-0.1176214409011287,0,Intermedi,-0.5048634984372234,-0.0911629917732453,0.2703638047316467,Desgentrificació
2025,Barri,la marina de port,,0.0889654952341257,31647,24805.0,0.0,997.0,5843.0,,,,,1499.0,-0.2590548248020649,-0.1411872066483355,,33,-0.2160745182890163,0.8641746672549698,-0.2001210157252002,0.0889654952341257,0.3240500744829767,1.0092936587501425e-17,0.2760561340658289,0.031463358749273,0,Intermedi,0.090739889040956,-0.4970418282809938,0.2703638047316467,Desgentrificació
2000,Barri,la marina del prat vermell,,,1805,1779.0,0.0,0.0,22.0,,,,,,,,,34,-1.1023330995454166,-1.4033085235473215,0.0033723453127869,3.6921966638804284e-16,-1.252820811546369,1.0092936587501425e-17,-1.0105080800439945,-0.2495524587154376,0,Intermedi,-0.8749165800067881,0.8980539714807841,0.887331728303604,Gentrificació moderada
2001,Barri,la marina del prat vermell,,,1764,1737.0,0.0,6.0,21.0,0.0,0.0,0.0,0.0,,,,,34,-1.006646634295854,-1.4070376985469275,0.0033723453127869,3.6921966638804284e-16,-1.2068421664213909,1.0092936587501425e-17,-0.9734223356342112,-0.2403567296904419,0,Intermedi,-0.8428070567810055,0.8650953037469475,0.887331728303604,Gentrificació moderada
2002,Barri,la marina del prat vermell,,,1672,1621.0,0.0,5.0,42.0,,,,,,,,,34,-1.0182068412219374,-1.2332723349289187,0.0033723453127869,3.6921966638804284e-16,-1.1257395880754282,1.0092936587501425e-17,-0.908006108528406,-0.2241362140212494,0,Intermedi,-0.7861684778060937,0.8069589031462718,0.887331728303604,Gentrificació moderada
2003,Barri,la marina del prat vermell,,,1544,1496.0,0.0,6.0,40.0,,,,,,,,,34,-0.9930125524597764,-1.2229223209757023,0.0033723453127869,3.6921966638804284e-16,-1.1079674367177392,1.0092936587501425e-17,-0.8936713350466798,-0.2205817837497116,0,Intermedi,-0.7737571658755074,0.7942193709151382,0.887331728303604,Gentrificació moderada
2004,Barri,la marina del prat vermell,,,1456,1397.0,0.0,6.0,53.0,,,,,,,,,34,-0.986405266646908,-1.0849293740617212,0.0033723453127869,3.6921966638804284e-16,-1.0356673203543147,1.0092936587501425e-17,-0.8353550530213334,-0.2061217604770267,0,Intermedi,-0.7232658506293136,0.7423927999959073,0.887331728303604,Gentrificació moderada
2005,Barri,la marina del prat vermell,,,1307,1244.0,0.0,5.0,58.0,,,,,,,,,34,-0.9947132801752122,-0.9800597352217156,0.0033723453127869,3.6921966638804284e-16,-0.987386507698464,1.0092936587501425e-17,-0.796412411862932,-0.1964655979458566,0,Intermedi,-0.6895485918645378,0.7077838797478566,0.887331728303604,Gentrificació moderada
2006,Barri,la marina del prat vermell,,,1248,1176.0,0.0,0.0,69.0,,,,,,,,,34,-1.1023330995454166,-0.8365748248091087,0.0033723453127869,3.6921966638804284e-16,-0.9694539621772628,1.0092936587501425e-17,-0.7819482666492491,-0.1928790888416163,0,Intermedi,-0.6770252674963387,0.6949293728817095,0.887331728303604,Gentrificació moderada
2007,Barri,la marina del prat vermell,,,1205,1132.0,0.0,5.0,68.0,,,,,,,,,34,-0.985603552726448,-0.8215442688369891,0.0033723453127869,3.6921966638804284e-16,-0.9035739107817186,1.0092936587501425e-17,-0.7288103209547327,-0.1797030785625075,0,Intermedi,-0.6310174515928689,0.6477048685856003,0.887331728303604,Gentrificació moderada
2008,Barri,la marina del prat vermell,,,1190,1104.0,0.0,9.0,77.0,,,,,,,,,34,-0.8895714297552125,-0.712742855973207,0.0033723453127869,3.6921966638804284e-16,-0.8011571428642097,1.0092936587501425e-17,-0.6462023609345836,-0.1592197249790057,0,Intermedi,-0.5594939523854012,0.5742899122511681,0.887331728303604,Gentrificació moderada
2009,Barri,la marina del prat vermell,,,1155,1069.0,0.0,5.0,81.0,,,,,,,,,34,-0.980550325591428,-0.6414215145368906,0.0033723453127869,3.6921966638804284e-16,-0.8109859200641591,1.0092936587501425e-17,-0.6541301177901245,-0.1611854804189956,0,Intermedi,-0.5663579508552337,0.5813354309062416,0.887331728303604,Gentrificació moderada
2010,Barri,la marina del prat vermell,,,1135,1050.0,0.0,0.0,82.0,,,,,,,,,34,-1.1023330995454166,-0.6135868531461582,0.0033723453127869,3.6921966638804284e-16,-0.8579599763457875,1.0092936587501425e-17,-0.6920187471835307,-0.1705802916753213,0,Intermedi,-0.5991626267451884,0.6150076347932513,0.887331728303604,Gentrificació moderada
2011,Barri,la marina del prat vermell,,,1119,1025.0,0.0,6.0,88.0,0.0,0.0,0.0,0.0,1190.0,,,,34,-0.9514922374361866,-0.5294981145243404,0.0033723453127869,3.6921966638804284e-16,-0.7404951759802635,1.0092936587501425e-17,-0.5972732506239667,-0.1470873316022165,0,Intermedi,-0.5171302239787209,0.530805864272494,0.887331728303604,Gentrificació moderada
2012,Barri,la marina del prat vermell,,,1150,1057.0,0.0,5.0,88.0,,,,,1430.0,,,,34,-0.9800208352698886,-0.5573732662453732,0.0033723453127869,3.6921966638804284e-16,-0.768697050757631,1.0092936587501425e-17,-0.6200204959381175,-0.15272770655769,0,Intermedi,-0.5368252095685104,0.5510216887651902,0.887331728303604,Gentrificació moderada
2013,Barri,la marina del prat vermell,,,1172,1062.0,0.0,12.0,98.0,,,,,1470.0,,,,34,-0.8142939788965625,-0.4640661180151343,0.0033723453127869,3.6921966638804284e-16,-0.6391800484558484,1.0092936587501425e-17,-0.5155538586322733,-0.1268243060973334,0,Intermedi,-0.446376063399922,0.4581805919224301,0.887331728303604,Gentrificació moderada
2014,Barri,la marina del prat vermell,,-2.489216666087886,1143,1027.0,0.0,16.0,100.0,,,,,1490.0,-1.2586519798890623,1.2101799504805435,-0.3709586050322434,34,-0.7085368331115209,-0.4131612317883936,-0.0242360147042594,-2.489216666087886,-0.5608490324499573,-0.3709586050322434,-1.790339551918374,-0.9403973317340836,2,Baixa gentrificació,-3.697578797729745,-0.007530885760761,0.887331728303604,Gentrificació moderada
2015,Barri,la marina del prat vermell,-1.1675703393620631,-2.087422043544196,1122,1024.0,0.0,13.0,85.0,,,,,1460.0,-1.1898537951259898,-0.5863434466437306,-0.3709586050322434,34,-0.7763850869038582,-0.5674214372719798,-0.9812558603772612,-2.087422043544196,-0.6719032620879191,-0.3709586050322434,-1.8190363535504548,-1.1291757446004695,2,Baixa gentrificació,-4.432436528171917,-1.1770518343720913,0.887331728303604,Gentrificació moderada
2016,Barri,la marina del prat vermell,-1.1844933512412166,-2.321802240028015,1146,1059.0,0.0,8.0,79.0,,,,,1510.0,-1.2343702676197428,0.1688323176341725,-0.3709586050322434,34,-0.90595040646778,-0.6571275317413239,-0.7500104337422622,-2.321802240028015,-0.781538969104552,-0.3709586050322434,-1.98972262282729,-1.152043316958442,2,Baixa gentrificació,-4.513518107110764,-0.8297017074217049,0.887331728303604,Gentrificació moderada
2017,Barri,la marina del prat vermell,-1.1036682413716823,,1151,1055.0,0.0,9.0,87.0,,,,,1250.0,-1.2586519798890623,1.80637134333152,-0.3709586050322434,34,-0.8823623028031553,-0.5696716568239101,-0.185316292643075,3.6921966638804284e-16,-0.7260169798135327,-0.3709586050322434,-0.7219492159691165,-0.2749900047620777,0,Intermedi,-1.0425567858995812,0.4838562877156597,0.887331728303604,Gentrificació moderada
2018,Barri,la marina del prat vermell,-1.119961394986203,,1161,1055.0,0.0,11.0,95.0,,,,,1130.0,-1.2626989319339492,1.488402600477666,-0.3709586050322434,34,-0.8357956071965056,-0.4876260846259571,-0.2980859088141621,3.6921966638804284e-16,-0.6617108459112313,-0.3709586050322434,-0.6861999723007058,-0.2959596628329435,0,Intermedi,-1.1314279995586836,0.279167123269226,0.887331728303604,Gentrificació moderada
2019,Barri,la marina del prat vermell,-1.2109662428910262,-1.920007617484325,1199,1068.0,0.0,12.0,119.0,,,,,990.0,-1.0198818092407511,-1.3971637409210584,-0.3709586050322434,34,-0.8207802643490388,-0.2585220321753343,-1.2093372643509452,-1.920007617484325,-0.5396511482621866,-0.3709586050322434,-1.662601353431077,-1.120925415209467,2,Baixa gentrificació,-4.411477314217389,-1.552292901025833,0.887331728303604,Gentrificació moderada
2020,Barri,la marina del prat vermell,-1.026416884153626,,1227,1060.0,0.0,13.0,154.0,,,,,960.0,-1.254605027844176,-0.5227496980729601,-0.3709586050322434,34,-0.804277948621351,0.0867771017231538,-0.934590536690254,3.6921966638804284e-16,-0.3587504234490986,-0.3709586050322434,-0.5328177311462924,-0.4263189667033444,2,Baixa gentrificació,-1.6749460203072752,-0.8331471776179478,0.887331728303604,Gentrificació moderada
2021,Barri,la marina del prat vermell,-0.9020826129466238,-2.321802240028015,1356,1158.0,0.0,28.0,170.0,285.0,243.0,426.0,207.0,1380.0,-1.2465111237544029,0.8047698033418804,-0.3709586050322434,34,-0.5214400450215231,0.0849277802777771,-0.4479413111197153,-2.321802240028015,-0.2182561323718729,-0.3709586050322434,-1.492208887095512,-0.9487660128251424,2,Baixa gentrificació,-3.7617973957573954,-0.808664109981707,0.887331728303604,Gentrificació moderada
2022,Barri,la marina del prat vermell,,-1.8865247322723508,1517,1298.0,0.0,41.0,178.0,269.0,303.0,462.0,249.0,1000.0,-1.0117879051509782,2.021000244757872,-0.3709586050322434,34,-0.3420136189137566,-0.020685406752036,0.5046061698034467,-1.8865247322723508,-0.1813495128328963,-0.3709586050322434,-1.1121376121401456,-0.5250371923136992,2,Baixa gentrificació,-2.088149132434637,0.6093258812564494,0.887331728303604,Gentrificació moderada
2023,Barri,la marina del prat vermell,,0.1894141508700483,1678,1387.0,0.0,86.0,205.0,264.0,412.0,462.0,284.0,1060.0,-0.8984732478941525,-1.158687183780668,-0.3432633620640743,34,0.339464628327016,0.0428570031771551,-1.0285802158374102,0.1894141508700483,0.1911608157520856,-0.3432633620640743,-0.0013479150633033,-0.2821703287526063,2,Baixa gentrificació,-1.1537929200719956,-1.3309803947970034,0.887331728303604,Gentrificació moderada
2024,Barri,la marina del prat vermell,,-1.3842814540927382,1977,1513.0,0.0,129.0,335.0,,,,,1010.0,-0.4087920504628702,-0.0934918952202567,-0.3432633620640743,34,0.7332788787322327,0.6645455313177113,-0.2511419728415635,-1.3842814540927382,0.6989122050249721,-0.3432633620640743,-0.2548981546842362,-0.4194972594881109,2,Baixa gentrificació,-1.7491672609434603,-0.9806265893299306,0.887331728303604,Gentrificació moderada
2025,Barri,la marina del prat vermell,,1.5287295593490156,2876,2149.0,0.0,214.0,513.0,,,,,960.0,-0.959177528567452,0.9717033933401532,,34,0.9909247751560728,0.7818904455194919,0.0062629323863506,1.5287295593490156,0.8864076103377825,1.0092936587501425e-17,1.4674771049965922,0.6377792695881663,1,Gentrificació residencial,2.441211606066192,-0.2631417736106614,0.887331728303604,Gentrificació moderada
2000,Barri,la maternitat i sant ramon,,,24586,24004.0,0.0,175.0,406.0,,,,,,,,,35,-0.9020944012175064,-1.3464367617295268,0.0033723453127869,3.6921966638804284e-16,-1.1242655814735167,1.0092936587501425e-17,-0.9068171950241426,-0.2238414127008671,0,Intermedi,-0.7851390945110795,0.8059022975482203,0.7315196955389246,Gentrificació moderada
2001,Barri,la maternitat i sant ramon,,,24523,23712.0,0.0,182.0,628.0,0.0,0.0,0.0,0.0,,,,,35,-0.8935498600325675,-1.226842418823475,0.0033723453127869,3.6921966638804284e-16,-1.0601961394280213,1.0092936587501425e-17,-0.8551396619929256,-0.211027524291768,0,Intermedi,-0.7403957308945396,0.7599756843013541,0.7315196955389246,Gentrificació moderada
2002,Barri,la maternitat i sant ramon,,,24681,23410.0,13.0,251.0,1007.0,,,,,,,,,35,-0.816239058922013,-1.027079049915007,0.0033723453127869,3.6921966638804284e-16,-0.92165905441851,1.0092936587501425e-17,-0.7433975497150667,-0.1833201072898658,0,Intermedi,-0.6436473439715745,0.6606687616803949,0.7315196955389246,Gentrificació moderada
2003,Barri,la maternitat i sant ramon,,,24938,23138.0,14.0,349.0,1437.0,,,,,,,,,35,-0.7086365138770941,-0.8058786595435421,0.0033723453127869,3.6921966638804284e-16,-0.7572575867103182,1.0092936587501425e-17,-0.6107935811673498,-0.1504398137482274,0,Intermedi,-0.5288363761542315,0.5428215886194874,0.7315196955389246,Gentrificació moderada
2004,Barri,la maternitat i sant ramon,,,24796,22740.0,0.0,405.0,1648.0,,,,,,,,,35,-0.6428482061244848,-0.6896468617740203,0.0033723453127869,3.6921966638804284e-16,-0.6662475339492526,1.0092936587501425e-17,-0.5373861211118516,-0.1322378031960143,0,Intermedi,-0.4652788399334967,0.477583257188939,0.7315196955389246,Gentrificació moderada
2005,Barri,la maternitat i sant ramon,,,24568,22249.0,0.0,446.0,1870.0,,,,,,,,,35,-0.5916365809283679,-0.562718003260014,0.0033723453127869,3.6921966638804284e-16,-0.5771772920941909,1.0092936587501425e-17,-0.4655432859222628,-0.1144237548250019,0,Intermedi,-0.4030759848515959,0.4137354317844744,0.7315196955389246,Gentrificació moderada
2006,Barri,la maternitat i sant ramon,,,24278,21764.0,0.0,496.0,2014.0,,,,,,,,,35,-0.5275994679220447,-0.4727707209188656,0.0033723453127869,3.6921966638804284e-16,-0.5001850944204551,1.0092936587501425e-17,-0.4034424354793143,-0.0990253152902548,0,Intermedi,-0.3493079202927336,0.3585454570836328,0.7315196955389246,Gentrificació moderada
2007,Barri,la maternitat i sant ramon,,,23912,21517.0,0.0,663.0,1728.0,,,,,,,,,35,-0.3223315447036949,-0.6133465437712804,0.0033723453127869,3.6921966638804284e-16,-0.4678390442374877,1.0092936587501425e-17,-0.3773525551339738,-0.0925561052536613,0,Intermedi,-0.3267188194875843,0.3353589817626523,0.7315196955389246,Gentrificació moderada
2008,Barri,la maternitat i sant ramon,,,23785,21287.0,0.0,704.0,1792.0,,,,,,,,,35,-0.2696737835271918,-0.57289117988898,0.0033723453127869,3.6921966638804284e-16,-0.4212824817080859,1.0092936587501425e-17,-0.3398006704738164,-0.0832447927477809,0,Intermedi,-0.29420570341409,0.3019860480656012,0.7315196955389246,Gentrificació moderada
2009,Barri,la maternitat i sant ramon,,,23934,21183.0,0.0,763.0,1986.0,,,,,,,,,35,-0.2055093652046298,-0.4724758148715164,0.0033723453127869,3.6921966638804284e-16,-0.3389925900380731,1.0092936587501425e-17,-0.2734267727287316,-0.0667868144137784,0,Intermedi,-0.2367379554923499,0.2429985509344175,0.7315196955389246,Gentrificació moderada
2010,Barri,la maternitat i sant ramon,,,23762,21138.0,0.0,738.0,1884.0,,,,,,,,,35,-0.2286152416997762,-0.5210219663473601,0.0033723453127869,3.6921966638804284e-16,-0.3748186040235681,1.0092936587501425e-17,-0.3023235441380657,-0.0739520172108774,0,Intermedi,-0.2617573144801492,0.2686795532337708,0.7315196955389246,Gentrificació moderada
2011,Barri,la maternitat i sant ramon,,,23607,21067.0,0.0,637.0,1901.0,0.0,0.0,0.0,0.0,1309.0,,,,35,-0.3432374991299639,-0.5047076069692199,0.0033723453127869,3.6921966638804284e-16,-0.4239725530495919,1.0092936587501425e-17,-0.3419704451147177,-0.0837828070160821,0,Intermedi,-0.2960843344173375,0.3039143599435178,0.7315196955389246,Gentrificació moderada
2012,Barri,la maternitat i sant ramon,,,23786,21111.0,0.0,647.0,2028.0,,,,,1404.0,,,,35,-0.3371229739740171,-0.4424686197053186,0.0033723453127869,3.6921966638804284e-16,-0.3897957968396679,1.0092936587501425e-17,-0.3144039424021758,-0.0769474557740973,0,Intermedi,-0.2722167466639026,0.2794155877617493,0.7315196955389246,Gentrificació moderada
2013,Barri,la maternitat i sant ramon,,,23674,21019.0,0.0,661.0,1992.0,,,,,1409.0,,,,35,-0.316866615731591,-0.4571602112877125,0.0033723453127869,3.6921966638804284e-16,-0.3870134135096518,1.0092936587501425e-17,-0.3121597101777041,-0.0763909791080941,0,Intermedi,-0.2702736489080785,0.2774211042915884,0.7315196955389246,Gentrificació moderada
2014,Barri,la maternitat i sant ramon,,-0.815072405489177,23554,21033.0,0.0,642.0,1877.0,,,,,1368.0,0.7526831864195928,0.4470549676312947,-0.3371088636267034,35,-0.3355576498160946,-0.5157232232547307,0.5998690770254438,-0.815072405489177,-0.4256404365354126,-0.3371088636267034,-0.7584515454262671,-0.2171108585715432,0,Intermedi,-0.8425747080609173,1.155593363806848,0.7315196955389246,Gentrificació moderada
2015,Barri,la maternitat i sant ramon,0.7545767111110846,-0.4802435533694352,23810,21318.0,0.0,668.0,1824.0,,,,,1268.0,0.8174344191377788,0.0575432576353231,-0.3371088636267034,35,-0.3130825206587259,-0.5562591473243216,0.5431847959613956,-0.4802435533694352,-0.4346708339915237,-0.3371088636267034,-0.6091096695279934,-0.1354735667460573,0,Intermedi,-0.5177752864256266,1.1629921090974606,0.7315196955389246,Gentrificació moderada
2016,Barri,la maternitat i sant ramon,0.8027813330350839,0.0219997248101774,23868,21375.0,0.0,663.0,1830.0,,,,,1114.0,0.9469368845741508,0.0336956019212843,-0.3268513662310852,35,-0.320893633340655,-0.5554014688103398,0.5944712731768398,0.0219997248101774,-0.4381475510754974,-0.3268513662310852,-0.3544663940699201,0.0319415159347886,0,Intermedi,0.14678381080109,1.3522490936449538,0.7315196955389246,Gentrificació moderada
2017,Barri,la maternitat i sant ramon,0.7547239715595775,0.1894141508700483,23980,21275.0,0.0,702.0,2003.0,,,,,9540.0,1.2018948634020088,0.1926799733482113,-0.3268513662310852,35,-0.2787910565960114,-0.4652470186630893,0.7164329361032659,0.1894141508700483,-0.3720190376295503,-0.3268513662310852,-0.2013308975062038,0.1319800453198671,0,Intermedi,0.5368251790947526,1.5166881155111516,0.7315196955389246,Gentrificació moderada
2018,Barri,la maternitat i sant ramon,0.7497913776328233,0.2563799212939966,23984,21147.0,0.0,748.0,2088.0,,,,,8800.0,1.5094632188133923,0.2960198147757136,-0.3268513662310852,35,-0.2249731118051806,-0.4188288871936734,0.8517581370739764,0.2563799212939966,-0.321900999499427,-0.3268513662310852,-0.108617480275027,0.2026909443642894,0,Intermedi,0.8120335102317957,1.687204649124192,0.7315196955389246,Gentrificació moderada
2019,Barri,la maternitat i sant ramon,0.7950344142348874,0.5242430029897901,23992,20934.0,0.0,832.0,2225.0,,,,,8760.0,1.3597259931525874,0.3278166890610995,-0.3268513662310852,35,-0.126771458508195,-0.3441252977964153,0.8275256988161915,0.5242430029897901,-0.2354483781523051,-0.3268513662310852,0.0894327144683105,0.2930706616651164,0,Intermedi,1.162341971216295,1.655668558328343,0.7315196955389246,Gentrificació moderada
2020,Barri,la maternitat i sant ramon,0.7752329995399988,0.3903114621418934,23968,20689.0,0.0,911.0,2366.0,,,,,8480.0,0.8740917477661916,0.2085784104909042,-0.3289028657102089,35,-0.0330703853576929,-0.2655492673006803,0.6193010525990316,0.3903114621418934,-0.1493098263291866,-0.3289028657102089,0.062651271254729,0.2072412160143983,0,Intermedi,0.8144140242940627,1.27009475741135,0.7315196955389246,Gentrificació moderada
2021,Barri,la maternitat i sant ramon,0.7292333612348187,0.0554826100221515,23825,20418.0,0.0,840.0,2565.0,2136.0,11160.0,2829.0,4554.0,1129.0,1.6672943485639713,0.248324503347636,-0.3289028657102089,35,-0.1104871621673687,-0.1479283848551632,0.881617404382142,0.0554826100221515,-0.129207773511266,-0.3289028657102089,-0.0483674700724866,0.189507876476993,0,Intermedi,0.7412902284380348,1.5439490161880118,0.7315196955389246,Gentrificació moderada
2022,Barri,la maternitat i sant ramon,,0.6581745438376868,23684,20171.0,0.0,919.0,2593.0,2034.0,11141.0,2854.0,4600.0,7560.0,1.1735661990878024,0.3596135633464842,-0.3289028657102089,35,-0.0107462349989577,-0.1239550186453035,0.7665898812171432,0.6581745438376868,-0.0673506268221306,-0.3289028657102089,0.2815942508896383,0.3481786290099811,1,Gentrificació residencial,1.365062092612262,1.482997588009572,0.7315196955389246,Gentrificació moderada
2023,Barri,la maternitat i sant ramon,,0.9930033959574286,24059,20060.0,7.0,977.0,3015.0,1979.0,11724.0,2825.0,4654.0,7740.0,0.5058191116815083,0.6060393390582217,0.1183240207387439,35,0.0400580599106653,0.0842466185416934,0.555929225369865,0.9930033959574286,0.0621523392261793,0.1183240207387439,0.6525377252939155,0.5007750583911728,1,Gentrificació residencial,1.9797210506774503,0.8987196859930844,0.7315196955389246,Gentrificació moderada
2024,Barri,la maternitat i sant ramon,,1.1939007072292738,24313,19982.0,0.0,1041.0,3288.0,,,,,7790.0,0.2791897971678569,0.3437151262037924,0.1183240207387439,35,0.1021758230675742,0.214678762696446,0.3114524616858247,1.1939007072292738,0.1584272928820101,0.1183240207387439,0.7940833093137377,0.5069562133986804,1,Gentrificació residencial,1.995940457734475,0.534274762671008,0.7315196955389246,Gentrificació moderada
2025,Barri,la maternitat i sant ramon,,1.227383592441248,24687,19980.0,0.0,1147.0,3559.0,,,,,7480.0,0.3156123655718366,0.2562737219189819,,35,0.2047191319337836,0.3320837878868199,0.2859430437454092,1.227383592441248,0.2684014599103018,1.0092936587501425e-17,0.8607238108444887,0.5076782828380575,1,Gentrificació residencial,1.982894209416308,0.5006084848868966,0.7315196955389246,Gentrificació moderada
2000,Barri,la nova esquerra de leixample,,,55100,53212.0,0.0,453.0,1432.0,,,,,,,,,36,-0.8710497090759565,-1.2218391525320076,0.0033723453127869,3.6921966638804284e-16,-1.046444430803982,1.0092936587501425e-17,-0.8440477224665938,-0.2082771825669602,0,Intermedi,-0.7307921245625666,0.7501181081574668,0.7441324039470159,Gentrificació moderada
2001,Barri,la nova esquerra de leixample,,,55424,52479.0,8.0,542.0,2395.0,0.0,0.0,0.0,0.0,,,,,36,-0.8272276061745428,-0.995366873216928,0.0033723453127869,3.6921966638804284e-16,-0.9112972396957354,1.0092936587501425e-17,-0.735039852105974,-0.1812477443453108,0,Intermedi,-0.6364110948477081,0.6532411481080677,0.7441324039470159,Gentrificació moderada
2002,Barri,la nova esquerra de leixample,,,57422,52795.0,38.0,789.0,3800.0,,,,,,,,,36,-0.7157912410577281,-0.6934023641642614,0.0033723453127869,3.6921966638804284e-16,-0.7045968026109948,1.0092936587501425e-17,-0.5683181151283272,-0.1399076569283627,0,Intermedi,-0.4920603322858458,0.5050729929178274,0.7441324039470159,Gentrificació moderada
2003,Barri,la nova esquerra de leixample,,,58191,51961.0,33.0,1058.0,5139.0,,,,,,,,,36,-0.590854238745517,-0.4023320163632674,0.0033723453127869,3.6921966638804284e-16,-0.4965931275543922,1.0092936587501425e-17,-0.4005452042807627,-0.0983069219170422,0,Intermedi,-0.3467994439511932,0.3559706434472647,0.7441324039470159,Gentrificació moderada
2004,Barri,la nova esquerra de leixample,,,58244,50990.0,8.0,1265.0,5981.0,,,,,,,,,36,-0.4913387775386031,-0.2132976451052727,0.0033723453127869,3.6921966638804284e-16,-0.3523182113219379,1.0092936587501425e-17,-0.2841750360516651,-0.0694519386705513,0,Intermedi,-0.2460440006128441,0.2525506967849104,0.7441324039470159,Gentrificació moderada
2005,Barri,la nova esquerra de leixample,,,58627,50197.0,15.0,1595.0,6820.0,,,,,,,,,36,-0.336981740112435,-0.0339424094544999,0.0033723453127869,3.6921966638804284e-16,-0.1854620747834675,1.0092936587501425e-17,-0.1495911652992851,-0.0360807113628572,0,Intermedi,-0.1295187968582917,0.1329439543814559,0.7441324039470159,Gentrificació moderada
2006,Barri,la nova esquerra de leixample,,,59221,49965.0,14.0,1916.0,7326.0,,,,,,,,,36,-0.1921733821995487,0.0630656648998018,0.0033723453127869,3.6921966638804284e-16,-0.0645538586498734,1.0092936587501425e-17,-0.0520682568189446,-0.0118990681361384,0,Intermedi,-0.0450816594964413,0.0462738554473495,0.7441324039470159,Gentrificació moderada
2007,Barri,la nova esquerra de leixample,,,57998,49389.0,18.0,2441.0,6150.0,,,,,,,,,36,0.0816693579912162,-0.169254904404596,0.0033723453127869,3.6921966638804284e-16,-0.0437927732066898,1.0092936587501425e-17,-0.0353226501068994,-0.0077468510475017,0,Intermedi,-0.0305830035787139,0.0313917788864647,0.7441324039470159,Gentrificació moderada
2008,Barri,la nova esquerra de leixample,,,58345,49156.0,15.0,2827.0,6347.0,,,,,,,,,36,0.2607426970882451,-0.1331494689124419,0.0033723453127869,3.6921966638804284e-16,0.0637966140879016,1.0092936587501425e-17,0.0514574737433527,0.0137710264114165,0,Intermedi,0.0445528322162085,-0.0457310431951956,0.7441324039470159,Gentrificació moderada
2009,Barri,la nova esquerra de leixample,,,58532,48820.0,8.0,3015.0,6689.0,,,,,,,,,36,0.3467450057963592,-0.0608889653125065,0.0033723453127869,3.6921966638804284e-16,0.1429280202419263,1.0092936587501425e-17,0.1152837804002369,0.0295973076422214,0,Intermedi,0.0998148286687993,-0.102454457198644,0.7441324039470159,Gentrificació moderada
2010,Barri,la nova esquerra de leixample,,,58013,48544.0,7.0,3023.0,6439.0,,,,,,,,,36,0.3635882323652205,-0.1041105947013965,0.0033723453127869,3.6921966638804284e-16,0.1297388188319119,1.0092936587501425e-17,0.1046455514761048,0.0269594673602186,0,Intermedi,0.0906040533653246,-0.0930001005997115,0.7441324039470159,Gentrificació moderada
2011,Barri,la nova esquerra de leixample,,,57676,48362.0,9.0,2762.0,6543.0,0.0,0.0,0.0,0.0,3211.0,,,,36,0.2448492467281089,-0.0718725515210283,0.0033723453127869,3.6921966638804284e-16,0.0864883476035403,1.0092936587501425e-17,0.0697603147054653,0.0183093731145442,0,Intermedi,0.0603997703409214,-0.0619970576289355,0.7441324039470159,Gentrificació moderada
2012,Barri,la nova esquerra de leixample,,,57876,48345.0,6.0,2771.0,6754.0,,,,,3499.0,,,,36,0.2445684726213225,-0.0290888443746281,0.0033723453127869,3.6921966638804284e-16,0.1077398141233472,1.0092936587501425e-17,0.0869014560667289,0.0225596664185056,0,Intermedi,0.075240887471382,-0.0772306518764215,0.7441324039470159,Gentrificació moderada
2013,Barri,la nova esquerra de leixample,,,57890,48114.0,6.0,2965.0,6805.0,,,,,3532.0,,,,36,0.3385176280879614,-0.0178757048907624,0.0033723453127869,3.6921966638804284e-16,0.1603209615985995,1.0092936587501425e-17,0.1293126882972535,0.0330758959135561,0,Intermedi,0.1119613165206863,-0.1149221620109651,0.7441324039470159,Gentrificació moderada
2014,Barri,la nova esquerra de leixample,,-0.815072405489177,57625,47852.0,5.0,3074.0,6694.0,,,,,3342.0,-0.5488165912159476,0.3039690333470606,0.0649850342815293,36,0.398356134087273,-0.0360961903641911,-0.1224237789344434,-0.815072405489177,0.1811299718615409,0.0649850342815293,-0.2537192468954172,-0.2320258540984721,0,Intermedi,-0.9378411999206724,-0.5431401764849608,0.7441324039470159,Gentrificació moderada
2015,Barri,la nova esquerra de leixample,0.678953630846479,-0.5137264385814094,57664,48202.0,6.0,3041.0,6415.0,,,,,3026.0,-0.575931169916688,0.2403752847762889,0.0649850342815293,36,0.3812418692779823,-0.1007502369150021,0.1144659152353599,-0.5137264385814094,0.1402458161814901,0.0649850342815293,-0.1045797460993551,-0.0787319869112109,0,Intermedi,-0.3268520589243536,-0.1081061281623544,0.7441324039470159,Gentrificació moderada
2016,Barri,la nova esquerra de leixample,0.6501383135044847,-0.1454147012496934,57699,48140.0,8.0,3112.0,6439.0,,,,,2684.0,-0.5601480569416302,0.2642229404903289,0.0547275368859111,36,0.4149588167417262,-0.0961681305537976,0.1180710656843944,-0.1454147012496934,0.1593953430939642,0.0547275368859111,0.0895576212788459,0.0346214853263853,0,Intermedi,0.1203654076817234,-0.0217291287890407,0.7441324039470159,Gentrificació moderada
2017,Barri,la nova esquerra de leixample,0.6494009093083812,0.2228970360820225,58337,47795.0,8.0,3400.0,7134.0,,,,,2359.0,-0.4395488860040086,0.2562737219189819,0.0547275368859111,36,0.5372471096436542,0.0444376342166843,0.1553752484077848,0.2228970360820225,0.2908423719301692,0.0547275368859111,0.3821141082711309,0.1825956671101582,0,Intermedi,0.6946029538038373,0.0252162422289411,0.7441324039470159,Gentrificació moderada
2018,Barri,la nova esquerra de leixample,0.6442268428998941,0.3568285769299192,58265,47407.0,12.0,3495.0,7351.0,,,,,2226.0,-0.3019525164778631,0.2721721590616748,0.049598788188102,36,0.5851416046145955,0.0953972679789152,0.2048154951612352,0.3568285769299192,0.3402694362967554,0.049598788188102,0.4934271914263746,0.2464668665243178,0,Intermedi,0.9428032817016828,0.0947360830979081,0.7441324039470159,Gentrificació moderada
2019,Barri,la nova esquerra de leixample,0.6357248169598418,0.5577258882017643,58668,46872.0,12.0,3953.0,7831.0,,,,,2122.0,-0.3699413108319585,0.4629534047739876,0.049598788188102,36,0.7931650861208277,0.1915837921821445,0.242912303633957,0.5577258882017643,0.4923744391514861,0.049598788188102,0.7203953752196947,0.348586103018634,1,Gentrificació residencial,1.3332322408573385,0.0876664300516052,0.7441324039470159,Gentrificació moderada
2020,Barri,la nova esquerra de leixample,0.6849683062909669,0.5242430029897901,58648,46259.0,12.0,4109.0,8268.0,,,,,2151.0,-1.2044228224875817,0.3675627819178312,0.049598788188102,36,0.8686403624460096,0.2901604367089362,-0.0506305780929278,0.5242430029897901,0.5794003995774729,0.049598788188102,0.732157720647166,0.2678835650221737,0,Intermedi,1.0059391050832958,-0.3956026151647231,0.7441324039470159,Gentrificació moderada
2021,Barri,la nova esquerra de leixample,0.6876338815361295,0.1894141508700483,57906,45465.0,11.0,3840.0,8590.0,4200.0,29313.0,6234.0,11160.0,2881.0,-0.2100867050589366,0.3437151262037924,0.0403670405320457,36,0.763210916759392,0.3870334620370599,0.2737541008936617,0.1894141508700483,0.575122189398226,0.0403670405320457,0.6076240690352588,0.2620483215151674,0,Intermedi,0.9816646552438796,-0.0112888249073604,0.7441324039470159,Gentrificació moderada
2022,Barri,la nova esquerra de leixample,,0.691657429049661,57314,44984.0,9.0,4135.0,8186.0,3828.0,29656.0,6135.0,11026.0,1814.0,-1.1906631855349672,0.3437151262037924,0.1593540103212166,36,0.9272770993456187,0.3144938768679401,-0.4234740296655874,0.691657429049661,0.6208854881067796,0.1593540103212166,0.8270521298340593,0.2365029195008213,0,Intermedi,0.8839983119905834,-0.977056697900731,0.7441324039470159,Gentrificació moderada
2023,Barri,la nova esquerra de leixample,,1.2943493628651963,57584,44518.0,15.0,4156.0,8895.0,3697.0,30992.0,5941.0,11024.0,1779.0,-1.2129214217818436,0.2801213776330207,4.590592885228272,36,0.9280199008660104,0.4675873645625722,-0.4664000220744114,1.2943493628651963,0.6978036327142914,4.590592885228272,2.486087175662812,1.3060641058257485,3,Gentrificació turística,5.32712463769595,-3.680385553776707,0.7441324039470159,Gentrificació moderada
2024,Barri,la nova esquerra de leixample,,1.2943493628651963,58299,44384.0,22.0,4412.0,9481.0,,,,,1857.0,-0.7438796797794832,0.4550041862026406,4.816257827931872,36,1.0266501299479656,0.5748477847961886,-0.1444377467884213,1.2943493628651963,0.8007489573720771,4.816257827931872,2.68168329332036,1.4683748418838225,3,Gentrificació turística,5.970577335292176,-3.440569228578357,0.7441324039470159,Gentrificació moderada
2025,Barri,la nova esquerra de leixample,,1.4952466741370414,59122,44517.0,22.0,4653.0,9930.0,,,,,1848.0,-0.7580440119365864,0.1688323176341725,,36,1.1116881126095717,0.6449416202334806,-0.2946058471512069,1.4952466741370414,0.8783148664215261,1.0092936587501425e-17,1.4014708501965008,0.5358552213800556,1,Gentrificació residencial,2.0388008316410704,-0.6885300341208422,0.7441324039470159,Gentrificació moderada
2000,Barri,la prosperitat,,,26870,26571.0,0.0,31.0,268.0,,,,,,,,,37,-1.0698773331038642,-1.432426434225303,0.0033723453127869,3.6921966638804284e-16,-1.2511518836645836,1.0092936587501425e-17,-1.00916194570937,-0.2492186731390805,0,Intermedi,-0.8737510720098324,0.8968576413284279,0.3210422009953297,Estable
2001,Barri,la prosperitat,,,26775,26110.0,0.0,33.0,632.0,0.0,0.0,0.0,0.0,,,,,37,-1.0676608274314574,-1.2532001321906283,0.0033723453127869,3.6921966638804284e-16,-1.160430479811043,1.0092936587501425e-17,-0.935987305902914,-0.2310743923683724,0,Intermedi,-0.8103951158655673,0.831826220810739,0.3210422009953297,Estable
2002,Barri,la prosperitat,,,27168,25761.0,14.0,58.0,1335.0,,,,,,,,,37,-1.0422754727257926,-0.917439640460393,0.0033723453127869,3.6921966638804284e-16,-0.9798575565930928,1.0092936587501425e-17,-0.7903396631856147,-0.1949598077247823,0,Intermedi,-0.6842906937745314,0.7023869352056299,0.3210422009953297,Estable
2003,Barri,la prosperitat,,,27192,25202.0,15.0,76.0,1899.0,,,,,,,,,37,-1.0237063571382297,-0.6452762609067392,0.0033723453127869,3.6921966638804284e-16,-0.8344913090224844,1.0092936587501425e-17,-0.6730892420703531,-0.1658865582106606,0,Intermedi,-0.5827731112114567,0.5981846943529188,0.3210422009953297,Estable
2004,Barri,la prosperitat,,,26902,24525.0,7.0,84.0,2286.0,,,,,,,,,37,-1.014493052493034,-0.4462180258638675,0.0033723453127869,3.6921966638804284e-16,-0.7303555391784508,1.0092936587501425e-17,-0.5890947586780225,-0.1450594042418539,0,Intermedi,-0.510049134431523,0.5235375135113016,0.3210422009953297,Estable
2005,Barri,la prosperitat,,,26727,23941.0,5.0,131.0,2650.0,,,,,,,,,37,-0.9644474961248436,-0.2598199003882787,0.0033723453127869,3.6921966638804284e-16,-0.612133698256561,1.0092936587501425e-17,-0.4937386435909898,-0.121415036057476,0,Intermedi,-0.4274880468536305,0.4387930769748217,0.3210422009953297,Estable
2006,Barri,la prosperitat,,,26770,23563.0,5.0,136.0,3066.0,,,,,,,,,37,-0.959414622648199,-0.0575776820383688,0.0033723453127869,3.6921966638804284e-16,-0.5084961523432839,1.0092936587501425e-17,-0.4101460207864309,-0.1006875268748205,0,Intermedi,-0.3551120084009957,0.3645030357780597,0.3210422009953297,Estable
2007,Barri,la prosperitat,,,26492,23156.0,0.0,292.0,3043.0,,,,,,,,,37,-0.792258674483343,-0.0531901311223666,0.0033723453127869,3.6921966638804284e-16,-0.4227244028028548,1.0092936587501425e-17,-0.3409637042481767,-0.0835331769667347,0,Intermedi,-0.2952126795604375,0.3030196539522408,0.3210422009953297,Estable
2008,Barri,la prosperitat,,,26634,22822.0,0.0,398.0,3412.0,,,,,,,,,37,-0.6819507059214088,0.1209330340299026,0.0033723453127869,3.6921966638804284e-16,-0.2805088359457531,1.0092936587501425e-17,-0.2262545789745028,-0.0550900635953144,0,Intermedi,-0.1958953979255955,0.2010759015454074,0.3210422009953297,Estable
2009,Barri,la prosperitat,,,26819,22697.0,0.0,447.0,3674.0,,,,,,,,,37,-0.6334519373034604,0.2377706427210335,0.0033723453127869,3.6921966638804284e-16,-0.1978406472912134,1.0092936587501425e-17,-0.1595755520712833,-0.0385564258644064,0,Intermedi,-0.138163463536901,0.1418172314689611,0.3210422009953297,Estable
2010,Barri,la prosperitat,,,26574,22575.0,0.0,385.0,3613.0,,,,,,,,,37,-0.6947636330895577,0.2241944438919647,0.0033723453127869,3.6921966638804284e-16,-0.2352845945987964,1.0092936587501425e-17,-0.1897773263029479,-0.046045215325923,0,Intermedi,-0.1643127180977895,0.1686580097171979,0.3210422009953297,Estable
2011,Barri,la prosperitat,,,26555,22530.0,0.0,347.0,3677.0,0.0,0.0,0.0,0.0,1897.0,,,,37,-0.7347284370777125,0.2571644793840427,0.0033723453127869,3.6921966638804284e-16,-0.2387819788468348,1.0092936587501425e-17,-0.192598268459312,-0.0467446921755307,0,Intermedi,-0.1667551419760187,0.1711650241160634,0.3210422009953297,Estable
2012,Barri,la prosperitat,,,26463,22430.0,0.0,379.0,3653.0,,,,,2051.0,,,,37,-0.699432442896595,0.2515689794747907,0.0033723453127869,3.6921966638804284e-16,-0.2239317317109021,1.0092936587501425e-17,-0.1806202628393481,-0.0437746427483442,0,Intermedi,-0.1563843632368081,0.1605199874955157,0.3210422009953297,Estable
2013,Barri,la prosperitat,,,26308,22373.0,0.0,406.0,3527.0,,,,,2217.0,,,,37,-0.668186861213016,0.1992861269257868,0.0033723453127869,3.6921966638804284e-16,-0.2344503671436145,1.0092936587501425e-17,-0.1891044498817658,-0.0458783698348867,0,Intermedi,-0.1637301292508382,0.1680600141600202,0.3210422009953297,Estable
2014,Barri,la prosperitat,,-1.3173156836687898,26084,22440.0,0.0,368.0,3274.0,,,,,2147.0,0.7122136659707264,-0.8963629709262387,-0.3699328552926816,37,-0.7054419000253782,0.0868847441146227,-0.0920746524777561,-1.3173156836687898,-0.3092785779553778,-0.3699328552926816,-1.0202723460004397,-0.5586593874935757,2,Baixa gentrificació,-2.2072798529089344,-0.0016491638200042,0.3210422009953297,Estable
2015,Barri,la prosperitat,-0.6922492244853903,-1.0829354871849706,25974,22595.0,0.0,355.0,3021.0,,,,,198.0,0.5988990087139008,-1.0632965609245115,-0.3699328552926816,37,-0.7178410544966427,-0.0342058903932563,-0.3855489255653336,-1.0829354871849706,-0.3760234724449495,-0.3699328552926816,-1.0007471934703056,-0.5897365893726175,2,Baixa gentrificació,-2.3231977428012227,-0.3100803395913988,0.3210422009953297,Estable
2016,Barri,la prosperitat,-0.7848581509932862,-0.8485552907011512,26184,22656.0,0.0,357.0,3169.0,,,,,1811.0,0.6393685291627671,-1.0473981237818193,-0.3699328552926816,37,-0.7187759646667274,0.0278518698739158,-0.3976292485374461,-0.8485552907011512,-0.3454620473964058,-0.3699328552926816,-0.8625138647570048,-0.5169343423093967,2,Baixa gentrificació,-2.0373402227290223,-0.2925264500223862,0.3210422009953297,Estable
2017,Barri,la prosperitat,-0.7963146568594437,-0.5137264385814094,26415,22540.0,0.0,379.0,3495.0,,,,,1578.0,0.6960258577911799,-0.9361090637829704,-0.3699328552926816,37,-0.698700312231475,0.1762158219417109,-0.3454659542837446,-0.5137264385814094,-0.261242245144882,-0.3699328552926816,-0.6223990687275374,-0.3839927379470589,2,Baixa gentrificació,-1.5182917305781638,-0.1988946853249095,0.3210422009953297,Estable
2018,Barri,la prosperitat,-0.7939974229989128,-0.3463120125215385,26572,22350.0,0.0,422.0,3799.0,,,,,1484.0,0.9995472611576772,-0.983804375211048,-0.3709586050322434,37,-0.6555609946762785,0.3163717364659709,-0.2594181790174279,-0.3463120125215385,-0.1695946291051537,-0.3709586050322434,-0.4541161755781954,-0.2898297042891694,0,Intermedi,-1.153895837308961,-0.1026230578731439,0.3210422009953297,Estable
2019,Barri,la prosperitat,-0.8215295594705843,-0.2793462420975902,26855,22398.0,0.0,475.0,3982.0,,,,,135.0,0.9712185968434708,-0.9361090637829704,-0.3709586050322434,37,-0.6047492279348629,0.3861645661910447,-0.2621400088033612,-0.2793462420975902,-0.109292330871909,-0.3709586050322434,-0.3729206097279665,-0.2584960624511159,0,Intermedi,-1.0353420095677768,-0.1335484894529283,0.3210422009953297,Estable
2020,Barri,la prosperitat,-0.7953262281656028,-0.1454147012496934,27026,22275.0,0.0,518.0,4233.0,,,,,1419.0,0.5058191116815083,-0.9758551566397022,-0.3709586050322434,37,-0.5631381330025914,0.4959497610777838,-0.4217874243745989,-0.1454147012496934,-0.0335941859624037,-0.3709586050322434,-0.2687921715010393,-0.2510711958862172,0,Intermedi,-1.012528765168636,-0.3800728031653229,0.3210422009953297,Estable
2021,Barri,la prosperitat,-0.7083829259533285,-0.3463120125215385,26868,22015.0,0.0,515.0,4337.0,4809.0,6069.0,6747.0,5628.0,1843.0,0.8740917477661916,-0.9202106266402776,-0.3709586050322434,37,-0.5631084567198889,0.5589587885165079,-0.2515006016091381,-0.3463120125215385,-0.0020748341016904,-0.3709586050322434,-0.3178652746175476,-0.2539504720659897,0,Intermedi,-1.027514451064693,-0.2115706893438637,0.3210422009953297,Estable
2022,Barri,la prosperitat,,-0.0784489308257451,26346,21777.0,0.0,508.0,4059.0,4487.0,6143.0,6716.0,5647.0,1292.0,0.6717441455218601,-0.8566168780695069,-0.3709586050322434,37,-0.5598991453226625,0.4622637819832432,-0.0924363662738234,-0.0784489308257451,-0.0488176816697096,-0.3709586050322434,-0.2010484330483337,-0.1352208464702611,0,Intermedi,-0.5527771006262605,0.1101493311346025,0.3210422009953297,Estable
2023,Barri,la prosperitat,,0.3568285769299192,26664,21673.0,0.0,531.0,4457.0,4323.0,6496.0,6728.0,5881.0,1135.0,0.3358471257962698,-0.9758551566397022,-0.3432633620640743,37,-0.5421021951060893,0.6343753240209669,-0.3200040154217162,0.3568285769299192,0.0461365644574388,-0.3432633620640743,0.0653248866647017,-0.0483779910688662,0,Intermedi,-0.2153041607741239,-0.1901997813848828,0.3210422009953297,Estable
2024,Barri,la prosperitat,,0.3568285769299192,27291,21870.0,0.0,582.0,4838.0,,,,,1233.0,0.0647013387888655,-0.9202106266402776,-0.3432633620640743,37,-0.5024019978663955,0.7674502011217,-0.427754643925706,0.3568285769299192,0.1325241016276522,-0.3432633620640743,0.1196020975076784,-0.0634256721860204,0,Intermedi,-0.2828005829936075,-0.4036590362509346,0.3210422009953297,Estable
2025,Barri,la prosperitat,,0.5242430029897901,27922,21998.0,0.0,692.0,5230.0,,,,,1223.0,0.0687482908337521,-0.9679059380683558,,37,-0.4051330428842525,0.8993757833292806,-0.4495788236173018,0.5242430029897901,0.247121370222514,1.0092936587501425e-17,0.392495691605378,0.0718235278562492,0,Intermedi,0.2589379344307113,-0.6878848148767969,0.3210422009953297,Estable
2000,Barri,la sagrada familia,,,48923,47463.0,19.0,253.0,1188.0,,,,,,,,,38,-0.956852432820298,-1.2442724692215823,0.0033723453127869,3.6921966638804284e-16,-1.1005624510209402,1.0092936587501425e-17,-0.8876985751673244,-0.2191007866103518,0,Intermedi,-0.7685858399355704,0.788911287945507,0.7286357140112805,Gentrificació moderada
2001,Barri,la sagrada familia,,,49563,46924.0,20.0,336.0,2283.0,0.0,0.0,0.0,0.0,,,,,38,-0.9116204351947356,-0.9578881046911571,0.0033723453127869,3.6921966638804284e-16,-0.9347542699429464,1.0092936587501425e-17,-0.7539599709132164,-0.1859391503947531,0,Intermedi,-0.6527924835442082,0.6700557467948912,0.7286357140112805,Gentrificació moderada
2002,Barri,la sagrada familia,,,51539,47193.0,40.0,497.0,3809.0,,,,,,,,,38,-0.8310528083225447,-0.5917788052392057,0.0033723453127869,3.6921966638804284e-16,-0.7114158067808751,1.0092936587501425e-17,-0.5738182303467299,-0.1412714577623388,0,Intermedi,-0.4968224337391253,0.5099610293551742,0.7286357140112805,Gentrificació moderada
2003,Barri,la sagrada familia,,,52013,46328.0,33.0,684.0,4968.0,,,,,,,,,38,-0.732383944222208,-0.3076317198909237,0.0033723453127869,3.6921966638804284e-16,-0.5200078320565659,1.0092936587501425e-17,-0.4194311837226944,-0.1029898628174769,0,Intermedi,-0.36315127415397,0.3727549019584811,0.7286357140112805,Gentrificació moderada
2004,Barri,la sagrada familia,,,52029,45439.0,19.0,918.0,5653.0,,,,,,,,,38,-0.6059750784584275,-0.1348984871190016,0.0033723453127869,3.6921966638804284e-16,-0.3704367827887145,1.0092936587501425e-17,-0.2987892272410926,-0.0730756529639067,0,Intermedi,-0.2586972375611944,0.2655385518024313,0.7286357140112805,Gentrificació moderada
2005,Barri,la sagrada familia,,,52146,44728.0,21.0,1146.0,6251.0,,,,,,,,,38,-0.4840868943188672,0.0126889194569443,0.0033723453127869,3.6921966638804284e-16,-0.2356989874309614,1.0092936587501425e-17,-0.1901115698766144,-0.046128093892356,0,Intermedi,-0.164602112364037,0.1689550570884174,0.7286357140112805,Gentrificació moderada
2006,Barri,la sagrada familia,,,52541,44445.0,30.0,1390.0,6676.0,,,,,,,,,38,-0.3580908717825977,0.1072018548964999,0.0033723453127869,3.6921966638804284e-16,-0.1254445084430488,1.0092936587501425e-17,-0.1011818196270091,-0.0240771980947735,0,Intermedi,-0.0876050902859404,0.0899218291789727,0.7286357140112805,Gentrificació moderada
2007,Barri,la sagrada familia,,,51801,44005.0,24.0,1930.0,5842.0,,,,,,,,,38,-0.0541986212166808,-0.0806341725895661,0.0033723453127869,3.6921966638804284e-16,-0.0674163969031235,1.0092936587501425e-17,-0.0543771409049088,-0.0124715757867885,0,Intermedi,-0.0470807340293596,0.0483257960147112,0.7286357140112805,Gentrificació moderada
2008,Barri,la sagrada familia,,,52571,43922.0,21.0,2360.0,6268.0,,,,,,,,,38,0.1605513243528646,0.0041980105567286,0.0033723453127869,3.6921966638804284e-16,0.0823746674547966,1.0092936587501425e-17,0.0664422767301134,0.0174866370847955,0,Intermedi,0.0575269517113058,-0.0590482665800216,0.7286357140112805,Gentrificació moderada
2009,Barri,la sagrada familia,,,52969,43659.0,8.0,2579.0,6723.0,,,,,,,,,38,0.2673730644432349,0.105369111802766,0.0033723453127869,3.6921966638804284e-16,0.1863710881230005,1.0092936587501425e-17,0.150324362988851,0.0382859212184363,0,Intermedi,0.1301536129747507,-0.1335955583715662,0.7286357140112805,Gentrificació moderada
2010,Barri,la sagrada familia,,,52164,43356.0,9.0,2609.0,6190.0,,,,,,,,,38,0.3046893761814454,-0.0032315753055173,0.0033723453127869,3.6921966638804284e-16,0.150728900437964,1.0092936587501425e-17,0.1215758633516858,0.031157483681429,0,Intermedi,0.1052626304288417,-0.1080463274617587,0.7286357140112805,Gentrificació moderada
2011,Barri,la sagrada familia,,,51976,43174.0,10.0,2434.0,6358.0,0.0,0.0,0.0,0.0,3084.0,,,,38,0.2150605395712148,0.0449140666914223,0.0033723453127869,3.6921966638804284e-16,0.1299873031313186,1.0092936587501425e-17,0.1048459755032285,0.0270091642200999,0,Intermedi,0.0907775841938506,-0.0931782204951316,0.7286357140112805,Gentrificació moderada
2012,Barri,la sagrada familia,,,52092,42898.0,8.0,2474.0,6712.0,,,,,3265.0,,,,38,0.2337285724591309,0.1306901487624232,0.0033723453127869,3.6921966638804284e-16,0.182209360610777,1.0092936587501425e-17,0.1469675706692436,0.0374535757159916,0,Intermedi,0.1272472401173104,-0.130612325744739,0.7286357140112805,Gentrificació moderada
2013,Barri,la sagrada familia,,,51821,42489.0,13.0,2591.0,6728.0,,,,,33.0,,,,38,0.3042307963600145,0.1436102800985442,0.0033723453127869,3.6921966638804284e-16,0.2239205382292793,1.0092936587501425e-17,0.1806112343306265,0.045795811239692,0,Intermedi,0.1563765461870195,-0.1605119637218577,0.7286357140112805,Gentrificació moderada
2014,Barri,la sagrada familia,,-0.7815895202772029,51283,42261.0,20.0,2666.0,6336.0,,,,,3042.0,-0.6835800943106723,-0.1729840809337202,0.4404094389611548,38,0.3601288119743501,0.0610090779320726,-0.4282820876221963,-0.7815895202772029,0.2105689449532113,0.4404094389611548,-0.1465208358125304,-0.2327658055869464,2,Baixa gentrificació,-0.924843957015373,-1.2178647133208556,0.7286357140112805,Gentrificació moderada
2015,Barri,la sagrada familia,0.3268309102614382,-0.5806922090053578,51094,42395.0,15.0,2761.0,5923.0,,,,,2805.0,-0.6856035703331157,-0.2286286109331449,0.4404094389611548,38,0.4178445569874148,-0.039268671648112,-0.1958004236682741,-0.5806922090053578,0.1892879426696514,0.4404094389611548,-0.0316182042176057,-0.1070083134759283,0,Intermedi,-0.4248994276851455,-0.8272748525407577,0.7286357140112805,Gentrificació moderada
2016,Barri,la sagrada familia,0.2714683188957678,-0.2123804716736418,51354,42192.0,8.0,2920.0,6234.0,,,,,2479.0,-0.6738674094029445,-0.2683747037898767,0.4178429446907948,38,0.4972485627874989,0.0326457858348228,-0.2235912647656845,-0.2123804716736418,0.2649471743111609,0.4178429446907948,0.1999818992559298,0.0057665028685932,0,Intermedi,0.0141940797862345,-0.8179674074619115,0.7286357140112805,Gentrificació moderada
2017,Barri,la sagrada familia,0.2381104763041302,0.1559312656580741,51658,41708.0,7.0,3141.0,6802.0,,,,,2239.0,-0.5641950089865168,-0.1332379880769885,0.4178429446907948,38,0.6081870344235645,0.1678333531809078,-0.1531075069197917,0.1559312656580741,0.3880101938022361,0.4178429446907948,0.490518622145696,0.1620177553200909,0,Intermedi,0.6219378973629478,-0.7183502645721326,0.7286357140112805,Gentrificació moderada
2018,Barri,la sagrada familia,0.2420313209274101,0.2898628065059708,51661,41116.0,5.0,3343.0,7197.0,,,,,2077.0,-0.4646399886823057,-0.1252887695056426,0.4137399457325476,38,0.7180861118289403,0.2682719305975514,-0.1159658124201794,0.2898628065059708,0.4931790212132458,0.4137399457325476,0.6453367592852804,0.2335528916148961,0,Intermedi,0.8953378568790261,-0.7067161747134305,0.7286357140112805,Gentrificació moderada
2019,Barri,la sagrada familia,0.2224005434641352,0.5577258882017643,51917,40442.0,9.0,3734.0,7732.0,,,,,1931.0,-0.4747573687945223,-0.1491364252196814,0.4137399457325476,38,0.920977546391538,0.3947409610442289,-0.1338310835166895,0.5577258882017643,0.6578592537178835,0.4137399457325476,0.90739438999221,0.3414882812956086,1,Gentrificació residencial,1.307830584978482,-0.7853733881894955,0.7286357140112805,Gentrificació moderada
2020,Barri,la sagrada familia,0.2348024174722378,0.4907601177778159,52252,39901.0,15.0,4033.0,8303.0,,,,,193.0,-1.213730812190821,-0.1491364252196814,0.4106626965138621,38,1.0689834666977307,0.5258781867652428,-0.3760216066460882,0.4907601177778159,0.7974308267314867,0.4106626965138621,0.9514993899088136,0.2760402579885881,0,Intermedi,1.035732213594832,-1.2402557942603187,0.7286357140112805,Gentrificació moderada
2021,Barri,la sagrada familia,0.2642429586160117,0.2563799212939966,52164,39292.0,10.0,3939.0,8923.0,4839.0,24126.0,6612.0,10299.0,2639.0,-0.3743929580813338,-0.1093903323629497,0.4004051991182439,38,1.0219526543404054,0.6856896196700213,-0.0731801106094239,0.2563799212939966,0.8538211370052133,0.4004051991182439,0.9219367339386118,0.3058052104300633,1,Gentrificació residencial,1.1469125927092751,-0.9049023045611888,0.7286357140112805,Gentrificació moderada
2022,Barri,la sagrada familia,,0.8255889698975577,51402,38684.0,12.0,4184.0,8522.0,4365.0,24481.0,6592.0,10145.0,1743.0,-0.5674325706224261,-0.1014411137916038,0.3952764504204348,38,1.1875299049607506,0.6164528896746064,-0.334436842207015,0.8255889698975577,0.9019913973176784,0.3952764504204348,1.2019718115622593,0.4067992078547855,1,Gentrificació residencial,1.5435082697180194,-1.166592348126356,0.7286357140112805,Gentrificació moderada
2023,Barri,la sagrada familia,,1.2943493628651963,51712,38208.0,9.0,4323.0,9172.0,4182.0,25624.0,6356.0,10388.0,1669.0,-0.733357604462778,-0.0298981466494862,7.319087192462709,38,1.2494200959704145,0.7686651395973254,-0.3816278755561321,1.2943493628651963,1.0090426177838698,7.319087192462709,3.553784206513685,1.939442408242035,3,Gentrificació turística,7.937635327956408,-5.467078476005916,0.7286357140112805,Gentrificació moderada
2024,Barri,la sagrada familia,,1.3278322480771705,52825,37999.0,11.0,4684.0,10131.0,,,,,1777.0,-0.8106543885201126,0.0177971647785914,8.006339517969126,38,1.392119310285378,0.958240922384014,-0.3964286118707606,1.3278322480771705,1.175180116334696,8.006339517969126,3.9047925939564703,2.115725017722688,3,Gentrificació turística,8.65339199604306,-6.022785786034079,0.7286357140112805,Gentrificació moderada
2025,Barri,la sagrada familia,,1.3613151332891449,53555,37982.0,10.0,5008.0,10555.0,,,,,1771.0,-0.8648835459215934,-0.1650348623623743,,38,1.5283112564087251,1.0279702301590783,-0.5149592041419839,1.3613151332891449,1.2781407432839018,1.0092936587501425e-17,1.6265765478588476,0.5095349274009286,1,Gentrificació residencial,1.897274047066123,-1.3172853351580007,0.7286357140112805,Gentrificació moderada
2000,Barri,la sagrera,,,27793,27171.0,0.0,65.0,556.0,,,,,,,,,39,-1.0365406931510317,-1.300525197663169,0.0033723453127869,3.6921966638804284e-16,-1.1685329454071005,1.0092936587501425e-17,-0.9425226435007852,-0.2326948854875839,0,Intermedi,-0.8160535319962631,0.8376342751951041,0.5404245052795462,Estable
2001,Barri,la sagrera,,,27948,26901.0,0.0,79.0,967.0,0.0,0.0,0.0,0.0,,,,,39,-1.0228134973597025,-1.1086128402701636,0.0033723453127869,3.6921966638804284e-16,-1.0657131688149328,1.0092936587501425e-17,-0.859589622212243,-0.2121309301691503,0,Intermedi,-0.7442485887322344,0.7639304319444562,0.5404245052795462,Estable
2002,Barri,la sagrera,,,28479,26846.0,15.0,106.0,1512.0,,,,,,,,,39,-0.9976253147553128,-0.8654598980273936,0.0033723453127869,3.6921966638804284e-16,-0.9315426063913532,1.0092936587501425e-17,-0.7513694871510078,-0.1852968176844344,0,Intermedi,-0.6505495948048168,0.6677535442923574,0.5404245052795462,Estable
2003,Barri,la sagrera,,,28840,26595.0,14.0,150.0,2081.0,,,,,,,,,39,-0.956016417246328,-0.6147698810335274,0.0033723453127869,3.6921966638804284e-16,-0.7853931491399277,1.0092936587501425e-17,-0.6334873398514906,-0.1560669262341493,0,Intermedi,-0.54848505203079,0.5629898787268083,0.5404245052795462,Estable
2004,Barri,la sagrera,,,28796,26192.0,0.0,173.0,2429.0,,,,,,,,,39,-0.933323341401117,-0.4544113392573602,0.0033723453127869,3.6921966638804284e-16,-0.6938673403292386,1.0092936587501425e-17,-0.559663878041653,-0.1377617644720115,0,Intermedi,-0.4845673337992713,0.4973818401805967,0.5404245052795462,Estable
2005,Barri,la sagrera,,,28832,25974.0,0.0,209.0,2647.0,,,,,,,,,39,-0.8984086217525258,-0.3563742498683695,0.0033723453127869,3.6921966638804284e-16,-0.6273914358104477,1.0092936587501425e-17,-0.5060453253920069,-0.1244665835682533,0,Intermedi,-0.4381433995076229,0.4497302131397027,0.5404245052795462,Estable
2006,Barri,la sagrera,,,28829,25624.0,0.0,276.0,2928.0,,,,,,,,,39,-0.8330076794402964,-0.2280812355310464,0.0033723453127869,3.6921966638804284e-16,-0.5305444574856715,1.0092936587501425e-17,-0.427929881249411,-0.1050971879032981,0,Intermedi,-0.3705096036136053,0.3803078243121049,0.5404245052795462,Estable
2007,Barri,la sagrera,,,28347,25245.0,0.0,416.0,2685.0,,,,,,,,,39,-0.6894909135686815,-0.3180927986857647,0.0033723453127869,3.6921966638804284e-16,-0.5037918561272231,1.0092936587501425e-17,-0.4063515999934188,-0.0997466676316084,0,Intermedi,-0.3518267287195268,0.3611308760398758,0.5404245052795462,Estable
2008,Barri,la sagrera,,,28707,25222.0,0.0,504.0,2979.0,,,,,,,,,39,-0.6084313447532337,-0.1990450467908407,0.0033723453127869,3.6921966638804284e-16,-0.4037381957720372,1.0092936587501425e-17,-0.3256496901152632,-0.0797359355605712,0,Intermedi,-0.2819535229678837,0.2894098555914232,0.5404245052795462,Estable
2009,Barri,la sagrera,,,28943,25190.0,0.0,558.0,3193.0,,,,,,,,,39,-0.559972045158475,-0.1129479268864689,0.0033723453127869,3.6921966638804284e-16,-0.3364599860224719,1.0092936587501425e-17,-0.271384009072724,-0.0662802936106582,0,Intermedi,-0.2349692929482578,0.2411831156595266,0.5404245052795462,Estable
2010,Barri,la sagrera,,,28882,25096.0,0.0,545.0,3238.0,,,,,,,,,39,-0.5714888946102521,-0.0893967761824742,0.0033723453127869,3.6921966638804284e-16,-0.3304428353963632,1.0092936587501425e-17,-0.2665306579226744,-0.0650768634854364,0,Intermedi,-0.2307671717840326,0.2368698683323968,0.5404245052795462,Estable
2011,Barri,la sagrera,,,29120,25240.0,0.0,501.0,3378.0,0.0,0.0,0.0,0.0,1884.0,,,,39,-0.6183343971941432,-0.0382278373934377,0.0033723453127869,3.6921966638804284e-16,-0.3282811172937904,1.0092936587501425e-17,-0.264787045756198,-0.0646445198649218,0,Intermedi,-0.2292575201308904,0.2353202935573408,0.5404245052795462,Estable
2012,Barri,la sagrera,,,29100,25127.0,0.0,534.0,3439.0,,,,,1984.0,,,,39,-0.5860996872320029,-0.0096157795192793,0.0033723453127869,3.6921966638804284e-16,-0.2978577333756411,1.0092936587501425e-17,-0.2402479616443815,-0.058559843081292,0,Intermedi,-0.2080111273789646,0.2135120345455392,0.5404245052795462,Estable
2013,Barri,la sagrera,,,28924,25062.0,0.0,553.0,3309.0,,,,,2061.0,,,,39,-0.5644788299698256,-0.0592598373630589,0.0033723453127869,3.6921966638804284e-16,-0.3118693336664422,1.0092936587501425e-17,-0.2515495262238564,-0.0613621631394522,0,Intermedi,-0.2177962309579181,0.2235559076772632,0.5404245052795462,Estable
2014,Barri,la sagrera,,-1.2503499132448417,28671,25067.0,0.0,545.0,3059.0,,,,,1935.0,1.2261765756713283,-0.1014411137916038,-0.3524951097201307,39,-0.5675822249007435,-0.1606416884897173,0.5623677309398624,-1.2503499132448417,-0.3641119566952304,-0.3524951097201307,-0.932867304575756,-0.3497160679745659,0,Intermedi,-1.3748786376884627,0.9634018284379472,0.5404245052795462,Estable
2015,Barri,la sagrera,-0.0871968136793925,-1.0494526019729964,28899,25423.0,0.0,612.0,2864.0,,,,,1791.0,1.0602515418309766,-0.1968317366477602,-0.3524951097201307,39,-0.5065798098321633,-0.2604365524648871,0.2587409971679413,-1.0494526019729964,-0.3835081811485252,-0.3524951097201307,-0.8930753570118685,-0.3844141396152477,0,Intermedi,-1.5096093235533996,0.59868774988685,0.5404245052795462,Estable
2016,Barri,la sagrera,-0.1487502459131349,-0.7815895202772029,28804,25436.0,0.0,652.0,2715.0,,,,,1593.0,0.8902795559457382,-0.4353082937881506,-0.3514693599805689,39,-0.465548376911124,-0.3241582283446893,0.1020736720814841,-0.7815895202772029,-0.3948533026279066,-0.3514693599805689,-0.7925351622232747,-0.3531192869804107,0,Intermedi,-1.3838457624825449,0.4503739239410378,0.5404245052795462,Estable
2017,Barri,la sagrera,-0.1865378691702948,-0.6811408646412803,29127,25532.0,0.0,694.0,2899.0,,,,,139.0,1.4325711299605466,-0.6260895395004624,-0.3514693599805689,39,-0.4320449262471105,-0.2548366729837029,0.2066479070965964,-0.6811408646412803,-0.3434407996154067,-0.3514693599805689,-0.6867003588873352,-0.2813299191826003,0,Intermedi,-1.1043785444540857,0.5847804254800884,0.5404245052795462,Estable
2018,Barri,la sagrera,-0.2126067627459276,-0.3128291273095643,29290,25451.0,0.0,758.0,3079.0,,,,,131.0,1.5904022597111251,-0.2365778295044919,-0.3514693599805689,39,-0.374305781218495,-0.1813119393984902,0.3804058891535685,-0.3128291273095643,-0.2778088603084926,-0.3514693599805689,-0.4277248196379252,-0.105582615504611,0,Intermedi,-0.4142267601691635,0.8708047301647334,0.5404245052795462,Estable
2019,Barri,la sagrera,-0.2360501584977318,-0.0784489308257451,29489,25261.0,6.0,853.0,3369.0,,,,,1223.0,1.5580266433520322,-0.3001715780752625,-0.3514693599805689,39,-0.2885909201491732,-0.0613278676376657,0.3406016355930126,-0.0784489308257451,-0.1749593938934195,-0.3514693599805689,-0.2351477856345566,-0.0266399393446174,0,Intermedi,-0.1107755703403246,0.7975513182525403,0.5404245052795462,Estable
2020,Barri,la sagrera,-0.1589764423483561,-0.1454147012496934,29608,25038.0,0.0,891.0,3676.0,,,,,1202.0,0.7122136659707264,-0.4273590752168036,-0.3514693599805689,39,-0.2557560825910822,0.0689764587208305,0.0419593828018555,-0.1454147012496934,-0.0933898119351258,-0.3514693599805689,-0.2449881881776972,-0.1200084299174903,0,Intermedi,-0.4877637566159967,0.3029577611468128,0.5404245052795462,Estable
2021,Barri,la sagrera,-0.1227529332298447,-0.2793462420975902,29568,24932.0,0.0,862.0,3771.0,3465.0,10632.0,5220.0,6396.0,1627.0,2.051754792828201,-0.395562200931419,-0.3514693599805689,39,-0.2822022311990231,0.1134326390055337,0.5111465528889791,-0.2793462420975902,-0.0843847960967447,-0.3514693599805689,-0.2365508456829513,-0.017630737978046,0,Intermedi,-0.0842134126948726,0.92408409244831,0.5404245052795462,Estable
2022,Barri,la sagrera,,0.0219997248101774,29441,24763.0,0.0,907.0,3768.0,3279.0,10886.0,5238.0,6401.0,1088.0,1.643012636294651,-0.3637653266460331,-0.3514693599805689,39,-0.2356654778437802,0.1193268818894788,0.639623654824309,0.0219997248101774,-0.0581692979771507,-0.3514693599805689,-0.0487860967579427,0.116559282298802,0,Intermedi,0.4450241765401988,1.158553984787684,0.5404245052795462,Estable
2023,Barri,la sagrera,,0.5577258882017643,29908,24585.0,0.0,983.0,4336.0,3172.0,11444.0,5191.0,6583.0,109.0,0.9550307886639242,-0.2445270480758378,-0.1483709115473288,39,-0.1777115992761207,0.3427739555246264,0.3552518702940431,0.5577258882017643,0.0825311781242528,-0.1483709115473288,0.3475047317419725,0.260725380864127,0,Intermedi,1.013942952749627,0.6615390906975044,0.5404245052795462,Estable
2024,Barri,la sagrera,,0.5242430029897901,30392,24563.0,0.0,1102.0,4724.0,,,,,1093.0,0.8538569875417584,-0.0298981466494862,-0.1381134141517107,39,-0.0822861627437813,0.4802849232266025,0.4119794204461361,0.5242430029897901,0.1989993802414106,-0.1381134141517107,0.4361067516697636,0.2930439202487178,0,Intermedi,1.131359555780287,0.6434395051401346,0.5404245052795462,Estable
2025,Barri,la sagrera,,0.4237943473538675,30965,24535.0,5.0,1212.0,5213.0,,,,,1107.0,0.8012466109582322,-0.0298981466494862,,39,-0.001226469820044,0.6501169292149456,0.385674232154373,0.4237943473538675,0.3244452296974507,1.0092936587501425e-17,0.5248360586929589,0.3077296197919623,1,Gentrificació residencial,1.1843024555321569,0.407147735282531,0.5404245052795462,Estable
2000,Barri,la salut,,,13023,12706.0,0.0,115.0,202.0,,,,,,,,,40,-0.8539141952923479,-1.3596181427180274,0.0033723453127869,3.6921966638804284e-16,-1.1067661690051875,1.0092936587501425e-17,-0.892702408989065,-0.2203415302072013,0,Intermedi,-0.7729182517793718,0.7933582715223709,0.6487854583076008,Gentrificació moderada
2001,Barri,la salut,,,12978,12519.0,0.0,140.0,319.0,0.0,0.0,0.0,0.0,,,,,40,-0.7988614621843442,-1.2403671237263454,0.0033723453127869,3.6921966638804284e-16,-1.019614292955345,1.0092936587501425e-17,-0.8224069013412825,-0.2029111549972327,0,Intermedi,-0.712055101493269,0.7308855797477536,0.6487854583076008,Gentrificació moderada
2002,Barri,la salut,,,13134,12443.0,8.0,182.0,501.0,,,,,,,,,40,-0.7125058281449599,-1.0619948179872118,0.0033723453127869,3.6921966638804284e-16,-0.8872503230660859,1.0092936587501425e-17,-0.7156439390348844,-0.1764383610193809,0,Intermedi,-0.6196177546801285,0.636003703788741,0.6487854583076008,Gentrificació moderada
2003,Barri,la salut,,,13185,12251.0,8.0,216.0,710.0,,,,,,,,,40,-0.64147050650725,-0.8555017240602489,0.0033723453127869,3.6921966638804284e-16,-0.7484861152837494,1.0092936587501425e-17,-0.6037186326441989,-0.1486855194629137,0,Intermedi,-0.5227107549070172,0.536533973760474,0.6487854583076008,Gentrificació moderada
2004,Barri,la salut,,,13182,12035.0,0.0,288.0,856.0,,,,,,,,,40,-0.4877097961308385,-0.7097033686820344,0.0033723453127869,3.6921966638804284e-16,-0.5987065824064365,1.0092936587501425e-17,-0.4829085161432422,-0.1187296128874511,0,Intermedi,-0.4181111222602038,0.4291681772257081,0.6487854583076008,Gentrificació moderada
2005,Barri,la salut,,,13199,11888.0,5.0,347.0,959.0,,,,,,,,,40,-0.3627511757762006,-0.6081914099636075,0.0033723453127869,3.6921966638804284e-16,-0.4854712928699041,1.0092936587501425e-17,-0.3915744849967202,-0.0960825549801446,0,Intermedi,-0.3390324293263783,0.3479982281453279,0.6487854583076008,Gentrificació moderada
2006,Barri,la salut,,,13159,11821.0,8.0,394.0,936.0,,,,,,,,,40,-0.2600246119211034,-0.6282702325888362,0.0033723453127869,3.6921966638804284e-16,-0.4441474222549698,1.0092936587501425e-17,-0.3582432178512285,-0.0878177808571577,0,Intermedi,-0.3101736019363423,0.3183762217253568,0.6487854583076008,Gentrificació moderada
2007,Barri,la salut,,,13001,11673.0,8.0,529.0,791.0,,,,,,,,,40,0.0423275568966631,-0.7635569097621179,0.0033723453127869,3.6921966638804284e-16,-0.3606146764327274,1.0092936587501425e-17,-0.2908668509967791,-0.0711112316927092,0,Intermedi,-0.2518378977240503,0.2584978149787723,0.6487854583076008,Gentrificació moderada
2008,Barri,la salut,,,13182,11679.0,8.0,601.0,894.0,,,,,,,,,40,0.1802662245940328,-0.6717977935836259,0.0033723453127869,3.6921966638804284e-16,-0.2457657844947965,1.0092936587501425e-17,-0.1982313102891419,-0.0481414533051231,0,Intermedi,-0.1716323337472864,0.1761711944641283,0.6487854583076008,Gentrificació moderada
2009,Barri,la salut,,,13246,11661.0,0.0,633.0,951.0,,,,,,,,,40,0.2420306748675462,-0.6195229098070718,0.0033723453127869,3.6921966638804284e-16,-0.1887461174697627,1.0092936587501425e-17,-0.1522400290786269,-0.0367375199001163,0,Intermedi,-0.1318122320959641,0.1352980400972731,0.6487854583076008,Gentrificació moderada
2010,Barri,la salut,,,13326,11724.0,0.0,637.0,965.0,,,,,,,,,40,0.2424042439190583,-0.6113760427890103,0.0033723453127869,3.6921966638804284e-16,-0.1844858994349759,1.0092936587501425e-17,-0.1488037956546406,-0.0358854762931589,0,Intermedi,-0.1288370776614858,0.1322442069471101,0.6487854583076008,Gentrificació moderada
2011,Barri,la salut,,,13147,11557.0,0.0,598.0,991.0,0.0,0.0,0.0,0.0,7900.0,,,,40,0.177261395659277,-0.5724071367863787,0.0033723453127869,3.6921966638804284e-16,-0.1975728705635508,1.0092936587501425e-17,-0.1593595670361874,-0.0385028705188739,0,Intermedi,-0.1379764596999494,0.141625282267981,0.6487854583076008,Gentrificació moderada
2012,Barri,la salut,,,13186,11554.0,0.0,622.0,1009.0,,,,,8370.0,,,,40,0.2246798329024084,-0.5573888747894137,0.0033723453127869,3.6921966638804284e-16,-0.1663545209435026,1.0092936587501425e-17,-0.1341792744947831,-0.0322592005948643,0,Intermedi,-0.116174896833736,0.1192471715270243,0.6487854583076008,Gentrificació moderada
2013,Barri,la salut,,,13199,11585.0,0.0,682.0,930.0,,,,,8340.0,,,,40,0.3512544278626678,-0.6370820903530098,0.0033723453127869,3.6921966638804284e-16,-0.1429138312451709,1.0092936587501425e-17,-0.1152723357501026,-0.0275710626551979,0,Intermedi,-0.0998049196791014,0.1024442861631932,0.6487854583076008,Gentrificació moderada
2014,Barri,la salut,,-0.9490039463370736,13159,11596.0,0.0,688.0,873.0,,,,,7930.0,-0.016237702108867,0.0575432576353231,-0.3381346133662652,40,0.3684999955955162,-0.6912235271714409,0.020652777763228,-0.9490039463370736,-0.1613617657879623,-0.3381346133662652,-0.6942744144645604,-0.3784046264029992,2,Baixa gentrificació,-1.5053469236318708,0.1199496164761458,0.6487854583076008,Gentrificació moderada
2015,Barri,la salut,0.6426618035692208,-0.5137264385814094,13220,11613.0,0.0,729.0,878.0,,,,,7230.0,-0.125505407320806,-0.1809332995050673,-0.3381346133662652,40,0.4489601947872432,-0.6902755164365575,0.1120743655811157,-0.5137264385814094,-0.1206576608246571,-0.3381346133662652,-0.4342288093933456,-0.2122540767382725,0,Intermedi,-0.8506100577128555,0.3241781534872419,0.6487854583076008,Gentrificació moderada
2016,Barri,la salut,0.5911774623758878,-0.245863356885616,13123,11546.0,0.0,676.0,899.0,,,,,6190.0,-0.0607541746026199,-0.2286286109331449,-0.3350573641475798,40,0.3468104537243447,-0.6627784263840591,0.1005982256133742,-0.245863356885616,-0.1579839863298572,-0.3350573641475798,-0.3332862652893714,-0.1421878094771599,0,Intermedi,-0.5690249626268076,0.3974118162168213,0.6487854583076008,Gentrificació moderada
2017,Barri,la salut,0.625668281229893,-0.1788975864616676,13207,11518.0,0.0,697.0,988.0,,,,,5540.0,0.3682227421553628,-0.1332379880769885,-0.3350573641475798,40,0.3823249670866632,-0.5798969440628589,0.2868843451027558,-0.1788975864616676,-0.0987859884880978,-0.3350573641475798,-0.22596476281465,-0.054372642934809,0,Intermedi,-0.2270200604268729,0.6330881898047355,0.6487854583076008,Gentrificació moderada
2018,Barri,la salut,0.5766917579551498,-0.0114831604017967,13260,11441.0,0.0,742.0,1074.0,,,,,5340.0,0.3277532217064965,0.0734416947780161,-0.3360831138871416,40,0.4718607934607366,-0.4985470179867827,0.3259622248132208,-0.0114831604017967,-0.013343112263023,-0.3360831138871416,-0.0694003682456761,0.0244584740933942,0,Intermedi,0.0773217883696723,0.667751697787072,0.6487854583076008,Gentrificació moderada
2019,Barri,la salut,0.6343241521866236,0.0889654952341257,13431,11393.0,0.0,852.0,1184.0,,,,,5120.0,0.2953776053474035,0.1688323176341725,-0.3360831138871416,40,0.6822184087140167,-0.4044142740660577,0.3661780250560665,0.0889654952341257,0.1389020673239795,-0.3360831138871416,0.1085653438452123,0.0971068467744252,0,Intermedi,0.3508571038046197,0.6393686550798188,0.6487854583076008,Gentrificació moderada
2020,Barri,la salut,0.6636642710971534,0.2563799212939966,13478,11309.0,0.0,891.0,1275.0,,,,,5360.0,-0.1781157839043322,0.3278166890610995,-0.3360831138871416,40,0.7573977446439238,-0.3196761353920124,0.2711217254179736,0.2563799212939966,0.2188608046259557,-0.3360831138871416,0.2418357294245856,0.1348060321613539,0,Intermedi,0.4931060434253245,0.4886918877021981,0.6487854583076008,Gentrificació moderada
2021,Barri,la salut,0.6504365960887128,-0.0784489308257451,13455,11189.0,0.0,837.0,1426.0,984.0,6432.0,1476.0,2541.0,6900.0,0.4329739748735489,0.1847307547768654,-0.3371088636267034,40,0.6476731431659826,-0.1699811800878541,0.4227137752463757,-0.0784489308257451,0.2388459815390642,-0.3371088636267034,0.1145934133148592,0.0836268769086613,0,Intermedi,0.2876852576984155,0.6075460917311383,0.6487854583076008,Gentrificació moderada
2022,Barri,la salut,,0.2228970360820225,13337,11162.0,0.0,843.0,1329.0,1011.0,6556.0,1451.0,2498.0,4490.0,0.3601288380655896,0.1767815362055184,-0.3371088636267034,40,0.6758122795040027,-0.2532857080505933,0.268455187135554,0.2228970360820225,0.2112632857267047,-0.3371088636267034,0.218551256045329,0.1222365513852731,0,Intermedi,0.4439399335384491,0.4829562344813461,0.6487854583076008,Gentrificació moderada
2023,Barri,la salut,,0.8255889698975577,13491,11072.0,0.0,915.0,1501.0,985.0,6826.0,1414.0,2547.0,4440.0,-0.125505407320806,0.1449846619201336,0.0054915493869438,40,0.8056511875189114,-0.1005998212388511,0.0097396272996638,0.8255889698975577,0.3525256831400301,0.0054915493869438,0.6930425270209748,0.3222020256645612,1,Gentrificació residencial,1.240572667243493,-0.0482896399646309,0.6487854583076008,Gentrificació moderada
2024,Barri,la salut,,1.1939007072292738,13679,11010.0,0.0,974.0,1693.0,,,,,4720.0,-0.2833365370713847,0.1370354433487866,0.0054915493869438,40,0.9007660628936328,0.0638577678614127,-0.073150546861299,1.1939007072292738,0.4823119153775228,0.0054915493869438,0.9670789497940924,0.4337857410632858,1,Gentrificació residencial,1.671062457151669,-0.1691883922346551,0.6487854583076008,Gentrificació moderada
2025,Barri,la salut,,1.227383592441248,14017,11100.0,0.0,1051.0,1864.0,,,,,4560.0,-0.3076182493407044,-0.0855426766489108,,40,1.007001540058162,0.1850283526065123,-0.1965804629948076,1.227383592441248,0.5960149463323372,1.0092936587501425e-17,1.056000817623014,0.4284439281003995,1,Gentrificació residencial,1.639262384078736,-0.412827320902895,0.6487854583076008,Gentrificació moderada
2000,Barri,la teixonera,,,11367,11162.0,0.0,25.0,180.0,,,,,,,,,41,-1.0404614078427434,-1.355353924502506,0.0033723453127869,3.6921966638804284e-16,-1.197907666172625,1.0092936587501425e-17,-0.9662158902995512,-0.2385698296406887,0,Intermedi,-0.8365675831630094,0.8586908256622512,0.3585696509404669,Estable
2001,Barri,la teixonera,,,11480,11041.0,0.0,32.0,405.0,0.0,0.0,0.0,0.0,,,,,41,-1.023916874365287,-1.0996874714452467,0.0033723453127869,3.6921966638804284e-16,-1.061802172905267,1.0092936587501425e-17,-0.8564350665636516,-0.2113487309872171,0,Intermedi,-0.7415173161239177,0.7611269301373736,0.3585696509404669,Estable
2002,Barri,la teixonera,,,11833,11107.0,5.0,41.0,680.0,,,,,,,,,41,-1.0048595381393297,-0.807936480797737,0.0033723453127869,3.6921966638804284e-16,-0.9063980094685332,1.0092936587501425e-17,-0.7310882002137351,-0.1802678982998704,0,Intermedi,-0.6329896815733238,0.6497292546894814,0.3585696509404669,Estable
2003,Barri,la teixonera,,,11955,10850.0,0.0,61.0,1040.0,,,,,,,,,41,-0.958791395841054,-0.4196855432246217,0.0033723453127869,3.6921966638804284e-16,-0.6892384695328377,1.0092936587501425e-17,-0.5559302943574314,-0.1368359903127313,0,Intermedi,-0.481334728011472,0.494063747310597,0.3585696509404669,Estable
2004,Barri,la teixonera,,,12028,10686.0,0.0,85.0,1255.0,,,,,,,,,41,-0.903529909772672,-0.1915858142390002,0.0033723453127869,3.6921966638804284e-16,-0.5475578620058362,1.0092936587501425e-17,-0.4416526599406933,-0.108499868807331,0,Intermedi,-0.3823910391388353,0.3925034674215805,0.3585696509404669,Estable
2005,Barri,la teixonera,,,12084,10525.0,0.0,121.0,1436.0,,,,,,,,,41,-0.8206424081528362,-0.0009881821860143,0.0033723453127869,3.6921966638804284e-16,-0.4108152951694253,1.0092936587501425e-17,-0.3313579814035505,-0.0811513554400488,0,Intermedi,-0.2868958671116468,0.2944829012830443,0.3585696509404669,Estable
2006,Barri,la teixonera,,,11926,10307.0,0.0,139.0,1480.0,,,,,,,,,41,-0.7744509019193369,0.0682266160926454,0.0033723453127869,3.6921966638804284e-16,-0.3531121429133457,1.0092936587501425e-17,-0.2848154103819171,-0.0696107249888329,0,Intermedi,-0.2465984485485041,0.2531198072372405,0.3585696509404669,Estable
2007,Barri,la teixonera,,,11748,10209.0,0.0,260.0,1279.0,,,,,,,,,41,-0.4797357720278333,-0.1320234027163364,0.0033723453127869,3.6921966638804284e-16,-0.3058795873720849,1.0092936587501425e-17,-0.2467182790318571,-0.0601642138805807,0,Intermedi,-0.2136132478092753,0.2192623044754052,0.3585696509404669,Estable
2008,Barri,la teixonera,,,11938,10160.0,0.0,324.0,1454.0,,,,,,,,,41,-0.3388291680818264,0.0379483456755436,0.0033723453127869,3.6921966638804284e-16,-0.1504404112031414,1.0092936587501425e-17,-0.1213431718924545,-0.029076378646792,0,Intermedi,-0.1050611618609719,0.1078395310063723,0.3585696509404669,Estable
2009,Barri,la teixonera,,,11905,10019.0,0.0,356.0,1530.0,,,,,,,,,41,-0.261095955582357,0.126330781289003,0.0033723453127869,3.6921966638804284e-16,-0.0673825871466769,1.0092936587501425e-17,-0.0543498704191708,-0.0124648138354991,0,Intermedi,-0.0470571227385759,0.0483015603173378,0.3585696509404669,Estable
2010,Barri,la teixonera,,,11827,9996.0,0.0,349.0,1482.0,,,,,,,,,41,-0.2721982002982174,0.0841095094738836,0.0033723453127869,3.6921966638804284e-16,-0.0940443454121669,1.0092936587501425e-17,-0.075854878882594,-0.0177971654885971,0,Intermedi,-0.0656765566940334,0.0674133899391893,0.3585696509404669,Estable
2011,Barri,la teixonera,,,11788,10032.0,0.0,316.0,1440.0,0.0,0.0,0.0,0.0,6980.0,,,,41,-0.348205565820835,0.0427107546847338,0.0033723453127869,3.6921966638804284e-16,-0.1527474055680505,1.0092936587501425e-17,-0.1232039618991907,-0.0295377775197739,0,Intermedi,-0.1066722682548304,0.1094932435185657,0.3585696509404669,Estable
2012,Barri,la teixonera,,,11770,10001.0,0.0,330.0,1438.0,,,,,7710.0,,,,41,-0.3135904607593021,0.0429329023831748,0.0033723453127869,3.6921966638804284e-16,-0.1353287791880636,1.0092936587501425e-17,-0.1091543368147236,-0.0260540522437765,0,Intermedi,-0.0945078430789878,0.097007127025195,0.3585696509404669,Estable
2013,Barri,la teixonera,,,11659,9940.0,0.0,342.0,1376.0,,,,,7830.0,,,,41,-0.2771265888744307,-0.0116970517155881,0.0033723453127869,3.6921966638804284e-16,-0.1444118202950094,1.0092936587501425e-17,-0.116480593167866,-0.0278706604651656,0,Intermedi,-0.1008510512920929,0.1035180829927507,0.3585696509404669,Estable
2014,Barri,la teixonera,,-1.4847301097286607,11435,9938.0,0.0,340.0,1155.0,,,,,7630.0,-0.2954773932060445,-0.6260895395004624,-0.3648041065948725,41,-0.2658819350201624,-0.2354278848862508,-0.4607834663532535,-1.4847301097286607,-0.2506549099532066,-0.3648041065948725,-1.106542000688021,-0.7067458761341902,2,Baixa gentrificació,-2.7986091851913053,-0.6056883095763579,0.3585696509404669,Estable
2015,Barri,la teixonera,-0.5124571978530789,-1.1164183723969447,11360,9993.0,0.0,333.0,1033.0,,,,,6940.0,-0.2469139686674049,-0.9043121894975846,-0.3648041065948725,41,-0.277694338906096,-0.3678747771338068,-0.5545611186726894,-1.1164183723969447,-0.3227845580199514,-0.3648041065948725,-0.9969244047415295,-0.638811580243855,2,Baixa gentrificació,-2.522044766249847,-0.5971601398963469,0.3585696509404669,Estable
2016,Barri,la teixonera,-0.5766220203159909,-0.8820381759131254,11281,9912.0,0.0,309.0,1059.0,,,,,6190.0,-0.016237702108867,-0.8327692223554676,-0.3648041065948725,41,-0.3317690873069832,-0.3291955129613737,-0.4752096482601085,-0.8820381759131254,-0.3304823001341784,-0.3648041065948725,-0.8764812055396737,-0.5462316285977803,2,Baixa gentrificació,-2.154439243543043,-0.4235965384221061,0.3585696509404669,Estable
2017,Barri,la teixonera,-0.5856474554226963,-0.5472093237933836,11634,10054.0,0.0,303.0,1276.0,,,,,5580.0,-0.0567072225577333,-0.7532770366420041,-0.3648041065948725,41,-0.3696580353059856,-0.1213865366791205,-0.4652105715408112,-0.5472093237933836,-0.245522285992553,-0.3648041065948725,-0.6417962854166047,-0.4257912471177436,2,Baixa gentrificació,-1.6848937077685406,-0.3897927751079725,0.3585696509404669,Estable
2018,Barri,la teixonera,-0.6037862294622136,-0.245863356885616,11650,10003.0,0.0,338.0,1308.0,,,,,5250.0,-0.0809889348270531,-0.8089215666414288,-0.3648041065948725,41,-0.286148084542881,-0.087249130038268,-0.4978989103102318,-0.245863356885616,-0.1866986072905745,-0.3648041065948725,-0.4507670888796868,-0.3334292229358437,0,Intermedi,-1.3240763445325705,-0.4053513266127793,0.3585696509404669,Estable
2019,Barri,la teixonera,-0.6626441286518827,-0.0784489308257451,11789,9906.0,0.0,395.0,1486.0,,,,,5070.0,-0.1052706470963729,-0.769175473784697,-0.3648041065948725,41,-0.159753643320825,0.0938820974498448,-0.5123634165109842,-0.0784489308257451,-0.0329357729354901,-0.3648041065948725,-0.2464476024241366,-0.2567916801070913,0,Intermedi,-1.0346788165004306,-0.495592963442926,0.3585696509404669,Estable
2020,Barri,la teixonera,-0.6230299670323494,-0.245863356885616,11927,9786.0,0.0,426.0,1714.0,,,,,4940.0,-0.3238060575202509,-0.7294293809279653,-0.3648041065948725,41,-0.0975409763194399,0.3260694441076839,-0.5587551351601885,-0.245863356885616,0.1142642338941219,-0.3648041065948725,-0.2167133316130319,-0.2914935221538914,0,Intermedi,-1.1860911711252908,-0.7066739745838403,0.3585696509404669,Estable
2021,Barri,la teixonera,-0.5471392167616884,-0.2123804716736418,12044,9837.0,0.0,426.0,1780.0,1788.0,3420.0,2646.0,2646.0,6870.0,-0.0526602705128467,-0.7373785994993117,-0.3668556060739961,41,-0.1073019094328108,0.3797693429863515,-0.4457260289246156,-0.2123804716736418,0.1362337167767703,-0.3668556060739961,-0.1669688635275271,-0.2435563280389224,0,Intermedi,-0.9985495569725518,-0.5541348626406123,0.3585696509404669,Estable
2022,Barri,la teixonera,,0.1224483804460999,11918,9770.0,0.0,422.0,1725.0,1633.0,3543.0,2623.0,2607.0,4840.0,-0.1538340716350124,-0.7373785994993117,-0.3678813558135579,41,-0.1062239897465629,0.3396328357332472,-0.4456063355671621,0.1224483804460999,0.1167044229933421,-0.3678813558135579,-0.0182781953308782,-0.1471827731003618,0,Intermedi,-0.6145567936283172,-0.4586916713993154,0.3585696509404669,Estable
2023,Barri,la teixonera,,0.5912087734137385,12087,9743.0,0.0,426.0,1917.0,1586.0,3751.0,2607.0,2716.0,4720.0,-0.2954773932060445,-0.7930231294987359,-0.3227483672728379,41,-0.1108417738470443,0.5218958121391185,-0.5442502613523902,0.5912087734137385,0.205527019146037,-0.3227483672728379,0.2831922732765624,-0.0093567160069557,0,Intermedi,-0.0739352748365062,-0.5760248156426344,0.3585696509404669,Estable
2024,Barri,la teixonera,,0.5912087734137385,12433,9818.0,0.0,486.0,2128.0,,,,,4850.0,-0.5221067077196958,-0.7612262552133505,-0.3227483672728379,41,-0.0026737332847789,0.6870142252546403,-0.6416664814665232,0.5912087734137385,0.3421702459849307,-0.3227483672728379,0.3794822263315847,-0.0112529366734168,0,Intermedi,-0.0940754427713436,-0.8109748987920562,0.3585696509404669,Estable
2025,Barri,la teixonera,,0.7251403142616352,12605,9772.0,0.0,514.0,2319.0,,,,,4810.0,-0.465449379091283,-0.7850739109273893,,41,0.0448113576265714,0.8555508476143139,-0.6252616450093362,0.7251403142616352,0.4501811026204427,1.0092936587501425e-17,0.6300057661901406,0.1199998212997782,0,Intermedi,0.431342305836929,-1.0321278414107706,0.3585696509404669,Estable
2000,Barri,la trinitat nova,,,7680,7592.0,0.0,9.0,79.0,,,,,,,,,42,-1.0693661220649031,-1.4283171678806177,0.0033723453127869,3.6921966638804284e-16,-1.2488416449727602,1.0092936587501425e-17,-1.007298538873051,-0.2487566254007158,0,Intermedi,-0.8721376999165362,0.8952016031997988,-0.0440829106209214,Desgentrificació
2001,Barri,la trinitat nova,,,7654,7474.0,0.0,10.0,170.0,0.0,0.0,0.0,0.0,,,,,42,-1.0655786955953626,-1.2715235975356345,0.0033723453127869,3.6921966638804284e-16,-1.1685511465654983,1.0092936587501425e-17,-0.9425373243054604,-0.2326985257192635,0,Intermedi,-0.816066242908399,0.8376473222505441,-0.0440829106209214,Desgentrificació
2002,Barri,la trinitat nova,,,7761,7426.0,0.0,20.0,312.0,,,,,,,,,42,-1.0298377489891186,-1.0349634793651243,0.0033723453127869,3.6921966638804284e-16,-1.0324006141771216,1.0092936587501425e-17,-0.8327201726324063,-0.2054684192415881,0,Intermedi,-0.7209845224696152,0.7400511415328201,-0.0440829106209214,Desgentrificació
2003,Barri,la trinitat nova,,,7795,7222.0,0.0,18.0,552.0,,,,,,,,,42,-1.03737187130928,-0.6324175084908417,0.0033723453127869,3.6921966638804284e-16,-0.8348946899000608,1.0092936587501425e-17,-0.6734146035525136,-0.1659672343861759,0,Intermedi,-0.5830548151986484,0.5984738480736967,-0.0440829106209214,Desgentrificació
2004,Barri,la trinitat nova,,,7904,7033.0,0.0,30.0,840.0,,,,,,,,,42,-0.9955574639810008,-0.1661363717549268,0.0033723453127869,3.6921966638804284e-16,-0.5808469178679638,1.0092936587501425e-17,-0.4685031557304265,-0.1151576799797565,0,Intermedi,-0.4056386948595269,0.4163659133103339,-0.0440829106209214,Desgentrificació
2005,Barri,la trinitat nova,,,7970,6895.0,0.0,35.0,1039.0,,,,,,,,,42,-0.9787931086523176,0.1506100044566689,0.0033723453127869,3.6921966638804284e-16,-0.4140915520978243,1.0092936587501425e-17,-0.3340005652973803,-0.0818066068257286,0,Intermedi,-0.2891838651083279,0.2968314059686494,-0.0440829106209214,Desgentrificació
2006,Barri,la trinitat nova,,,7958,6650.0,0.0,44.0,1264.0,,,,,,,,,42,-0.9467914917961904,0.5249691710969469,0.0033723453127869,3.6921966638804284e-16,-0.2109111603496217,1.0092936587501425e-17,-0.1701180485992103,-0.0411705284760881,0,Intermedi,-0.1472913519616484,0.1511865092245777,-0.0440829106209214,Desgentrificació
2007,Barri,la trinitat nova,,,8039,6590.0,0.0,86.0,1363.0,,,,,,,,,42,-0.8013831570936264,0.6658577169730108,0.0033723453127869,3.6921966638804284e-16,-0.0677627200603078,1.0092936587501425e-17,-0.0546564804125349,-0.0125408404182253,0,Intermedi,-0.0473225913400525,0.0485740493034965,-0.0440829106209214,Desgentrificació
2008,Barri,la trinitat nova,,,8080,6495.0,0.0,91.0,1494.0,,,,,,,,,42,-0.785501949633684,0.8677320033167494,0.0033723453127869,3.6921966638804284e-16,0.0411150268415326,1.0092936587501425e-17,0.0331628166228437,0.0092347089621427,0,Intermedi,0.0287129798128752,-0.0294723018665394,-0.0440829106209214,Desgentrificació
2009,Barri,la trinitat nova,,,8133,6455.0,0.0,81.0,1597.0,,,,,,,,,42,-0.8221563525328647,1.0184159873366732,0.0033723453127869,3.6921966638804284e-16,0.0981298174019042,1.0092936587501425e-17,0.0791501645438589,0.020637667074217,0,Intermedi,0.0685296759494219,-0.0703419606589147,-0.0440829106209214,Desgentrificació
2010,Barri,la trinitat nova,,,7877,6328.0,0.0,86.0,1463.0,,,,,,,,,42,-0.7951937587595918,0.8786408532460406,0.0033723453127869,3.6921966638804284e-16,0.0417235472432244,1.0092936587501425e-17,0.0336536408309937,0.009356413042481,0,Intermedi,0.0291379444876361,-0.0299085048402048,-0.0440829106209214,Desgentrificació
2011,Barri,la trinitat nova,,,7699,6222.0,0.0,89.0,1388.0,0.0,0.0,0.0,0.0,8570.0,,,,42,-0.7771308590310568,0.8070109428772105,0.0033723453127869,3.6921966638804284e-16,0.0149400419230768,1.0092936587501425e-17,0.0120504328634442,0.0039997119784515,0,Intermedi,0.0104334875857962,-0.01070940381853,-0.0440829106209214,Desgentrificació
2012,Barri,la trinitat nova,,,7624,6189.0,0.0,87.0,1348.0,,,,,9290.0,,,,42,-0.7813115349922537,0.7613425621107005,0.0033723453127869,3.6921966638804284e-16,-0.0099844864407765,1.0092936587501425e-17,-0.0080533497931288,-0.0009851936943191,0,Intermedi,-0.0069727391574106,0.0071571350177905,-0.0440829106209214,Desgentrificació
2013,Barri,la trinitat nova,,,7555,6164.0,0.0,95.0,1296.0,,,,,9590.0,,,,42,-0.7485908130569607,0.6920717069394844,0.0033723453127869,3.6921966638804284e-16,-0.0282595530587381,1.0092936587501425e-17,-0.0227937678246574,-0.0046402070179114,0,Intermedi,-0.0197352656395877,0.0202571697586556,-0.0440829106209214,Desgentrificació
2014,Barri,la trinitat nova,,-1.4512472245166863,7390,6071.0,0.0,108.0,1211.0,,,,,9250.0,-0.773017734502667,-1.3733160852070196,,42,-0.6912050014934392,0.5911916179876022,-1.0731669098548433,-1.4512472245166863,-0.0500066917529185,1.0092936587501425e-17,-0.9081945858821864,-0.7673255786620427,2,Baixa gentrificació,-3.038604545344508,-1.8276697201737344,-0.0440829106209214,Desgentrificació
2015,Barri,la trinitat nova,-1.3089764862212048,-1.350798568880764,7335,6046.0,0.0,95.0,1194.0,,,,,8820.0,-0.8175342069964199,-1.3812653037783655,,42,-0.7379809557935033,0.5768732921944325,-1.16925866566533,-1.350798568880764,-0.0805538317995354,1.0092936587501425e-17,-0.8971503479112201,-0.7721279367237351,2,Baixa gentrificació,-3.054426781137832,-1.9167178845339687,-0.0440829106209214,Desgentrificació
2016,Barri,la trinitat nova,-1.345913799162633,-1.4177643393047124,7259,5980.0,0.0,92.0,1187.0,,,,,8050.0,-0.80539335086176,-1.317671555207595,,42,-0.7457925964361495,0.5866032080650498,-1.1563262350773291,-1.4177643393047124,-0.0795946941855498,1.0092936587501425e-17,-0.9274737846226142,-0.7881461111517225,2,Baixa gentrificació,-3.118085285570539,-1.915346597402681,-0.0440829106209214,Desgentrificació
2017,Barri,la trinitat nova,-1.320211043584245,-0.7146237498532545,7271,5908.0,0.0,101.0,1262.0,,,,,6830.0,-0.7851585906373268,-1.3812653037783655,,42,-0.7115596297172618,0.7186883659548424,-1.162211645999979,-0.7146237498532545,0.0035643681187902,1.0092936587501425e-17,-0.5153111182136656,-0.562337745132212,2,Baixa gentrificació,-2.2304552278955536,-1.8138834783786577,-0.0440829106209214,Desgentrificació
2018,Barri,la trinitat nova,-1.3298499392918524,-0.2793462420975902,7365,5821.0,0.0,116.0,1428.0,,,,,6780.0,-0.7689707824577803,-1.61179264234741,,42,-0.6592521476280936,0.9859309601106908,-1.236871121365681,-0.2793462420975902,0.1633394062412985,1.0092936587501425e-17,-0.1829640306999865,-0.4221973277907216,2,Baixa gentrificació,-1.6895881507243533,-1.9285751523453432,-0.0440829106209214,Desgentrificació
2019,Barri,la trinitat nova,-1.3548532698747895,-0.245863356885616,7620,5861.0,0.0,134.0,1625.0,,,,,6300.0,-0.80539335086176,-1.452808270920483,,42,-0.6076265398378352,1.24056046259073,-1.2043516305523445,-0.245863356885616,0.3164669613764474,1.0092936587501425e-17,-0.0383323267023751,-0.3717711039560986,2,Baixa gentrificació,-1.5042370549731006,-1.9845429897372784,-0.0440829106209214,Desgentrificació
2020,Barri,la trinitat nova,-1.326273896438211,-0.3463120125215385,7669,5792.0,0.0,135.0,1742.0,,,,,6350.0,-0.9429897203879054,-1.492554363777215,,42,-0.60711914651958,1.4232516744589734,-1.2539393268677772,-0.3463120125215385,0.4080662639696967,1.0092936587501425e-17,-0.0209560361744487,-0.3984621490228553,2,Baixa gentrificació,-1.6185997786357964,-2.1441340136524376,-0.0440829106209214,Desgentrificació
2021,Barri,la trinitat nova,-1.2176731556716691,-0.4132777829454869,7628,5758.0,0.0,132.0,1738.0,1254.0,1263.0,2475.0,1494.0,8540.0,-0.7446890701884605,-1.3971637409210584,,42,-0.6155213083281871,1.432410427726294,-1.1198419889270628,-0.4132777829454869,0.4084445596990534,1.0092936587501425e-17,-0.0344287537821724,-0.3782470196219542,2,Baixa gentrificació,-1.538924616478375,-1.9719468115614136,-0.0440829106209214,Desgentrificació
2022,Barri,la trinitat nova,,-0.0114831604017967,7421,5708.0,0.0,141.0,1572.0,1164.0,1262.0,2456.0,1516.0,6110.0,-0.773017734502667,-1.5164020194912535,,42,-0.5678247138217446,1.221845095660629,-1.1447098769969604,-0.0114831604017967,0.3270101909194422,1.0092936587501425e-17,0.0940064983109341,-0.2814558730357386,2,Baixa gentrificació,-1.147274676567186,-1.8517736268912803,-0.0440829106209214,Desgentrificació
2023,Barri,la trinitat nova,,0.2228970360820225,7624,5777.0,0.0,127.0,1720.0,1132.0,1372.0,2453.0,1641.0,5190.0,-0.8944262958492658,-1.3574176480643267,,42,-0.6337154133586157,1.40293738811848,-1.1259219719567963,0.2228970360820225,0.3846109873799321,1.0092936587501425e-17,0.2584616937231194,-0.1939852832864457,0,Intermedi,-0.8059146851660988,-1.810190899335956,-0.0440829106209214,Desgentrificació
2024,Barri,la trinitat nova,,0.4572772325658417,7726,5806.0,0.0,124.0,1796.0,,,,,5300.0,-0.914661056073699,-1.365366866635673,,42,-0.6508257507053886,1.493120947956204,-1.140013961354686,0.4572772325658417,0.4211475986254077,1.0092936587501425e-17,0.401226979609641,-0.1205914989115717,0,Intermedi,-0.5182708127585929,-1.79974927112916,-0.0440829106209214,Desgentrificació
2025,Barri,la trinitat nova,,-0.1119318160377193,7965,5953.0,0.0,141.0,1871.0,,,,,5200.0,-1.0643982817345043,-1.2779254623508631,,42,-0.6043309990488227,1.5252167030736592,-1.1711618720426835,-0.1119318160377193,0.4604428520124182,1.0092936587501425e-17,0.1484320011791212,-0.2928395360216372,2,Baixa gentrificació,-1.2049766238226456,-2.0088151141676134,-0.0440829106209214,Desgentrificació
2000,Barri,la trinitat vella,,,8024,7683.0,0.0,0.0,337.0,,,,,,,,,43,-1.1023330995454166,-1.011321164503483,0.0033723453127869,3.6921966638804284e-16,-1.0568271320244498,1.0092936587501425e-17,-0.8524222668381988,-0.2103537228110537,0,Intermedi,-0.738042959924913,0.7575606937050605,0.12682363655137469,Desgentrificació
2001,Barri,la trinitat vella,,,8123,7565.0,0.0,8.0,550.0,0.0,0.0,0.0,0.0,,,,,43,-1.0746272561049424,-0.6732544628587102,0.0033723453127869,3.6921966638804284e-16,-0.8739408594818263,1.0092936587501425e-17,-0.7049087082907967,-0.173776468302529,0,Intermedi,-0.6103229934073714,0.6264631401902087,0.12682363655137469,Desgentrificació
2002,Barri,la trinitat vella,,,8493,7599.0,0.0,10.0,881.0,,,,,,,,,43,-1.069209561592548,-0.1995725082382302,0.0033723453127869,3.6921966638804284e-16,-0.6343910349153891,1.0092936587501425e-17,-0.5116911060075775,-0.1258665033892416,0,Intermedi,-0.4430316207551251,0.4547477046413063,0.12682363655137469,Desgentrificació
2003,Barri,la trinitat vella,,,8892,7472.0,0.0,26.0,1393.0,,,,,,,,,43,-1.020076313629126,0.4963536794571459,0.0033723453127869,3.6921966638804284e-16,-0.26186131708599,1.0092936587501425e-17,-0.211213746074142,-0.0513605598233618,0,Intermedi,-0.1828727666953095,0.1877088835202177,0.12682363655137469,Desgentrificació
2004,Barri,la trinitat vella,,,9015,7257.0,0.0,35.0,1723.0,,,,,,,,,43,-0.9931136067647176,0.9495848823605488,0.0033723453127869,3.6921966638804284e-16,-0.0217643622020844,1.0092936587501425e-17,-0.0175548359825409,-0.0033411688465806,0,Intermedi,-0.0151993015827801,0.0156012509787435,0.12682363655137469,Desgentrificació
2005,Barri,la trinitat vella,,,9297,7055.0,0.0,53.0,2189.0,,,,,,,,,43,-0.941960237168447,1.532443490114825,0.0033723453127869,3.6921966638804284e-16,0.2952416264731889,1.0092936587501425e-17,0.2381378457053562,0.060060028888474,0,Intermedi,0.2061841499828911,-0.2116367422675754,0.12682363655137469,Desgentrificació
2006,Barri,la trinitat vella,,,9770,6963.0,0.0,76.0,2731.0,,,,,,,,,43,-0.883498055580603,2.1120210895409253,0.0033723453127869,3.6921966638804284e-16,0.6142615169801611,1.0092936587501425e-17,0.4954549129834281,0.1238640069898684,0,Intermedi,0.428974024627442,-0.4403183518087875,0.12682363655137469,Desgentrificació
2007,Barri,la trinitat vella,,,9812,6893.0,0.0,143.0,2776.0,,,,,,,,,43,-0.692340195751887,2.156593135106407,0.0033723453127869,3.6921966638804284e-16,0.73212646967726,1.0092936587501425e-17,0.590523166924238,0.1474369975292882,0,Intermedi,0.5112858767023793,-0.524806961746049,0.12682363655137469,Desgentrificació
2008,Barri,la trinitat vella,,,10274,6845.0,0.0,235.0,3194.0,,,,,,,,,43,-0.4588663014052294,2.5242849698863576,0.0033723453127869,3.6921966638804284e-16,1.0327093342405642,1.0092936587501425e-17,0.8329691820004702,0.207553570441949,0,Intermedi,0.7212001193846705,-0.740272439963127,0.12682363655137469,Desgentrificació
2009,Barri,la trinitat vella,,,10447,6859.0,0.0,219.0,3369.0,,,,,,,,,43,-0.5126069818505433,2.676856787967705,0.0033723453127869,3.6921966638804284e-16,1.082124903058581,1.0092936587501425e-17,0.8728271019123696,0.2174366842055524,0,Intermedi,0.7557098434177385,-0.7756947824250356,0.12682363655137469,Desgentrificació
2010,Barri,la trinitat vella,,,10275,6790.0,0.0,211.0,3274.0,,,,,,,,,43,-0.5246382883248454,2.6262656704795906,0.0033723453127869,3.6921966638804284e-16,1.0508136910773729,1.0092936587501425e-17,0.8475719078643656,0.2111744418093107,0,Intermedi,0.7338434294421814,-0.7532501055706555,0.12682363655137469,Desgentrificació
2011,Barri,la trinitat vella,,,10403,6812.0,0.0,234.0,3357.0,0.0,0.0,0.0,0.0,1141.0,,,,43,-0.4695496656024279,2.6796240784533905,0.0033723453127869,3.6921966638804284e-16,1.1050372064254812,1.0092936587501425e-17,0.8913078514906704,0.2220191448789324,0,Intermedi,0.7717108181118791,-0.7921189069644575,0.12682363655137469,Desgentrificació
2012,Barri,la trinitat vella,,,10397,6900.0,0.0,239.0,3258.0,,,,,1237.0,,,,43,-0.4556556765170653,2.5568659748705693,0.0033723453127869,3.6921966638804284e-16,1.050605149176752,1.0092936587501425e-17,0.8474037008281617,0.2111327334291866,0,Intermedi,0.7336977926800862,-0.753100617407347,0.12682363655137469,Desgentrificació
2013,Barri,la trinitat vella,,,10434,6998.0,0.0,252.0,3184.0,,,,,1276.0,,,,43,-0.4228986700447844,2.4489974241768704,0.0033723453127869,3.6921966638804284e-16,1.013049377066043,1.0092936587501425e-17,0.8171117302443398,0.2036215790070448,0,Intermedi,0.7074704444497684,-0.7261796802827314,0.12682363655137469,Desgentrificació
2014,Barri,la trinitat vella,,-1.9534905026962992,10247,7135.0,0.0,240.0,2872.0,,,,,1232.0,-0.6030457486174284,-0.6340387580718089,-0.3689071055531198,43,-0.4434439624312232,2.1218565055913925,-0.6185422533446187,-1.9534905026962992,0.8392062715800847,-0.3689071055531198,-0.4818539834365495,-0.6775499936068823,2,Baixa gentrificació,-2.7857866906978326,-1.71916163751938,0.12682363655137469,Desgentrificació
2015,Barri,la trinitat vella,-1.289962286252356,-1.6186616505765574,10068,7255.0,0.0,240.0,2573.0,,,,,1177.0,-0.6961256456498209,-1.0314996866391264,-0.3689071055531198,43,-0.4317295051861456,1.7968732290049902,-1.0058625395137677,-1.6186616505765574,0.6825718619094223,-0.3689071055531198,-0.4988283339137032,-0.7246243057558369,2,Baixa gentrificació,-2.95630484820502,-2.070944559720082,0.12682363655137469,Desgentrificació
2016,Barri,la trinitat vella,-1.328167202440423,-1.4512472245166863,10048,7254.0,0.0,245.0,2549.0,,,,,1077.0,-0.619233556796975,-0.9361090637829704,-0.3699328552926816,43,-0.4163959884859025,1.7721545907768887,-0.9611699410067894,-1.4512472245166863,0.6778793011454931,-0.3699328552926816,-0.4141633827519673,-0.6621358604864804,2,Baixa gentrificació,-2.7082489368113705,-1.963773440586006,0.12682363655137469,Desgentrificació
2017,Barri,la trinitat vella,-1.3209552214970728,-1.2168670280328673,10006,7205.0,0.0,255.0,2546.0,,,,,9090.0,-0.5706701322583354,-1.015601249496434,-0.3699328552926816,43,-0.3854018283321734,1.782213851710836,-0.9690755344172808,-1.2168670280328673,0.6984060116893314,-0.3699328552926816,-0.2834271844825375,-0.5900881374557144,2,Baixa gentrificació,-2.4244467040752764,-1.9331553049489263,0.12682363655137469,Desgentrificació
2018,Barri,la trinitat vella,-1.3271802524136225,-0.9490039463370736,10071,7154.0,0.0,232.0,2685.0,,,,,9050.0,-0.5706701322583354,-0.8089215666414288,-0.3699328552926816,43,-0.4542760623353908,1.9421054835166405,-0.902257317104462,-0.9490039463370736,0.7439147105906248,-0.3699328552926816,-0.1053870855762652,-0.4805820079728721,2,Baixa gentrificació,-1.9947173070563025,-1.8072931935645276,0.12682363655137469,Desgentrificació
2019,Barri,la trinitat vella,-1.380660289454055,-0.9155210611250996,10337,7131.0,0.0,301.0,2905.0,,,,,8420.0,-0.6354213649765215,-0.7453278180706576,-0.3699328552926816,43,-0.2831710548714496,2.131746813594992,-0.920469824167078,-0.9155210611250996,0.9242878793617711,-0.3699328552926816,0.0539689640552608,-0.4399262607738353,2,Baixa gentrificació,-1.8505229812936117,-1.9541380289514927,0.12682363655137469,Desgentrificació
2020,Barri,la trinitat vella,-1.3795916163003503,-0.6476579794293061,10487,7105.0,0.0,310.0,3072.0,,,,,8500.0,-0.7325482140538007,-0.7055817252139259,-0.3699328552926816,43,-0.2707449959080427,2.288285896335455,-0.9392405185226922,-0.6476579794293061,1.008770450213706,-0.3699328552926816,0.2512108405464787,-0.3483020304013945,2,Baixa gentrificació,-1.4951109908415872,-1.9765808458952412,0.12682363655137469,Desgentrificació
2021,Barri,la trinitat vella,-1.279693227604941,-0.8485552907011512,10513,7126.0,0.0,319.0,3068.0,1821.0,1728.0,2949.0,2043.0,1145.0,-0.5989987965725418,-0.7612262552133505,-0.3699328552926816,43,-0.2487184481713576,2.273756704315008,-0.8799727597969446,-0.8485552907011512,1.012519128071825,-0.3699328552926816,0.1638693135464445,-0.3900411605935999,2,Baixa gentrificació,-1.6611937030588555,-1.9443030090806683,0.12682363655137469,Desgentrificació
2022,Barri,la trinitat vella,,-0.614175094217332,10358,7197.0,0.0,325.0,2836.0,1664.0,1759.0,2971.0,2030.0,8200.0,-0.6677969813356145,-0.7214801623566188,-0.3699328552926816,43,-0.2196490143363307,2.0366609228551003,-0.6946385718461167,-0.614175094217332,0.9085059542593849,-0.3699328552926816,0.2217748945458026,-0.2849294800256939,2,Baixa gentrificació,-1.2351222687136687,-1.5526498754088225,0.12682363655137469,Desgentrificació
2023,Barri,la trinitat vella,,-0.1119318160377193,10286,7226.0,0.0,291.0,2769.0,1639.0,1893.0,2940.0,2078.0,7520.0,-0.760876878368007,-0.7850739109273893,-0.3227483672728379,43,-0.3064591108266647,1.976211545092396,-0.7729753946476982,-0.1119318160377193,0.8348762171328654,-0.3227483672728379,0.4121939453865249,-0.1630465932336197,0,Intermedi,-0.7423011214114318,-1.5181752174116805,0.12682363655137469,Desgentrificació
2024,Barri,la trinitat vella,,-0.5806922090053578,10661,7394.0,0.0,316.0,2950.0,,,,,7680.0,-0.6961256456498209,-0.6260895395004624,-0.3227483672728379,43,-0.2684849269963716,2.074944572342659,-0.6611075925751417,-0.5806922090053578,0.9032298226731436,-0.3227483672728379,0.2526980139841015,-0.2564436493940887,2,Baixa gentrificació,-1.119547338859355,-1.5227485869064448,0.12682363655137469,Desgentrificació
2025,Barri,la trinitat vella,,0.0219997248101774,11160,7625.0,0.0,352.0,3183.0,,,,,7500.0,-0.9713183847021118,-0.9440582823543164,,43,-0.2150211895322678,2.186786153089587,-0.957688333528214,0.0219997248101774,0.9858824817786596,1.0092936587501425e-17,0.6686493721751028,-0.083530086259679,0,Intermedi,-0.4254455095601174,-2.0529891640392828,0.12682363655137469,Desgentrificació
2000,Barri,la vall dhebron,,,5543,5422.0,0.0,20.0,101.0,,,,,,,,,44,-1.0008291457897918,-1.3239815744126378,0.0033723453127869,3.6921966638804284e-16,-1.1624053601012148,1.0092936587501425e-17,-0.9375802172530016,-0.2314693684264067,0,Intermedi,-0.8117742879654203,0.8332418654675345,0.1990261379579818,Desgentrificació
2001,Barri,la vall dhebron,,,5508,5328.0,0.0,23.0,157.0,0.0,0.0,0.0,0.0,,,,,44,-0.9848618072401256,-1.1887703347355605,0.0033723453127869,3.6921966638804284e-16,-1.086816070987843,1.0092936587501425e-17,-0.8766109336093473,-0.2163515106037324,0,Intermedi,-0.7589859548640684,0.7790575314717703,0.1990261379579818,Desgentrificació
2002,Barri,la vall dhebron,,,5611,5267.0,0.0,36.0,306.0,,,,,,,,,44,-0.9218402198089398,-0.8464726313944131,0.0033723453127869,3.6921966638804284e-16,-0.8841564256016765,1.0092936587501425e-17,-0.7131484437830501,-0.1758195815264991,0,Intermedi,-0.6174571087493577,0.6337859190268184,0.1990261379579818,Desgentrificació
2003,Barri,la vall dhebron,,,5685,5201.0,0.0,39.0,443.0,,,,,,,,,44,-0.909344355385085,-0.5389298304987841,0.0033723453127869,3.6921966638804284e-16,-0.7241370929419345,1.0092936587501425e-17,-0.5840790452500482,-0.1438157149945507,0,Intermedi,-0.5057064370049905,0.5190799723468552,0.1990261379579818,Desgentrificació
2004,Barri,la vall dhebron,,,5710,5143.0,0.0,54.0,513.0,,,,,,,,,44,-0.8362878592123069,-0.382216879084251,0.0033723453127869,3.6921966638804284e-16,-0.609252369148279,1.0092936587501425e-17,-0.491414603059135,-0.1208387702358196,0,Intermedi,-0.4254758495896175,0.436727666642404,0.1990261379579818,Desgentrificació
2005,Barri,la vall dhebron,,,5690,5062.0,0.0,74.0,554.0,,,,,,,,,44,-0.7364711069321503,-0.2833159628571903,0.0033723453127869,3.6921966638804284e-16,-0.5098935348946704,1.0092936587501425e-17,-0.4112731303826912,-0.1009670033850978,0,Intermedi,-0.3560878807297059,0.365504715298694,0.1990261379579818,Desgentrificació
2006,Barri,la vall dhebron,,,5664,4978.0,0.0,90.0,596.0,,,,,,,,,44,-0.6553232354028623,-0.1799340704985802,0.0033723453127869,3.6921966638804284e-16,-0.4176286529507212,1.0092936587501425e-17,-0.3368535423223798,-0.082514026996308,0,Intermedi,-0.2916540253681466,0.2993668902447697,0.1990261379579818,Desgentrificació
2007,Barri,la vall dhebron,,,5439,4882.0,0.0,124.0,433.0,,,,,,,,,44,-0.4609751703051048,-0.5167620437181875,0.0033723453127869,3.6921966638804284e-16,-0.4888686070116461,1.0092936587501425e-17,-0.3943147119781355,-0.096762017808493,0,Intermedi,-0.3414049685137125,0.3504335097348741,0.1990261379579818,Desgentrificació
2008,Barri,la vall dhebron,,,5559,4926.0,0.0,150.0,483.0,,,,,,,,,44,-0.3432445732806724,-0.4210893487455147,0.0033723453127869,3.6921966638804284e-16,-0.3821669610130935,1.0092936587501425e-17,-0.3082506280789828,-0.0754216886087825,0,Intermedi,-0.2668890933480377,0.2739470432989753,0.1990261379579818,Desgentrificació
2009,Barri,la vall dhebron,,,5546,4953.0,0.0,147.0,446.0,,,,,,,,,44,-0.356682602762943,-0.506136178131812,0.0033723453127869,3.6921966638804284e-16,-0.4314093904473775,1.0092936587501425e-17,-0.3479688961391383,-0.0852701744956393,0,Intermedi,-0.3012779042257015,0.3092452750263337,0.1990261379579818,Desgentrificació
2010,Barri,la vall dhebron,,,5605,5037.0,0.0,154.0,414.0,,,,,,,,,44,-0.3293981484947121,-0.5923386388872214,0.0033723453127869,3.6921966638804284e-16,-0.4608683936909667,1.0092936587501425e-17,-0.3717301240285006,-0.0911619751443571,0,Intermedi,-0.3218508146776572,0.3303622413274569,0.1990261379579818,Desgentrificació
2011,Barri,la vall dhebron,,,5564,5027.0,0.0,146.0,391.0,0.0,0.0,0.0,0.0,3180.0,,,,44,-0.3641508863225146,-0.6395370354360504,0.0033723453127869,3.6921966638804284e-16,-0.5018439608792825,1.0092936587501425e-17,-0.4047804544082064,-0.0993570885820203,0,Intermedi,-0.3504664018213521,0.3597345749509097,0.1990261379579818,Desgentrificació
2012,Barri,la vall dhebron,,,5567,5019.0,0.0,146.0,402.0,,,,,3570.0,,,,44,-0.3645486852518604,-0.6140530096375165,0.0033723453127869,3.6921966638804284e-16,-0.4893008474446885,1.0092936587501425e-17,-0.3946633511818313,-0.0968484658951015,0,Intermedi,-0.3417068267826147,0.3507433507224685,0.1990261379579818,Desgentrificació
2013,Barri,la vall dhebron,,,5490,4954.0,0.0,139.0,397.0,,,,,3610.0,,,,44,-0.3900702418243552,-0.6127111020461329,0.0033723453127869,3.6921966638804284e-16,-0.501390671935244,1.0092936587501425e-17,-0.4044148377642905,-0.0992664307932126,0,Intermedi,-0.3501498441707942,0.3594096458527734,0.1990261379579818,Desgentrificació
2014,Barri,la vall dhebron,,-0.9490039463370736,5490,4974.0,0.0,139.0,377.0,,,,,3520.0,-1.0765391378691642,0.232426066204943,,44,-0.3900702418243552,-0.6606136320957177,-0.4220565358321105,-0.9490039463370736,-0.5253419369600364,1.0092936587501425e-17,-0.9514321434249544,-0.5163865320427625,2,Baixa gentrificació,-2.0006121756706987,-0.4502873417993281,0.1990261379579818,Desgentrificació
2015,Barri,la vall dhebron,0.3833211953511012,-0.9155210611250996,5467,5019.0,0.0,137.0,311.0,,,,,3210.0,-1.023928761285638,0.2801213776330207,,44,-0.3973652108821855,-0.8155582077323249,-0.120162062767172,-0.9155210611250996,-0.6064617093072552,1.0092936587501425e-17,-0.9572368685605482,-0.4319972790291325,2,Baixa gentrificació,-1.659286822854161,0.0404932080881038,0.1990261379579818,Desgentrificació
2016,Barri,la vall dhebron,0.402641381490597,-0.5472093237933836,5687,5218.0,0.0,153.0,316.0,,,,,2870.0,-0.9632244806123386,0.1688323176341725,-0.373010104511367,44,-0.3454896706979,-0.8329342870329263,-0.1305835938291897,-0.5472093237933836,-0.5892119788654131,-0.373010104511367,-0.8736000204927048,-0.395782291962128,0,Intermedi,-1.5348351491626555,0.3322345308764265,0.1990261379579818,Desgentrificació
2017,Barri,la vall dhebron,0.333908385531631,-0.2123804716736418,5792,5262.0,0.0,160.0,370.0,,,,,2600.0,-0.9672714326572251,0.1847307547768654,-0.373010104511367,44,-0.3252109784578084,-0.7235866024519935,-0.1495440974495762,-0.2123804716736418,-0.524398790454901,-0.373010104511367,-0.6593047136532614,-0.288059149730219,0,Intermedi,-1.1137143746623273,0.3397529187270797,0.1990261379579818,Desgentrificació
2018,Barri,la vall dhebron,0.307232428122312,-0.1788975864616676,5737,5204.0,0.0,155.0,378.0,,,,,2440.0,-0.8701445835799461,0.3039690333470606,-0.373010104511367,44,-0.3422786771255857,-0.6971976551540676,-0.0863143740368578,-0.1788975864616676,-0.5197381661398267,-0.373010104511367,-0.6300347024343427,-0.2581132422797964,0,Intermedi,-0.9956143495853622,0.4333991256178843,0.1990261379579818,Desgentrificació
2019,Barri,la vall dhebron,0.2718311934173871,0.1559312656580741,5803,5253.0,0.0,166.0,384.0,,,,,2390.0,-0.837768967220853,-0.1173395509342967,-0.373010104511367,44,-0.2975972301606751,-0.693455715660904,-0.2277591082459208,0.1559312656580741,-0.4955264729107895,-0.373010104511367,-0.4659958058687177,-0.1952556682607853,0,Intermedi,-0.7481523561718354,0.2977667276146428,0.1990261379579818,Desgentrificació
2020,Barri,la vall dhebron,0.4165289003982962,-0.2123804716736418,5886,5275.0,0.0,169.0,442.0,,,,,2300.0,-0.9672714326572251,0.6298869947722605,-0.373010104511367,44,-0.2946066788200055,-0.576154293563338,0.0263814875044439,-0.2123804716736418,-0.4353804861916718,-0.373010104511367,-0.5623571034853467,-0.2174778133913671,0,Intermedi,-0.8428452768114223,0.5233542320590705,0.1990261379579818,Desgentrificació
2021,Barri,la vall dhebron,0.3049381359292802,-0.0449660456137709,5932,5282.0,0.0,170.0,480.0,678.0,2388.0,918.0,1206.0,3260.0,-0.8134872549515333,0.2165276290622501,-0.373010104511367,44,-0.296127851202001,-0.4995781173042793,-0.0973404966533342,-0.0449660456137709,-0.3978529842531402,-0.373010104511367,-0.4674086210538831,-0.196864580433033,0,Intermedi,-0.7642349270359144,0.3627794421363102,0.1990261379579818,Desgentrificació
2022,Barri,la vall dhebron,,0.2898628065059708,5869,5246.0,0.0,177.0,446.0,645.0,2408.0,939.0,1198.0,2300.0,-0.9308488642532456,-0.0378473652208332,-0.373010104511367,44,-0.2539207160632661,-0.5643323217616879,-0.4843481147370393,0.2898628065059708,-0.409126518912477,-0.373010104511367,-0.3670921913139414,-0.2147729171540893,0,Intermedi,-0.8328683322554216,-0.0927621508119147,0.1990261379579818,Desgentrificació
2023,Barri,la vall dhebron,,0.7251403142616352,5874,5214.0,0.0,166.0,494.0,631.0,2503.0,926.0,1169.0,2260.0,-1.0279757133305247,-0.371714545217379,-0.3637783568553107,44,-0.3073242044075794,-0.4577324722682444,-0.6998451292739518,0.7251403142616352,-0.3825283383379119,-0.3637783568553107,-0.1595728158063366,-0.1416727835423394,0,Intermedi,-0.5443265772089935,-0.3157490027000395,0.1990261379579818,Desgentrificació
2024,Barri,la vall dhebron,,0.7251403142616352,5889,5184.0,0.0,164.0,541.0,,,,,2320.0,-0.9308488642532456,0.1688323176341725,-0.3637783568553107,44,-0.3189032118780855,-0.3556053142336398,-0.3810082733095365,0.7251403142616352,-0.3372542630558627,-0.3637783568553107,-0.0774810740274566,-0.036966911696605,0,Intermedi,-0.1344693224697923,0.1001917146708132,0.1990261379579818,Desgentrificació
2025,Barri,la vall dhebron,,0.8255889698975577,5990,5224.0,0.0,190.0,576.0,,,,,2300.0,-1.0927269460487108,-0.4353082937881506,,44,-0.2100048943967406,-0.2991414602248893,-0.7640176199184308,0.8255889698975577,-0.2545731773108149,1.0092936587501425e-17,0.091145383594273,-0.0324432304684249,0,Intermedi,-0.1059304652149653,-0.6978876724887432,0.1990261379579818,Desgentrificació
2000,Barri,la verneda i la pau,,,31141,30855.0,0.0,52.0,233.0,,,,,,,,,45,-1.0553579002668028,-1.4651923934004554,0.0033723453127869,3.6921966638804284e-16,-1.260275146833629,1.0092936587501425e-17,-1.016520644626024,-0.2510433257728896,0,Intermedi,-0.8801223695942898,0.9033974294979048,0.493411909329366,Estable
2001,Barri,la verneda i la pau,,,30676,30180.0,0.0,58.0,437.0,0.0,0.0,0.0,0.0,,,,,45,-1.0491434527389378,-1.376256599775893,0.0033723453127869,3.6921966638804284e-16,-1.2127000262574157,1.0092936587501425e-17,-0.978147205018175,-0.2415283016576469,0,Intermedi,-0.8468979360565246,0.8692943673653326,0.493411909329366,Estable
2002,Barri,la verneda i la pau,,,30611,29742.0,12.0,65.0,792.0,,,,,,,,,45,-1.042597437498468,-1.223365234611378,0.0033723453127869,3.6921966638804284e-16,-1.132981336054923,1.0092936587501425e-17,-0.9138472031043248,-0.2255845636171484,0,Intermedi,-0.7912258054918225,0.8121499731488695,0.493411909329366,Estable
2003,Barri,la verneda i la pau,,,30625,29235.0,11.0,78.0,1301.0,,,,,,,,,45,-1.030683074366544,-1.004974949075112,0.0033723453127869,3.6921966638804284e-16,-1.017829011720828,1.0092936587501425e-17,-0.820966917988513,-0.2025540987503294,0,Intermedi,-0.7108083372811342,0.729605844538942,0.493411909329366,Estable
2004,Barri,la verneda i la pau,,,30238,28379.0,0.0,122.0,1736.0,,,,,,,,,45,-0.9888308131649908,-0.8086623593267819,0.0033723453127869,3.6921966638804284e-16,-0.8987465862458863,1.0092936587501425e-17,-0.7249166672067302,-0.178737613655341,0,Intermedi,-0.6276462541841509,0.644244519004019,0.493411909329366,Estable
2005,Barri,la verneda i la pau,,,29955,27800.0,0.0,160.0,1992.0,,,,,,,,,45,-0.9520713293788524,-0.6891548566222568,0.0033723453127869,3.6921966638804284e-16,-0.8206130930005546,1.0092936587501425e-17,-0.6618952634123471,-0.1631109150062747,0,Intermedi,-0.5730811575125756,0.5882364344735361,0.493411909329366,Estable
2006,Barri,la verneda i la pau,,,29791,27339.0,0.0,178.0,2271.0,,,,,,,,,45,-0.9342466271396528,-0.5611952602446454,0.0033723453127869,3.6921966638804284e-16,-0.747720943692149,1.0092936587501425e-17,-0.6031014557352538,-0.1485324851445936,0,Intermedi,-0.5221763917276452,0.5359854792109199,0.493411909329366,Estable
2007,Barri,la verneda i la pau,,,29520,26956.0,0.0,325.0,2235.0,,,,,,,,,45,-0.7926162379398709,-0.568028848787991,0.0033723453127869,3.6921966638804284e-16,-0.6803225433639309,1.0092936587501425e-17,-0.5487388306207814,-0.1350528050789499,0,Intermedi,-0.4751082257380426,0.4876725836009735,0.493411909329366,Estable
2008,Barri,la verneda i la pau,,,29572,26620.0,0.0,453.0,2495.0,,,,,,,,,45,-0.6713945490629585,-0.4541699585894158,0.0033723453127869,3.6921966638804284e-16,-0.5627822538261871,1.0092936587501425e-17,-0.4539324455304866,-0.1115447471714012,0,Intermedi,-0.393023104555839,0.403416700512568,0.493411909329366,Estable
2009,Barri,la verneda i la pau,,,29567,26394.0,0.0,481.0,2691.0,,,,,,,,,45,-0.644680791336885,-0.3668158491582096,0.0033723453127869,3.6921966638804284e-16,-0.5057483202475473,1.0092936587501425e-17,-0.4079296571135456,-0.1001379604556732,0,Intermedi,-0.3531930397524248,0.3625333195155299,0.493411909329366,Estable
2010,Barri,la verneda i la pau,,,29460,26305.0,0.0,508.0,2647.0,,,,,,,,,45,-0.6172358504635198,-0.3821082248262701,0.0033723453127869,3.6921966638804284e-16,-0.499672037644895,1.0092936587501425e-17,-0.403028610922405,-0.0989227039351428,0,Intermedi,-0.3489496233397414,0.3581776848765937,0.493411909329366,Estable
2011,Barri,la verneda i la pau,,,29043,26042.0,0.0,464.0,2537.0,0.0,0.0,0.0,0.0,2184.0,,,,45,-0.6528903820753089,-0.4149472806293069,0.0033723453127869,3.6921966638804284e-16,-0.5339188313523079,1.0092936587501425e-17,-0.4306516049196274,-0.1057720626766253,0,Intermedi,-0.3728661222919769,0.3827266617262546,0.493411909329366,Estable
2012,Barri,la verneda i la pau,,,29230,26009.0,0.0,510.0,2711.0,,,,,2377.0,,,,45,-0.6114939411629526,-0.3440210092733091,0.0033723453127869,3.6921966638804284e-16,-0.4777574752181308,1.0092936587501425e-17,-0.3853526254991264,-0.0945397914497899,0,Intermedi,-0.333645428331116,0.3424687665386811,0.493411909329366,Estable
2013,Barri,la verneda i la pau,,,29182,25920.0,0.0,528.0,2734.0,,,,,2428.0,,,,45,-0.593334354647188,-0.3316513540559698,0.0033723453127869,3.6921966638804284e-16,-0.4624928543515789,1.0092936587501425e-17,-0.3730403917125408,-0.0914868672764795,0,Intermedi,-0.322985268665362,0.33152669623939,0.493411909329366,Estable
2014,Barri,la verneda i la pau,,-1.5182129949406349,28808,25731.0,0.0,489.0,2587.0,,,,,233.0,0.0080440101604527,-0.0696442395062179,-0.3678813558135579,45,-0.6248108708912711,-0.382755179476422,-0.0308001146728826,-1.5182129949406349,-0.5037830251838465,-0.3678813558135579,-1.2666303602593587,-0.6390368090835361,2,Baixa gentrificació,-2.507709670041602,0.1742985320797344,0.493411909329366,Estable
2015,Barri,la verneda i la pau,-0.532997887545885,-1.2503499132448417,28727,25768.0,0.0,500.0,2458.0,,,,,2159.0,0.0525604826542056,-0.1252887695056426,-0.3678813558135579,45,-0.6126923298275306,-0.4384730068740776,-0.2019087247991073,-1.2503499132448417,-0.5255826683508041,-0.3678813558135579,-1.1768893235133706,-0.614370396246057,2,Baixa gentrificació,-2.407240836050054,0.0138019928703491,0.493411909329366,Estable
2016,Barri,la verneda i la pau,-0.5961745778460219,-1.2503499132448417,28673,25644.0,0.0,525.0,2503.0,,,,,1959.0,-0.0486133184679601,-0.1809332995050673,-0.3648041065948725,45,-0.587242041362806,-0.41571739771086,-0.2752403986063498,-1.2503499132448417,-0.501479719536833,-0.3648041065948725,-1.167022813981675,-0.6309338587816985,2,Baixa gentrificació,-2.474816934366627,-0.1085030869861765,0.493411909329366,Estable
2017,Barri,la verneda i la pau,-0.6368287372358473,-0.8820381759131254,28725,25415.0,0.0,569.0,2739.0,,,,,1709.0,0.234673324674104,-0.053745802363525,-0.3648041065948725,45,-0.5450831073526111,-0.3097632449683155,-0.151967071641756,-0.8820381759131254,-0.4274231761604633,-0.3648041065948725,-0.90846834223651,-0.4686470308175316,2,Baixa gentrificació,-1.838672284259696,0.1004834493650193,0.493411909329366,Estable
2018,Barri,la verneda i la pau,-0.6494330792352668,-0.5472093237933836,28814,25159.0,0.0,616.0,3037.0,,,,,1635.0,0.2751428451229703,-0.2286286109331449,-0.3648041065948725,45,-0.5009170655842591,-0.1776439454405142,-0.2009729483484804,-0.5472093237933836,-0.3392805055123866,-0.3648041065948725,-0.6796504574693308,-0.365271604064011,0,Intermedi,-1.4369023615010348,0.0490245350113564,0.493411909329366,Estable
2019,Barri,la verneda i la pau,-0.6660206767380172,-0.446760668157461,28883,24903.0,0.0,673.0,3306.0,,,,,1484.0,0.2751428451229703,-0.0775934580775649,-0.3648041065948725,45,-0.446836254092764,-0.0584902067001419,-0.1561570965642039,-0.446760668157461,-0.2526632303964529,-0.3648041065948725,-0.5539617850110883,-0.3043687968147646,0,Intermedi,-1.2037416800814074,0.0741545065892655,0.493411909329366,Estable
2020,Barri,la verneda i la pau,-0.6336638717534643,-0.446760668157461,28878,24619.0,0.0,713.0,3544.0,,,,,1483.0,0.0606543867439789,-0.1570856437910285,-0.3648041065948725,45,-0.4077563207330397,0.0501407795611496,-0.2433650429335046,-0.446760668157461,-0.178807770585945,-0.3648041065948725,-0.5068564207425068,-0.3157600887634532,0,Intermedi,-1.25561995375629,-0.1014313551583574,0.493411909329366,Estable
2021,Barri,la verneda i la pau,-0.5524598431231178,-0.5806922090053578,28798,24384.0,0.0,703.0,3708.0,4794.0,7113.0,7002.0,6276.0,1915.0,0.2589550369434238,-0.1570856437910285,-0.3648041065948725,45,-0.4155954785054101,0.1295064808605294,-0.1501968166569075,-0.5806922090053578,-0.1430444988224403,-0.3648041065948725,-0.5305840932712239,-0.3208364287821422,0,Intermedi,-1.2794583174431462,-0.0282980488061021,0.493411909329366,Estable
2022,Barri,la verneda i la pau,,-0.4802435533694352,28754,24391.0,0.0,736.0,3626.0,4466.0,7498.0,7058.0,6283.0,1338.0,1.05620458978609,-0.1650348623623743,-0.3648041065948725,45,-0.382258671759322,0.0945985582934811,0.4455848637118578,-0.4802435533694352,-0.1438300567329204,-0.3648041065948725,-0.396638717259827,-0.1121244395628318,0,Intermedi,-0.4537190418812669,0.8343320495781249,0.493411909329366,Estable
2023,Barri,la verneda i la pau,,1.1604178220172996,29250,24199.0,0.0,745.0,4304.0,4406.0,8070.0,6974.0,6481.0,132.0,1.3880546574667938,-0.3558161080746872,-0.2817183776903652,45,-0.3858132197638198,0.3712731917524092,0.5161192746960532,1.1604178220172996,-0.0072700140057052,-0.2817183776903652,0.5552575657281338,0.4451634506747917,1,Gentrificació residencial,1.7470565840688357,1.1795459191740294,0.493411909329366,Estable
2024,Barri,la verneda i la pau,,0.5577258882017643,30345,24257.0,0.0,908.0,5178.0,,,,,1318.0,0.2022977083150109,-0.1650348623623743,-0.2817183776903652,45,-0.2605570813776378,0.6801800783087248,0.0186314229763183,0.5577258882017643,0.2098114984655435,-0.2817183776903652,0.3627314664580702,0.1585258175084604,0,Intermedi,0.5914496474879579,0.1791396046584594,0.493411909329366,Estable
2025,Barri,la verneda i la pau,,0.4572772325658417,31173,24318.0,0.0,996.0,5857.0,,,,,13.0,0.4370209269184355,-0.2047809552191061,,45,-0.2035009852080756,0.9069951655263204,0.1161199858496647,0.4572772325658417,0.3517470901591223,1.0092936587501425e-17,0.5248002969908455,0.2423685835564764,0,Intermedi,0.9234287615139664,0.0165553529600944,0.493411909329366,Estable
2000,Barri,la vila de gracia,,,46531,44958.0,12.0,503.0,1058.0,,,,,,,,,46,-0.7982281833812287,-1.2645949846481317,0.0033723453127869,3.6921966638804284e-16,-1.0314115840146802,1.0092936587501425e-17,-0.8319224344711759,-0.2052706132090998,0,Intermedi,-0.7202938260194351,0.7393421794393519,0.8961738536389936,Gentrificació moderada
2001,Barri,la vila de gracia,,,46410,44165.0,17.0,607.0,1621.0,0.0,0.0,0.0,0.0,,,,,46,-0.7343948272871436,-1.1043019143028876,0.0033723453127869,3.6921966638804284e-16,-0.9193483707950156,1.0092936587501425e-17,-0.7415337840029658,-0.1828579705651669,0,Intermedi,-0.6420336611569907,0.6590124046133748,0.8961738536389936,Gentrificació moderada
2002,Barri,la vila de gracia,,,48352,44579.0,48.0,987.0,2738.0,,,,,,,,,46,-0.5280836969728738,-0.8189818613117242,0.0033723453127869,3.6921966638804284e-16,-0.673532779142299,1.0092936587501425e-17,-0.5432622999435142,-0.1336948522346236,0,Intermedi,-0.4703665442165566,0.4828055071057097,0.8961738536389936,Gentrificació moderada
2003,Barri,la vila de gracia,,,48990,43890.0,51.0,1248.0,3801.0,,,,,,,,,46,-0.3856865933676757,-0.5433624362223584,0.0033723453127869,3.6921966638804284e-16,-0.464524514795017,1.0092936587501425e-17,-0.3746791011553269,-0.0918931993651672,0,Intermedi,-0.3244040936006805,0.3329830423609698,0.8961738536389936,Gentrificació moderada
2004,Barri,la vila de gracia,,,49256,43076.0,35.0,1630.0,4515.0,,,,,,,,,46,-0.1713832076155926,-0.3582645054528205,0.0033723453127869,3.6921966638804284e-16,-0.2648238565342066,1.0092936587501425e-17,-0.2136032897521216,-0.0519530677130051,0,Intermedi,-0.1849416777943912,0.1898325074994966,0.8961738536389936,Gentrificació moderada
2005,Barri,la vila de gracia,,,49783,42515.0,44.0,2123.0,5101.0,,,,,,,,,46,0.0973506383389518,-0.2162429730409693,0.0033723453127869,3.6921966638804284e-16,-0.0594461673510087,1.0092936587501425e-17,-0.0479484630860304,-0.0108775298763655,0,Intermedi,-0.0415146659074562,0.0426125318057176,0.8961738536389936,Gentrificació moderada
2006,Barri,la vila de gracia,,,50227,42153.0,39.0,2518.0,5517.0,,,,,,,,,46,0.3079825620017438,-0.1192459454700434,0.0033723453127869,3.6921966638804284e-16,0.0943683082658502,1.0092936587501425e-17,0.0761161828761612,0.0198853652470062,0,Intermedi,0.0659027985231772,-0.0676456147910447,0.8961738536389936,Gentrificació moderada
2007,Barri,la vila de gracia,,,49958,41931.0,39.0,3195.0,4793.0,,,,,,,,,46,0.696801521593774,-0.3020300470212698,0.0033723453127869,3.6921966638804284e-16,0.197385737286252,1.0092936587501425e-17,0.1592086279018654,0.0404888510510866,0,Intermedi,0.1378457738065872,-0.1414911403529319,0.8961738536389936,Gentrificació moderada
2008,Barri,la vila de gracia,,,51295,41741.0,26.0,3906.0,5622.0,,,,,,,,,46,1.0398423947493247,-0.1224016949858693,0.0033723453127869,3.6921966638804284e-16,0.4587203498817276,1.0092936587501425e-17,0.3699975413594393,0.0927557735701817,0,Intermedi,0.3203507125673127,-0.3288224686352868,0.8961738536389936,Gentrificació moderada
2009,Barri,la vila de gracia,,,52633,41579.0,7.0,4300.0,6747.0,,,,,,,,,46,1.1959746041480284,0.1220192653991523,0.0033723453127869,3.6921966638804284e-16,0.6589969347735903,1.0092936587501425e-17,0.5315378872825273,0.1328110905485542,0,Intermedi,0.4602153309501644,-0.472385842422751,0.8961738536389936,Gentrificació moderada
2010,Barri,la vila de gracia,,,52314,41251.0,6.0,4434.0,6623.0,,,,,,,,,46,1.2820476274773474,0.1011299943634978,0.0033723453127869,3.6921966638804284e-16,0.6915888109204226,1.0092936587501425e-17,0.5578260474780111,0.1393294657779207,0,Intermedi,0.4829761061157643,-0.4957485320763058,0.8961738536389936,Gentrificació moderada
2011,Barri,la vila de gracia,,,51190,41186.0,10.0,3934.0,6060.0,0.0,0.0,0.0,0.0,3222.0,,,,46,1.0596239811692378,-0.0069359316260566,0.0033723453127869,3.6921966638804284e-16,0.5263440247715906,1.0092936587501425e-17,0.4245418698449543,0.1062805085481543,0,Intermedi,0.3675762006952611,-0.3772968468075391,0.8961738536389936,Gentrificació moderada
2012,Barri,la vila de gracia,,,51104,41282.0,9.0,4176.0,5637.0,,,,,3401.0,,,,46,1.196478805420125,-0.1131557842639852,0.0033723453127869,3.6921966638804284e-16,0.5416615105780699,1.0092936587501425e-17,0.4368967437668692,0.1093440057094501,0,Intermedi,0.3782732789785997,-0.3882768120466464,0.8961738536389936,Gentrificació moderada
2013,Barri,la vila de gracia,,,50636,40937.0,12.0,4409.0,5278.0,,,,,3368.0,,,,46,1.347173137793326,-0.1929761089860146,0.0033723453127869,3.6921966638804284e-16,0.5770985144036557,1.0092936587501425e-17,0.4654797449177716,0.1164314064745673,0,Intermedi,0.4030209698750336,-0.4136789619228652,0.8961738536389936,Gentrificació moderada
2014,Barri,la vila de gracia,,-0.5137264385814094,50440,40864.0,15.0,4626.0,4935.0,,,,,3156.0,-0.3747976532858225,-0.3001715780752625,0.4137399457325476,46,1.4777185052102568,-0.2770671720505051,-0.3374846156805425,-0.5137264385814094,0.6003256665798758,0.4137399457325476,0.3047486600412131,-0.0525501938161008,0,Intermedi,-0.2486683331834196,-1.2885968019823502,0.8961738536389936,Gentrificació moderada
2015,Barri,la vila de gracia,0.3058531125233653,-0.1788975864616676,50441,40998.0,14.0,4683.0,4746.0,,,,,276.0,-0.4229563826199734,-0.4353082937881506,0.4137399457325476,46,1.509457244193374,-0.3263622637296742,-0.1841371879615863,-0.1788975864616676,0.5915474902318498,0.4137399457325476,0.4843157441295952,0.0921470548659033,0,Intermedi,0.3254702236202622,-0.9860020006426709,0.8961738536389936,Gentrificació moderada
2016,Barri,la vila de gracia,0.3234839232879781,0.2228970360820225,50670,40982.0,16.0,4801.0,4871.0,,,,,2463.0,-0.3881525950339484,-0.4591559495021895,0.3993794493786821,46,1.5631666356226548,-0.2995153416331275,-0.1746082070827199,0.2228970360820225,0.6318256469947636,0.3993794493786821,0.7116048974452353,0.2207276679744799,0,Intermedi,0.8308581361099882,-0.8958447482309876,0.8961738536389936,Gentrificació moderada
2017,Barri,la vila de gracia,0.3519567265460731,0.7251403142616352,50885,40481.0,17.0,5063.0,5324.0,,,,,2185.0,-1.1708331205150226,-0.5704450095010383,0.3993794493786821,46,1.6967512794701969,-0.1877960796352324,-0.4631071344899959,0.7251403142616352,0.7544775999174821,0.3993794493786821,1.0163885833041877,0.3093813637907247,0,Intermedi,1.1717900855264942,-1.2685288719785053,0.8961738536389936,Gentrificació moderada
2018,Barri,la vila de gracia,0.3916888517533374,0.5912087734137385,50421,39922.0,16.0,5079.0,5404.0,,,,,2101.0,-0.1878284688120601,-0.3240192337893013,0.3983536996391203,46,1.7314369121311357,-0.1542723178483532,-0.0400529502826747,0.5912087734137385,0.7885822971413912,0.3983536996391203,1.0381743129912964,0.4027339462954214,1,Gentrificació residencial,1.5372790166056454,-0.7296408517463938,0.8961738536389936,Gentrificació moderada
2019,Barri,la vila de gracia,0.4197645853014723,0.7586231994736093,50803,39452.0,16.0,5673.0,5662.0,,,,,1934.0,-0.1894472496300148,-0.2047809552191061,0.3952764504204348,46,2.039052631692228,-0.0980915617813667,0.0085121268174504,0.7586231994736093,0.9704805349554309,0.3952764504204348,1.2732894553843102,0.5032919949624911,1,Gentrificació residencial,1.9185121918284664,-0.7495114787013676,0.8961738536389936,Gentrificació moderada
2020,Barri,la vila de gracia,0.4894068795020066,0.691657429049661,50926,38891.0,17.0,5996.0,6022.0,,,,,1966.0,-0.4355019339591219,-0.1968317366477602,0.394250700680873,46,2.20989243195313,-0.0086780324681505,-0.0476422637016251,0.691657429049661,1.1006071997424898,0.394250700680873,1.3369730991807816,0.4921761296890833,1,Gentrificació residencial,1.8622384213924696,-0.9372579845395648,0.8961738536389936,Gentrificació moderada
2021,Barri,la vila de gracia,0.4616666130715026,0.4237943473538675,50456,38104.0,16.0,5576.0,6760.0,3702.0,26064.0,5304.0,8622.0,267.0,-0.0696574691013705,-0.2604254852185308,0.3788644545874458,46,2.006574318563015,0.1981347278928413,0.043861219583867,0.4237943473538675,1.1023545232279282,0.3788644545874458,1.2151425689655528,0.4365404656443952,1,Gentrificació residencial,1.6404013090514509,-0.8648501137367839,0.8961738536389936,Gentrificació moderada
2022,Barri,la vila de gracia,,1.059969166381377,49852,37324.0,12.0,5870.0,6646.0,3354.0,26352.0,5197.0,8467.0,1718.0,-1.176498853377864,-0.220679392361799,0.3696327069313894,46,2.2101476033028185,0.1894100950239087,-0.6985891228698315,1.059969166381377,1.1997788491633636,0.3696327069313894,1.4978596404523283,0.4222963242724142,1,Gentrificació residencial,1.5767712056873977,-1.819911362181956,0.8961738536389936,Gentrificació moderada
2023,Barri,la vila de gracia,,1.5622124445609895,50048,36891.0,14.0,5808.0,7335.0,3181.0,27636.0,5045.0,8639.0,1679.0,-0.5540776288743002,-0.1650348623623743,7.442177161210126,46,2.162325130749924,0.3635677860706313,-0.3595562456183373,1.5622124445609895,1.2629464584102776,7.442177161210126,3.929811902897411,2.1018215836068768,3,Gentrificació turística,8.563240659151981,-5.6294445621897005,0.8961738536389936,Gentrificació moderada
2024,Barri,la vila de gracia,,1.6961439854088864,51075,36907.0,17.0,6174.0,7977.0,,,,,1821.0,-0.6427058786573174,-0.1968317366477602,7.770417077869908,46,2.2982711396427407,0.4901001006579645,-0.4197688076525388,1.6961439854088864,1.3941856201503526,7.770417077869908,4.189738711401223,2.2158330929309566,3,Gentrificació turística,9.018602193411798,-5.978385504652808,0.8961738536389936,Gentrificació moderada
2025,Barri,la vila de gracia,,1.8970412966807315,51833,37036.0,21.0,6391.0,8385.0,,,,,1799.0,-0.6265180704777709,-0.5148004795016142,,46,2.366315572661994,0.5635707665638264,-0.5706592749896926,1.8970412966807315,1.4649431696129105,1.0092936587501425e-17,2.032852021934621,0.6909032404298938,1,Gentrificació residencial,2.599012975931312,-1.400494545964295,0.8961738536389936,Gentrificació moderada
2000,Barri,la vila olimpica del poblenou,,,7051,6676.0,13.0,183.0,179.0,,,,,,,,,47,-0.3722064220022356,-1.2297634224877918,0.0033723453127869,3.6921966638804284e-16,-0.8009849222450137,1.0092936587501425e-17,-0.6460634501457111,-0.1591852808551665,0,Intermedi,-0.5593736808559336,0.5741664601105152,1.2869492508376057,Gentrificació intensa
2001,Barri,la vila olimpica del poblenou,,,7289,6807.0,14.0,222.0,246.0,0.0,0.0,0.0,0.0,,,,,47,-0.2455263751787744,-1.1197960866449053,0.0033723453127869,3.6921966638804284e-16,-0.6826612309118398,1.0092936587501425e-17,-0.5506251839141493,-0.1355205425885317,0,Intermedi,-0.4767414652981321,0.4893490145966079,1.2869492508376057,Gentrificació intensa
2002,Barri,la vila olimpica del poblenou,,,7657,6960.0,19.0,317.0,361.0,,,,,,,,,47,0.0623250156862328,-0.943636756598358,0.0033723453127869,3.6921966638804284e-16,-0.4406558704560626,1.0092936587501425e-17,-0.3554269800683225,-0.0871194704973763,0,Intermedi,-0.3077352511916371,0.3158733881750671,1.2869492508376057,Gentrificació intensa
2003,Barri,la vila olimpica del poblenou,,,7842,6967.0,24.0,360.0,491.0,,,,,,,,,47,0.1891047328970357,-0.7402813670374029,0.0033723453127869,3.6921966638804284e-16,-0.2755883170701836,1.0092936587501425e-17,-0.2222857559505345,-0.0541059598202005,0,Intermedi,-0.1924591175678655,0.1975487478796752,1.2869492508376057,Gentrificació intensa
2004,Barri,la vila olimpica del poblenou,,,8022,6959.0,23.0,451.0,589.0,,,,,,,,,47,0.4792489464905482,-0.5981182071402271,0.0033723453127869,3.6921966638804284e-16,-0.0594346303248394,1.0092936587501425e-17,-0.0479391574789904,-0.0108752224711316,0,Intermedi,-0.0415066089408202,0.0426042617705498,1.2869492508376057,Gentrificació intensa
2005,Barri,la vila olimpica del poblenou,,,8492,7200.0,29.0,557.0,706.0,,,,,,,,,47,0.7428652255061472,-0.4703866607867043,0.0033723453127869,3.6921966638804284e-16,0.1362392823597214,1.0092936587501425e-17,0.1098887361824435,0.0282595600657804,0,Intermedi,0.0951436996306112,-0.0976597989650425,1.2869492508376057,Gentrificació intensa
2006,Barri,la vila olimpica del poblenou,,,8657,7302.0,25.0,596.0,734.0,,,,,,,,,47,0.8344308125360623,-0.4486929387573176,0.0033723453127869,3.6921966638804284e-16,0.1928689368893723,1.0092936587501425e-17,0.1555654386644842,0.0395854909717106,0,Intermedi,0.1346914332022564,-0.1382533824090827,1.2869492508376057,Gentrificació intensa
2007,Barri,la vila olimpica del poblenou,,,8701,7398.0,21.0,697.0,585.0,,,,,,,,,47,1.1511870804350317,-0.6795046039938493,0.0033723453127869,3.6921966638804284e-16,0.2358412382205911,1.0092936587501425e-17,0.1902263074120933,0.0481799512379544,0,Intermedi,0.1647014542437529,-0.1690570260894079,1.2869492508376057,Gentrificació intensa
2008,Barri,la vila olimpica del poblenou,,,8961,7500.0,26.0,824.0,611.0,,,,,,,,,47,1.4845009954772423,-0.6670035762196739,0.0033723453127869,3.6921966638804284e-16,0.4087487096287842,1.0092936587501425e-17,0.3296911018564729,0.082761445519593,0,Intermedi,0.2854526519791671,-0.2930015199593365,1.2869492508376057,Gentrificació intensa
2009,Barri,la vila olimpica del poblenou,,,9117,7547.0,7.0,896.0,667.0,,,,,,,,,47,1.6624043603537595,-0.6015771921742918,0.0033723453127869,3.6921966638804284e-16,0.5304135840897339,1.0092936587501425e-17,0.427824320563606,0.1070944204117829,0,Intermedi,0.3704182072200168,-0.3802140109176438,1.2869492508376057,Gentrificació intensa
2010,Barri,la vila olimpica del poblenou,,,9248,7651.0,0.0,932.0,665.0,,,,,,,,,47,1.7327509153877756,-0.618047820981047,0.0033723453127869,3.6921966638804284e-16,0.5573515472033643,1.0092936587501425e-17,0.4495521120684833,0.112482013034509,0,Intermedi,0.3892305308520259,-0.3995238312326005,1.2869492508376057,Gentrificació intensa
2011,Barri,la vila olimpica del poblenou,,,9240,7698.0,0.0,893.0,649.0,0.0,0.0,0.0,0.0,5720.0,,,,47,1.616467328977384,-0.6399984361279499,0.0033723453127869,3.6921966638804284e-16,0.488234446424717,1.0092936587501425e-17,0.3938032067483124,0.0986585928787796,0,Intermedi,0.3409620978279946,-0.3499789272212382,1.2869492508376057,Gentrificació intensa
2012,Barri,la vila olimpica del poblenou,,,9236,7664.0,0.0,939.0,633.0,,,,,6150.0,,,,47,1.7577556526834446,-0.6623775613367163,0.0033723453127869,3.6921966638804284e-16,0.5476890456733641,1.0092936587501425e-17,0.4417584708873068,0.110549512728509,0,Intermedi,0.3824826522128586,-0.3925975032266462,1.2869492508376057,Gentrificació intensa
2013,Barri,la vila olimpica del poblenou,,,9320,7764.0,0.0,960.0,596.0,,,,,6180.0,,,,47,1.795365178570094,-0.7227018899282269,0.0033723453127869,3.6921966638804284e-16,0.5363316443209335,1.0092936587501425e-17,0.4325977467604719,0.1082780324580229,0,Intermedi,0.3745511278819625,-0.3844562277176115,1.2869492508376057,Gentrificació intensa
2014,Barri,la vila olimpica del poblenou,,0.1224483804460999,9367,7773.0,0.0,997.0,597.0,,,,,6030.0,-0.6556561252009546,1.170433857623812,-0.260177633159567,47,1.891947387379032,-0.7255172901503567,0.2573888662114287,0.1224483804460999,0.5832150486143375,-0.260177633159567,0.4902465717129451,0.1785586570882127,0,Intermedi,0.6357023990865335,0.129128127355759,1.2869492508376057,Gentrificació intensa
2015,Barri,la vila olimpica del poblenou,1.847675502405964,0.4907601177778159,9331,7826.0,0.0,934.0,571.0,,,,,5540.0,-0.6070927006623151,1.329418229050739,-0.260177633159567,47,1.7135623684289596,-0.7589231664510969,0.856667010264796,0.4907601177778159,0.4773196009889313,-0.260177633159567,0.6716939967635185,0.4476565319786564,1,Gentrificació residencial,1.710866164866241,1.1365354155992382,1.2869492508376057,Gentrificació intensa
2016,Barri,la vila olimpica del poblenou,1.7896995832385243,1.1269349368053254,9346,7871.0,0.0,909.0,565.0,,,,,4960.0,-0.574717084303222,1.1465862019097732,-0.260177633159567,47,1.6337919905556553,-0.7686562356087959,0.7871895669483585,1.1269349368053254,0.4325678774734297,-0.260177633159567,0.9386501665061234,0.6087153999888777,1,Gentrificació residencial,2.354058627136426,1.224127348864246,1.2869492508376057,Gentrificació intensa
2017,Barri,la vila olimpica del poblenou,1.691588839523436,1.428280903713093,9404,7846.0,0.0,898.0,659.0,,,,,4510.0,-0.388557290238437,1.011449486196885,-0.260177633159567,47,1.5840104844047678,-0.6421224608565643,0.7714936784939614,1.428280903713093,0.4709440117741017,-0.260177633159567,1.115615541947435,0.7020856503850232,1,Gentrificació residencial,2.72075463438138,1.2471233519446354,1.2869492508376057,Gentrificació intensa
2018,Barri,la vila olimpica del poblenou,1.633684737642615,1.3613151332891449,9312,7747.0,0.0,929.0,635.0,,,,,4090.0,-0.3683225300140039,1.027347923339578,-0.2632548823782525,47,1.7042027152904993,-0.6669085554227878,0.7642367103227296,1.3613151332891449,0.5186470799338557,-0.2632548823782525,1.1192018868751514,0.6887439925946829,1,Gentrificació residencial,2.663203557317216,1.1884920567475403,1.2869492508376057,Gentrificació intensa
2019,Barri,la vila olimpica del poblenou,1.674430653899546,1.5622124445609895,9348,7647.0,0.0,1004.0,696.0,,,,,3870.0,-0.2064444482185387,1.2499260433372754,-0.2632548823782525,47,1.91909908557492,-0.584556835828928,0.905970749672761,1.5622124445609895,0.6672711248729959,-0.2632548823782525,1.3581762034392242,0.8212582067690738,1,Gentrificació residencial,3.1741475847125566,1.3296672515313508,1.2869492508376057,Gentrificació intensa
2020,Barri,la vila olimpica del poblenou,1.5781372648611034,1.629178214984938,9385,7568.0,0.0,1078.0,738.0,,,,,4140.0,-0.4492615709117365,1.4566057261922811,-0.2632548823782525,47,2.129004439556809,-0.5295707358932105,0.8618271400472161,1.629178214984938,0.7997168518317992,-0.2632548823782525,1.491640872023272,0.8545940004003556,1,Gentrificació residencial,3.2939441772214044,1.1887742910215535,1.2869492508376057,Gentrificació intensa
2021,Barri,la vila olimpica del poblenou,1.5159167777107891,1.3278322480771705,9395,7476.0,0.0,1030.0,886.0,393.0,5304.0,738.0,1542.0,5250.0,-0.1862096879941055,1.2499260433372754,-0.2642806321178143,47,1.9818367149168037,-0.3235304878976742,0.8598777110179863,1.3278322480771705,0.8291531135095647,-0.2642806321178143,1.3665473787202151,0.7692874840068971,1,Gentrificació residencial,2.952810737515684,1.0929858759873927,1.2869492508376057,Gentrificació intensa
2022,Barri,la vila olimpica del poblenou,,2.0979386079525764,9376,7395.0,0.0,1097.0,881.0,374.0,5432.0,748.0,1510.0,3460.0,-0.43307376273219,1.0352971419109238,-0.2663321315969379,47,2.189113935369093,-0.3280297788123535,0.3011116895893669,2.0979386079525764,0.9305420782783698,-0.2663321315969379,1.7467264065623864,0.8525570785988693,1,Gentrificació residencial,3.2752297147165863,0.421234845080997,1.2869492508376057,Gentrificació intensa
2023,Barri,la vila olimpica del poblenou,,2.5332161157082407,9338,7253.0,0.0,1087.0,995.0,376.0,5577.0,694.0,1489.0,3290.0,-0.6030457486174284,0.868363551912651,0.7030013722889804,47,2.1723819563043083,-0.1624734882211192,0.1326589016476113,2.5332161157082407,1.0049542340415945,0.7030013722889804,2.2826371691717595,1.1413536264728703,1,Gentrificació residencial,4.459687163489027,-0.362011773246952,1.2869492508376057,Gentrificació intensa
2024,Barri,la vila olimpica del poblenou,,3.0354593938878534,9366,7181.0,0.0,1118.0,1063.0,,,,,3390.0,-0.6799378374702745,1.2022307319091978,0.7132588696845986,47,2.255704017239683,-0.0711946342261491,0.2611464472194617,3.0354593938878534,1.092254691506767,0.7132588696845986,2.6215351293507223,1.3500844645704675,1,Gentrificació residencial,5.279225666417007,-0.129254920034381,1.2869492508376057,Gentrificació intensa
2025,Barri,la vila olimpica del poblenou,,2.6671476565561374,9345,7086.0,0.0,1187.0,1070.0,,,,,3400.0,-0.5949518445276551,1.170433857623812,,47,2.4709650566730823,-0.0579913461613371,0.2877410065480784,2.6671476565561374,1.2064868552558723,1.0092936587501425e-17,2.325958356299356,1.127763969982439,1,Gentrificació residencial,4.353055554847084,0.1774589152669093,1.2869492508376057,Gentrificació intensa
2000,Barri,lantiga esquerra de leixample,,,38964,37370.0,0.0,418.0,1173.0,,,,,,,,,48,-0.8005391079775783,-1.1677221043313688,0.0033723453127869,3.6921966638804284e-16,-0.9841306061544736,1.0092936587501425e-17,-0.7937862463429252,-0.1958144176370585,0,Intermedi,-0.6872748091994886,0.7054499663219439,0.9812771874964153,Gentrificació moderada
2001,Barri,lantiga esquerra de leixample,,,39129,36807.0,0.0,501.0,1819.0,0.0,0.0,0.0,0.0,,,,,48,-0.7421388136585021,-0.9523039745571632,0.0033723453127869,3.6921966638804284e-16,-0.8472213941078326,1.0092936587501425e-17,-0.6833571540652967,-0.1684325752277303,0,Intermedi,-0.5916632592704765,0.6073099446383721,0.9812771874964153,Gentrificació moderada
2002,Barri,lantiga esquerra de leixample,,,40760,37148.0,24.0,790.0,2798.0,,,,,,,,,48,-0.5570892718009756,-0.6609368213931572,0.0033723453127869,3.6921966638804284e-16,-0.6090130465970665,1.0092936587501425e-17,-0.4912215687724212,-0.120790905725577,0,Intermedi,-0.4253087169349747,0.4365561141222027,0.9812771874964153,Gentrificació moderada
2003,Barri,lantiga esquerra de leixample,,,41163,36238.0,31.0,1077.0,3817.0,,,,,,,,,48,-0.3662844397370688,-0.3442612529281922,0.0033723453127869,3.6921966638804284e-16,-0.3552728463326305,1.0092936587501425e-17,-0.2865582041187732,-0.0700428656726899,0,Intermedi,-0.2481073915901482,0.2546686546613871,0.9812771874964153,Gentrificació moderada
2004,Barri,lantiga esquerra de leixample,,,41185,35535.0,22.0,1365.0,4263.0,,,,,,,,,48,-0.1699563757551535,-0.2025169743115289,0.0033723453127869,3.6921966638804284e-16,-0.1862366750333412,1.0092936587501425e-17,-0.1502159472346485,-0.036235631412832,0,Intermedi,-0.1300597446101538,0.133499207634194,0.9812771874964153,Gentrificació moderada
2005,Barri,lantiga esquerra de leixample,,,41468,34909.0,29.0,1626.0,4904.0,,,,,,,,,48,0.0007425393511283,-0.0085484702172696,0.0033723453127869,3.6921966638804284e-16,-0.0039029654330706,1.0092936587501425e-17,-0.0031480783763339,0.000231110507222,0,Intermedi,-0.0027256644662313,0.0027977453562531,0.9812771874964153,Gentrificació moderada
2006,Barri,lantiga esquerra de leixample,,,41752,34601.0,25.0,1911.0,5215.0,,,,,,,,,48,0.1852677223798272,0.0788194912870203,0.0033723453127869,3.6921966638804284e-16,0.1320436068334238,1.0092936587501425e-17,0.1065045618603923,0.0274204249605209,0,Intermedi,0.0922136189291616,-0.0946522315342417,0.9812771874964153,Gentrificació moderada
2007,Barri,lantiga esquerra de leixample,,,41213,34425.0,23.0,2417.0,4348.0,,,,,,,,,48,0.5475009536273374,-0.1763219358381391,0.0033723453127869,3.6921966638804284e-16,0.1855895088945991,1.0092936587501425e-17,0.1496939519051469,0.038129605372756,0,Intermedi,0.1296077914021722,-0.1330353024086832,0.9812771874964153,Gentrificació moderada
2008,Barri,lantiga esquerra de leixample,,,41581,34087.0,26.0,2887.0,4581.0,,,,,,,,,48,0.8508803056539119,-0.1149173435121819,0.0033723453127869,3.6921966638804284e-16,0.367981481070865,1.0092936587501425e-17,0.2968088145579968,0.0746079998080092,0,Intermedi,0.2569825596423193,-0.2637785287899013,0.9812771874964153,Gentrificació moderada
2009,Barri,lantiga esquerra de leixample,,,41926,33711.0,16.0,3180.0,5019.0,,,,,,,,,48,1.031407063864427,0.0105318226922104,0.0033723453127869,3.6921966638804284e-16,0.5209694432783187,1.0092936587501425e-17,0.4202068061425063,0.1052055922494999,0,Intermedi,0.3638228223863095,-0.3734442094546185,0.9812771874964153,Gentrificació moderada
2010,Barri,lantiga esquerra de leixample,,,41697,33757.0,8.0,3079.0,4853.0,,,,,,,,,48,0.9749836424744074,-0.0331716528883938,0.0033723453127869,3.6921966638804284e-16,0.4709059947930067,1.0092936587501425e-17,0.3798263153787626,0.0951929025524375,0,Intermedi,0.3288606468473745,-0.3375574502916988,0.9812771874964153,Gentrificació moderada
2011,Barri,lantiga esquerra de leixample,,,41416,33699.0,14.0,2777.0,4926.0,0.0,0.0,0.0,0.0,24.0,,,,48,0.783944337083481,0.0003887720886441,0.0033723453127869,3.6921966638804284e-16,0.3921665545860626,1.0092936587501425e-17,0.3163161630776942,0.0794450145110487,0,Intermedi,0.2738723826817463,-0.2811150074951595,0.9812771874964153,Gentrificació moderada
2012,Barri,lantiga esquerra de leixample,,,41722,33733.0,11.0,2945.0,5033.0,,,,,2508.0,,,,48,0.8833869571879333,0.0226407217097543,0.0033723453127869,3.6921966638804284e-16,0.4530138394488437,1.0092936587501425e-17,0.365394748327795,0.0916144714836049,0,Intermedi,0.316365529254825,-0.324731896136557,0.9812771874964153,Gentrificació moderada
2013,Barri,lantiga esquerra de leixample,,,41838,33666.0,10.0,3191.0,4971.0,,,,,2567.0,,,,48,1.043291455159354,-0.0012431717880644,0.0033723453127869,3.6921966638804284e-16,0.5210241416856447,1.0092936587501425e-17,0.4202509251274873,0.1052165319309651,0,Intermedi,0.3638610214192665,-0.3734834186707171,0.9812771874964153,Gentrificació moderada
2014,Barri,lantiga esquerra de leixample,,-0.7815895202772029,41728,33678.0,9.0,3317.0,4724.0,,,,,2387.0,-0.621661728023907,1.2896721361940071,0.371684206410513,48,1.1338931643168102,-0.0749588242148586,0.3340052040850502,-0.7815895202772029,0.5294671700509758,0.371684206410513,0.199394158238948,0.0459549804346519,0,Intermedi,0.1444253482111643,-0.3320343652895092,0.9812771874964153,Gentrificació moderada
2015,Barri,lantiga esquerra de leixample,0.8895075597183457,-0.4802435533694352,41662,33877.0,9.0,3270.0,4506.0,,,,,2076.0,-0.6653688101086825,1.2817229176226614,0.371684206410513,48,1.105699495184182,-0.1414051433004136,0.5019538890774415,-0.4802435533694352,0.4821471759418841,0.371684206410513,0.3334882254845894,0.1772793771828813,0,Intermedi,0.6691344744172567,0.0106582749306653,0.9812771874964153,Gentrificació moderada
2016,Barri,lantiga esquerra de leixample,0.9437855742924176,-0.0449660456137709,41895,33857.0,8.0,3356.0,4674.0,,,,,1804.0,-0.6172100807745317,1.1068401090530415,0.3532207110984003,48,1.1511670925776167,-0.0965857808282075,0.4778052008569758,-0.0449660456137709,0.5272906558747046,0.3532207110984003,0.5751507969420148,0.3059540199675825,0,Intermedi,1.1743555262063088,0.060560398953761,0.9812771874964153,Gentrificació moderada
2017,Barri,lantiga esquerra de leixample,1.005430863051354,0.2898628065059708,42444,33598.0,8.0,3516.0,5322.0,,,,,1576.0,-0.4945874338144667,1.0591447976249635,0.3532207110984003,48,1.2280665299507174,0.0851909750655929,0.5233294089539503,0.2898628065059708,0.6566287525081551,0.3532207110984003,0.8507084044310536,0.4459275573592874,1,Gentrificació residencial,1.7170366862522353,0.1125133776650198,0.9812771874964153,Gentrificació moderada
2018,Barri,lantiga esquerra de leixample,1.0174138989488315,0.4237943473538675,42534,33258.0,11.0,3652.0,5613.0,,,,,1504.0,-0.3877478998294597,1.0988908904816956,0.3521949613588385,48,1.3130853774582136,0.1716639400400174,0.5761856298670226,0.4237943473538675,0.7423746587491156,0.3521949613588385,0.9930138765025244,0.5189079171878579,1,Gentrificació residencial,1.9981004534503064,0.1582724418639847,0.9812771874964153,Gentrificació moderada
2019,Barri,lantiga esquerra de leixample,1.0119925051107408,0.5577258882017643,43039,32702.0,9.0,4099.0,6229.0,,,,,1468.0,-0.4205282113930414,1.2737736990513144,0.3542464608379621,48,1.5769190529451025,0.3395033015038376,0.6217459975896712,0.5577258882017643,0.95821117722447,0.3542464608379621,1.2401131626069264,0.616333093349917,1,Gentrificació residencial,2.3639444243853527,0.0986208474794502,0.9812771874964153,Gentrificació moderada
2020,Barri,lantiga esquerra de leixample,1.0440280764484196,0.4907601177778159,43143,32133.0,11.0,4304.0,6695.0,,,,,1348.0,-0.6277321560912369,1.2578752619086226,0.3532207110984003,48,1.704132761698136,0.4769445470210519,0.5580570607552685,0.4907601177778159,1.090538654359594,0.3532207110984003,1.3044949692256784,0.6033970266515242,1,Gentrificació residencial,2.3002692897332007,-0.1012994216491653,0.9812771874964153,Gentrificació moderada
2021,Barri,lantiga esquerra de leixample,0.9344252243761348,0.2898628065059708,43046,31607.0,8.0,4128.0,7303.0,2718.0,23058.0,3738.0,8082.0,1936.0,-0.3007384308643971,1.1227385461957344,0.3316799665676021,48,1.595435710419672,0.6672681817280866,0.5854751132358239,0.2898628065059708,1.1313519460738792,0.3316799665676021,1.236145057828079,0.5552077584508347,1,Gentrificació residencial,2.1041878715960998,-0.1270967699234407,0.9812771874964153,Gentrificació moderada
2022,Barri,lantiga esquerra de leixample,,0.7921060846855835,42365,31079.0,8.0,4401.0,6877.0,2418.0,23419.0,3725.0,7871.0,1159.0,-0.4873029201336708,1.1147893276243874,0.3132164712554894,48,1.820082650899942,0.5709062544690927,0.3137432037453583,0.7921060846855835,1.1954944526845177,0.3132164712554894,1.4906882448818426,0.633496971317284,1,Gentrificació residencial,2.408636467497953,-0.4228722103689869,0.9812771874964153,Gentrificació moderada
2023,Barri,lantiga esquerra de leixample,,1.3278322480771705,42751,30600.0,14.0,4463.0,7674.0,2412.0,24692.0,3608.0,7960.0,1156.0,-0.6762955806298765,1.2340276061945823,6.580547379978199,48,1.8344944870885016,0.7967731953660355,0.278866012782353,1.3278322480771705,1.3156338412272688,6.580547379978199,3.694189909504623,2.061245722498951,3,Gentrificació turística,8.354581765309433,-4.294408089409694,0.9812771874964153,Gentrificació moderada
2024,Barri,lantiga esquerra de leixample,,1.3947980185011188,43808,30574.0,14.0,4691.0,8529.0,,,,,1259.0,-0.7414515085525513,1.2737736990513144,6.990847275802927,48,1.910047545423432,0.996456235103958,0.2661610952493816,1.3947980185011188,1.453251890263695,6.990847275802927,3.95730358312336,2.1871075673384746,3,Gentrificació turística,8.860036715194296,-4.647848868766177,0.9812771874964153,Gentrificació moderada
2025,Barri,lantiga esquerra de leixample,,1.3278322480771705,44021,30495.0,17.0,4932.0,8577.0,,,,,1229.0,-0.7964900563630094,1.345316666193432,,48,2.0494839901069724,0.9984070495094516,0.2744133049152112,1.3278322480771705,1.523945519808212,1.0092936587501425e-17,1.921198797071742,0.7854627698593568,1,Gentrificació residencial,2.965540051188432,-0.3914194218132152,0.9812771874964153,Gentrificació moderada
2000,Barri,les corts,,,46568,45375.0,10.0,437.0,746.0,,,,,,,,,49,-0.838340536361829,-1.352930893278635,0.0033723453127869,3.6921966638804284e-16,-1.095635714820232,1.0092936587501425e-17,-0.8837247373341903,-0.2181154393702102,0,Intermedi,-0.7651452176633409,0.785379677542242,1.2124070981101662,Gentrificació intensa
2001,Barri,les corts,,,46468,44863.0,13.0,479.0,1113.0,0.0,0.0,0.0,0.0,,,,,49,-0.8123455348722026,-1.2486260539480112,0.0033723453127869,3.6921966638804284e-16,-1.030485794410107,1.0092936587501425e-17,-0.83117570527637,-0.2050854552881852,0,Intermedi,-0.7196472940755418,0.7386785497937711,1.2124070981101662,Gentrificació intensa
2002,Barri,les corts,,,46739,44539.0,21.0,597.0,1582.0,,,,,,,,,49,-0.7430036956712914,-1.11850679280011,0.0033723453127869,3.6921966638804284e-16,-0.9307552442357008,1.0092936587501425e-17,-0.7507344116375148,-0.1851393452533039,0,Intermedi,-0.6499997346826818,0.6671891429794478,1.2124070981101662,Gentrificació intensa
2003,Barri,les corts,,,46804,43719.0,20.0,733.0,2332.0,,,,,,,,,49,-0.6617591179581324,-0.9084178291546776,0.0033723453127869,3.6921966638804284e-16,-0.785088473556405,1.0092936587501425e-17,-0.6332415927054468,-0.1560059911174448,0,Intermedi,-0.548272279607878,0.5627714794830584,1.2124070981101662,Gentrificació intensa
2004,Barri,les corts,,,46483,42853.0,12.0,857.0,2761.0,,,,,,,,,49,-0.5836709991786307,-0.782536716347872,0.0033723453127869,3.6921966638804284e-16,-0.6831038577632513,1.0092936587501425e-17,-0.5509822006604178,-0.135609067958814,0,Intermedi,-0.4770505769982947,0.489666300834297,1.2124070981101662,Gentrificació intensa
2005,Barri,les corts,,,46414,42195.0,13.0,998.0,3208.0,,,,,,,,,49,-0.4974389481728851,-0.6547389823931443,0.0033723453127869,3.6921966638804284e-16,-0.5760889652830148,1.0092936587501425e-17,-0.4646654564463423,-0.1142060894627667,0,Intermedi,-0.4023159438602681,0.4129552913158312,1.2124070981101662,Gentrificació intensa
2006,Barri,les corts,,,46698,42005.0,10.0,1092.0,3591.0,,,,,,,,,49,-0.4444901877410226,-0.5524208780185446,0.0033723453127869,3.6921966638804284e-16,-0.4984555328797836,1.0092936587501425e-17,-0.4020473948672218,-0.0986794029821205,0,Intermedi,-0.3481000683364688,0.3573056631751939,1.2124070981101662,Gentrificació intensa
2007,Barri,les corts,,,45965,41656.0,8.0,1381.0,2920.0,,,,,,,,,49,-0.2571238207063885,-0.7282495763108938,0.0033723453127869,3.6921966638804284e-16,-0.4926866985086411,1.0092936587501425e-17,-0.3973943322019555,-0.097525636107892,0,Intermedi,-0.3440713606457051,0.3531704152849352,1.2124070981101662,Gentrificació intensa
2008,Barri,les corts,,,46928,41639.0,6.0,1603.0,3680.0,,,,,,,,,49,-0.1413863573926637,-0.5324388415390727,0.0033723453127869,3.6921966638804284e-16,-0.3369125994658682,1.0092936587501425e-17,-0.2717490808670886,-0.0663708162993374,0,Intermedi,-0.2352853788579997,0.2415075605415412,1.2124070981101662,Gentrificació intensa
2009,Barri,les corts,,,47618,41347.0,5.0,1775.0,4491.0,,,,,,,,,49,-0.0536964098380734,-0.3234306424169015,0.0033723453127869,3.6921966638804284e-16,-0.1885635261274875,1.0092936587501425e-17,-0.1520927534067872,-0.0367010016316613,0,Intermedi,-0.1316847180961568,0.1351671539573104,1.2124070981101662,Gentrificació intensa
2010,Barri,les corts,,,47319,41232.0,5.0,1650.0,4432.0,,,,,,,,,49,-0.1213845526073402,-0.3319896116843229,0.0033723453127869,3.6921966638804284e-16,-0.2266870821458315,1.0092936587501425e-17,-0.1828426907014876,-0.0443257128353301,0,Intermedi,-0.1583085823725623,0.1624950930956975,1.2124070981101662,Gentrificació intensa
2011,Barri,les corts,,,47098,41184.0,0.0,1546.0,4365.0,0.0,0.0,0.0,0.0,2544.0,,,,49,-0.1789012143041705,-0.3449162480189647,0.0033723453127869,3.6921966638804284e-16,-0.2619087311615676,1.0092936587501425e-17,-0.2112519896170633,-0.0513700426384773,0,Intermedi,-0.1829058786618941,0.1877428711411801,1.2124070981101662,Gentrificació intensa
2012,Barri,les corts,,,46819,41186.0,0.0,1605.0,4026.0,,,,,2738.0,,,,49,-0.1379474365173484,-0.4328631867396007,0.0033723453127869,3.6921966638804284e-16,-0.2854053116284746,1.0092936587501425e-17,-0.2302040090889513,-0.0560693587318587,0,Intermedi,-0.199314887543688,0.2045858204361221,1.2124070981101662,Gentrificació intensa
2013,Barri,les corts,,,46221,41057.0,0.0,1621.0,3541.0,,,,,2749.0,,,,49,-0.1157321716155781,-0.5562100880620616,0.0033723453127869,3.6921966638804284e-16,-0.3359711298388199,1.0092936587501425e-17,-0.2709897043812573,-0.0661825223739277,0,Intermedi,-0.234627896655688,0.2408326910551733,1.2124070981101662,Gentrificació intensa
2014,Barri,les corts,,-0.5806922090053578,45989,40986.0,0.0,1639.0,3360.0,,,,,2627.0,-0.8648835459215934,0.4391057490599477,-0.1986326487858579,49,-0.0997443443225208,-0.6028800371285765,-0.2128888984308228,-0.5806922090053578,-0.3513121907255487,-0.1986326487858579,-0.658532894439116,-0.3480633001331356,0,Intermedi,-1.3596520989264822,-0.06965986774334,1.2124070981101662,Gentrificació intensa
2015,Barri,les corts,1.166916994691109,-0.3463120125215385,46003,41256.0,8.0,1562.0,3177.0,,,,,2433.0,2.723548832279382,0.4947502790593723,-0.1986326487858579,49,-0.1471366109767112,-0.655480117368027,1.4617387020099546,-0.3463120125215385,-0.4013083641723691,-0.1986326487858579,-0.3441794927692492,0.2146398042548794,0,Intermedi,0.8709081441383897,2.377731504458488,1.2124070981101662,Gentrificació intensa
2016,Barri,les corts,1.234668174569662,0.0554826100221515,45976,41192.0,6.0,1588.0,3190.0,,,,,2147.0,-0.8260328062906818,0.4391057490599477,-0.158628408942947,49,-0.1306667648491878,-0.651228795459894,0.2825803724463093,0.0554826100221515,-0.3909477801545409,-0.158628408942947,-0.2949012067703196,-0.0084963430789593,0,Intermedi,-0.0090709221716209,0.7841014244564197,1.2124070981101662,Gentrificació intensa
2017,Barri,les corts,1.184768012227681,0.4907601177778159,46104,41000.0,7.0,1620.0,3477.0,,,,,1864.0,-0.7394280325301079,0.2085784104909042,-0.158628408942947,49,-0.1138386160068582,-0.5719069863433672,0.2179727967294924,0.4907601177778159,-0.3428728011751127,-0.158628408942947,-0.0512130438625743,0.1123196323285805,0,Intermedi,0.4657142838335166,0.7636156369647759,1.2124070981101662,Gentrificació intensa
2018,Barri,les corts,1.1706171576166364,0.6581745438376868,46152,40780.0,8.0,1715.0,3649.0,,,,,1755.0,-0.693697474422889,0.2562737219189819,-0.1596541586825088,49,-0.0569597106677518,-0.5239335523518582,0.2443978017042431,0.6581745438376868,-0.290446631509805,-0.1596541586825088,0.0769119359934074,0.1807515456241162,0,Intermedi,0.7319884254461114,0.8041520681563843,1.2124070981101662,Gentrificació intensa
2019,Barri,les corts,1.2019549948623234,0.7586231994736093,46599,40607.0,9.0,1847.0,4136.0,,,,,1687.0,-0.7106946730114129,0.5106487162020653,-0.1606799084220706,49,0.0127009781576888,-0.3964852862494359,0.3339696793509919,0.7586231994736093,-0.1918921540458735,-0.1606799084220706,0.2183239257025282,0.2572634511537915,0,Intermedi,1.025718244421212,0.884300155456869,1.2124070981101662,Gentrificació intensa
2020,Barri,les corts,1.237952757914885,0.691657429049661,46731,40268.0,11.0,1916.0,4536.0,,,,,1695.0,-0.8252234158817044,0.3596135633464842,-0.1627314079011943,49,0.051089010423119,-0.2872292938135082,0.2574476351265549,0.691657429049661,-0.1180701416951946,-0.1627314079011943,0.2333792144233061,0.228571209333587,0,Intermedi,0.9050994543716226,0.7089029680893242,1.2124070981101662,Gentrificació intensa
2021,Barri,les corts,1.1205749284328146,0.4237943473538675,45943,39474.0,11.0,1839.0,4619.0,3285.0,23187.0,4833.0,8544.0,2218.0,-0.622875813637373,0.4629534047739876,-0.1668344068594416,49,0.0237235014736729,-0.2415825412548677,0.320217506523143,0.4237943473538675,-0.1089295198905973,-0.1668344068594416,0.1167318965489328,0.1680507708130953,0,Intermedi,0.6638191259948583,0.7286428090671638,1.2124070981101662,Gentrificació intensa
2022,Barri,les corts,,0.8590718551095319,45660,39313.0,5.0,1926.0,4416.0,3073.0,23383.0,4794.0,8495.0,1474.0,-0.7491407174378358,0.5344963719161041,-0.1678601565990034,49,0.0843048073484368,-0.2918491289209665,-0.1073221727608658,0.8590718551095319,-0.1037721607862648,-0.1678601565990034,0.2736236035280316,0.1711984412275461,0,Intermedi,0.6772201581510402,0.2291466798867061,1.2124070981101662,Gentrificació intensa
2023,Barri,les corts,,1.428280903713093,45965,38799.0,10.0,2050.0,5106.0,2998.0,24102.0,4728.0,8649.0,1401.0,-0.8628600698991501,0.4152580933459088,1.7902960962245078,49,0.1523222383401791,-0.1028987991116389,-0.2238009882766206,1.428280903713093,0.0247117196142701,1.7902960962245078,1.2180378814331436,0.7243455377986974,1,Gentrificació residencial,2.9512845978408957,-1.0973690136381042,1.2124070981101662,Gentrificació intensa
2024,Barri,les corts,,1.5287295593490156,46740,38627.0,13.0,2239.0,5861.0,,,,,147.0,2.2338676348480995,0.5265471533447582,1.687721122268326,49,0.2452738053319604,0.0852837964173898,1.3802073940964288,1.5287295593490156,0.1652788008746751,1.687721122268326,1.5798656878717834,1.2432810706622337,1,Gentrificació residencial,4.985621739818389,1.1451130217209875,1.2124070981101662,Gentrificació intensa
2025,Barri,les corts,,1.7296268706208606,47057,38614.0,12.0,2314.0,6117.0,,,,,1428.0,2.525248182079937,0.3596135633464842,,49,0.2810324633404761,0.1457108940568693,1.4424308727132105,1.7296268706208606,0.2133716786986727,1.0092936587501425e-17,1.2287371374577156,0.994291658739956,1,Gentrificació residencial,3.913944973174245,2.2874397687928414,1.2124070981101662,Gentrificació intensa
2000,Barri,les roquetes,,,15144,14913.0,0.0,24.0,207.0,,,,,,,,,50,-1.0577501822976012,-1.383842197063641,0.0033723453127869,3.6921966638804284e-16,-1.220796189680621,1.0092936587501425e-17,-0.9846774593698788,-0.243147534342288,0,Intermedi,-0.8525519510186992,0.8750979041911556,0.162221432981752,Desgentrificació
2001,Barri,les roquetes,,,15067,14553.0,0.0,21.0,493.0,0.0,0.0,0.0,0.0,,,,,50,-1.0631236858299589,-1.1333262712429268,0.0033723453127869,3.6921966638804284e-16,-1.0982249785364429,1.0092936587501425e-17,-0.8858132019274358,-0.2186332921134523,0,Intermedi,-0.7669534489239044,0.7872357279383748,0.162221432981752,Desgentrificació
2002,Barri,les roquetes,,,15475,14538.0,9.0,32.0,896.0,,,,,,,,,50,-1.0441606753083963,-0.8022371913329451,0.0033723453127869,3.6921966638804284e-16,-0.9231989333206708,1.0092936587501425e-17,-0.7446395949130563,-0.1836280830702979,0,Intermedi,-0.6447227296694222,0.661772586226523,0.162221432981752,Desgentrificació
2003,Barri,les roquetes,,,15596,14201.0,8.0,50.0,1337.0,,,,,,,,,50,-1.0121438818505866,-0.436329600355029,0.0033723453127869,3.6921966638804284e-16,-0.7242367411028078,1.0092936587501425e-17,-0.584159420089607,-0.1438356446267253,0,Intermedi,-0.505776027027212,0.5191514026949131,0.162221432981752,Desgentrificació
2004,Barri,les roquetes,,,15809,13867.0,0.0,62.0,1880.0,,,,,,,,,50,-0.9920052553700084,0.0001266088112337,0.0033723453127869,3.6921966638804284e-16,-0.4959393232793873,1.0092936587501425e-17,-0.4000178547216152,-0.0981761610620412,0,Intermedi,-0.3463428549521846,0.355501979836054,0.162221432981752,Desgentrificació
2005,Barri,les roquetes,,,15709,13453.0,0.0,83.0,2173.0,,,,,,,,,50,-0.9536959409089772,0.2553369297309104,0.0033723453127869,3.6921966638804284e-16,-0.3491795055890334,1.0092936587501425e-17,-0.2816433990651549,-0.0688241975239704,0,Intermedi,-0.2438520624999299,0.2503007923111291,0.162221432981752,Desgentrificació
2006,Barri,les roquetes,,,15831,13138.0,0.0,93.0,2600.0,,,,,,,,,50,-0.937071313628321,0.5959862875736897,0.0033723453127869,3.6921966638804284e-16,-0.1705425130273156,1.0092936587501425e-17,-0.1375572514575299,-0.0330967990116269,0,Intermedi,-0.1190996117469106,0.1222492312699145,0.162221432981752,Desgentrificació
2007,Barri,les roquetes,,,15657,12883.0,0.0,308.0,2465.0,,,,,,,,,50,-0.5489320136874364,0.5066087495408365,0.0033723453127869,3.6921966638804284e-16,-0.0211616320732999,1.0092936587501425e-17,-0.0170686821290853,-0.0032206228208237,0,Intermedi,-0.0147783805874685,0.0151691986206589,0.162221432981752,Desgentrificació
2008,Barri,les roquetes,,,15942,12666.0,0.0,393.0,2882.0,,,,,,,,,50,-0.4088313075579014,0.8135484189734992,0.0033723453127869,3.6921966638804284e-16,0.2023585557077988,1.0092936587501425e-17,0.1632196350221591,0.0414834147353959,0,Intermedi,0.1413185779349,-0.145055783669649,0.162221432981752,Desgentrificació
2009,Barri,les roquetes,,,16182,12618.0,0.0,413.0,3151.0,,,,,,,,,50,-0.3843475610747457,0.996877848705636,0.0033723453127869,3.6921966638804284e-16,0.3062651438154451,1.0092936587501425e-17,0.2470292635698994,0.0622647323569252,0,Intermedi,0.2138825039724196,-0.2195386811862634,0.162221432981752,Desgentrificació
2010,Barri,les roquetes,,,15992,12553.0,0.0,439.0,3000.0,,,,,,,,,50,-0.3300801403220517,0.9031403783100992,0.0033723453127869,3.6921966638804284e-16,0.2865301189940237,1.0092936587501425e-17,0.2311112632795786,0.0583177273926409,0,Intermedi,0.2001004049970721,-0.2053921110983403,0.162221432981752,Desgentrificació
2011,Barri,les roquetes,,,15987,12521.0,0.0,422.0,3044.0,0.0,0.0,0.0,0.0,1339.0,,,,50,-0.3597529800368948,0.940101680708804,0.0033723453127869,3.6921966638804284e-16,0.2901743503359545,1.0092936587501425e-17,0.2340506502873864,0.0590465736610271,0,Intermedi,0.202645380617728,-0.2080043892465427,0.162221432981752,Desgentrificació
2012,Barri,les roquetes,,,16028,12496.0,0.0,392.0,3140.0,,,,,1455.0,,,,50,-0.4143075350906128,1.0124548547600174,0.0033723453127869,3.6921966638804284e-16,0.2990736598347023,1.0092936587501425e-17,0.2412287112458382,0.0608264355607766,0,Intermedi,0.2088602785179757,-0.2143836417023847,0.162221432981752,Desgentrificació
2013,Barri,les roquetes,,,15774,12442.0,0.0,386.0,2946.0,,,,,1503.0,,,,50,-0.4139292183243333,0.8922163918815608,0.0033723453127869,3.6921966638804284e-16,0.2391435867786137,1.0092936587501425e-17,0.1928899364564453,0.0488404209495589,0,Intermedi,0.1670076735208809,-0.1714242339218555,0.162221432981752,Desgentrificació
2014,Barri,les roquetes,,-1.5182129949406349,15565,12448.0,0.0,409.0,2708.0,,,,,1444.0,-0.1740688318594456,-0.9202106266402776,-0.3709586050322434,50,-0.363115964922936,0.72413033257232,-0.5471397292498615,-1.5182129949406349,0.1805071838246919,-0.3709586050322434,-0.7894038247895863,-0.6576961014986592,2,Baixa gentrificació,-2.6449557543651863,-1.0404714431149569,0.162221432981752,Desgentrificació
2015,Barri,les roquetes,-1.1212843246468336,-1.3842814540927382,15400,12467.0,0.0,383.0,2550.0,,,,,1344.0,-0.2711956809367247,-1.1189410909239363,-0.3709586050322434,50,-0.4026910631797509,0.6137336421487097,-0.8371403655024983,-1.3842814540927382,0.1055212894844794,-0.3709586050322434,-0.825447654099857,-0.7195140089881238,2,Baixa gentrificació,-2.8820133131841588,-1.362303069910258,0.162221432981752,Desgentrificació
2016,Barri,les roquetes,-1.1879299209453884,-1.149901257608919,15410,12421.0,0.0,392.0,2597.0,,,,,1187.0,-0.2064444482185387,-1.2222809323514383,-0.3719843547718052,50,-0.3867150757244175,0.6524254910635656,-0.8722184338384552,-1.149901257608919,0.132855207669574,-0.3719843547718052,-0.6934073262390502,-0.6544617368546586,2,Baixa gentrificació,-2.6265541072956817,-1.3741457300038902,0.162221432981752,Desgentrificació
2017,Barri,les roquetes,-1.1755259957824984,-0.8820381759131254,15631,12401.0,0.0,404.0,2826.0,,,,,1074.0,-0.1214584552759194,-1.1666364023520144,-0.3719843547718052,50,-0.3752359466772666,0.8137357456318378,-0.8212069511368107,-0.8820381759131254,0.2192498994772856,-0.3719843547718052,-0.4846485487671698,-0.5415204291738848,2,Baixa gentrificació,-2.1870233862666795,-1.2998214510788202,0.162221432981752,Desgentrificació
2018,Barri,les roquetes,-1.1991056213140154,-0.5472093237933836,15764,12341.0,0.0,379.0,3043.0,,,,,103.0,-0.1821627359492189,-1.1666364023520144,-0.3719843547718052,50,-0.4259844521908259,0.974684968608241,-0.8493015865384163,-0.5472093237933836,0.2743502582087075,-0.3719843547718052,-0.279493102839903,-0.4384800924121594,2,Baixa gentrificació,-1.783521561411625,-1.2981863910634486,0.162221432981752,Desgentrificació
2019,Barri,les roquetes,-1.2425254478678271,-0.5472093237933836,16229,12415.0,0.0,413.0,3401.0,,,,,9490.0,-0.2307261604878584,-0.9361090637829704,-0.3719843547718052,50,-0.3864268832947298,1.192020480941613,-0.8031202240462186,-0.5472093237933836,0.4027967988234416,-0.3719843547718052,-0.1692887569883,-0.3989363755415533,2,Baixa gentrificació,-1.6390345066715557,-1.3253132669168073,0.162221432981752,Desgentrificació
2020,Barri,les roquetes,-1.2267436439037138,-0.4132777829454869,16394,12343.0,0.0,433.0,3618.0,,,,,9370.0,-0.3804633861486637,-1.0235504680677798,-0.3719843547718052,50,-0.3593125798918956,1.3383369737719604,-0.8769191660400525,-0.4132777829454869,0.4895121969400323,-0.3719843547718052,-0.0440028390078192,-0.3635535162620164,2,Baixa gentrificació,-1.5066842664593842,-1.4590025348952378,0.162221432981752,Desgentrificació
2021,Barri,les roquetes,-1.1473903346855223,-0.5137264385814094,16563,12432.0,0.0,422.0,3709.0,2976.0,2796.0,4779.0,3237.0,1229.0,-0.2266792084429718,-1.0473981237818193,-0.3719843547718052,50,-0.3855771754626575,1.3809716354956525,-0.8071558889701045,-0.5137264385814094,0.4976972300164973,-0.3719843547718052,-0.0768474180911583,-0.3711221232165158,2,Baixa gentrificació,-1.5377125441776585,-1.3909515415864735,0.162221432981752,Desgentrificació
2022,Barri,les roquetes,,-0.2123804716736418,16156,12336.0,0.0,387.0,3433.0,2711.0,2918.0,4758.0,3229.0,8890.0,-0.1740688318594456,-1.1348395280666292,-0.3719843547718052,50,-0.4284648993000132,1.2305160485748148,-0.6544541799630375,-0.2123804716736418,0.4010255746374008,-0.3719843547718052,0.0152608852322837,-0.2542421515178846,2,Baixa gentrificació,-1.065556171982392,-1.0343248641967002,0.162221432981752,Desgentrificació
2023,Barri,les roquetes,,0.2563799212939966,16523,12246.0,0.0,405.0,3871.0,2729.0,3160.0,4691.0,3477.0,8450.0,-0.4371207147770766,-1.1189410909239363,-0.3535208594596925,50,-0.4127859581506684,1.51702196092905,-0.7780309028505065,0.2563799212939966,0.5521180013891909,-0.3535208594596925,0.3555295584078357,-0.1167758660810532,0,Intermedi,-0.5334348808338709,-1.2149102102832348,0.162221432981752,Desgentrificació
2024,Barri,les roquetes,,0.2228970360820225,16941,12320.0,0.0,436.0,4184.0,,,,,8730.0,-0.4209329065975301,-1.230230150922785,-0.3535208594596925,50,-0.3783218923232965,1.6839556392928543,-0.8255815287601576,0.2228970360820225,0.652816873484779,-0.3535208594596925,0.4134822297200162,-0.1209461449984232,0,Intermedi,-0.5593560397979892,-1.3620305902128642,0.162221432981752,Desgentrificació
2025,Barri,les roquetes,,0.2563799212939966,17321,12442.0,0.0,453.0,4425.0,,,,,8720.0,-0.6475622211111814,-1.3574176480643267,,50,-0.3665952775451134,1.7956643038210247,-1.002489934587754,0.2563799212939966,0.7145345131379557,1.0092936587501425e-17,0.5586895714197703,-0.080926101360536,0,Intermedi,-0.3892462462503701,-1.8650362826805729,0.162221432981752,Desgentrificació
2000,Barri,les tres torres,,,13785,13308.0,0.0,284.0,193.0,,,,,,,,,51,-0.5227584094853889,-1.379477361743528,0.0033723453127869,3.6921966638804284e-16,-0.9511178856144584,1.0092936587501425e-17,-0.767158638833162,-0.1892118735290555,0,Intermedi,-0.6642201342728015,0.6817856046533729,1.3170962160082946,Gentrificació intensa
2001,Barri,les tres torres,,,14109,13488.0,0.0,325.0,296.0,0.0,0.0,0.0,0.0,,,,,51,-0.4543182328223525,-1.2877115300234914,0.0033723453127869,3.6921966638804284e-16,-0.8710148814229219,1.0092936587501425e-17,-0.7025486545278768,-0.1731912726907482,0,Intermedi,-0.6082796152220173,0.6243657243490547,1.3170962160082946,Gentrificació intensa
2002,Barri,les tres torres,,,14892,13987.0,7.0,440.0,458.0,,,,,,,,,51,-0.2711484940737927,-1.1591743640646486,0.0033723453127869,3.6921966638804284e-16,-0.7151614290692206,1.0092936587501425e-17,-0.5768393979010061,-0.1420205822200079,0,Intermedi,-0.4994382164690366,0.5126459871246445,1.3170962160082946,Gentrificació intensa
2003,Barri,les tres torres,,,15177,14032.0,7.0,504.0,634.0,,,,,,,,,51,-0.1681275467471564,-1.0142832476840855,0.0033723453127869,3.6921966638804284e-16,-0.591205397215621,1.0092936587501425e-17,-0.476858163071705,-0.117229375849288,0,Intermedi,-0.4128726146997769,0.4237911360005469,1.3170962160082946,Gentrificació intensa
2004,Barri,les tres torres,,,15201,13941.0,0.0,526.0,734.0,,,,,,,,,51,-0.1288880806615692,-0.9286479989477658,0.0033723453127869,3.6921966638804284e-16,-0.5287680398046675,1.0092936587501425e-17,-0.4264970471173121,-0.1047419043670973,0,Intermedi,-0.3692690293289163,0.3790344427249446,1.3170962160082946,Gentrificació intensa
2005,Barri,les tres torres,,,15343,13911.0,0.0,570.0,860.0,,,,,,,,,51,-0.0572221143064342,-0.826539872457884,0.0033723453127869,3.6921966638804284e-16,-0.4418809933821591,1.0092936587501425e-17,-0.35641514741393,-0.0873644950825956,0,Intermedi,-0.3085908247506884,0.3167515875944838,1.3170962160082946,Gentrificació intensa
2006,Barri,les tres torres,,,15301,13767.0,0.0,607.0,926.0,,,,,,,,,51,0.0136733847044004,-0.7677982432929028,0.0033723453127869,3.6921966638804284e-16,-0.3770624292942512,1.0092936587501425e-17,-0.3041333828199706,-0.074400782265014,0,Intermedi,-0.2633243062748782,0.2702879845250412,1.3170962160082946,Gentrificació intensa
2007,Barri,les tres torres,,,15272,13848.0,0.0,692.0,730.0,,,,,,,,,51,0.1723670040489403,-0.9350438141022848,0.0033723453127869,3.6921966638804284e-16,-0.3813384050266721,1.0092936587501425e-17,-0.3075823261867,-0.0752559774114982,0,Intermedi,-0.2663104652127905,0.2733531131955301,1.3170962160082946,Gentrificació intensa
2008,Barri,les tres torres,,,15351,13884.0,0.0,746.0,719.0,,,,,,,,,51,0.2647660017766521,-0.9477006936364872,0.0033723453127869,3.6921966638804284e-16,-0.3414673459299175,1.0092936587501425e-17,-0.2754228768816939,-0.0672817655921473,0,Intermedi,-0.2384662193759708,0.2447725191959865,1.3170962160082946,Gentrificació intensa
2009,Barri,les tres torres,,,15546,13940.0,0.0,739.0,866.0,,,,,,,,,51,0.2349508036394205,-0.8310891412457426,0.0033723453127869,3.6921966638804284e-16,-0.298069168803161,1.0092936587501425e-17,-0.2404185025596883,-0.058602130166796,0,Intermedi,-0.2081587848567404,0.2136635968628682,1.3170962160082946,Gentrificació intensa
2010,Barri,les tres torres,,,15731,14222.0,0.0,681.0,826.0,,,,,,,,,51,0.1155023815731349,-0.8731385919270155,0.0033723453127869,3.6921966638804284e-16,-0.3788181051769402,1.0092936587501425e-17,-0.3055494869020906,-0.0747519174415518,0,Intermedi,-0.2645503953729565,0.2715464978611469,1.3170962160082946,Gentrificació intensa
2011,Barri,les tres torres,,,15748,14287.0,0.0,593.0,866.0,0.0,0.0,0.0,0.0,4530.0,,,,51,-0.0430132033973818,-0.8404847731241716,0.0033723453127869,3.6921966638804284e-16,-0.4417489882607767,1.0092936587501425e-17,-0.3563086738939065,-0.0873380940583191,0,Intermedi,-0.3084986380083555,0.3166569629503042,1.3170962160082946,Gentrificació intensa
2012,Barri,les tres torres,,,15922,14436.0,0.0,586.0,899.0,,,,,5050.0,,,,51,-0.0669577083222253,-0.8211337406732557,0.0033723453127869,3.6921966638804284e-16,-0.4440457244977405,1.0092936587501425e-17,-0.3581611898353659,-0.0877974413057119,0,Intermedi,-0.3101025805635097,0.3183033221742569,1.3170962160082946,Gentrificació intensa
2013,Barri,les tres torres,,,16036,14508.0,0.0,592.0,934.0,,,,,5290.0,,,,51,-0.0637924470288363,-0.7977123698198214,0.0033723453127869,3.6921966638804284e-16,-0.4307524084243289,1.0092936587501425e-17,-0.3474389834520119,-0.0851387780910295,0,Intermedi,-0.3008190960230965,0.3087743335241232,1.3170962160082946,Gentrificació intensa
2014,Barri,les tres torres,,0.2228970360820225,16165,14562.0,0.0,606.0,997.0,,,,,4980.0,-0.0243316061986403,2.8318205390352,-0.3422376123245125,51,-0.047716124925987,-0.7525774515777037,1.4037444664182797,0.2228970360820225,-0.4001467882518454,-0.3422376123245125,-0.1138386408316557,0.3395155706348191,1,Gentrificació residencial,1.3594543871170897,2.52100115178543,1.3170962160082946,Gentrificació intensa
2015,Barri,les tres torres,2.7104149654138863,0.3903114621418934,16501,14810.0,0.0,623.0,1068.0,,,,,4450.0,-0.0728950307372798,2.688734604750965,-0.3422376123245125,51,-0.0402081163298301,-0.7125131682963703,1.7754181798091906,0.3903114621418934,-0.3763606423131002,-0.3422376123245125,0.0408377304377345,0.5059992416578026,1,Gentrificació residencial,2.016161886688014,3.0669733336876783,1.3170962160082946,Gentrificació intensa
2016,Barri,les tres torres,3.0811614947844923,0.9260376255334802,16486,15053.0,0.0,600.0,831.0,,,,,4050.0,0.0606543867439789,2.426410391896535,-0.3381346133662652,51,-0.0784890821959776,-0.9007701741705856,1.8560754244750024,0.9260376255334802,-0.4896296281832816,-0.3381346133662652,0.2257803617633072,0.6690810666926352,1,Gentrificació residencial,2.673553478514124,3.3880977473660163,1.3170962160082946,Gentrificació intensa
2017,Barri,les tres torres,3.2539717225308378,1.3613151332891449,16699,15121.0,0.0,654.0,922.0,,,,,3620.0,0.0849360990132987,2.855668194749238,-0.3381346133662652,51,-0.0005778571761186,-0.8375685729034457,2.0648586720977917,1.3613151332891449,-0.4190732150397821,-0.3381346133662652,0.5266800140252689,0.8764105759348713,1,Gentrificació residencial,3.488365388397904,3.735978264949594,1.3170962160082946,Gentrificació intensa
2018,Barri,les tres torres,3.272471228537136,1.1939007072292738,16713,15120.0,0.0,655.0,938.0,,,,,3590.0,0.4289270228286623,2.450258047610575,-0.3381346133662652,51,0.0001824639744946,-0.8255884494385382,2.0505520996587907,1.1939007072292738,-0.4127029927320217,-0.3381346133662652,0.4474091385820583,0.8231683208467618,1,Gentrificació residencial,3.276666495680543,3.670970398115611,1.3170962160082946,Gentrificació intensa
2019,Barri,les tres torres,3.41155860260295,1.3947980185011188,16695,14986.0,0.0,723.0,986.0,,,,,3550.0,0.3763166462451361,2.728480697607697,-0.3381346133662652,51,0.1159541976320338,-0.7869872204677694,2.172118648818594,1.3947980185011188,-0.3355165114178677,-0.3381346133662652,0.6258801708680238,0.9353447752390872,1,Gentrificació residencial,3.7137966558384665,3.8349914331218375,1.3170962160082946,Gentrificació intensa
2020,Barri,les tres torres,3.2858274286419995,1.227383592441248,16644,14886.0,0.0,726.0,1032.0,,,,,3550.0,0.1658751399110313,3.157738500460399,-0.3381346133662652,51,0.1247578574797965,-0.7482662825206232,2.2031470230044765,1.227383592441248,-0.3117542125204133,-0.3381346133662652,0.5671176480404679,0.8991814194563816,1,Gentrificació residencial,3.568025007650361,3.821273016099203,1.3170962160082946,Gentrificació intensa
2021,Barri,les tres torres,2.7165650207144414,0.9595205107454544,16356,14559.0,0.0,677.0,1120.0,570.0,9075.0,1143.0,2688.0,4870.0,0.3398940778411564,2.5853947633234617,-0.3391603631058271,51,0.0620862371103946,-0.6631633962593989,1.8806179539596863,0.9595205107454544,-0.3005385795745021,-0.3391603631058271,0.397977047406428,0.7241017508754765,1,Gentrificació residencial,2.873694908117459,3.2957646408227768,1.3170962160082946,Gentrificació intensa
2022,Barri,les tres torres,,1.6961439854088864,16108,14326.0,0.0,692.0,1088.0,556.0,9135.0,1156.0,2602.0,3340.0,0.2630019889883104,2.8159221018925065,-0.3401861128453889,51,0.1062104801723026,-0.6754227343517968,1.5394620454404084,1.6961439854088864,-0.2846061270897471,-0.3401861128453889,0.7241626964432777,0.8457233612677613,1,Gentrificació residencial,3.3556148144199844,2.9826087726866675,1.3170962160082946,Gentrificació intensa
2023,Barri,les tres torres,,2.198387263588499,16276,14247.0,0.0,755.0,1272.0,524.0,9372.0,1142.0,2621.0,3290.0,-0.1740688318594456,2.919261943320009,-0.0252809427999106,51,0.2026266381939186,-0.5359381444794431,1.3725965557302815,2.198387263588499,-0.1666557531427622,-0.0252809427999106,1.135394993781274,1.0329078066070996,1,Gentrificació residencial,4.102154247998138,2.5901345481618097,1.3170962160082946,Gentrificació intensa
2024,Barri,les tres torres,,2.298835919224421,16393,14187.0,0.0,801.0,1403.0,,,,,3440.0,-0.1902566400389921,3.4200627133148287,-0.0047659480086742,51,0.2722529095731404,-0.4381941462869775,1.6149030366379182,2.298835919224421,-0.0829706183569185,-0.0047659480086742,1.2929969628777334,1.1565743734855831,1,Gentrificació residencial,4.584790125248084,2.882453444776051,1.3170962160082946,Gentrificació intensa
2025,Barri,les tres torres,,2.298835919224421,16376,14053.0,0.0,854.0,1468.0,,,,,3350.0,-0.2307261604878584,3.1656877190317463,,51,0.3647269242088085,-0.3848335949055135,1.467480779271944,2.298835919224421,-0.0100533353483525,1.0092936587501425e-17,1.3321439328872284,1.127884342479239,1,Gentrificació residencial,4.464828287338313,2.619918637271393,1.3170962160082946,Gentrificació intensa
2000,Barri,montbau,,,5100,5034.0,0.0,10.0,56.0,,,,,,,,,52,-1.0471726666368453,-1.4191924623691732,0.0033723453127869,3.6921966638804284e-16,-1.2331825645030092,1.0092936587501425e-17,-0.9946681393818332,-0.2456248093067656,0,Intermedi,-0.8612020665008245,0.8839767741771718,0.3164986740649302,Estable
2001,Barri,montbau,,,5095,4951.0,0.0,12.0,132.0,0.0,0.0,0.0,0.0,,,,,52,-1.0360756217435605,-1.222908948885317,0.0033723453127869,3.6921966638804284e-16,-1.129492285314439,1.0092936587501425e-17,-0.9110329826408328,-0.2248867534690516,0,Intermedi,-0.788789201379566,0.8096489324211679,0.3164986740649302,Estable
2002,Barri,montbau,,,5255,4987.0,0.0,22.0,242.0,,,,,,,,,52,-0.984559539653091,-0.958035473166192,0.0033723453127869,3.6921966638804284e-16,-0.9712975064096416,1.0092936587501425e-17,-0.7834352441368261,-0.1932477976880921,0,Intermedi,-0.6783127200993118,0.6962508724962033,0.3164986740649302,Estable
2003,Barri,montbau,,,5343,4903.0,0.0,16.0,420.0,,,,,,,,,52,-1.018090327220142,-0.5299467728254253,0.0033723453127869,3.6921966638804284e-16,-0.7740185500227836,1.0092936587501425e-17,-0.6243127442435615,-0.1537920064107205,0,Intermedi,-0.5405415175150787,0.5548362754205665,0.3164986740649302,Estable
2004,Barri,montbau,,,5309,4812.0,0.0,25.0,472.0,,,,,,,,,52,-0.9698607846868206,-0.3945344317721679,0.0033723453127869,3.6921966638804284e-16,-0.6821976082294943,1.0092936587501425e-17,-0.5502512322186761,-0.1354278180520626,0,Intermedi,-0.4764176910058207,0.4890166780107916,0.3164986740649302,Estable
2005,Barri,montbau,,,5284,4751.0,0.0,36.0,497.0,,,,,,,,,52,-0.9106704295602972,-0.3267908360569461,0.0033723453127869,3.6921966638804284e-16,-0.6187306328086216,1.0092936587501425e-17,-0.4990596405020727,-0.1227344229678881,0,Intermedi,-0.4320950643645331,0.4435219282354934,0.3164986740649302,Estable
2006,Barri,montbau,,,5270,4697.0,0.0,53.0,520.0,,,,,,,,,52,-0.8194134597885504,-0.2661176633258867,0.0033723453127869,3.6921966638804284e-16,-0.5427655615572186,1.0092936587501425e-17,-0.4377872561409678,-0.1075414087176075,0,Intermedi,-0.3790443010576773,0.3890682240006973,0.3164986740649302,Estable
2007,Barri,montbau,,,5111,4608.0,0.0,58.0,445.0,,,,,,,,,52,-0.7830911497439017,-0.4187096043204694,0.0033723453127869,3.6921966638804284e-16,-0.6009003770321856,1.0092936587501425e-17,-0.484678000793278,-0.1191683718126009,0,Intermedi,-0.4196431747879938,0.4307407452722394,0.3164986740649302,Estable
2008,Barri,montbau,,,5182,4647.0,0.0,74.0,461.0,,,,,,,,,52,-0.7006050528511895,-0.3937959850781168,0.0033723453127869,3.6921966638804284e-16,-0.5472005189646532,1.0092936587501425e-17,-0.4413644319458077,-0.1084284001990944,0,Intermedi,-0.3821414860115247,0.3922473147983499,0.3164986740649302,Estable
2009,Barri,montbau,,,5224,4673.0,0.0,86.0,465.0,,,,,,,,,52,-0.6392135384102823,-0.3931324698063999,0.0033723453127869,3.6921966638804284e-16,-0.5161730041083411,1.0092936587501425e-17,-0.4163380641069079,-0.102222897227832,0,Intermedi,-0.3604731939988089,0.3700059992925061,0.3164986740649302,Estable
2010,Barri,montbau,,,5250,4714.0,0.0,87.0,448.0,,,,,,,,,52,-0.6361486408495475,-0.4415074596489164,0.0033723453127869,3.6921966638804284e-16,-0.538828050249232,1.0092936587501425e-17,-0.4346113135358366,-0.1067539064560102,0,Intermedi,-0.3762945112269437,0.3862457152785415,0.3164986740649302,Estable
2011,Barri,montbau,,,5213,4633.0,0.0,91.0,489.0,0.0,0.0,0.0,0.0,2980.0,,,,52,-0.6112539337509031,-0.330125228226191,0.0033723453127869,3.6921966638804284e-16,-0.4706895809885471,1.0092936587501425e-17,-0.379651758972911,-0.0931262126038732,0,Intermedi,-0.3287095126836387,0.337402319346565,0.3164986740649302,Estable
2012,Barri,montbau,,,5136,4570.0,0.0,97.0,468.0,,,,,3350.0,,,,52,-0.5710272942519923,-0.3653975023952737,0.0033723453127869,3.6921966638804284e-16,-0.468212398323633,1.0092936587501425e-17,-0.3776536974180819,-0.0926307760708904,0,Intermedi,-0.3269795540452891,0.3356266115120475,0.3164986740649302,Estable
2013,Barri,montbau,,,5110,4535.0,0.0,105.0,469.0,,,,,3380.0,,,,52,-0.5242819875583327,-0.3567278558496525,0.0033723453127869,3.6921966638804284e-16,-0.4405049217039926,1.0092936587501425e-17,-0.3553052268756604,-0.0870892807469623,0,Intermedi,-0.3076298350262125,0.3157651842523376,0.3164986740649302,Estable
2014,Barri,montbau,,-1.183384142820893,5045,4497.0,0.0,100.0,448.0,,,,,3300.0,-0.991553144926545,-0.6260895395004624,,52,-0.5447152445727423,-0.3959129864882221,-0.8088213422135038,-1.183384142820893,-0.4703141155304822,1.0092936587501425e-17,-1.077640974559276,-0.6917244686164155,2,Baixa gentrificació,-2.6998523130746124,-1.090107285052053,0.3164986740649302,Estable
2015,Barri,montbau,-0.0379289766399025,-0.9155210611250996,5041,4525.0,0.0,98.0,418.0,,,,,3010.0,-0.8539567754003995,-0.3160700152179554,,52,-0.5554339849311737,-0.4732402393368956,-0.4026519224194191,-0.9155210611250996,-0.5143371121340347,1.0092936587501425e-17,-0.923309314453182,-0.4983193174901625,2,Baixa gentrificació,-1.9300718560565224,-0.4228220048566858,0.3164986740649302,Estable
2016,Barri,montbau,-0.1708970284511317,-0.8485552907011512,5053,4553.0,0.0,94.0,406.0,,,,,2690.0,-0.7042195497395942,-0.2286286109331449,,52,-0.5790021766012422,-0.5070567774318203,-0.3679150630412902,-0.8485552907011512,-0.5430294770165313,1.0092936587501425e-17,-0.9085413069437028,-0.4735470015260387,2,Baixa gentrificació,-1.8292304352613529,-0.3372739812818161,0.3164986740649302,Estable
2017,Barri,montbau,-0.225068126465324,-0.1119318160377193,5108,4520.0,0.0,120.0,468.0,,,,,2440.0,-0.7042195497395942,-0.4671051680735354,,52,-0.4414445924967536,-0.3588295683718236,-0.4654642814261512,-0.1119318160377193,-0.4001370804342886,1.0092936587501425e-17,-0.4448280985373611,-0.2532462453260188,0,Intermedi,-0.96879187239423,-0.3994757845263557,0.3164986740649302,Estable
2018,Barri,montbau,-0.2234917315805819,-0.614175094217332,5099,4456.0,0.0,122.0,521.0,,,,,2290.0,-0.651609173156068,-0.1491364252196814,,52,-0.4292438397746159,-0.2200273171023955,-0.3414124433187771,-0.614175094217332,-0.3246355784385057,1.0092936587501425e-17,-0.6132898658152267,-0.3516033769485339,2,Baixa gentrificació,-1.3664273511579113,-0.4001023146449205,0.3164986740649302,Estable
2019,Barri,montbau,-0.2358441783840291,-0.3128291273095643,5126,4420.0,0.0,155.0,551.0,,,,,2240.0,-0.5585292761236755,-0.1014411137916038,,52,-0.2516830368410526,-0.1501479741869107,-0.2986048560997695,-0.3128291273095643,-0.2009155055139816,1.0092936587501425e-17,-0.3591247986610575,-0.2236132961255965,0,Intermedi,-0.8707274442201443,-0.3560070097158703,0.3164986740649302,Estable
2020,Barri,montbau,-0.1966380510168813,-0.3128291273095643,5172,4367.0,0.0,180.0,625.0,,,,,2150.0,-0.8984732478941525,-0.1888825180764132,,52,-0.12326741102901,0.025417839584825,-0.4279979389958157,-0.3128291273095643,-0.0489247857220924,1.0092936587501425e-17,-0.2550265163801461,-0.2320330770360325,0,Intermedi,-0.9180840926134928,-0.6469290403226193,0.3164986740649302,Estable
2021,Barri,montbau,-0.1272838649734486,-0.5472093237933836,5114,4287.0,0.0,179.0,648.0,735.0,1893.0,777.0,1056.0,3060.0,-0.6475622211111814,-0.1809332995050673,,52,-0.1176643627007776,0.1025774572869636,-0.3185931285298991,-0.5472093237933836,-0.007543452706907,1.0092936587501425e-17,-0.3213203163572383,-0.2612494262383662,0,Intermedi,-1.038242719521121,-0.5791816184197967,0.3164986740649302,Estable
2022,Barri,montbau,,-0.3128291273095643,5014,4197.0,0.0,198.0,619.0,679.0,1918.0,765.0,1054.0,2160.0,-0.6435152690662947,-0.1093903323629497,,52,0.0085764567185524,0.059754818200808,-0.3764528007146222,-0.3128291273095643,0.0341656374596802,1.0092936587501425e-17,-0.1806390986767369,-0.1999514509153199,0,Intermedi,-0.7989087063681842,-0.6340001777616869,0.3164986740649302,Estable
2023,Barri,montbau,,0.323345691717945,5174,4225.0,0.0,181.0,768.0,635.0,2056.0,791.0,1122.0,1930.0,-0.7892055426822134,-0.2524762666471837,,52,-0.118208715743672,0.388224947233675,-0.5208409046646986,0.323345691717945,0.1350081157450015,1.0092936587501425e-17,0.1930436850091099,-0.0322469407350257,0,Intermedi,-0.1429068330940016,-0.7561240544202403,0.3164986740649302,Estable
2024,Barri,montbau,,0.2563799212939966,5286,4226.0,0.0,196.0,864.0,,,,,1980.0,-0.8094403029066466,-0.1809332995050673,,52,-0.0592311560076191,0.5856758987170433,-0.4951868012058569,0.2563799212939966,0.263222371354712,1.0092936587501425e-17,0.267180906838095,-0.0189975897026156,0,Intermedi,-0.1026039302142946,-0.8280814380708371,0.3164986740649302,Estable
2025,Barri,montbau,,0.8925547403215061,5343,4191.0,0.0,213.0,939.0,,,,,1960.0,-0.9510836244776788,-0.8725153152121993,,52,0.0191488070348027,0.7473240291171418,-0.911799469844939,0.8925547403215061,0.3832364180759722,1.0092936587501425e-17,0.617415645769283,0.0708738647581646,0,Intermedi,0.243843464146095,-1.3467893954688712,0.3164986740649302,Estable
2000,Barri,navas,,,21286,20860.0,8.0,68.0,350.0,,,,,,,,,53,-1.0124635226747385,-1.3473668161305117,0.0033723453127869,3.6921966638804284e-16,-1.179915169402625,1.0092936587501425e-17,-0.9517033892310158,-0.2349713302866888,0,Intermedi,-0.8240023914015787,0.8457933442090102,0.48879536508472465,Estable
2001,Barri,navas,,,21521,20612.0,6.0,85.0,818.0,0.0,0.0,0.0,0.0,,,,,53,-0.9912227995321008,-1.0637816113950904,0.0033723453127869,3.6921966638804284e-16,-1.0275022054635956,1.0092936587501425e-17,-0.8287691833618288,-0.2044887374988829,0,Intermedi,-0.7175636829053174,0.7365398369962295,0.48879536508472465,Estable
2002,Barri,navas,,,22147,20599.0,18.0,109.0,1421.0,,,,,,,,,53,-0.96387784757506,-0.7198920126744617,0.0033723453127869,3.6921966638804284e-16,-0.8418849301247608,1.0092936587501425e-17,-0.6790528354236695,-0.1673652824311159,0,Intermedi,-0.5879365006036598,0.6034846308907926,0.48879536508472465,Estable
2003,Barri,navas,,,22089,20119.0,19.0,159.0,1792.0,,,,,,,,,53,-0.899835951437487,-0.4968260794491304,0.0033723453127869,3.6921966638804284e-16,-0.6983310154433087,1.0092936587501425e-17,-0.5632642171547074,-0.1386544994948255,0,Intermedi,-0.4876845739736609,0.5005815165641991,0.48879536508472465,Estable
2004,Barri,navas,,,21785,19633.0,13.0,183.0,1956.0,,,,,,,,,53,-0.8660180569309127,-0.3829510199139955,0.0033723453127869,3.6921966638804284e-16,-0.6244845384224541,1.0092936587501425e-17,-0.5037006618364896,-0.1238852040906546,0,Intermedi,-0.436113346448403,0.4476464748110327,0.48879536508472465,Estable
2005,Barri,navas,,,21727,19330.0,9.0,225.0,2163.0,,,,,,,,,53,-0.8110061940242416,-0.2545223422860562,0.0033723453127869,3.6921966638804284e-16,-0.5327642681551489,1.0092936587501425e-17,-0.4297203500834226,-0.1055411500371935,0,Intermedi,-0.3720598246358793,0.3818990413235776,0.48879536508472465,Estable
2006,Barri,navas,,,21667,19082.0,14.0,270.0,2301.0,,,,,,,,,53,-0.7517727260968412,-0.1671480412899336,0.0033723453127869,3.6921966638804284e-16,-0.4594603836933874,1.0092936587501425e-17,-0.3705944424799314,-0.0908803731448412,0,Intermedi,-0.3208675205941426,0.3293529437818248,0.48879536508472465,Estable
2007,Barri,navas,,,21380,18829.0,15.0,352.0,2184.0,,,,,,,,,53,-0.6391712232242408,-0.2203607021568411,0.0033723453127869,3.6921966638804284e-16,-0.429765962690541,1.0092936587501425e-17,-0.3466433298554795,-0.084941488944272,0,Intermedi,-0.3001302044275757,0.3080672240151543,0.48879536508472465,Estable
2008,Barri,navas,,,21601,18755.0,15.0,432.0,2399.0,,,,,,,,,53,-0.5397227306543259,-0.1032255271705988,0.0033723453127869,3.6921966638804284e-16,-0.3214741289124623,1.0092936587501425e-17,-0.2592966223080056,-0.0632831221886562,0,Intermedi,-0.2245038099914599,0.2304408703442718,0.48879536508472465,Estable
2009,Barri,navas,,,21780,18614.0,9.0,496.0,2661.0,,,,,,,,,53,-0.4616819008056451,0.0429498293990841,0.0033723453127869,3.6921966638804284e-16,-0.2093660357032805,1.0092936587501425e-17,-0.1688717722559272,-0.0408615035468198,0,Intermedi,-0.1462123028599715,0.1500789243949749,0.48879536508472465,Estable
2010,Barri,navas,,,21839,18714.0,7.0,537.0,2581.0,,,,,,,,,53,-0.4105986904300518,-0.0095582800799087,0.0033723453127869,3.6921966638804284e-16,-0.2100784852549802,1.0092936587501425e-17,-0.1694464242907443,-0.0410039934571598,0,Intermedi,-0.1467098472170382,0.1505896264391035,0.48879536508472465,Estable
2011,Barri,navas,,,21725,18705.0,8.0,493.0,2519.0,0.0,0.0,0.0,0.0,1404.0,,,,53,-0.4639447153704058,-0.0389297462230861,0.0033723453127869,3.6921966638804284e-16,-0.251437230796746,1.0092936587501425e-17,-0.2028058210737941,-0.049275742565513,0,Intermedi,-0.1755930297673893,0.1802366320977984,0.48879536508472465,Estable
2012,Barri,navas,,,21901,18744.0,6.0,499.0,2652.0,,,,,1486.0,,,,53,-0.4613679120698521,0.0286704419285592,0.0033723453127869,3.6921966638804284e-16,-0.2163487350706464,1.0092936587501425e-17,-0.1745039217750049,-0.042258043420293,0,Intermedi,-0.151088722052091,0.1550843017328394,0.48879536508472465,Estable
2013,Barri,navas,,,21834,18676.0,6.0,549.0,2603.0,,,,,1541.0,,,,53,-0.3949789908126645,0.0040468069030855,0.0033723453127869,3.6921966638804284e-16,-0.1954660919547895,1.0092936587501425e-17,-0.1576602683117438,-0.0380815147971217,0,Intermedi,-0.1365051754442755,0.1401150895259771,0.48879536508472465,Estable
2014,Barri,navas,,-1.3173156836687898,21739,18771.0,6.0,572.0,2390.0,,,,,1452.0,0.4855843514570751,0.1449846619201336,-0.3627526071157489,53,-0.3621241898398896,-0.1179397095334098,0.3152845066886044,-1.3173156836687898,-0.2400319496866497,-0.3627526071157489,-0.9040741552240352,-0.4211662644545353,2,Baixa gentrificació,-1.6696330519448233,0.5171717926260937,0.48879536508472465,Estable
2015,Barri,navas,-0.0531887912277526,-1.0494526019729964,21966,19079.0,6.0,600.0,2281.0,,,,,134.0,0.5422416800854879,0.1529338804914795,-0.3627526071157489,53,-0.3339140669485465,-0.1981285086650642,0.2139955897830716,-1.0494526019729964,-0.2660212878068053,-0.3627526071157489,-0.8077324959717297,-0.3763918826414882,2,Baixa gentrificació,-1.4892622293107194,0.4578690474860176,0.48879536508472465,Estable
2016,Barri,navas,-0.0961643381079548,-0.6811408646412803,22097,19133.0,0.0,619.0,2343.0,,,,,1197.0,0.234673324674104,-0.1093903323629497,-0.356598108678378,53,-0.3142805555391303,-0.1693291469794722,0.0097062180677331,-0.6811408646412803,-0.2418048512593013,-0.356598108678378,-0.634385180746066,-0.3211109859595999,0,Intermedi,-1.27134386923446,0.238120570350345,0.48879536508472465,Estable
2017,Barri,navas,-0.1320264317297956,-0.446760668157461,22171,19017.0,0.0,665.0,2485.0,,,,,1046.0,0.8538569875417584,0.0575432576353231,-0.356598108678378,53,-0.2585434274087519,-0.0897649221931295,0.2597912711490953,-0.446760668157461,-0.1741541748009407,-0.356598108678378,-0.4287624544403876,-0.1622412757983734,0,Intermedi,-0.648575044474286,0.5977826667468439,0.48879536508472465,Estable
2018,Barri,navas,-0.1251865070955943,-0.2793462420975902,22159,18881.0,0.0,719.0,2555.0,,,,,9820.0,1.0035942132025637,-0.061695020934872,-0.356598108678378,53,-0.1895311164575494,-0.0474284967353552,0.2722375617240324,-0.2793462420975902,-0.1184798065964523,-0.356598108678378,-0.2997131706868918,-0.0971481871670334,0,Intermedi,-0.3957537314662534,0.615699189229758,0.48879536508472465,Estable
2019,Barri,navas,-0.1568073200876049,-0.1454147012496934,22279,18719.0,5.0,872.0,2683.0,,,,,9170.0,0.6231807209832205,0.0495940390639772,-0.356598108678378,53,-0.0012537098466026,0.0199517966623201,0.1719891466531976,-0.1454147012496934,0.0093490434078587,-0.356598108678378,-0.1450463736565749,-0.0614774794330526,0,Intermedi,-0.2660689207699546,0.4153416879262936,0.48879536508472465,Estable
2020,Barri,navas,-0.0919571552541976,-0.0449660456137709,22457,18622.0,0.0,932.0,2899.0,,,,,9020.0,0.562476440309921,-0.0060504909354473,-0.3576238584179398,53,0.065180681017533,0.1338747964532843,0.1548229313734253,-0.0449660456137709,0.0995277387354086,-0.3576238584179398,-0.0256472354144509,-0.0186621582086099,0,Intermedi,-0.1048129989655271,0.3513832625956447,0.48879536508472465,Estable
2021,Barri,navas,-0.0172478483255406,-0.3128291273095643,22299,18405.0,0.0,858.0,3033.0,2415.0,8442.0,3672.0,4905.0,122.0,1.0359698295616568,0.0575432576353231,-0.3576238584179398,53,-0.0199032940773383,0.2249190603113632,0.3587550796238131,-0.3128291273095643,0.1025078831170124,-0.3576238584179398,-0.1258760505417897,-0.0372454093659108,0,Intermedi,-0.1794856326275183,0.5715312886370503,0.48879536508472465,Estable
2022,Barri,navas,,-0.0784489308257451,21947,18270.0,0.0,884.0,2790.0,2240.0,8522.0,3643.0,4850.0,8210.0,0.6353215771178804,0.1211370062060937,-0.3576238584179398,53,0.0307843913417357,0.1080139690437555,0.378229291661987,-0.0784489308257451,0.0693991801927456,-0.3576238584179398,-0.03448779276305,0.0322891726058337,0,Intermedi,0.0993408899662585,0.6791020870804877,0.48879536508472465,Estable
2023,Barri,navas,,0.5577258882017643,22064,18201.0,0.0,881.0,2979.0,2135.0,8947.0,3581.0,4899.0,8120.0,0.2872837012576302,0.0257463833499384,-0.1483709115473288,53,0.0209507161793031,0.2117862291056806,0.1565150423037843,0.5577258882017643,0.1163684726424919,-0.1483709115473288,0.3463901407363298,0.2078717913706971,0,Intermedi,0.8018097252323683,0.357791287716061,0.48879536508472465,Estable
2024,Barri,navas,,0.4907601177778159,22411,18221.0,0.0,986.0,3201.0,,,,,8140.0,0.0404196265195457,0.0972893504920549,-0.1175984193604743,53,0.1353615723748107,0.3145519010046111,0.0688544885058003,0.4907601177778159,0.2249567366897109,-0.1175984193604743,0.3975739418860923,0.1893560453509322,0,Intermedi,0.7198364735282953,0.1215638826809183,0.48879536508472465,Estable
2025,Barri,navas,,0.6246916586257126,22790,18188.0,5.0,1181.0,3416.0,,,,,8240.0,-0.0040968459742071,-0.061695020934872,,53,0.355485256977692,0.4073679154891487,-0.0328959334545396,0.6246916586257126,0.3814265862334204,1.0092936587501425e-17,0.6098031900151039,0.2538240347980359,0,Intermedi,0.9665519172593862,-0.1739657622903269,0.48879536508472465,Estable
2000,Barri,pedralbes,,,11289,10539.0,0.0,366.0,381.0,,,,,,,,,54,-0.1902730050539702,-1.1197936896415797,0.0033723453127869,3.6921966638804284e-16,-0.655033347347775,1.0092936587501425e-17,-0.528340912038475,-0.1299949658757188,0,Intermedi,-0.4574473306717593,0.4695446416730034,1.1863263377920132,Gentrificació intensa
2001,Barri,pedralbes,,,11278,10415.0,0.0,403.0,457.0,0.0,0.0,0.0,0.0,,,,,54,-0.0970907005652177,-1.0307509346435997,0.0033723453127869,3.6921966638804284e-16,-0.5639208176044087,1.0092936587501425e-17,-0.4548507954548611,-0.1117724599270455,0,Intermedi,-0.3938182289006619,0.4042328521229121,1.1863263377920132,Gentrificació intensa
2002,Barri,pedralbes,,,11604,10491.0,8.0,530.0,575.0,,,,,,,,,54,0.1825570258584831,-0.9120065556312756,0.0033723453127869,3.6921966638804284e-16,-0.3647247648863962,1.0092936587501425e-17,-0.2941819919601556,-0.071933249383443,0,Intermedi,-0.2547082080671318,0.2614440314088766,1.1863263377920132,Gentrificació intensa
2003,Barri,pedralbes,,,11703,10339.0,8.0,606.0,750.0,,,,,,,,,54,0.3543774357637416,-0.7208921080336578,0.0033723453127869,3.6921966638804284e-16,-0.1832573361349581,1.0092936587501425e-17,-0.1478128533506241,-0.0356397636331554,0,Intermedi,-0.1279791014921351,0.1313635413797537,1.1863263377920132,Gentrificació intensa
2004,Barri,pedralbes,,,11716,10189.0,11.0,660.0,856.0,,,,,,,,,54,0.4824229363904945,-0.6028599279336823,0.0033723453127869,3.6921966638804284e-16,-0.0602184957715938,1.0092936587501425e-17,-0.0485714125950552,-0.0110319955604825,0,Intermedi,-0.0420540271107126,0.0431661565531687,1.1863263377920132,Gentrificació intensa
2005,Barri,pedralbes,,,11766,10075.0,11.0,759.0,921.0,,,,,,,,,54,0.7123916985659979,-0.5343009382490077,0.0033723453127869,3.6921966638804284e-16,0.0890453801584951,1.0092936587501425e-17,0.0718227820861979,0.0188207796255352,0,Intermedi,0.0621854927342027,-0.0638300039050661,1.1863263377920132,Gentrificació intensa
2006,Barri,pedralbes,,,11696,9860.0,16.0,807.0,1013.0,,,,,,,,,54,0.8387048084727721,-0.4247096445723734,0.0033723453127869,3.6921966638804284e-16,0.2069975819501993,1.0092936587501425e-17,0.1669614099498087,0.042411219983876,0,Intermedi,0.1445582758527155,-0.1483811562228469,1.1863263377920132,Gentrificació intensa
2007,Barri,pedralbes,,,11502,9773.0,9.0,882.0,838.0,,,,,,,,,54,1.0548800747663196,-0.6055632049565742,0.0033723453127869,3.6921966638804284e-16,0.2246584349048727,1.0092936587501425e-17,0.1812064116664853,0.0459433905748107,0,Intermedi,0.1568918617292412,-0.1610409069146525,1.1863263377920132,Gentrificació intensa
2008,Barri,pedralbes,,,11532,9713.0,6.0,956.0,857.0,,,,,,,,,54,1.229788012915828,-0.5863908799551526,0.0033723453127869,3.6921966638804284e-16,0.3216985664803377,1.0092936587501425e-17,0.259477650571356,0.0653514168899037,0,Intermedi,0.2246605476090831,-0.230601752928056,1.1863263377920132,Gentrificació intensa
2009,Barri,pedralbes,,,11631,9705.0,0.0,1014.0,909.0,,,,,,,,,54,1.3502218204389884,-0.5359206405076565,0.0033723453127869,3.6921966638804284e-16,0.4071505899656659,1.0092936587501425e-17,0.328402080459658,0.0824418215869694,0,Intermedi,0.2843365934197861,-0.2918559469475077,1.1863263377920132,Gentrificació intensa
2010,Barri,pedralbes,,,11669,9799.0,7.0,979.0,884.0,,,,,,,,,54,1.257856509411702,-0.5674385107981819,0.0033723453127869,3.6921966638804284e-16,0.3452089993067601,1.0092936587501425e-17,0.2784408431663986,0.0700535034551882,0,Intermedi,0.2410792303874954,-0.2474546319482728,1.1863263377920132,Gentrificació intensa
2011,Barri,pedralbes,,,11632,9808.0,5.0,884.0,935.0,0.0,0.0,0.0,0.0,3190.0,,,,54,1.0356078884618336,-0.5066176228597142,0.0033723453127869,3.6921966638804284e-16,0.2644951328010597,1.0092936587501425e-17,0.2133381456984903,0.0539107301540481,0,Intermedi,0.1847121111702408,-0.1895968699275856,1.1863263377920132,Gentrificació intensa
2012,Barri,pedralbes,,,11752,9857.0,0.0,948.0,944.0,,,,,3450.0,,,,54,1.16697987719353,-0.5073402099591852,0.0033723453127869,3.6921966638804284e-16,0.3298198336171724,1.0092936587501425e-17,0.2660281532340933,0.0669756703172707,0,Intermedi,0.2303320939333422,-0.2364232847372926,1.1863263377920132,Gentrificació intensa
2013,Barri,pedralbes,,,11816,9890.0,5.0,1001.0,920.0,,,,,3420.0,,,,54,1.2808720971501475,-0.5397692027854565,0.0033723453127869,3.6921966638804284e-16,0.3705514471823456,1.0092936587501425e-17,0.2988817139679969,0.0751219930303053,0,Intermedi,0.2587773142794287,-0.2656207461698452,1.1863263377920132,Gentrificació intensa
2014,Barri,pedralbes,,-0.1788975864616676,11653,9843.0,0.0,951.0,856.0,,,,,3130.0,-0.4694963311361697,3.841371297596186,-0.3658298563344343,54,1.1935015837967458,-0.5976659750526565,1.6859374832300082,-0.1788975864616676,0.2979178043720446,-0.3658298563344343,0.2849169041446562,0.4385295586380242,1,Gentrificació residencial,1.6838772562673514,2.335249935096867,1.1863263377920132,Gentrificació intensa
2015,Barri,pedralbes,2.5329338510828814,0.4237943473538675,11716,9965.0,0.0,901.0,848.0,,,,,2800.0,-0.4856841393157162,3.912914264738303,-0.3658298563344343,54,1.0610990040580015,-0.6118385858364553,1.9867213255018223,0.4237943473538675,0.224630209110773,-0.3658298563344343,0.5653084853673904,0.6949147724119747,1,Gentrificació residencial,2.70655153294356,2.955947572090465,1.1863263377920132,Gentrificació intensa
2016,Barri,pedralbes,2.8761996923231954,0.5912087734137385,11864,10013.0,0.0,929.0,920.0,,,,,2590.0,-0.5099658515850359,3.7380314561686823,-0.3627526071157489,54,1.1005041819576218,-0.5439113758970341,2.034755098968948,0.5912087734137385,0.2782964030302938,-0.3627526071157489,0.6987322250276576,0.7708979208977148,1,Gentrificació residencial,3.0027738828652453,3.0234539484465537,1.1863263377920132,Gentrificació intensa
2017,Barri,pedralbes,2.888105325656809,1.1269349368053254,12117,9999.0,5.0,987.0,1126.0,,,,,2270.0,-0.4816371872708295,3.618793177598487,-0.3627526071157489,54,1.1891670335888238,-0.3416526373509719,2.008420438661489,1.1269349368053254,0.423757198118926,-0.3627526071157489,1.0758595755650235,0.9528075308406796,1,Gentrificació residencial,3.710478100161186,3.011177347205162,1.1863263377920132,Gentrificació intensa
2018,Barri,pedralbes,2.9607349291344423,0.8590718551095319,12046,9908.0,0.0,936.0,1198.0,,,,,2300.0,-0.3318999616100242,3.5949455218844486,-0.3627526071157489,54,1.0835696277695137,-0.2558563410186843,2.074593496469622,0.8590718551095319,0.4138566433754146,-0.3627526071157489,0.9455501873208272,0.8903204127256793,1,Gentrificació residencial,3.463384966927372,3.0468219033779014,1.1863263377920132,Gentrificació intensa
2019,Barri,pedralbes,2.9663623395133074,0.9595205107454544,12000,9812.0,0.0,966.0,1221.0,,,,,2110.0,-0.2428670166225183,3.936761920452341,-0.3627526071157489,54,1.1622784735159826,-0.2256406957967184,2.220085747781044,0.9595205107454544,0.4683188888596321,-0.3627526071157489,1.0596936607180532,0.974995133906726,1,Gentrificació residencial,3.7935235010481385,3.23658708240838,1.1863263377920132,Gentrificació intensa
2020,Barri,pedralbes,2.945511191689953,0.8925547403215061,11936,9702.0,0.0,989.0,1245.0,,,,,1950.0,-0.465449379091283,3.730082237597337,-0.3627526071157489,54,1.2286295977362802,-0.1920272785596524,2.070048016732002,0.8925547403215061,0.5183011595883139,-0.3627526071157489,1.0456167817311222,0.9198905376105656,1,Gentrificació residencial,3.570767311937052,2.9736252096270093,1.1863263377920132,Gentrificació intensa
2021,Barri,pedralbes,2.309194065747101,0.7586231994736093,11808,9607.0,0.0,847.0,1354.0,609.0,6288.0,765.0,2154.0,2650.0,-0.3399938656997975,3.610843959027141,-0.3627526071157489,54,0.9155913756845624,-0.0557784702851892,1.8600147196914811,0.7586231994736093,0.4299064526996866,-0.3627526071157489,0.8784055954797528,0.7990221448663147,1,Gentrificació residencial,3.1005309146261046,2.7093524541211416,1.1863263377920132,Gentrificació intensa
2022,Barri,pedralbes,,0.8255889698975577,11730,9635.0,0.0,861.0,1234.0,542.0,6394.0,780.0,2133.0,1910.0,-0.3480877697895707,4.000355669023113,-0.3627526071157489,54,0.9625857149884957,-0.1802713183056667,1.8261339496167712,0.8255889698975577,0.3911571983414144,-0.3627526071157489,0.8752537029869812,0.8011977940994318,1,Gentrificació residencial,3.112947162168637,2.705609514681756,1.1863263377920132,Gentrificació intensa
2023,Barri,pedralbes,,1.5622124445609895,12130,9723.0,0.0,885.0,1522.0,544.0,6753.0,773.0,2207.0,1830.0,-0.5018719474952626,3.531351773313678,-0.2612033828991288,54,0.9501534126791265,0.0863123926184957,1.5147399129092076,1.5622124445609895,0.5182329026488111,-0.2612033828991288,1.3255859278650606,0.9744916111909956,1,Gentrificació residencial,3.793979155126103,2.291375310060641,1.1863263377920132,Gentrificació intensa
2024,Barri,pedralbes,,2.1649043783765247,12498,9771.0,0.0,980.0,1747.0,,,,,1970.0,-0.5828109883929953,3.563148647599064,-0.2612033828991288,54,1.1035545919015342,0.2744561727948996,1.4901688296030342,2.1649043783765247,0.6890053823482168,-0.2612033828991288,1.7563270358949403,1.1820823622836851,1,Gentrificació residencial,4.601122337999502,2.279563468585292,1.1863263377920132,Gentrificació intensa
2025,Barri,pedralbes,,1.96400706710468,12649,9826.0,0.0,1000.0,1823.0,,,,,1950.0,-0.5989987965725418,2.744379134750389,,54,1.1217020639751316,0.3315199466070049,1.0726901690889237,1.96400706710468,0.7266110052910683,1.0092936587501425e-17,1.705168141696469,1.0563313719162946,1,Gentrificació residencial,4.11258757727555,1.4560042381535216,1.1863263377920132,Gentrificació intensa
2000,Barri,porta,,,23772,23400.0,0.0,72.0,300.0,,,,,,,,,55,-1.0171281905599403,-1.3976343182475677,0.0033723453127869,3.6921966638804284e-16,-1.207381254403754,1.0092936587501425e-17,-0.9738571566054242,-0.2404645472869145,0,Intermedi,-0.843183532817726,0.8654817357882075,0.3966298410747094,Estable
2001,Barri,porta,,,23798,22971.0,0.0,66.0,759.0,0.0,0.0,0.0,0.0,,,,,55,-1.0243139310563625,-1.1442017301004497,0.0033723453127869,3.6921966638804284e-16,-1.084257830578406,1.0092936587501425e-17,-0.874547491989759,-0.2158398625218449,0,Intermedi,-0.7571993889567723,0.7772237193746823,0.3966298410747094,Estable
2002,Barri,porta,,,24073,22784.0,12.0,78.0,1199.0,,,,,,,,,55,-1.01118193346296,-0.9086540390691852,0.0033723453127869,3.6921966638804284e-16,-0.9599179862660726,1.0092936587501425e-17,-0.7742566792964909,-0.1909718936593783,0,Intermedi,-0.6703657489487921,0.6880937416724714,0.3966298410747094,Estable
2003,Barri,porta,,,23802,22240.0,15.0,104.0,1443.0,,,,,,,,,55,-0.9794144640748416,-0.7664013041414445,0.0033723453127869,3.6921966638804284e-16,-0.872907884108143,1.0092936587501425e-17,-0.7040755245250313,-0.1735698732277924,0,Intermedi,-0.6096016074973956,0.6257226770463749,0.3966298410747094,Estable
2004,Barri,porta,,,23555,21642.0,7.0,127.0,1779.0,,,,,,,,,55,-0.9506565451201068,-0.5704748179889341,0.0033723453127869,3.6921966638804284e-16,-0.7605656815545205,1.0092936587501425e-17,-0.6134618450873052,-0.1511014327170679,0,Intermedi,-0.5311466083923561,0.5451929155367056,0.3966298410747094,Estable
2005,Barri,porta,,,23308,21192.0,7.0,173.0,1936.0,,,,,,,,,55,-0.893529041045191,-0.4713789085093273,0.0033723453127869,3.6921966638804284e-16,-0.6824539747772592,1.0092936587501425e-17,-0.5504580139591947,-0.1354790913616156,0,Intermedi,-0.4765967264601582,0.4892004481032527,0.3966298410747094,Estable
2006,Barri,porta,,,23315,20827.0,9.0,202.0,2277.0,,,,,,,,,55,-0.8586004039313903,-0.2793889024136284,0.0033723453127869,3.6921966638804284e-16,-0.5689946531725093,1.0092936587501425e-17,-0.4589432816197834,-0.1127872270406656,0,Intermedi,-0.3973615790923624,0.4078699071116051,0.3966298410747094,Estable
2007,Barri,porta,,,23508,20875.0,5.0,287.0,2341.0,,,,,,,,,55,-0.758882675654503,-0.2541335223032161,0.0033723453127869,3.6921966638804284e-16,-0.5065080989788595,1.0092936587501425e-17,-0.408542484215363,-0.1002899162019357,0,Intermedi,-0.3537236367883578,0.3630779483250236,0.3966298410747094,Estable
2008,Barri,porta,,,24390,20778.0,5.0,432.0,3175.0,,,,,,,,,55,-0.6040573070724173,0.1481436962764989,0.0033723453127869,3.6921966638804284e-16,-0.2279568053979591,1.0092936587501425e-17,-0.1838668320582319,-0.0445796574857556,0,Intermedi,-0.1591953028956156,0.1634052631685009,0.3966298410747094,Estable
2009,Barri,porta,,,25334,20667.0,0.0,482.0,4183.0,,,,,,,,,55,-0.5671022786097166,0.6075490312375091,0.0033723453127869,3.6921966638804284e-16,0.0202233763138962,1.0092936587501425e-17,0.0163118979048075,0.0050563788566154,0,Intermedi,0.0141231428131407,-0.0144966329167439,0.3966298410747094,Estable
2010,Barri,porta,,,25169,20644.0,0.0,442.0,4080.0,,,,,,,,,55,-0.608302157265224,0.5679711179386001,0.0033723453127869,3.6921966638804284e-16,-0.0201655196633119,1.0092936587501425e-17,-0.01626523152414,-0.0030214003388261,0,Intermedi,-0.014082738197897,0.0144551597911739,0.3966298410747094,Estable
2011,Barri,porta,,,25088,20692.0,0.0,446.0,3947.0,0.0,0.0,0.0,0.0,1689.0,,,,55,-0.6022218085144994,0.505144500609348,0.0033723453127869,3.6921966638804284e-16,-0.0485386539525756,1.0092936587501425e-17,-0.0391506124112,-0.0086960271966789,0,Intermedi,-0.0338973241208394,0.034793747478251,0.3966298410747094,Estable
2012,Barri,porta,,,24815,20715.0,0.0,400.0,3698.0,,,,,1826.0,,,,55,-0.6488683276998164,0.3959604951624812,0.0033723453127869,3.6921966638804284e-16,-0.1264539162686676,1.0092936587501425e-17,-0.1019959941318119,-0.0242790796598973,0,Intermedi,-0.0883100176262936,0.0906453985021242,0.3966298410747094,Estable
2013,Barri,porta,,,24354,20585.0,0.0,397.0,3369.0,,,,,1973.0,,,,55,-0.64374999816583,0.2554186964178963,0.0033723453127869,3.6921966638804284e-16,-0.1941656508739668,1.0092936587501425e-17,-0.1566113503757698,-0.0378214265809571,0,Intermedi,-0.1355970029008059,0.1391829001286217,0.3966298410747094,Estable
2014,Barri,porta,,-1.4177643393047124,24336,20702.0,0.0,430.0,3201.0,,,,,1911.0,0.8336222273173254,-0.5704450095010383,-0.3719843547718052,55,-0.605263616604518,0.1659902297262628,0.1315886089081435,-1.4177643393047124,-0.2196366934391276,-0.3719843547718052,-0.9660215176563768,-0.5041769287611572,2,Baixa gentrificació,-2.000572598912751,0.2257130808324859,0.3966298410747094,Estable
2015,Barri,porta,-0.4413254874643955,-1.2503499132448417,24299,21045.0,0.0,379.0,2873.0,,,,,1757.0,0.7081667139258397,-0.6022418837864235,-0.3719843547718052,55,-0.6635512535065768,-0.0088712144925909,-0.1118002191083264,-1.2503499132448417,-0.3362112339995838,-0.3719843547718052,-1.0124747148510944,-0.5502841574602282,2,Baixa gentrificació,-2.1715426700856426,0.0073098128986449,0.3966298410747094,Estable
2016,Barri,porta,-0.5214222218679154,-0.9490039463370736,24567,21243.0,0.0,426.0,2896.0,,,,,1608.0,0.7041197618809532,-0.7135309437852724,-0.3719843547718052,55,-0.6145179143898737,-0.0135208805386721,-0.1769444679240782,-0.9490039463370736,-0.3140193974642729,-0.3719843547718052,-0.8556314823743102,-0.4749852747255612,2,Baixa gentrificació,-1.8748102354907308,-0.0276342756979706,0.3966298410747094,Estable
2017,Barri,porta,-0.5649790893382433,-0.6811408646412803,25046,21292.0,0.0,460.0,3292.0,,,,,1402.0,0.979312500933244,-0.5863434466437306,-0.3719843547718052,55,-0.5856582788015513,0.1647360971925799,-0.0573366783495766,-0.6811408646412803,-0.2104610908044856,-0.3719843547718052,-0.6232236655368196,-0.3380323520125152,0,Intermedi,-1.341916602764305,0.1308566970064395,0.3966298410747094,Estable
2018,Barri,porta,-0.5665880594205651,-0.4802435533694352,25568,21287.0,0.0,510.0,3770.0,,,,,1321.0,1.4082894176912268,-0.5624957909296918,-0.3719843547718052,55,-0.5411930573239122,0.3752789549334551,0.0930685224469899,-0.4802435533694352,-0.0829570511952285,-0.3719843547718052,-0.4000450064270553,-0.2071407904701403,0,Intermedi,-0.8354351885917592,0.299365888043149,0.3966298410747094,Estable
2019,Barri,porta,-0.61657171744131,-0.1788975864616676,26557,21204.0,0.0,615.0,4736.0,,,,,1201.0,0.9064673641252848,-0.5783942280723847,-0.3637783568553107,55,-0.4508638152974434,0.7813731039434157,-0.0961661937961366,-0.1788975864616676,0.1652546443229861,-0.3637783568553107,-0.0762149866210779,-0.1222238765838062,0,Intermedi,-0.5211750555811936,-0.0771699835498245,0.3966298410747094,Estable
2020,Barri,porta,-0.576035287450342,-0.245863356885616,27813,21131.0,0.0,635.0,6046.0,,,,,1263.0,0.3641757901104762,-0.69763250664258,-0.3637783568553107,55,-0.4600540862264345,1.2948112016773308,-0.303164001327482,-0.245863356885616,0.4173785577254481,-0.3637783568553107,0.0646109810328694,-0.1539881672899019,0,Intermedi,-0.6703365333584496,-0.5651376187254168,0.3966298410747094,Estable
2021,Barri,porta,-0.5180147140674266,-0.446760668157461,27796,20834.0,0.0,636.0,6325.0,4773.0,7536.0,5835.0,5796.0,1641.0,0.9509838366190376,-0.4989020423589212,-0.3637783568553107,55,-0.458649187535623,1.4285438179905057,-0.0219776399357701,-0.446760668157461,0.4849473152274413,-0.3637783568553107,0.0604667282994644,-0.1163877007535432,0,Intermedi,-0.5285854744736799,-0.2665137281450732,0.3966298410747094,Estable
2022,Barri,porta,,-0.1788975864616676,27397,20778.0,0.0,636.0,5979.0,4435.0,7649.0,5912.0,5881.0,115.0,0.8740917477661916,-0.5624957909296918,-0.3637783568553107,55,-0.4492748078264612,1.3060565872698944,0.1557979784182498,-0.1788975864616676,0.4283908897217166,-0.3637783568553107,0.1720426631548345,0.0059926241602558,0,Intermedi,-0.0385039824099176,0.0885555588911893,0.3966298410747094,Estable
2023,Barri,porta,,0.2228970360820225,28978,21069.0,0.0,661.0,7245.0,4599.0,8354.0,6169.0,6507.0,118.0,0.3722696942002494,-0.5465973537869989,-0.2509458855035107,55,-0.4606347926295319,1.7239616843527277,-0.0871638297933747,0.2228970360820225,0.6316634458615977,-0.2509458855035107,0.5322148349643452,0.1168634739582117,0,Intermedi,0.3880521260102296,-0.3716613443778576,0.3966298410747094,Estable
2024,Barri,porta,,0.1894141508700483,31329,21505.0,0.0,696.0,9125.0,,,,,1283.0,0.2225324685394441,-0.5148004795016142,-0.2509458855035107,55,-0.4773611162319847,2.2663210894041352,-0.146134005481085,0.1894141508700483,0.8944799865860753,-0.2509458855035107,0.7192970921984178,0.1416908638332019,0,Intermedi,0.4617998858403189,-0.6510516282914427,0.3966298410747094,Estable
2025,Barri,porta,,0.1559312656580741,31363,21565.0,0.0,713.0,9081.0,,,,,1272.0,0.0647013387888655,-0.5227496980729601,,55,-0.4627900641679393,2.243721743997808,-0.2290241796420473,0.1559312656580741,0.8904658399149342,1.0092936587501425e-17,0.7617335398880455,0.1561652937877949,0,Intermedi,0.5316825463996625,-0.9275822908422936,0.3966298410747094,Estable
2000,Barri,provencals del poblenou,,,17106,16792.0,0.0,38.0,276.0,,,,,,,,,56,-1.0398398696981048,-1.3514173452995584,0.0033723453127869,3.6921966638804284e-16,-1.1956286074988316,1.0092936587501425e-17,-0.9643776328380396,-0.2381140179059301,0,Intermedi,-0.8349759858634332,0.8570571381673,0.8099503963688649,Gentrificació moderada
2001,Barri,provencals del poblenou,,,17130,16678.0,0.0,43.0,409.0,0.0,0.0,0.0,0.0,,,,,56,-1.0317161530372456,-1.2496217993078638,0.0033723453127869,3.6921966638804284e-16,-1.1406689761725546,1.0092936587501425e-17,-0.9200479481619908,-0.2271220916406747,0,Intermedi,-0.796594525214589,0.8176606700301198,0.8099503963688649,Gentrificació moderada
2002,Barri,provencals del poblenou,,,17466,16610.0,10.0,67.0,779.0,,,,,,,,,56,-0.9944187520997574,-0.9771076721838906,0.0033723453127869,3.6921966638804284e-16,-0.985763212141824,1.0092936587501425e-17,-0.7951030839357726,-0.1961409388345286,0,Intermedi,-0.6884149515357164,0.7066202600122232,0.8099503963688649,Gentrificació moderada
2003,Barri,provencals del poblenou,,,17685,16468.0,8.0,97.0,1112.0,,,,,,,,,56,-0.9480336018927716,-0.7367762170867688,0.0033723453127869,3.6921966638804284e-16,-0.8424049094897701,1.0092936587501425e-17,-0.6794722436462622,-0.1674692783041178,0,Intermedi,-0.5882996319976431,0.6038573653868442,0.8099503963688649,Gentrificació moderada
2004,Barri,provencals del poblenou,,,17700,16316.0,5.0,126.0,1253.0,,,,,,,,,56,-0.9020726804095524,-0.6327286762558364,0.0033723453127869,3.6921966638804284e-16,-0.7674006783326943,1.0092936587501425e-17,-0.6189748597241662,-0.1524684320727026,0,Intermedi,-0.535919878400647,0.5500924158843418,0.8099503963688649,Gentrificació moderada
2005,Barri,provencals del poblenou,,,17983,16266.0,5.0,180.0,1532.0,,,,,,,,,56,-0.8207489511270851,-0.4433715428001403,0.0033723453127869,3.6921966638804284e-16,-0.6320602469636127,1.0092936587501425e-17,-0.5098111244200814,-0.1254003457988863,0,Intermedi,-0.4414038979357921,0.4530769362780407,0.8099503963688649,Gentrificació moderada
2006,Barri,provencals del poblenou,,,18190,16263.0,0.0,253.0,1670.0,,,,,,,,,56,-0.7110548885397558,-0.3563614630201974,0.0033723453127869,3.6921966638804284e-16,-0.5337081757799766,1.0092936587501425e-17,-0.4304816930248176,-0.1057299315621591,0,Intermedi,-0.3727190094317779,0.3825756584290528,0.8099503963688649,Gentrificació moderada
2007,Barri,provencals del poblenou,,,18613,16530.0,0.0,437.0,1642.0,,,,,,,,,56,-0.4418481867246295,-0.4035774266991809,0.0033723453127869,3.6921966638804284e-16,-0.4227128067119052,1.0092936587501425e-17,-0.3409543510002952,-0.0835308577485448,0,Intermedi,-0.2952045813454801,0.3030113415779293,0.8099503963688649,Gentrificació moderada
2008,Barri,provencals del poblenou,,,18859,16615.0,0.0,551.0,1689.0,,,,,,,,,56,-0.2804107679457744,-0.3859383810014111,0.0033723453127869,3.6921966638804284e-16,-0.3331745744735928,1.0092936587501425e-17,-0.2687340411876005,-0.0656232113008823,0,Intermedi,-0.2326749017553846,0.2388280487080302,0.8099503963688649,Gentrificació moderada
2009,Barri,provencals del poblenou,,,19304,16794.0,0.0,625.0,1885.0,,,,,,,,,56,-0.1915173106101112,-0.2795768477801942,0.0033723453127869,3.6921966638804284e-16,-0.2355470791951527,1.0092936587501425e-17,-0.1899890427775311,-0.0460977122451943,0,Intermedi,-0.1644960261361235,0.1688461653832259,0.8099503963688649,Gentrificació moderada
2010,Barri,provencals del poblenou,,,19594,16974.0,0.0,696.0,1924.0,,,,,,,,,56,-0.1030605025653969,-0.2724082917182227,0.0033723453127869,3.6921966638804284e-16,-0.1877343971418098,1.0092936587501425e-17,-0.1514239893411648,-0.0365351758345257,0,Intermedi,-0.1311056898026865,0.1345728131133564,0.8099503963688649,Gentrificació moderada
2011,Barri,provencals del poblenou,,,19551,16955.0,0.0,682.0,1914.0,0.0,0.0,0.0,0.0,1367.0,,,,56,-0.1210072454070449,-0.2762941399928985,0.0033723453127869,3.6921966638804284e-16,-0.1986506926999716,1.0092936587501425e-17,-0.1602289235855563,-0.0387184349461581,0,Intermedi,-0.1387291646748046,0.14239789271733,0.8099503963688649,Gentrificació moderada
2012,Barri,provencals del poblenou,,,19877,17218.0,0.0,710.0,1948.0,,,,,1477.0,,,,56,-0.0974735756638596,-0.2749146400120385,0.0033723453127869,3.6921966638804284e-16,-0.1861941078379491,1.0092936587501425e-17,-0.150181613118794,-0.0362271179737536,0,Intermedi,-0.1300300174978089,0.1334686943808026,0.8099503963688649,Gentrificació moderada
2013,Barri,provencals del poblenou,,,20068,17345.0,0.0,748.0,1975.0,,,,,1551.0,,,,56,-0.0537681231670121,-0.2694883284757374,0.0033723453127869,3.6921966638804284e-16,-0.1616282258213748,1.0092936587501425e-17,-0.1303671096859246,-0.0313139415704387,0,Intermedi,-0.1128742540552601,0.115859242410826,0.8099503963688649,Gentrificació moderada
2014,Barri,provencals del poblenou,,-1.0494526019729964,20098,17480.0,0.0,748.0,1870.0,,,,,1492.0,-0.0405194143781868,-0.0219489280781403,-0.3371088636267034,56,-0.0553333012589293,-0.3401169140168757,-0.0312341712281635,-1.0494526019729964,-0.1977251076379025,-0.3371088636267034,-0.7801372327704559,-0.4311728262132692,2,Baixa gentrificació,-1.7109390503885344,0.0482193110716402,0.8099503963688649,Gentrificació moderada
2015,Barri,provencals del poblenou,-0.1348110947027006,-0.9490039463370736,20163,17654.0,0.0,752.0,1756.0,,,,,1389.0,-0.0445663664230734,-0.1411872066483355,-0.3371088636267034,56,-0.053127662403359,-0.4184057963488719,-0.1068548892580365,-0.9490039463370736,-0.2357667293761155,-0.3371088636267034,-0.7722118266037384,-0.4313327692790968,2,Baixa gentrificació,-1.707710088353468,-0.0066672940871883,0.8099503963688649,Gentrificació moderada
2016,Barri,provencals del poblenou,-0.1400072323834497,-0.3463120125215385,20381,17692.0,0.0,822.0,1867.0,,,,,124.0,0.1901568521803511,-0.0298981466494862,-0.3319801149288943,56,0.0322705354053367,-0.3590407522185419,0.0067504910491383,-0.3463120125215385,-0.1633851084066025,-0.3319801149288943,-0.3995683078365748,-0.2009415011088194,0,Intermedi,-0.801049201035804,0.2432104283171123,0.8099503963688649,Gentrificació moderada
2017,Barri,provencals del poblenou,-0.1680258356001431,0.0219997248101774,20519,17623.0,0.0,907.0,1989.0,,,,,1085.0,0.4532087350979821,0.1131877876347478,-0.3319801149288943,56,0.141175914076976,-0.2889602453717408,0.1327902290441956,0.0219997248101774,-0.0738921656473824,-0.3319801149288943,-0.1281676194557536,-0.0347374699589434,0,Intermedi,-0.150842603744746,0.4450222849715258,0.8099503963688649,Gentrificació moderada
2018,Barri,provencals del poblenou,-0.2013653027892075,0.2563799212939966,20628,17570.0,0.0,1004.0,2054.0,,,,,1028.0,0.530100823950828,0.0098479462072455,-0.3391603631058271,56,0.2668906771903261,-0.2542614020572932,0.112861155789622,0.2563799212939966,0.0063146375665164,-0.3391603631058271,0.0468698889114489,0.0442031780172234,0,Intermedi,0.1543409403944639,0.4203794964531993,0.8099503963688649,Gentrificació moderada
2019,Barri,provencals del poblenou,-0.2213828486233364,0.4237943473538675,21116,17676.0,0.0,1166.0,2273.0,,,,,9480.0,0.4167861666940024,0.0416448204926302,-0.3391603631058271,56,0.451072045056358,-0.1481457142605064,0.0790160461877654,0.4237943473538675,0.1514631653979258,-0.3391603631058271,0.2414709454290406,0.1133036785209096,0,Intermedi,0.4147311751415761,0.3090570174045079,0.8099503963688649,Gentrificació moderada
2020,Barri,provencals del poblenou,-0.173745022627651,0.3903114621418934,21319,17615.0,0.0,1238.0,2463.0,,,,,9540.0,0.157781235821258,-0.0060504909354473,-0.3391603631058271,56,0.5312892152823809,-0.0444342812170094,-0.0073380925806134,0.3903114621418934,0.2434274670326857,-0.3391603631058271,0.2868318878969033,0.0957454316537557,0,Intermedi,0.3366771182404021,0.1136267093875511,0.8099503963688649,Gentrificació moderada
2021,Barri,provencals del poblenou,-0.1091915373874065,0.2228970360820225,21185,17406.0,6.0,1185.0,2588.0,2352.0,7440.0,3867.0,4272.0,125.0,0.5503355841752612,0.1290862247774407,-0.3412118625849507,56,0.4712429036783326,0.0427604601564328,0.1900767571884317,0.2228970360820225,0.2570016819173827,-0.3412118625849507,0.2430300341818063,0.1070501018476226,0,Intermedi,0.3794529565715557,0.3424732786065674,0.8099503963688649,Gentrificació moderada
2022,Barri,provencals del poblenou,,0.5577258882017643,21092,17380.0,7.0,1225.0,2480.0,2144.0,7687.0,3910.0,4271.0,8910.0,0.4653495912326419,0.1131877876347478,-0.3422376123245125,56,0.5315318947476797,-0.0174865095461616,0.2892686894336949,0.5577258882017643,0.257022692600759,-0.3422376123245125,0.4216510190111349,0.2370553893458871,0,Intermedi,0.8946293370533422,0.5632319707227607,0.8099503963688649,Gentrificació moderada
2023,Barri,provencals del poblenou,,1.1604178220172996,21273,17163.0,0.0,1278.0,2829.0,2037.0,8085.0,3841.0,4450.0,9200.0,-0.0567072225577333,0.1449846619201336,-0.0355384401955288,56,0.5877184663432061,0.1850821960282336,0.0441387196812001,1.1604178220172996,0.3864003311857198,-0.0355384401955288,0.8779120851671215,0.4315393407075881,1,Gentrificació residencial,1.6689133635519573,0.0817536157867032,0.8099503963688649,Gentrificació moderada
2024,Barri,provencals del poblenou,,1.0934520515933512,21512,17090.0,0.0,1360.0,3060.0,,,,,9330.0,-0.1012236950514862,0.0257463833499384,-0.0150234454042924,56,0.6761754661567556,0.3068535837655263,-0.0377386558507739,1.0934520515933512,0.491514524961141,-0.0150234454042924,0.9240958104586282,0.4120122346341429,1,Gentrificació residencial,1.5827558655277514,-0.1375240036322612,0.8099503963688649,Gentrificació moderada
2025,Barri,provencals del poblenou,,1.3278322480771705,21902,17124.0,0.0,1450.0,3326.0,,,,,9300.0,0.080889146968412,0.2801213776330207,,56,0.760105953321379,0.4332453001743079,0.1805052623007164,1.3278322480771705,0.5966756267478435,1.0092936587501425e-17,1.1598524788563904,0.5718363784629348,1,Gentrificació residencial,2.20657016254917,0.1412043106522416,0.8099503963688649,Gentrificació moderada
2000,Barri,sant andreu,,,52014,51421.0,0.0,118.0,473.0,,,,,,,,,57,-1.0385126886476232,-1.4440009659758295,0.0033723453127869,3.6921966638804284e-16,-1.2412568273117266,1.0092936587501425e-17,-1.0011807289983297,-0.2472396618685091,0,Intermedi,-0.8668407870086356,0.8897646120828959,0.5807431369007591,Estable
2001,Barri,sant andreu,,,52319,51300.0,0.0,154.0,863.0,0.0,0.0,0.0,0.0,,,,,57,-1.0195276101316435,-1.3466800143061848,0.0033723453127869,3.6921966638804284e-16,-1.183103812218914,1.0092936587501425e-17,-0.9542753047839329,-0.2356090588499466,0,Intermedi,-0.826229203442039,0.8480790448602209,0.5807431369007591,Estable
2002,Barri,sant andreu,,,53811,51981.0,17.0,236.0,1577.0,,,,,,,,,57,-0.978954799478968,-1.1782209394210168,0.0033723453127869,3.6921966638804284e-16,-1.0785878694499924,1.0092936587501425e-17,-0.8699741791257068,-0.2147058702961622,0,Intermedi,-0.7532397301184746,0.7731593463513537,0.5807431369007591,Estable
2003,Barri,sant andreu,,,54421,51735.0,16.0,292.0,2378.0,,,,,,,,,57,-0.9513896830564794,-0.9890021073694056,0.0033723453127869,3.6921966638804284e-16,-0.9701958952129426,1.0092936587501425e-17,-0.7825466996577819,-0.1930274754487523,0,Intermedi,-0.6775434018601588,0.6954612094405568,0.5807431369007591,Estable
2004,Barri,sant andreu,,,54917,51644.0,5.0,368.0,2900.0,,,,,,,,,57,-0.9138211624716382,-0.8692046527185849,0.0033723453127869,3.6921966638804284e-16,-0.8915129075951116,1.0092936587501425e-17,-0.7190820812406596,-0.1772908779251861,0,Intermedi,-0.6225945617731731,0.6390592333024464,0.5807431369007591,Estable
2005,Barri,sant andreu,,,55414,51462.0,8.0,470.0,3474.0,,,,,,,,,57,-0.8637299348544618,-0.7392273252957445,0.0033723453127869,3.6921966638804284e-16,-0.8014786300751031,1.0092936587501425e-17,-0.6464616681086379,-0.1592840224211844,0,Intermedi,-0.5597184653312899,0.5745203624990106,0.5807431369007591,Estable
2006,Barri,sant andreu,,,55524,51253.0,7.0,497.0,3767.0,,,,,,,,,57,-0.8505228025686931,-0.6714719357653214,0.0033723453127869,3.6921966638804284e-16,-0.7609973691670072,1.0092936587501425e-17,-0.6138100383935245,-0.1511877702395652,0,Intermedi,-0.5314480805949784,0.5455023602483992,0.5807431369007591,Estable
2007,Barri,sant andreu,,,55451,51158.0,0.0,754.0,3536.0,,,,,,,,,57,-0.7198081158541928,-0.7250751504751065,0.0033723453127869,3.6921966638804284e-16,-0.7224416331646497,1.0092936587501425e-17,-0.5827115106524858,-0.1434766230390937,0,Intermedi,-0.5045224002646923,0.5178646234538262,0.5807431369007591,Estable
2008,Barri,sant andreu,,,55589,50970.0,0.0,835.0,3780.0,,,,,,,,,57,-0.6797662184337734,-0.6694399979129185,0.0033723453127869,3.6921966638804284e-16,-0.6746031081733459,1.0092936587501425e-17,-0.544125612656881,-0.133908918040833,0,Intermedi,-0.4711140163264505,0.4835727463056528,0.5807431369007591,Estable
2009,Barri,sant andreu,,,55892,51018.0,9.0,895.0,3970.0,,,,,,,,,57,-0.6518575466734955,-0.6295875476861598,0.0033723453127869,3.6921966638804284e-16,-0.6407225471798277,1.0092936587501425e-17,-0.5167980169426024,-0.1271328058421293,0,Intermedi,-0.4474532786695048,0.4592862944237829,0.5807431369007591,Estable
2010,Barri,sant andreu,,,55838,51053.0,6.0,881.0,3898.0,,,,,,,,,57,-0.6584752588249355,-0.6456395232226118,0.0033723453127869,3.6921966638804284e-16,-0.6520573910237737,1.0092936587501425e-17,-0.5259405464925438,-0.1293997746109185,0,Intermedi,-0.4553690497993087,0.4674114001343161,0.5807431369007591,Estable
2011,Barri,sant andreu,,,56075,51527.0,0.0,835.0,3710.0,0.0,0.0,0.0,0.0,3914.0,,,,57,-0.683428590332485,-0.6936040169793986,0.0033723453127869,3.6921966638804284e-16,-0.6885163036559419,1.0092936587501425e-17,-0.5553478052680024,-0.1366915571373521,0,Intermedi,-0.4808303981876151,0.4935460803562831,0.5807431369007591,Estable
2012,Barri,sant andreu,,,56282,51774.0,0.0,821.0,3686.0,,,,,4201.0,,,,57,-0.6919669991376853,-0.7024108492778727,0.0033723453127869,3.6921966638804284e-16,-0.697188924207779,1.0092936587501425e-17,-0.562343022031659,-0.1384260812477196,0,Intermedi,-0.4868869862032183,0.4997628363823183,0.5807431369007591,Estable
2013,Barri,sant andreu,,,56500,52004.0,0.0,843.0,3653.0,,,,,4322.0,,,,57,-0.6825963752908661,-0.7134136659476286,0.0033723453127869,3.6921966638804284e-16,-0.6980050206192474,1.0092936587501425e-17,-0.5630012742017086,-0.1385893005300132,0,Intermedi,-0.4874569131031365,0.5003478351440533,0.5807431369007591,Estable
2014,Barri,sant andreu,,-1.2168670280328673,56263,52108.0,0.0,800.0,3355.0,,,,,4169.0,-0.8547661658093769,-0.3319684523606472,-0.3463406112827598,57,-0.7023285383471667,-0.7794781543456697,-0.5933673090850121,-1.2168670280328673,-0.7409033463464182,-0.3463406112827598,-1.383694387133408,-0.7605190926611994,2,Baixa gentrificació,-2.9640688686692838,-0.3875971243563652,0.5807431369007591,Estable
2015,Barri,sant andreu,0.1490533079152264,-0.9490039463370736,56491,52539.0,0.0,831.0,3121.0,,,,,3884.0,2.505013421855504,-0.4114606380741107,-0.3463406112827598,57,-0.6885053558166518,-0.8371103009752053,0.7475353638988732,-0.9490039463370736,-0.7628078283959285,-0.3463406112827598,-1.077912187929709,-0.2822702626671978,0,Intermedi,-1.069957141185697,1.5783896356561324,0.5807431369007591,Estable
2016,Barri,sant andreu,0.0717195484940784,-0.6476579794293061,56695,52766.0,0.0,841.0,3087.0,,,,,3497.0,2.614281127067443,-0.5227496980729601,-0.3442891118036361,57,-0.6850324331936155,-0.847609875568274,0.7210836591628538,-0.6476579794293061,-0.7663211543809447,-0.3442891118036361,-0.9356667882754492,-0.2000943493168518,0,Intermedi,-0.743550940918948,1.615021426583647,0.5807431369007591,Estable
2017,Barri,sant andreu,0.019066004114446,-0.1788975864616676,57223,52833.0,0.0,924.0,3465.0,,,,,303.0,-0.8191529878143745,-0.4989020423589212,-0.3442891118036361,57,-0.6480786493447073,-0.7673557096568229,-0.4329963420196165,-0.1788975864616676,-0.7077171795007651,-0.3442891118036361,-0.8227416202835005,-0.3939694368052655,0,Intermedi,-1.514031103026528,0.0628793804577434,0.5807431369007591,Estable
2018,Barri,sant andreu,0.0319413511447065,-0.3128291273095643,57662,53073.0,0.0,985.0,3603.0,,,,,2798.0,-0.7616862687769844,-0.3240192337893013,-0.3453148615431979,57,-0.6217766937388048,-0.7419480773978337,-0.3512547171405264,-0.3128291273095643,-0.6818623855683192,-0.3453148615431979,-0.8563971028213878,-0.4046606027573307,0,Intermedi,-1.5592065067246328,0.1276782379122732,0.5807431369007591,Estable
2019,Barri,sant andreu,0.0131491603980723,-0.1119318160377193,57961,52995.0,0.0,1149.0,3815.0,,,,,264.0,-0.8098449981111353,-0.2763239223612237,-0.3453148615431979,57,-0.5446570401245343,-0.6980914671234785,-0.3576732533580955,-0.1119318160377193,-0.6213742536240063,-0.3453148615431979,-0.7096888192391517,-0.3342193438521853,0,Intermedi,-1.285567917220916,0.1236780066611566,0.5807431369007591,Estable
2020,Barri,sant andreu,0.0705235738191987,-0.1119318160377193,58508,52860.0,0.0,1257.0,4389.0,,,,,2726.0,2.4604969493617506,-0.2365778295044919,-0.3453148615431979,57,-0.4979422688094852,-0.5771807177259917,0.7648142312254858,-0.1119318160377193,-0.5375614932677384,-0.3453148615431979,-0.4816391031102741,0.0192894535941426,0,Intermedi,0.1045829521822049,1.6422025302748169,0.5807431369007591,Estable
2021,Barri,sant andreu,0.1406031569513631,-0.3128291273095643,58225,52401.0,5.0,1206.0,4613.0,6321.0,21528.0,10287.0,12162.0,3345.0,-0.7766599913430648,-0.2365778295044919,-0.3463406112827598,57,-0.519645665200274,-0.521799339896339,-0.2908782212987312,-0.3128291273095643,-0.5207225025483064,-0.3463406112827598,-0.7180961722402994,-0.3545248273487019,0,Intermedi,-1.3759098450441098,0.0977118153052552,0.5807431369007591,Estable
2022,Barri,sant andreu,,-0.0449660456137709,57605,51951.0,0.0,1205.0,4445.0,6687.0,22249.0,10930.0,12736.0,246.0,-0.8280562823131251,-0.2286286109331449,-0.3463406112827598,57,-0.5138625840699794,-0.5489353757597805,-0.528342446623135,-0.0449660456137709,-0.5313989799148799,-0.3463406112827598,-0.6288681628957024,-0.3475404659105997,0,Intermedi,-1.3463914846118878,-0.164076921359131,0.5807431369007591,Estable
2023,Barri,sant andreu,,0.3903114621418934,57902,51747.0,0.0,1217.0,4936.0,5721.0,22598.0,10188.0,12185.0,2392.0,2.4078865727782244,-0.220679392361799,-0.0355384401955288,57,-0.5110508313446115,-0.4426362723206911,1.0936035902082126,0.3903114621418934,-0.4768435518326513,-0.0355384401955288,-0.047233470495132,0.3426981172993957,0,Intermedi,1.3948452811089966,1.990978420561232,0.5807431369007591,Estable
2024,Barri,sant andreu,,0.3568285769299192,58651,51729.0,0.0,1355.0,5564.0,,,,,2366.0,1.7644211976412505,-0.053745802363525,-0.0252809427999106,57,-0.4524103844771608,-0.3161569037375181,0.8553376976388626,0.3568285769299192,-0.3842836441073395,-0.0252809427999106,-0.0200816875233834,0.2817369649891844,0,Intermedi,1.1456112899616824,1.5751546234759626,0.5807431369007591,Estable
2025,Barri,sant andreu,,0.5912087734137385,58988,51665.0,0.0,1477.0,5842.0,,,,,2352.0,2.0031913682895617,-0.5227496980729601,,57,-0.3979406926653803,-0.2613133825782371,0.7402208351083008,0.5912087734137385,-0.3296270376218087,1.0092936587501425e-17,0.1303129969543266,0.33350347503225,0,Intermedi,1.3473044875795372,1.414939538635799,0.5807431369007591,Estable
2000,Barri,sant antoni,,,35970,34762.0,0.0,235.0,970.0,,,,,,,,,58,-0.9185416654588924,-1.2089817401650127,0.0033723453127869,3.6921966638804284e-16,-1.0637617028119526,1.0092936587501425e-17,-0.8580155965050003,-0.2117406369685543,0,Intermedi,-0.7428857681711523,0.7625315712470329,1.1058580886714475,Gentrificació intensa
2001,Barri,sant antoni,,,35976,34134.0,0.0,284.0,1556.0,0.0,0.0,0.0,0.0,,,,,58,-0.8802562399035029,-0.994857609948038,0.0033723453127869,3.6921966638804284e-16,-0.9375569249257704,1.0092936587501425e-17,-0.7562205539747505,-0.1864996813913179,0,Intermedi,-0.6547497381570883,0.6720647615037935,1.1058580886714475,Gentrificació intensa
2002,Barri,sant antoni,,,37246,34203.0,25.0,473.0,2545.0,,,,,,,,,58,-0.7450772538026609,-0.6650952182045825,0.0033723453127869,3.6921966638804284e-16,-0.7050862360036216,1.0092936587501425e-17,-0.5687128853886346,-0.1400055436068881,0,Intermedi,-0.4924021316765262,0.5054238312803233,1.1058580886714475,Gentrificació intensa
2003,Barri,sant antoni,,,37863,33700.0,23.0,668.0,3472.0,,,,,,,,,58,-0.6060159486780234,-0.3578034872739533,0.0033723453127869,3.6921966638804284e-16,-0.4819097179759883,1.0092936587501425e-17,-0.3887017675459768,-0.0953702400013614,0,Intermedi,-0.3365451774409497,0.3454452002512115,1.1058580886714475,Gentrificació intensa
2004,Barri,sant antoni,,,37957,32979.0,12.0,836.0,4130.0,,,,,,,,,58,-0.4827319146546585,-0.1328420774291824,0.0033723453127869,3.6921966638804284e-16,-0.3077869960419205,1.0092936587501425e-17,-0.2482567686985762,-0.0605456956145478,0,Intermedi,-0.2149453006094103,0.2206295837506181,1.1058580886714475,Gentrificació intensa
2005,Barri,sant antoni,,,38082,32455.0,7.0,1080.0,4540.0,,,,,,,,,58,-0.3045187398468416,0.0040296326613558,0.0033723453127869,3.6921966638804284e-16,-0.1502445535927428,1.0092936587501425e-17,-0.121185195830737,-0.0290372071247123,0,Intermedi,-0.1049243832657578,0.1076991352664212,1.1058580886714475,Gentrificació intensa
2006,Barri,sant antoni,,,38275,32091.0,6.0,1345.0,4833.0,,,,,,,,,58,-0.1137687898488899,0.0967841901675094,0.0033723453127869,3.6921966638804284e-16,-0.0084922998406902,1.0092936587501425e-17,-0.0068497725517358,-0.0006867563743018,0,Intermedi,-0.0059306597276571,0.0060874975324873,1.1058580886714475,Gentrificació intensa
2007,Barri,sant antoni,,,37788,31729.0,5.0,1904.0,4150.0,,,,,,,,,58,0.3151271198771296,-0.1194838955311374,0.0033723453127869,3.6921966638804284e-16,0.097821612172996,1.0092936587501425e-17,0.0789015704342679,0.0205760260284354,0,Intermedi,0.0683144385728304,-0.0701210312751583,1.1058580886714475,Gentrificació intensa
2008,Barri,sant antoni,,,38243,31740.0,10.0,2178.0,4315.0,,,,,,,,,58,0.4998190764392852,-0.0799325191346422,0.0033723453127869,3.6921966638804284e-16,0.2099432786523214,1.0092936587501425e-17,0.1693373684998421,0.0430003593243005,0,Intermedi,0.1466154246968324,-0.1504927068913367,1.1058580886714475,Gentrificació intensa
2009,Barri,sant antoni,,,38513,31382.0,9.0,2473.0,4649.0,,,,,,,,,58,0.7040697461762233,0.0237016780286334,0.0033723453127869,3.6921966638804284e-16,0.3638857121024283,1.0092936587501425e-17,0.2935052234949699,0.0737888460143218,0,Intermedi,0.2541222494165182,-0.2608425769327221,1.1058580886714475,Gentrificació intensa
2010,Barri,sant antoni,,,38129,31115.0,0.0,2391.0,4620.0,,,,,,,,,58,0.6617620378314107,0.0296862740615465,0.0033723453127869,3.6921966638804284e-16,0.3457241559464786,1.0092936587501425e-17,0.2788563614449315,0.0701565347831319,0,Intermedi,0.2414389937959863,-0.2478239093915992,1.1058580886714475,Gentrificació intensa
2011,Barri,sant antoni,,,37985,30963.0,5.0,2178.0,4839.0,0.0,0.0,0.0,0.0,2351.0,,,,58,0.5107011420284401,0.1115373826372754,0.0033723453127869,3.6921966638804284e-16,0.3111192623328577,1.0092936587501425e-17,0.2509445289758773,0.0632355560604077,0,Intermedi,0.2172724131542124,-0.2230182373785173,1.1058580886714475,Gentrificació intensa
2012,Barri,sant antoni,,,38332,30981.0,0.0,2230.0,5118.0,,,,,2579.0,,,,58,0.5342619215053571,0.1920803952395998,0.0033723453127869,3.6921966638804284e-16,0.3631711583724785,1.0092936587501425e-17,0.2929288742588419,0.0736459352683319,0,Intermedi,0.2536232355911755,-0.260330366559855,1.1058580886714475,Gentrificació intensa
2013,Barri,sant antoni,,,38264,30722.0,0.0,2369.0,5169.0,,,,,2594.0,,,,58,0.6393636241585059,0.2127263320550274,0.0033723453127869,3.6921966638804284e-16,0.4260449781067666,1.0092936587501425e-17,0.3436420347357233,0.0862206992151895,0,Intermedi,0.2975316276189133,-0.3053999271818965,1.1058580886714475,Gentrificació intensa
2014,Barri,sant antoni,,-0.9490039463370736,38096,30536.0,7.0,2504.0,5049.0,,,,,2451.0,-0.8033698748393167,0.4947502790593723,0.2085899978201839,58,0.7467344991936118,0.1791403783146093,-0.1543097978899721,-0.9490039463370736,0.4629374387541105,0.2085899978201839,-0.0545220635569498,-0.1966886359532548,2,Baixa gentrificació,-0.8175435139200161,-0.9108157613682254,1.1058580886714475,Gentrificació intensa
2015,Barri,sant antoni,0.2333253671374222,-0.614175094217332,38031,30571.0,10.0,2599.0,4851.0,,,,,2189.0,-0.836554881607387,0.3039690333470606,0.2085899978201839,58,0.8201670244582204,0.1136602745806801,-0.0997534937076347,-0.614175094217332,0.4669136495194502,0.2085899978201839,0.1212114073734502,-0.0790778469095631,0,Intermedi,-0.3516948662068865,-0.7562979444053539,1.1058580886714475,Gentrificació intensa
2016,Barri,sant antoni,0.2446345600325796,-0.245863356885616,38235,30548.0,12.0,2680.0,4995.0,,,,,1927.0,-1.270388140819234,0.3516643447751383,0.2311564920905439,58,0.869506306742942,0.154233962086508,-0.2246964120038387,-0.245863356885616,0.5118701344147251,0.2311564920905439,0.3274684121438014,0.0074373946342173,0,Intermedi,-0.0113729392649462,-0.8894471529200203,1.1058580886714475,Gentrificació intensa
2017,Barri,sant antoni,0.2584594457680442,0.0554826100221515,38470,30253.0,11.0,2868.0,5338.0,,,,,1728.0,-0.7280965668044254,0.3039690333470606,0.2311564920905439,58,0.9949391127423198,0.2609796196353414,-0.0552226958964401,0.0554826100221515,0.6279593661888306,0.2311564920905439,0.5935841060617416,0.1719011458935883,0,Intermedi,0.6292633771027868,-0.6617457029536866,1.1058580886714475,Gentrificació intensa
2018,Barri,sant antoni,0.2173343193814087,0.1224483804460999,38356,29899.0,10.0,2913.0,5534.0,,,,,1636.0,-0.6629406388817506,0.39141043763187,0.2280792428718584,58,1.0341773275575383,0.3335954111477162,-0.0180652939561572,0.1224483804460999,0.6838863693526273,0.2280792428718584,0.6760435510478984,0.2137080483918799,0,Intermedi,0.7894852436049531,-0.6315529855596704,1.1058580886714475,Gentrificació intensa
2019,Barri,sant antoni,0.2414483637566288,0.323345691717945,38622,29517.0,12.0,3256.0,5837.0,,,,,1552.0,-0.6884364367645364,0.4788518419166794,0.225001993653173,58,1.269299867951278,0.4236884514266965,0.0106212563029239,0.323345691717945,0.8464941596889873,0.225001993653173,0.9092306696686088,0.3144893150746928,1,Gentrificació residencial,1.1734997792136477,-0.6574874627877378,1.1058580886714475,Gentrificació intensa
2020,Barri,sant antoni,0.2280035025460423,0.3568285769299192,38958,29208.0,9.0,3413.0,6328.0,,,,,1553.0,-0.8385783576298304,0.248324503347636,0.2270534931322966,58,1.362216013182307,0.5722730318577363,-0.120750117245384,0.3568285769299192,0.9672445225200216,0.2270534931322966,1.004925857338001,0.3096831410358241,1,Gentrificació residencial,1.1435381881554851,-0.921998720553378,1.1058580886714475,Gentrificació intensa
2021,Barri,sant antoni,0.270292050787928,0.0554826100221515,38700,28751.0,11.0,3150.0,6788.0,3678.0,17712.0,5118.0,7428.0,2177.0,-0.5811922075750406,0.4788518419166794,0.2167959957366784,58,1.1874662665429547,0.7428079570011785,0.0559838950431889,0.0554826100221515,0.9651371117720666,0.2167959957366784,0.8772084202458895,0.2698265730213512,0,Intermedi,0.9845933056063068,-0.7381917114047148,1.1058580886714475,Gentrificació intensa
2022,Barri,sant antoni,,0.5242430029897901,38175,28444.0,11.0,3234.0,6486.0,3371.0,17924.0,5091.0,7353.0,1316.0,-0.724859005168516,0.5106487162020653,0.1942295014663184,58,1.2808576905900957,0.670503566921245,-0.1071051444832253,0.5242430029897901,0.9756806287556704,0.1942295014663184,1.0863660850280583,0.3591233835963671,1,Gentrificació residencial,1.3372123133971754,-0.8482905423437522,1.1058580886714475,Gentrificació intensa
2023,Barri,sant antoni,,1.0264862811694029,38269,28147.0,9.0,3279.0,6834.0,3226.0,18771.0,4945.0,7453.0,1331.0,2.6952201679651755,0.4470549676312947,5.441965169064581,58,1.3080836959986235,0.7845889513267479,1.571137567798235,1.0264862811694029,1.0463363236626857,5.441965169064581,3.177710710415724,2.0769474532357446,3,Gentrificació turística,8.384354619191315,-1.6543448321323142,1.1058580886714475,Gentrificació intensa
2024,Barri,sant antoni,,1.0934520515933512,38698,27923.0,11.0,3575.0,7189.0,,,,,1379.0,2.104365169411728,0.3039690333470606,5.852265064889308,58,1.496541759634717,0.8791834754389296,1.204167101379394,1.0934520515933512,1.1878626175368234,5.852265064889308,3.3933382769865084,2.09731128237705,3,Gentrificació turística,8.472269687796803,-2.508806405976171,1.1058580886714475,Gentrificació intensa
2025,Barri,sant antoni,,1.1604178220172996,39223,27886.0,8.0,3807.0,7522.0,,,,,1373.0,1.6753882526537445,0.2403752847762889,,58,1.628152628784772,0.9581231160472102,0.9578817687150168,1.1604178220172996,1.2931378724159912,1.0092936587501425e-17,1.7503629299193804,0.8941174517028931,1,Gentrificació residencial,3.4159846855595752,0.6948996747975238,1.1058580886714475,Gentrificació intensa
2000,Barri,sant genis dels agudells,,,7068,6951.0,0.0,30.0,87.0,,,,,,,,,59,-0.9829280877314462,-1.4017222953216828,0.0033723453127869,3.6921966638804284e-16,-1.1923251915265645,1.0092936587501425e-17,-0.9617131428320008,-0.2374533347114767,0,Intermedi,-0.8326690211497577,0.8546891651850458,0.1439055421056944,Desgentrificació
2001,Barri,sant genis dels agudells,,,6994,6797.0,0.0,38.0,159.0,0.0,0.0,0.0,0.0,,,,,59,-0.9494864896271846,-1.2646443996986572,0.0033723453127869,3.6921966638804284e-16,-1.107065444662921,1.0092936587501425e-17,-0.8929438006290449,-0.2204013853387479,0,Intermedi,-0.7731272531246001,0.7935727999613287,0.1439055421056944,Desgentrificació
2002,Barri,sant genis dels agudells,,,7187,6818.0,0.0,60.0,306.0,,,,,,,,,59,-0.8674772143356927,-1.0037225853120846,0.0033723453127869,3.6921966638804284e-16,-0.9355998998238886,1.0092936587501425e-17,-0.754642044374595,-0.1861082763709415,0,Intermedi,-0.6533830353586151,0.6706619159022239,0.1439055421056944,Desgentrificació
2003,Barri,sant genis dels agudells,,,7215,6689.0,0.0,72.0,452.0,,,,,,,,,59,-0.8215997528506498,-0.7398121498128328,0.0033723453127869,3.6921966638804284e-16,-0.7807059513317414,1.0092936587501425e-17,-0.6297067103997093,-0.155129486672512,0,Intermedi,-0.5452117131475606,0.5596299755643105,0.1439055421056944,Desgentrificació
2004,Barri,sant genis dels agudells,,,7136,6520.0,0.0,81.0,535.0,,,,,,,,,59,-0.78301170332161,-0.5777515187718568,0.0033723453127869,3.6921966638804284e-16,-0.6803816110467333,1.0092936587501425e-17,-0.5487864738034227,-0.1350646186155104,0,Intermedi,-0.4751494760864964,0.4877149248253832,0.1439055421056944,Desgentrificació
2005,Barri,sant genis dels agudells,,,7132,6396.0,0.0,94.0,642.0,,,,,,,,,59,-0.7315547549524675,-0.3799230750575528,0.0033723453127869,3.6921966638804284e-16,-0.5557389150050102,1.0092936587501425e-17,-0.4482513850598342,-0.1101360794071658,0,Intermedi,-0.3881043373574821,0.3983678552646707,0.1439055421056944,Desgentrificació
2006,Barri,sant genis dels agudells,,,7136,6321.0,0.0,115.0,700.0,,,,,,,,,59,-0.648975561696802,-0.2737120930052055,0.0033723453127869,3.6921966638804284e-16,-0.4613438273510037,1.0092936587501425e-17,-0.3721136022965534,-0.0912570618763645,0,Intermedi,-0.3221828372526543,0.3307030443238926,0.1439055421056944,Desgentrificació
2007,Barri,sant genis dels agudells,,,7030,6223.0,0.0,146.0,660.0,,,,,,,,,59,-0.518087603902141,-0.3290811074445757,0.0033723453127869,3.6921966638804284e-16,-0.4235843556733584,1.0092936587501425e-17,-0.3416573304364488,-0.0837051675408354,0,Intermedi,-0.2958132339393988,0.3036360901444916,0.1439055421056944,Desgentrificació
2008,Barri,sant genis dels agudells,,,7092,6146.0,0.0,170.0,775.0,,,,,,,,,59,-0.4279944738864852,-0.1266523970747295,0.0033723453127869,3.6921966638804284e-16,-0.2773234354806074,1.0092936587501425e-17,-0.2236852786575385,-0.0544529835022852,0,Intermedi,-0.1936708502047786,0.198792525094349,0.1439055421056944,Desgentrificació
2009,Barri,sant genis dels agudells,,,7174,6152.0,0.0,195.0,827.0,,,,,,,,,59,-0.3376683305521873,-0.0477657296704347,0.0033723453127869,3.6921966638804284e-16,-0.192717030111311,1.0092936587501425e-17,-0.1554429127411999,-0.037531702428426,0,Intermedi,-0.1345853479923715,0.1381444917488417,0.1439055421056944,Desgentrificació
2010,Barri,sant genis dels agudells,,,7121,6188.0,0.0,175.0,758.0,,,,,,,,,59,-0.4109879742694725,-0.1638954739380354,0.0033723453127869,3.6921966638804284e-16,-0.2874417241037539,1.0092936587501425e-17,-0.2318465514554308,-0.0564766412269145,0,Intermedi,-0.200737031095211,0.206045572935556,0.1439055421056944,Desgentrificació
2011,Barri,sant genis dels agudells,,,6984,6104.0,0.0,154.0,726.0,0.0,0.0,0.0,0.0,4130.0,,,,59,-0.4820151727643171,-0.1966875053758075,0.0033723453127869,3.6921966638804284e-16,-0.3393513390700623,1.0092936587501425e-17,-0.2737161347765137,-0.0668585642201762,0,Intermedi,-0.2369884905036268,0.2432557114077858,0.1439055421056944,Desgentrificació
2012,Barri,sant genis dels agudells,,,6948,6077.0,0.0,146.0,725.0,,,,,4630.0,,,,59,-0.5111923634526954,-0.1914977021295563,0.0033723453127869,3.6921966638804284e-16,-0.3513450327911258,1.0092936587501425e-17,-0.2833900835990497,-0.0692573029643889,0,Intermedi,-0.2453643742655907,0.2518530975460559,0.1439055421056944,Desgentrificació
2013,Barri,sant genis dels agudells,,,6903,6008.0,0.0,167.0,727.0,,,,,4680.0,,,,59,-0.4217573975574365,-0.1787435333681105,0.0033723453127869,3.6921966638804284e-16,-0.3002504654627735,1.0092936587501425e-17,-0.2421779065216888,-0.0590383894987185,0,Intermedi,-0.2096821093384377,0.215227206047908,0.1439055421056944,Desgentrificació
2014,Barri,sant genis dels agudells,,-1.6856274210005058,6854,6033.0,0.0,163.0,656.0,,,,,4570.0,-0.586857940437882,0.248324503347636,-0.3709586050322434,59,-0.43330964058867,-0.305055110940832,-0.1692667185451229,-1.6856274210005058,-0.369182375764751,-0.3709586050322434,-1.2611270456562336,-0.7044964380230875,2,Baixa gentrificació,-2.7797359833135307,-0.1553420059695199,0.1439055421056944,Desgentrificació
2015,Barri,sant genis dels agudells,-0.3038143460163189,-1.5182129949406349,6721,6013.0,0.0,148.0,560.0,,,,,4160.0,-0.6839847895151611,-0.0855426766489108,-0.3709586050322434,59,-0.4828554212328188,-0.4679689854524,-0.3577806040601303,-1.5182129949406349,-0.4754122033426095,-0.3709586050322434,-1.2913925574066298,-0.7320722413752001,2,Baixa gentrificació,-2.878382982746569,-0.3039875768540133,0.1439055421056944,Desgentrificació
2016,Barri,sant genis dels agudells,-0.4705177258493281,-1.3842814540927382,6695,5945.0,0.0,158.0,591.0,,,,,3720.0,-0.6111396527072017,0.1608830990628254,-0.3699328552926816,59,-0.4384305328878088,-0.4028289749599474,-0.3069247598312348,-1.3842814540927382,-0.4206297539238781,-0.3699328552926816,-1.1737428008462514,-0.6654743860205039,2,Baixa gentrificació,-2.619592090919181,-0.2401116024605184,0.1439055421056944,Desgentrificació
2017,Barri,sant genis dels agudells,-0.4145303106430074,-1.1164183723969447,6828,5936.0,0.0,179.0,712.0,,,,,3370.0,-0.586857940437882,0.1211370062060937,-0.3699328552926816,59,-0.364841019840747,-0.192419017875579,-0.2934170816249319,-1.1164183723969447,-0.2786300188581631,-0.3699328552926816,-0.9254945231132288,-0.5526632110367319,2,Baixa gentrificació,-2.1857203690953897,-0.2583896936395402,0.1439055421056944,Desgentrificació
2018,Barri,sant genis dels agudells,-0.4285300782882945,-1.0494526019729964,7011,5979.0,0.0,194.0,838.0,,,,,3170.0,-0.4047450984179835,-0.0696442395062179,-0.3699328552926816,59,-0.3239030279473486,0.0081063023198511,-0.3009731387374987,-1.0494526019729964,-0.1578983628137487,-0.3699328552926816,-0.7962484669568239,-0.5106939658344346,2,Baixa gentrificació,-2.0307001558199897,-0.3394310201524284,0.1439055421056944,Desgentrificació
2019,Barri,sant genis dels agudells,-0.53102741333044,-0.7481066350652287,7246,5999.0,0.0,203.0,1044.0,,,,,3100.0,-0.5666231802134488,0.089340131920709,-0.3709586050322434,59,-0.3142072895779314,0.3309601457699021,-0.3361034872077266,-0.7481066350652287,0.0083764280959853,-0.3709586050322434,-0.5192021944834618,-0.3977794720691382,2,Baixa gentrificació,-1.598602381351054,-0.4348149460961663,0.1439055421056944,Desgentrificació
2020,Barri,sant genis dels agudells,-0.4873233616451293,-0.7481066350652287,7390,5978.0,0.0,231.0,1181.0,,,,,2980.0,-0.837768967220853,-0.0060504909354473,-0.3709586050322434,59,-0.2229757787120205,0.537811735043308,-0.4437142732671432,-0.7481066350652287,0.1574179781656437,-0.3709586050322434,-0.4143691273702833,-0.4002543978730315,2,Baixa gentrificació,-1.6221780185784338,-0.6929895318313057,0.1439055421056944,Desgentrificació
2021,Barri,sant genis dels agudells,-0.4336319977280858,-0.8485552907011512,7385,5921.0,0.0,240.0,1223.0,1140.0,2223.0,1386.0,1605.0,4230.0,-0.6880317415600476,-0.061695020934872,-0.3709586050322434,59,-0.1880965405732919,0.6140169089410108,-0.3944529200743352,-0.8485552907011512,0.2129601841838594,-0.3709586050322434,-0.4119465895694058,-0.4045021474023227,2,Baixa gentrificació,-1.644455732561266,-0.6877181299168613,0.1439055421056944,Desgentrificació
2022,Barri,sant genis dels agudells,,-0.6811408646412803,7262,5865.0,0.0,233.0,1163.0,1045.0,2246.0,1376.0,1611.0,2980.0,-0.5706701322583354,0.0018987276358984,-0.3709586050322434,59,-0.1997285494868183,0.5422583434875985,-0.2843857023112184,-0.6811408646412803,0.17126489700039,-0.3709586050322434,-0.3474804742336084,-0.3295967116921202,2,Baixa gentrificació,-1.3438244193303277,-0.462715935285802,0.1439055421056944,Desgentrificació
2023,Barri,sant genis dels agudells,,-0.2793462420975902,7385,5867.0,0.0,237.0,1281.0,1005.0,2365.0,1413.0,1690.0,2800.0,-0.8175342069964199,-0.0855426766489108,-0.3432633620640743,59,-0.1995244975604435,0.7172878880770215,-0.4515384418226654,-0.2793462420975902,0.2588816952582889,-0.3432633620640743,-0.0948625866229225,-0.2361417385372337,0,Intermedi,-0.9796398554229224,-0.6809055389119868,0.1439055421056944,Desgentrificació
2024,Barri,sant genis dels agudells,,-0.5806922090053578,7766,5990.0,0.0,275.0,1501.0,,,,,2880.0,-0.6758908854253878,0.248324503347636,-0.3432633620640743,59,-0.1061638083495448,0.977888522260901,-0.2137831910388758,-0.5806922090053578,0.435862356955678,-0.3432633620640743,-0.0663831311322531,-0.2198228210349493,0,Intermedi,-0.932508332198706,-0.54598292225725,0.1439055421056944,Desgentrificació
2025,Barri,sant genis dels agudells,,-0.2123804716736418,7826,6014.0,0.0,292.0,1519.0,,,,,2840.0,-0.7770646865475536,-0.0457965837921791,,59,-0.0526919458596953,0.988647340332396,-0.4114306351698663,-0.2123804716736418,0.4679776972363503,1.0092936587501425e-17,0.2136864763402351,-0.0935477926057823,0,Intermedi,-0.4179421604696014,-0.9699656797247572,0.1439055421056944,Desgentrificació
2000,Barri,sant gervasi galvany,,,44205,42617.0,0.0,686.0,898.0,,,,,,,,,60,-0.665766442891355,-1.2964567316346178,0.0033723453127869,3.6921966638804284e-16,-0.9811115872629864,1.0092936587501425e-17,-0.7913511471208045,-0.1952106138587611,0,Intermedi,-0.685166455267967,0.7032858564344899,1.1204299959234663,Gentrificació intensa
2001,Barri,sant gervasi galvany,,,44420,42508.0,0.0,757.0,1151.0,0.0,0.0,0.0,0.0,,,,,60,-0.6229141816477993,-1.222856368152155,0.0033723453127869,3.6921966638804284e-16,-0.9228852748999772,1.0092936587501425e-17,-0.7443866023337795,-0.1835653513861592,0,Intermedi,-0.6445036840164492,0.6615477478555475,1.1204299959234663,Gentrificació intensa
2002,Barri,sant gervasi galvany,,,45790,43009.0,26.0,993.0,1762.0,,,,,,,,,60,-0.4922676259073336,-1.0575931654925532,0.0033723453127869,3.6921966638804284e-16,-0.7749303956999434,1.0092936587501425e-17,-0.6250482264578024,-0.1539743755461524,0,Intermedi,-0.541178311615242,0.5554899097026631,1.1204299959234663,Gentrificació intensa
2003,Barri,sant gervasi galvany,,,46013,42365.0,31.0,1196.0,2421.0,,,,,,,,,60,-0.371112408503489,-0.8717213927252431,0.0033723453127869,3.6921966638804284e-16,-0.621416900614366,1.0092936587501425e-17,-0.5012263472632067,-0.123271676529037,0,Intermedi,-0.4339710391407529,0.4454475136417832,1.1204299959234663,Gentrificació intensa
2004,Barri,sant gervasi galvany,,,45819,41514.0,15.0,1396.0,2894.0,,,,,,,,,60,-0.2452209449024409,-0.7330493897478924,0.0033723453127869,3.6921966638804284e-16,-0.4891351673251666,1.0092936587501425e-17,-0.3945297158702716,-0.0968153298711971,0,Intermedi,-0.341591122858948,0.3506245869791136,1.1204299959234663,Gentrificació intensa
2005,Barri,sant gervasi galvany,,,46144,41241.0,13.0,1629.0,3261.0,,,,,,,,,60,-0.1092086184403534,-0.6343182117505158,0.0033723453127869,3.6921966638804284e-16,-0.3717634150954346,1.0092936587501425e-17,-0.2998592706605768,-0.0733409794252507,0,Intermedi,-0.2596237009388976,0.2664895157397833,1.1204299959234663,Gentrificació intensa
2006,Barri,sant gervasi galvany,,,46492,41252.0,18.0,1797.0,3425.0,,,,,,,,,60,-0.0149872777326652,-0.594890046154869,0.0033723453127869,3.6921966638804284e-16,-0.3049386619437671,1.0092936587501425e-17,-0.2459593414892564,-0.0599760287949172,0,Intermedi,-0.2129561456521288,0.2185878250845934,1.1204299959234663,Gentrificació intensa
2007,Barri,sant gervasi galvany,,,46284,41363.0,23.0,2121.0,2777.0,,,,,,,,,60,0.1868292866254152,-0.7746330175792457,0.0033723453127869,3.6921966638804284e-16,-0.2939018654769152,1.0092936587501425e-17,-0.237057212864981,-0.0577686695015468,0,Intermedi,-0.2052485180887821,0.2106763673500692,1.1204299959234663,Gentrificació intensa
2008,Barri,sant gervasi galvany,,,46501,41268.0,22.0,2293.0,2918.0,,,,,,,,,60,0.2848685747469784,-0.7384436286002397,0.0033723453127869,3.6921966638804284e-16,-0.2267875269266306,1.0092936587501425e-17,-0.1829237080837503,-0.0443458017914899,0,Intermedi,-0.1583787287201375,0.1625670944812746,1.1204299959234663,Gentrificació intensa
2009,Barri,sant gervasi galvany,,,46830,41158.0,13.0,2355.0,3304.0,,,,,,,,,60,0.3123676893685207,-0.6358568312517058,0.0033723453127869,3.6921966638804284e-16,-0.1617445709415925,1.0092936587501425e-17,-0.130460952063837,-0.0313372105944823,0,Intermedi,-0.1129555045212033,0.1159426415660052,1.1204299959234663,Gentrificació intensa
2010,Barri,sant gervasi galvany,,,46291,41037.0,7.0,2236.0,3011.0,,,,,,,,,60,0.256521780919868,-0.7082831739912193,0.0033723453127869,3.6921966638804284e-16,-0.2258806965356756,1.0092936587501425e-17,-0.1821922711305611,-0.0441644357132989,0,Intermedi,-0.1577454370817896,0.1619170552844869,1.1204299959234663,Gentrificació intensa
2011,Barri,sant gervasi galvany,,,46128,41157.0,0.0,1946.0,3022.0,0.0,0.0,0.0,0.0,1692.0,,,,60,0.0844628431453737,-0.7021252119538536,0.0033723453127869,3.6921966638804284e-16,-0.3088311844042399,1.0092936587501425e-17,-0.2490989967071525,-0.0607545332870117,0,Intermedi,-0.2156745171920402,0.2213780846512357,1.1204299959234663,Gentrificació intensa
2012,Barri,sant gervasi galvany,,,46365,41330.0,8.0,1982.0,3045.0,,,,,1789.0,,,,60,0.100239288951125,-0.7000057530942738,0.0033723453127869,3.6921966638804284e-16,-0.2998832320715744,1.0092936587501425e-17,-0.2418817011061588,-0.0589649428204786,0,Intermedi,-0.2094256492128306,0.2149639637690543,1.1204299959234663,Gentrificació intensa
2013,Barri,sant gervasi galvany,,,46548,41461.0,14.0,2072.0,3001.0,,,,,1798.0,,,,60,0.1499040032977899,-0.7158302820177228,0.0033723453127869,3.6921966638804284e-16,-0.2829631393599664,1.0092936587501425e-17,-0.2282341864395807,-0.055580924278157,0,Intermedi,-0.197609378671822,0.2028352089483812,1.1204299959234663,Gentrificació intensa
2014,Barri,sant gervasi galvany,,-0.3797948977335127,46461,41313.0,11.0,2202.0,2935.0,,,,,1651.0,-1.2206106306671285,2.33101976904038,-0.0960576748296761,60,0.2309629845893171,-0.7329219552769449,0.5552045691866258,-0.3797948977335127,-0.2509794853438138,-0.0960576748296761,-0.3387325627069524,-0.016784530598764,0,Intermedi,-0.0531878606533157,0.923745233693696,1.1204299959234663,Gentrificació intensa
2015,Barri,sant gervasi galvany,2.0580633979893066,-0.0449660456137709,46711,41597.0,0.0,2220.0,2893.0,,,,,1416.0,-0.7629003543904503,2.3707658618971115,-0.0960576748296761,60,0.234667652720314,-0.7491907540824732,1.2219763018319894,-0.0449660456137709,-0.2572615506810796,-0.0960576748296761,-0.0837636764371654,0.2824392317633143,0,Intermedi,1.1317749409379412,1.946602001211163,1.1204299959234663,Gentrificació intensa
2016,Barri,sant gervasi galvany,2.3104193753616986,0.323345691717945,47156,41862.0,6.0,2325.0,2963.0,,,,,1274.0,-0.7102899778069242,2.30717211332634,-0.113495420402227,60,0.2846904673673526,-0.7373567237046115,1.3024338369603714,0.323345691717945,-0.2263331281686294,-0.113495420402227,0.1287423999804481,0.4197681488893236,1,Gentrificació residencial,1.672356012096362,2.13704492628242,1.1204299959234663,Gentrificació intensa
2017,Barri,sant gervasi galvany,2.4638866253826257,0.5912087734137385,47816,41884.0,7.0,2545.0,3380.0,,,,,1154.0,-1.2129214217818436,2.227679927612876,-0.113495420402227,60,0.3949791786392967,-0.6340873155559625,1.1595483770712194,0.5912087734137385,-0.1195540684583328,-0.113495420402227,0.3262274498674343,0.4786172473733753,1,Gentrificació residencial,1.8961001667382067,1.9240713480705225,1.1204299959234663,Gentrificació intensa
2018,Barri,sant gervasi galvany,2.5235920868954524,0.6581745438376868,47819,41785.0,11.0,2585.0,3438.0,,,,,107.0,-0.5516494576473683,2.203832271898837,-0.1237529177978452,60,0.4184171613344661,-0.6181968177643836,1.3919249670489735,0.6581745438376868,-0.0998898282149587,-0.1237529177978452,0.4052251205570084,0.5703013040634374,1,Gentrificació residencial,2.256555273381233,2.259231935223794,1.1204299959234663,Gentrificació intensa
2019,Barri,sant gervasi galvany,2.5982926598878318,0.8255889698975577,47993,41528.0,7.0,2793.0,3665.0,,,,,1069.0,-0.5569104953057209,2.291273676183648,-0.1237529177978452,60,0.5348259746519948,-0.5594302795779517,1.4442186135885862,0.8255889698975577,-0.0123021524629784,-0.1237529177978452,0.5657109906431717,0.6537312609936784,1,Gentrificació residencial,2.578934847856,2.3103112773500087,1.1204299959234663,Gentrificació intensa
2020,Barri,sant gervasi galvany,2.4533217843844453,0.8255889698975577,47976,41219.0,5.0,2872.0,3880.0,,,,,1043.0,-0.7038148545351055,2.1879338347561443,-0.1237529177978452,60,0.5817295419804027,-0.5001473454036027,1.3124802548684948,0.8255889698975577,0.0407910982883999,-0.1237529177978452,0.5897046991859344,0.6248284035279268,1,Gentrificació residencial,2.4597302011048643,2.0869832148933867,1.1204299959234663,Gentrificació intensa
2021,Barri,sant gervasi galvany,2.08778755844501,0.5577258882017643,47346,40478.0,5.0,2690.0,4173.0,1842.0,26295.0,3264.0,8493.0,142.0,-0.466663464704749,2.4343596104678817,-0.1258044172769688,60,0.4959982886873614,-0.4046231428455636,1.351827901402714,0.5577258882017643,0.0456875729208988,-0.1258044172769688,0.4668910720011806,0.5568427680101294,1,Gentrificació residencial,2.1894236416498645,2.075560392331565,1.1204299959234663,Gentrificació intensa
2022,Barri,sant gervasi galvany,,0.9595205107454544,47181,40045.0,0.0,2990.0,4143.0,1772.0,26846.0,3204.0,8305.0,8830.0,-0.5350569542633331,2.4661564847532667,-0.1288816664956543,60,0.680463876828135,-0.4089310222916402,0.9655497652449668,0.9595205107454544,0.1357664272682474,-0.1288816664956543,0.6810994610608875,0.5788980349516449,1,Gentrificació residencial,2.269520399436093,1.5664192490255298,1.1204299959234663,Gentrificació intensa
2023,Barri,sant gervasi galvany,,1.8635584114687571,47674,39587.0,10.0,3216.0,4861.0,1675.0,27759.0,3116.0,8346.0,9860.0,-0.6896505223780024,2.442308829039228,2.610895887873962,60,0.7953875792170635,-0.2228355107656087,0.8763291533306126,1.8635584114687571,0.2862760342257273,2.610895887873962,2.0423768400686098,1.4014006538597488,3,Gentrificació turística,5.64640349183252,-0.138974965513095,1.1204299959234663,Gentrificació intensa
2024,Barri,sant gervasi galvany,,1.997489952316654,48398,39361.0,14.0,3360.0,5663.0,,,,,9690.0,-0.7709942584802236,2.5138517961813456,2.651925877456435,60,0.8507004520915923,-0.0249968038057268,0.871428768850561,1.997489952316654,0.4128518241429327,2.651925877456435,2.221760235679169,1.473631156670038,3,Gentrificació turística,5.922800682537488,-0.229647479538345,1.1204299959234663,Gentrificació intensa
2025,Barri,sant gervasi galvany,,1.997489952316654,49461,39564.0,11.0,3661.0,6225.0,,,,,1021.0,-0.7766599913430648,2.2356291461842237,,60,0.9799255666344576,0.0913446648008944,0.7294845774205791,1.997489952316654,0.535635115717676,1.0092936587501425e-17,1.518544874836129,0.9252193820647052,1,Gentrificació residencial,3.611904594394048,1.1182997897303228,1.1204299959234663,Gentrificació intensa
2000,Barri,sant gervasi la bonanova,,,22496,21802.0,0.0,386.0,308.0,,,,,,,,,61,-0.6196302713812378,-1.3835457711845445,0.0033723453127869,3.6921966638804284e-16,-1.0015880212828911,1.0092936587501425e-17,-0.8078671578997614,-0.199305900662742,0,Intermedi,-0.6994663227815956,0.717963887581372,1.3326529910032323,Gentrificació intensa
2001,Barri,sant gervasi la bonanova,,,22629,21779.0,0.0,400.0,447.0,0.0,0.0,0.0,0.0,,,,,61,-0.6050628572303092,-1.303833856303421,0.0033723453127869,3.6921966638804284e-16,-0.9544483567668652,1.0092936587501425e-17,-0.7698449511763505,-0.1898779677595368,0,Intermedi,-0.6665459931694767,0.6841729714801016,1.3326529910032323,Gentrificació intensa
2002,Barri,sant gervasi la bonanova,,,23261,22085.0,6.0,485.0,685.0,,,,,,,,,61,-0.5157747796135506,-1.1763516779197754,0.0033723453127869,3.6921966638804284e-16,-0.846063228766663,1.0092936587501425e-17,-0.6824229937891482,-0.1682009421594964,0,Intermedi,-0.590854446030754,0.6064797421268213,1.3326529910032323,Gentrificació intensa
2003,Barri,sant gervasi la bonanova,,,23475,21896.0,6.0,548.0,1025.0,,,,,,,,,61,-0.4456243545278431,-0.9894346574568536,0.0033723453127869,3.6921966638804284e-16,-0.7175295059923484,1.0092936587501425e-17,-0.5787494562612538,-0.1424941976046335,0,Intermedi,-0.5010919803143377,0.5143434851754328,1.3326529910032323,Gentrificació intensa
2004,Barri,sant gervasi la bonanova,,,23540,21760.0,0.0,613.0,1164.0,,,,,,,,,61,-0.3697584971577072,-0.9133757884249016,0.0033723453127869,3.6921966638804284e-16,-0.6415671427913043,1.0092936587501425e-17,-0.5174792561764187,-0.1273017249644246,0,Intermedi,-0.4480431081942633,0.4598917221403337,1.3326529910032323,Gentrificació intensa
2005,Barri,sant gervasi la bonanova,,,23730,21704.0,0.0,687.0,1337.0,,,,,,,,,61,-0.2878973271823249,-0.8227191851130741,0.0033723453127869,3.6921966638804284e-16,-0.5553082561476995,1.0092936587501425e-17,-0.4479040215334271,-0.1100499476357037,0,Intermedi,-0.3878035835935637,0.3980591479909754,1.3326529910032323,Gentrificació intensa
2006,Barri,sant gervasi la bonanova,,,23694,21521.0,7.0,725.0,1441.0,,,,,,,,,61,-0.2415426011937546,-0.7638776098265637,0.0033723453127869,3.6921966638804284e-16,-0.5027101055101592,1.0092936587501425e-17,-0.4054790747854551,-0.0995303175081956,0,Intermedi,-0.3510712802614719,0.360355449555216,1.3326529910032323,Gentrificació intensa
2007,Barri,sant gervasi la bonanova,,,23607,21554.0,5.0,874.0,1174.0,,,,,,,,,61,-0.0608110355530999,-0.9096510877372224,0.0033723453127869,3.6921966638804284e-16,-0.4852310616451611,1.0092936587501425e-17,-0.3913807177864022,-0.096034508735196,0,Intermedi,-0.3388646620929272,0.3478260242647204,1.3326529910032323,Gentrificació intensa
2008,Barri,sant gervasi la bonanova,,,24399,21573.0,5.0,1019.0,1802.0,,,,,,,,,61,0.0725644527417867,-0.5924324821230763,0.0033723453127869,3.6921966638804284e-16,-0.2599340146906448,1.0092936587501425e-17,-0.2096592104013345,-0.0509750993442927,0,Intermedi,-0.1815268209664122,0.1863273439142083,1.3326529910032323,Gentrificació intensa
2009,Barri,sant gervasi la bonanova,,,25282,21561.0,0.0,1118.0,2603.0,,,,,,,,,61,0.1416893526264544,-0.2097481679301805,0.0033723453127869,3.6921966638804284e-16,-0.034029407651863,1.0092936587501425e-17,-0.027447653386979,-0.0057941779365364,0,Intermedi,-0.0237646858098373,0.0243931489701015,1.3326529910032323,Gentrificació intensa
2010,Barri,sant gervasi la bonanova,,,25704,22043.0,0.0,1106.0,2555.0,,,,,,,,,61,0.1081319559482337,-0.2565299613318542,0.0033723453127869,3.6921966638804284e-16,-0.0741990026918102,1.0092936587501425e-17,-0.059847897688364,-0.0138280969445258,0,Intermedi,-0.0518174164068237,0.0531877411623179,1.3326529910032323,Gentrificació intensa
2011,Barri,sant gervasi la bonanova,,,25639,22197.0,0.0,1045.0,2397.0,0.0,0.0,0.0,0.0,8440.0,,,,61,0.0442698381129604,-0.3342483831594466,0.0033723453127869,3.6921966638804284e-16,-0.1449892725232431,1.0092936587501425e-17,-0.1169463582135066,-0.0279861509108124,0,Intermedi,-0.1012543192806092,0.1039320155057855,1.3326529910032323,Gentrificació intensa
2012,Barri,sant gervasi la bonanova,,,25426,22419.0,0.0,1045.0,1961.0,,,,,9070.0,,,,61,0.0538752194439301,-0.5494306277160189,0.0033723453127869,3.6921966638804284e-16,-0.2477777041360443,1.0092936587501425e-17,-0.1998540970716912,-0.0485438372333726,0,Intermedi,-0.1730373725489617,0.1776133898742545,1.3326529910032323,Gentrificació intensa
2013,Barri,sant gervasi la bonanova,,,25130,22465.0,0.0,1105.0,1559.0,,,,,8790.0,,,,61,0.1346610097114642,-0.7478313106639133,0.0033723453127869,3.6921966638804284e-16,-0.3065851504762245,1.0092936587501425e-17,-0.2472873765525423,-0.0603053265014086,0,Intermedi,-0.2141059829653035,0.219768070137951,1.3326529910032323,Gentrificació intensa
2014,Barri,sant gervasi la bonanova,,-0.4132777829454869,25273,22588.0,0.0,1108.0,1576.0,,,,,8470.0,1.4082894176912268,1.65533619047594,-0.3473663610223216,61,0.1310011871627514,-0.7436020691952914,1.5318128040835834,-0.4132777829454869,-0.3063004410162699,-0.3473663610223216,-0.3343331141597627,0.2048271459337106,0,Intermedi,0.8157451791239964,2.4837790686390093,1.3326529910032323,Gentrificació intensa
2015,Barri,sant gervasi la bonanova,1.907328891063484,-0.0114831604017967,25368,22794.0,6.0,1027.0,1541.0,,,,,7780.0,1.6875291087884043,1.48045338190632,-0.3473663610223216,61,0.0365576267444936,-0.764814664260461,1.6917704605860695,-0.0114831604017967,-0.3641285187579836,-0.3473663610223216,-0.1604385310774338,0.3617872140992207,1,Gentrificació residencial,1.4431413817493866,2.846958974921693,1.3326529910032323,Gentrificació intensa
2016,Barri,sant gervasi la bonanova,2.161671790350342,0.4572772325658417,25761,23026.0,5.0,1048.0,1682.0,,,,,6910.0,1.6672943485639713,1.0352971419109238,-0.3401861128453889,61,0.0421158030970757,-0.7050293243198114,1.6214210936084126,0.4572772325658417,-0.3314567606113678,-0.3401861128453889,0.0885948928266668,0.4892809231609249,1,Gentrificació residencial,1.9462263184832669,2.833075547207222,1.3326529910032323,Gentrificació intensa
2017,Barri,sant gervasi la bonanova,2.354035264851396,0.8590718551095319,25909,22907.0,5.0,1135.0,1862.0,,,,,6060.0,1.9708157519304683,1.3055705733367002,-0.3401861128453889,61,0.1300423911769794,-0.6185806364558712,1.876807196706188,0.8590718551095319,-0.2442691226394459,-0.3401861128453889,0.393097631229729,0.703872668447749,1,Gentrificació residencial,2.788103154095996,3.22650971572757,1.3326529910032323,Gentrificació intensa
2018,Barri,sant gervasi la bonanova,2.386042465300478,1.0934520515933512,25889,22931.0,0.0,1108.0,1850.0,,,,,5960.0,2.480731709586184,1.3532658847647778,-0.3412118625849507,61,0.1016553676791008,-0.6239455026245855,2.07334668655048,1.0934520515933512,-0.2611450674727423,-0.3412118625849507,0.5225861247951805,0.8295682354316106,1,Gentrificació residencial,3.2874586109933075,3.572091801696009,1.3326529910032323,Gentrificació intensa
2019,Barri,sant gervasi la bonanova,2.586541112956335,1.059969166381377,26108,22802.0,0.0,1294.0,2012.0,,,,,5770.0,2.610234175022556,1.3532658847647778,-0.3412118625849507,61,0.2919742427896001,-0.5502363537431461,2.183347057581223,1.059969166381377,-0.1291310554767729,-0.3412118625849507,0.6283173760809021,0.8789262835764352,1,Gentrificació residencial,3.4703111410116194,3.624094844368826,1.3326529910032323,Gentrificació intensa
2020,Barri,sant gervasi la bonanova,2.4346424695569056,0.8255889698975577,26245,22637.0,0.0,1339.0,2269.0,,,,,5920.0,1.505416266768506,1.782523687617481,-0.3412118625849507,61,0.332931066159835,-0.4267641395963683,1.9075274746476307,0.8255889698975577,-0.0469165367182666,-0.3412118625849507,0.5398953865391724,0.7423092535029131,1,Gentrificació residencial,2.9216726076157937,3.1208139422443923,1.3326529910032323,Gentrificació intensa
2021,Barri,sant gervasi la bonanova,2.119288994839839,0.7586231994736093,25984,22284.0,0.0,1283.0,2417.0,1152.0,14088.0,1941.0,4506.0,7450.0,-0.8624553746946615,1.2737736990513144,-0.3412118625849507,61,0.2867188580079057,-0.3404496319839446,0.8435357730654974,0.7586231994736093,-0.0268653869880194,-0.3412118625849507,0.371036601873231,0.407032241847138,1,Gentrificació residencial,1.5937798555062737,1.5939736871622885,1.3326529910032323,Gentrificació intensa
2022,Barri,sant gervasi la bonanova,,0.9930033959574286,25692,22077.0,0.0,1345.0,2270.0,1026.0,14120.0,1926.0,4435.0,5000.0,2.2743371552969656,1.7427775947607491,-0.3371088636267034,61,0.3703937786125531,-0.4017833524947753,2.008557375028857,0.9930033959574286,-0.015694786941111,-0.3371088636267034,0.6630934290165305,0.8299075011823229,1,Gentrificació residencial,3.2659524966684623,3.278307225668893,1.3326529910032323,Gentrificació intensa
2023,Barri,sant gervasi la bonanova,,1.6626611001969125,26135,21933.0,0.0,1465.0,2734.0,1005.0,14671.0,1954.0,4491.0,5240.0,1.2625991440753082,1.7348283761894034,0.3234739686511075,61,0.4745988862069892,-0.1880249763253952,1.4987137601323557,1.6626611001969125,0.143286954940797,0.3234739686511075,1.2426884711298936,1.0417646428171612,1,Gentrificació residencial,4.123895190336463,2.2011991559143147,1.3326529910032323,Gentrificació intensa
2024,Barri,sant gervasi la bonanova,,1.7631097558328348,26750,22010.0,0.0,1552.0,3186.0,,,,,5330.0,1.0723923979656365,2.346918206183072,0.3645039582335803,61,0.529838334315983,0.0025355632948337,1.709655302074354,1.7631097558328348,0.2661869488054084,0.3645039582335803,1.4334864904001177,1.1679676987799543,1,Gentrificació residencial,4.613945976637678,2.408645253321925,1.3326529910032323,Gentrificació intensa
2025,Barri,sant gervasi la bonanova,,2.1314214931645505,26836,22013.0,7.0,1606.0,3210.0,,,,,5250.0,1.100721062279843,1.798422124760174,,61,0.5812152749550491,0.0092763683961788,1.4495715935200084,2.1314214931645505,0.295245821675614,1.0092936587501425e-17,1.493470080632433,1.1333470903404903,1,Gentrificació residencial,4.457614782321263,2.335564357418812,1.3326529910032323,Gentrificació intensa
2000,Barri,sant marti de provencals,,,27183,26881.0,0.0,60.0,241.0,,,,,,,,,62,-1.0402388035883006,-1.446997287950609,0.0033723453127869,3.6921966638804284e-16,-1.2436180457694548,1.0092936587501425e-17,-1.0030852554144725,-0.2477119055600547,0,Intermedi,-0.8684897611944447,0.891457193810429,0.4059945825355893,Estable
2001,Barri,sant marti de provencals,,,26974,26487.0,0.0,71.0,414.0,0.0,0.0,0.0,0.0,,,,,62,-1.028285525006254,-1.3617602331313057,0.0033723453127869,3.6921966638804284e-16,-1.1950228790687798,1.0092936587501425e-17,-0.9638890605959132,-0.2379928722199197,0,Intermedi,-0.8345529709824945,0.8566229365502505,0.4059945825355893,Estable
2002,Barri,sant marti de provencals,,,26970,26132.0,6.0,107.0,725.0,,,,,,,,,62,-0.9907237252843584,-1.210102009051601,0.0033723453127869,3.6921966638804284e-16,-1.1004128671679796,1.0092936587501425e-17,-0.88757792288356,-0.2190708698397597,0,Intermedi,-0.7684813769574252,0.7888040624173368,0.4059945825355893,Estable
2003,Barri,sant marti de provencals,,,26930,25695.0,7.0,134.0,1094.0,,,,,,,,,62,-0.9623530035568624,-1.0294035243666166,0.0033723453127869,3.6921966638804284e-16,-0.9958782639617394,1.0092936587501425e-17,-0.803261745972582,-0.1981639491985116,0,Intermedi,-0.6954788719809302,0.713870987630163,0.4059945825355893,Estable
2004,Barri,sant marti de provencals,,,26769,25218.0,6.0,171.0,1374.0,,,,,,,,,62,-0.9226274193199128,-0.888651524655142,0.0033723453127869,3.6921966638804284e-16,-0.9056394719875274,1.0092936587501425e-17,-0.7304763742873868,-0.1801161908036692,0,Intermedi,-0.6324599513736239,0.6491855156399253,0.4059945825355893,Estable
2005,Barri,sant marti de provencals,,,26584,24710.0,0.0,221.0,1649.0,,,,,,,,,62,-0.8684656456962937,-0.7479314176392694,0.0033723453127869,3.6921966638804284e-16,-0.8081985316677816,1.0092936587501425e-17,-0.6518818485477867,-0.1606280027397201,0,Intermedi,-0.5644113577746964,0.5793373596766166,0.4059945825355893,Estable
2006,Barri,sant marti de provencals,,,26436,24183.0,0.0,281.0,1968.0,,,,,,,,,62,-0.8033074663131814,-0.5846947539560794,0.0033723453127869,3.6921966638804284e-16,-0.6940011101346304,1.0092936587501425e-17,-0.55977177493159,-0.1377885184330898,0,Intermedi,-0.4846607529215934,0.4974777297953677,0.4059945825355893,Estable
2007,Barri,sant marti de provencals,,,26121,23815.0,0.0,432.0,1870.0,,,,,,,,,62,-0.6370773061831236,-0.6222231129947063,0.0033723453127869,3.6921966638804284e-16,-0.6296502095889149,1.0092936587501425e-17,-0.5078672213352227,-0.1249183383239467,0,Intermedi,-0.4397208307021336,0.4513493599033372,0.4059945825355893,Estable
2008,Barri,sant marti de provencals,,,26174,23522.0,0.0,546.0,2104.0,,,,,,,,,62,-0.5154921830740788,-0.5065727923514499,0.0033723453127869,3.6921966638804284e-16,-0.5110324877127643,1.0092936587501425e-17,-0.4121917941012897,-0.1011947939487166,0,Intermedi,-0.3568832767633699,0.3663211457827598,0.4059945825355893,Estable
2009,Barri,sant marti de provencals,,,26287,23413.0,0.0,573.0,2301.0,,,,,,,,,62,-0.4891199786540322,-0.412573485956534,0.0033723453127869,3.6921966638804284e-16,-0.450846732305283,1.0092936587501425e-17,-0.363646789434786,-0.0891576428672204,0,Intermedi,-0.3148521141254802,0.3231784583592126,0.4059945825355893,Estable
2010,Barri,sant marti de provencals,,,26154,23355.0,0.0,569.0,2230.0,,,,,,,,,62,-0.4903041163788518,-0.4424164538392311,0.0033723453127869,3.6921966638804284e-16,-0.4663602851090415,1.0092936587501425e-17,-0.3761598083070039,-0.092260353427972,0,Intermedi,-0.3256861172308928,0.3342989694321375,0.4059945825355893,Estable
2011,Barri,sant marti de provencals,,,26154,23248.0,0.0,549.0,2357.0,0.0,0.0,0.0,0.0,1926.0,,,,62,-0.5118165586694164,-0.3785656451169092,0.0033723453127869,3.6921966638804284e-16,-0.4451911018931628,1.0092936587501425e-17,-0.3590850355299033,-0.0880265167847963,0,Intermedi,-0.3109024632477564,0.3191243579595211,0.4059945825355893,Estable
2012,Barri,sant marti de provencals,,,26126,23213.0,0.0,541.0,2371.0,,,,,2096.0,,,,62,-0.5197978839056732,-0.3702494190594902,0.0033723453127869,3.6921966638804284e-16,-0.4450236514825817,1.0092936587501425e-17,-0.3589499723258605,-0.0879930267026801,0,Intermedi,-0.3107855230283762,0.3190043252262982,0.4059945825355893,Estable
2013,Barri,sant marti de provencals,,,26001,23088.0,0.0,571.0,2341.0,,,,,2147.0,,,,62,-0.4845387967376369,-0.3796841127981721,0.0033723453127869,3.6921966638804284e-16,-0.4321114547679044,1.0092936587501425e-17,-0.3485351715889589,-0.0854105873597446,0,Intermedi,-0.3017681959805949,0.3097485326713803,0.4059945825355893,Estable
2014,Barri,sant marti de provencals,,-1.3173156836687898,25917,23074.0,0.0,590.0,2252.0,,,,,206.0,0.1901568521803511,0.2721721590616748,-0.3648041065948725,62,-0.4619127475683692,-0.421002005095694,0.2311645056210129,-1.3173156836687898,-0.4414573763320316,-0.3648041065948725,-1.0791701053686733,-0.4870976499997139,2,Baixa gentrificació,-1.911816233046456,0.5445222872227821,0.4059945825355893,Estable
2015,Barri,sant marti de provencals,-0.2543279549541992,-1.149901257608919,25971,23267.0,0.0,598.0,2106.0,,,,,1909.0,0.1375464755968249,0.248324503347636,-0.3648041065948725,62,-0.4545787262653693,-0.4972982089381601,0.0438476746634205,-1.149901257608919,-0.4759384676017647,-0.3648041065948725,-1.051392964629196,-0.4999645897229769,2,Baixa gentrificació,-1.9589368981511344,0.3461288593472102,0.4059945825355893,Estable
2016,Barri,sant marti de provencals,-0.330668840644178,-0.9490039463370736,26031,23182.0,0.0,609.0,2239.0,,,,,173.0,0.2508611328536506,0.1290862247774407,-0.3586496081575016,62,-0.4441840135681897,-0.4325725805935043,0.0164261723289711,-0.9490039463370736,-0.4383782970808471,-0.3586496081575016,-0.924365459060988,-0.4391789132501005,2,Baixa gentrificació,-1.7210550225411838,0.3252307724566079,0.4059945825355893,Estable
2017,Barri,sant marti de provencals,-0.3473516356579626,-0.6476579794293061,26187,22943.0,0.0,669.0,2575.0,,,,,151.0,0.562476440309921,0.1370354433487866,-0.3586496081575016,62,-0.3836487101890383,-0.2705948982459594,0.1173867493335816,-0.6476579794293061,-0.3271218042174989,-0.3586496081575016,-0.6719410011960582,-0.2962356515037174,0,Intermedi,-1.1650715975709045,0.4600434041765142,0.4059945825355893,Estable
2018,Barri,sant marti de provencals,-0.3676500271603526,-0.446760668157461,26092,22794.0,0.0,690.0,2608.0,,,,,1443.0,0.6919789057462933,0.1370354433487866,-0.3586496081575016,62,-0.3583902687725254,-0.2492566219982134,0.1537881073115757,-0.446760668157461,-0.3038234453853694,-0.3586496081575016,-0.5491088358486669,-0.2203863789623398,0,Intermedi,-0.8666070328048958,0.5429212582053152,0.4059945825355893,Estable
2019,Barri,sant marti de provencals,-0.3826271331886161,-0.3128291273095643,26168,22567.0,0.0,792.0,2807.0,,,,,1312.0,0.6150868168934472,0.1449846619201336,-0.3586496081575016,62,-0.2508961513479937,-0.1530776492869954,0.1258147818749882,-0.3128291273095643,-0.2019869003174945,-0.3586496081575016,-0.4050761299647626,-0.168231605325372,0,Intermedi,-0.669333381094171,0.4628393511976141,0.4059945825355893,Estable
2020,Barri,sant marti de provencals,-0.3634922162840308,-0.3463120125215385,26168,22343.0,0.0,794.0,3028.0,,,,,1312.0,0.4410678789633221,0.1767815362055184,-0.3586496081575016,62,-0.2487460580444649,-0.0420266314716086,0.0847857329616032,-0.3463120125215385,-0.1453863447580367,-0.3586496081575016,-0.3817603666426427,-0.1792650744510882,0,Intermedi,-0.7183143014099093,0.3565013527559083,0.4059945825355893,Estable
2021,Barri,sant marti de provencals,-0.286282517895736,-0.446760668157461,26229,22206.0,0.0,801.0,3219.0,3795.0,8112.0,5256.0,5784.0,1695.0,0.7769648986889125,0.1211370062060937,-0.3596753578970634,62,-0.2432233947346916,0.050187755962877,0.2039397956664234,-0.446760668157461,-0.0965178193859072,-0.3596753578970634,-0.3750327763737128,-0.1640848972039054,0,Intermedi,-0.6631999916594544,0.4654824536524319,0.4059945825355893,Estable
2022,Barri,sant marti de provencals,,-0.245863356885616,25852,21898.0,0.0,824.0,3126.0,3496.0,8289.0,5188.0,5790.0,1187.0,0.9833594529781308,0.1926799733482113,-0.3596753578970634,62,-0.2056666781661017,0.026418195371748,0.588019713163171,-0.245863356885616,-0.0896242413971768,-0.3596753578970634,-0.2157355776581138,0.0127869870244184,0,Intermedi,0.0362631869524091,1.049075364868686,0.4059945825355893,Estable
2023,Barri,sant marti de provencals,,0.2228970360820225,26169,21702.0,5.0,897.0,3565.0,3368.0,8817.0,5140.0,5898.0,1173.0,0.3520349339758163,0.2403752847762889,-0.2304308907122743,62,-0.1380531024998985,0.2277438124147481,0.2962051093760526,0.2228970360820225,0.0448453549574247,-0.2304308907122743,0.1197430357405499,0.1186135364864526,0,Intermedi,0.4502758405119481,0.5754808150314847,0.4059945825355893,Estable
2024,Barri,sant marti de provencals,,0.4237943473538675,26575,21602.0,6.0,993.0,3974.0,,,,,1173.0,0.1051708592377318,0.1131877876347478,-0.2304308907122743,62,-0.0511610190980856,0.4027490814547556,0.1091793234362398,0.4237943473538675,0.1757940311783349,-0.2304308907122743,0.2974679670680987,0.1489647293302443,0,Intermedi,0.5588646409357189,0.2669767249690024,0.4059945825355893,Estable
2025,Barri,sant marti de provencals,,0.2563799212939966,26976,21565.0,5.0,1099.0,4307.0,,,,,1158.0,-0.0445663664230734,0.2006291919195572,,62,0.0437549431935063,0.5358378244351245,0.0780314127482418,0.2563799212939966,0.2897963838143154,1.0092936587501425e-17,0.3705505091579662,0.1582826769755346,0,Intermedi,0.5959694846541568,-0.0409883157100542,0.4059945825355893,Estable
2000,Barri,sant pere santa caterina i la ribera,,,19473,17224.0,0.0,382.0,1866.0,,,,,,,,,63,-0.5504738308529767,-0.3035501213834087,0.0033723453127869,3.6921966638804284e-16,-0.4270119761181927,1.0092936587501425e-17,-0.344422002066188,-0.0843906916298023,0,Intermedi,-0.2982069377552336,0.3060930960665218,1.5028362956400938,Gentrificació intensa
2001,Barri,sant pere santa caterina i la ribera,,,20008,16809.0,0.0,525.0,2670.0,0.0,0.0,0.0,0.0,,,,,63,-0.3641680699937375,0.1911459281335167,0.0033723453127869,3.6921966638804284e-16,-0.0865110709301103,1.0092936587501425e-17,-0.0697786430289516,-0.0162905105921858,0,Intermedi,-0.0604156393422869,0.0620133462900777,1.5028362956400938,Gentrificació intensa
2002,Barri,sant pere santa caterina i la ribera,,,21296,16546.0,14.0,776.0,3960.0,,,,,,,,,63,-0.0772442129988247,0.8815311245584387,0.0033723453127869,3.6921966638804284e-16,0.402143455779807,1.0092936587501425e-17,0.3243633947146234,0.0814403947497976,0,Intermedi,0.2808398246263946,-0.2882667052140491,1.5028362956400938,Gentrificació intensa
2003,Barri,sant pere santa caterina i la ribera,,,22337,16122.0,12.0,1064.0,5139.0,,,,,,,,,63,0.2376972229467348,1.461627037635484,0.0033723453127869,3.6921966638804284e-16,0.8496621302911094,1.0092936587501425e-17,0.6853258183880204,0.1709441296520581,0,Intermedi,0.5933677652417139,-0.6090595267035225,1.5028362956400938,Gentrificació intensa
2004,Barri,sant pere santa caterina i la ribera,,,22582,15730.0,9.0,1332.0,5511.0,,,,,,,,,63,0.5570232587687597,1.6454169645683363,0.0033723453127869,3.6921966638804284e-16,1.101220111668548,1.0092936587501425e-17,0.8882290352237107,0.2212557259275458,0,Intermedi,0.7690451220606015,-0.7893827159031429,1.5028362956400938,Gentrificació intensa
2005,Barri,sant pere santa caterina i la ribera,,,22843,15344.0,12.0,1629.0,5858.0,,,,,,,,,63,0.9038279150372582,1.808497146366886,0.0033723453127869,3.6921966638804284e-16,1.3561625307020722,1.0092936587501425e-17,1.093862093044129,0.2722442097342506,1,Gentrificació residencial,0.9470860256788542,-0.9721319564983536,1.5028362956400938,Gentrificació intensa
2006,Barri,sant pere santa caterina i la ribera,,,23240,15237.0,11.0,1964.0,6028.0,,,,,,,,,63,1.2750720647635967,1.8470796935792209,0.0033723453127869,3.6921966638804284e-16,1.5610758791714088,1.0092936587501425e-17,1.2591423888603768,0.3132268794281179,1,Gentrificació residencial,1.0901887618309152,-1.119019080902978,1.5028362956400938,Gentrificació intensa
2007,Barri,sant pere santa caterina i la ribera,,,22422,14922.0,15.0,2497.0,4988.0,,,,,,,,,63,2.0305344633873474,1.361605710145101,0.0033723453127869,3.6921966638804284e-16,1.6960700867662242,1.0092936587501425e-17,1.3680268648177338,0.340225720947081,1,Gentrificació residencial,1.184462954389865,-1.2157863784607086,1.5028362956400938,Gentrificació intensa
2008,Barri,sant pere santa caterina i la ribera,,,22644,14737.0,15.0,2925.0,4967.0,,,,,,,,,63,2.5315467711206048,1.320732872044642,0.0033723453127869,3.6921966638804284e-16,1.9261398215826235,1.0092936587501425e-17,1.5535979567591178,0.3862396679103608,1,Gentrificació residencial,1.3451338370040966,-1.3807062434287654,1.5028362956400938,Gentrificació intensa
2009,Barri,sant pere santa caterina i la ribera,,,23029,14588.0,9.0,3220.0,5212.0,,,,,,,,,63,2.8311621856365696,1.412404497467514,0.0033723453127869,3.6921966638804284e-16,2.121783341552042,1.0092936587501425e-17,1.711401336073454,0.4253683719042446,1,Gentrificació residencial,1.4817629206005405,-1.520948517889508,1.5028362956400938,Gentrificació intensa
2010,Barri,sant pere santa caterina i la ribera,,,22698,14476.0,6.0,3333.0,4883.0,,,,,,,,,63,3.028575291985861,1.2652086305059875,0.0033723453127869,3.6921966638804284e-16,2.1468919612459243,1.0092936587501425e-17,1.7316536042714117,0.430390095843021,1,Gentrificació residencial,1.4992977088709774,-1.5389470180953428,1.5028362956400938,Gentrificació intensa
2011,Barri,sant pere santa caterina i la ribera,,,22417,14377.0,0.0,3093.0,4943.0,0.0,0.0,0.0,0.0,2023.0,,,,63,2.779172975440879,1.3358622970091272,0.0033723453127869,3.6921966638804284e-16,2.057517636225003,1.0092936587501425e-17,1.659565499771739,0.4125152308388368,1,Gentrificació residencial,1.4368824950853742,-1.474881218107248,1.5028362956400938,Gentrificació intensa
2012,Barri,sant pere santa caterina i la ribera,,,22773,14305.0,0.0,3428.0,5037.0,,,,,2102.0,,,,63,3.1323255596298,1.3448127573769917,0.0033723453127869,3.6921966638804284e-16,2.238569158503396,1.0092936587501425e-17,1.8055991739256343,0.4487255352945153,1,Gentrificació residencial,1.56332115033194,-1.60466357574869,1.5028362956400938,Gentrificació intensa
2013,Barri,sant pere santa caterina i la ribera,,,22771,13986.0,5.0,3811.0,4969.0,,,,,209.0,,,,63,3.605864564388028,1.3058012142851756,0.0033723453127869,3.6921966638804284e-16,2.4558328893366017,1.0092936587501425e-17,1.9808411187305497,0.4921782814611565,1,Gentrificació residencial,1.7150488663693808,-1.7604037698253354,1.5028362956400938,Gentrificació intensa
2014,Barri,sant pere santa caterina i la ribera,,-0.5472093237933836,22368,13683.0,7.0,4008.0,4670.0,,,,,1956.0,2.6992671200100617,-0.0696442395062179,-0.1986326487858579,63,3.938454530093024,1.181728210112025,1.314811440251922,-0.5472093237933836,2.5600913701025245,-0.1986326487858579,1.9246063916004204,0.7025723792008949,1,Gentrificació residencial,2.5257111988907277,-9.166447787159048e-05,1.5028362956400938,Gentrificació intensa
2015,Barri,sant pere santa caterina i la ribera,-0.5794601008529997,-0.0449660456137709,22468,13644.0,12.0,4146.0,4666.0,,,,,1773.0,-0.8644788507171047,-0.4830036052162283,-0.1986326487858579,63,4.088806697849006,1.167168506028053,-0.6423141855954443,-0.0449660456137709,2.6279876019385293,-0.1986326487858579,1.9467126535154848,0.2796869212677697,1,Gentrificació residencial,0.8488933405173743,-2.680188801601634,1.5028362956400938,Gentrificació intensa
2016,Barri,sant pere santa caterina i la ribera,-0.5288853303241856,0.4237943473538675,22380,13513.0,8.0,4260.0,4599.0,,,,,1691.0,-0.7985135323854528,-0.4273590752168036,-0.2006841482649816,63,4.252517505332252,1.138540541934854,-0.5849193126421474,0.4237943473538675,2.695529023633553,-0.2006841482649816,2.239409009278833,0.4506314854872304,1,Gentrificació residencial,1.520117322013176,-2.5337216268018365,1.5028362956400938,Gentrificació intensa
2017,Barri,sant pere santa caterina i la ribera,-0.4341950903918552,0.9595205107454544,22923,13382.0,8.0,4493.0,5040.0,,,,,1466.0,-0.7450937653929491,-0.3558161080746872,-0.2006841482649816,63,4.411616679265724,1.3275021685081576,-0.5117016546198305,0.9595205107454544,2.869559423886941,-0.2006841482649816,2.6538101428468805,0.668120711962079,1,Gentrificació residencial,2.3658733747576397,-2.426472835490915,1.5028362956400938,Gentrificació intensa
2018,Barri,sant pere santa caterina i la ribera,-0.377919529259608,0.7251403142616352,22605,12999.0,0.0,4463.0,5139.0,,,,,1446.0,-0.7459031558019266,0.0495940390639772,-0.2017098980045434,63,4.451850318113801,1.4257608796707657,-0.3580762153325191,0.7251403142616352,2.938805598892284,-0.2017098980045434,2.616010146516975,0.6575383698562829,1,Gentrificació residencial,2.3167719215110263,-2.315877589435707,1.5028362956400938,Gentrificació intensa
2019,Barri,sant pere santa caterina i la ribera,-0.3887882272563143,0.7921060846855835,23170,12743.0,0.0,4990.0,5433.0,,,,,137.0,-1.2206106306671285,0.1370354433487866,-0.2109416456605997,63,4.956267923718432,1.519714369648452,-0.4907878048582186,0.7921060846855835,3.237991146683442,-0.2109416456605997,2.868582905294574,0.6958053841527779,1,Gentrificació residencial,2.440186411854482,-2.69515726014184,1.5028362956400938,Gentrificació intensa
2020,Barri,sant pere santa caterina i la ribera,-0.4623111267870117,0.5912087734137385,23241,12519.0,6.0,4985.0,5731.0,,,,,1379.0,2.7356896884140416,0.0654924762066701,-0.2109416456605997,63,4.931707028035432,1.6788969014401305,0.7796236792779,0.5912087734137385,3.3053019647377813,-0.2109416456605997,3.005629676540844,1.030121799622928,1,Gentrificació residencial,3.755286302801595,-1.0051575564442663,1.5028362956400938,Gentrificació intensa
2021,Barri,sant pere santa caterina i la ribera,-0.4080980150953703,0.2563799212939966,23009,12204.0,9.0,4454.0,6342.0,2241.0,10398.0,3078.0,4125.0,1988.0,-0.726073090781982,0.1052385690634019,-0.2109416456605997,63,4.3433242418921205,2.060766699208157,-0.3429775122713168,0.2563799212939966,3.2020454705501384,-0.2109416456605997,2.597152580327784,0.5722414876847117,1,Gentrificació residencial,1.9530707974178432,-2.5905473558234204,1.5028362956400938,Gentrificació intensa
2022,Barri,sant pere santa caterina i la ribera,,1.059969166381377,22418,12056.0,8.0,4498.0,5856.0,1993.0,10444.0,3021.0,3983.0,1178.0,-0.8260328062906818,0.1608830990628254,-0.2109416456605997,63,4.5421012783475545,1.8712517514034244,-0.3325748536139281,1.059969166381377,3.2066765148754897,-0.2109416456605997,2.997722252157291,0.8173652676732127,1,Gentrificació residencial,2.924688281691628,-2.3856937773220745,1.5028362956400938,Gentrificació intensa
2023,Barri,sant pere santa caterina i la ribera,,1.5287295593490156,22041,11764.0,0.0,4284.0,5989.0,1945.0,10893.0,2959.0,4066.0,1174.0,2.193398114399233,0.1131877876347478,1.3799962003997803,63,4.365509568026978,2.009348013032448,1.1532929510169905,1.5287295593490156,3.187428790529713,1.3799962003997803,3.894317991734788,1.7180917512957006,1,Gentrificació residencial,6.568408509095427,-1.1505707662492786,1.5028362956400938,Gentrificació intensa
2024,Barri,sant pere santa caterina i la ribera,,1.428280903713093,22473,11653.0,0.0,4479.0,6338.0,,,,,1239.0,1.384007705421907,0.1926799733482113,1.5954036457077625,63,4.504502894256949,2.144869884461279,0.7883438393850593,1.428280903713093,3.3246863893591136,1.5954036457077625,3.966960331508592,1.649005429942821,1,Gentrificació residencial,6.292808602018602,-1.9192507269309584,1.5028362956400938,Gentrificació intensa
2025,Barri,sant pere santa caterina i la ribera,,1.9305241818927057,22767,11667.0,9.0,4565.0,6526.0,,,,,1217.0,1.582308355621352,-0.4830036052162283,,63,4.538364483627181,2.2055618851899355,0.5496523752025618,1.9305241818927057,3.371963184408558,1.0092936587501425e-17,3.7476374939293007,1.4184456040102915,1,Gentrificació residencial,5.299667861022276,-1.1838872302488763,1.5028362956400938,Gentrificació intensa
2000,Barri,sants,,,37910,36867.0,6.0,182.0,855.0,,,,,,,,,64,-0.9672766135899008,-1.2670159424617446,0.0033723453127869,3.6921966638804284e-16,-1.1171462780258228,1.0092936587501425e-17,-0.9010748625278456,-0.2224175520113283,0,Intermedi,-0.7801672768599993,0.8007989989148853,1.0803393462564106,Gentrificació intensa
2001,Barri,sants,,,38159,36443.0,6.0,218.0,1492.0,0.0,0.0,0.0,0.0,,,,,64,-0.9416177524248168,-1.0494466872210635,0.0033723453127869,3.6921966638804284e-16,-0.9955322198229402,1.0092936587501425e-17,-0.8029826315173577,-0.1980947403707518,0,Intermedi,-0.6952372095247679,0.7136229343488859,1.0803393462564106,Gentrificació intensa
2002,Barri,sants,,,39069,36151.0,16.0,281.0,2621.0,,,,,,,,,64,-0.8999977021682796,-0.6814403632841729,0.0033723453127869,3.6921966638804284e-16,-0.7907190327262262,1.0092936587501425e-17,-0.6377831244902256,-0.157132102951409,0,Intermedi,-0.5522044218001084,0.5668076081756159,1.0803393462564106,Gentrificació intensa
2003,Barri,sants,,,39628,35556.0,18.0,395.0,3659.0,,,,,,,,,64,-0.8219235605974073,-0.3494578815091493,0.0033723453127869,3.6921966638804284e-16,-0.5856907210532784,1.0092936587501425e-17,-0.4724101009310427,-0.1161264406168194,0,Intermedi,-0.409021400253677,0.4198380752089487,1.0803393462564106,Gentrificació intensa
2004,Barri,sants,,,39530,34709.0,13.0,499.0,4309.0,,,,,,,,,64,-0.7472160094644063,-0.1302321660673262,0.0033723453127869,3.6921966638804284e-16,-0.4387240877658662,1.0092936587501425e-17,-0.35386883065115,-0.086733113959337,0,Intermedi,-0.3063861766160505,0.3144886369792218,1.0803393462564106,Gentrificació intensa
2005,Barri,sants,,,39805,34242.0,12.0,622.0,4929.0,,,,,,,,,64,-0.6627402713264234,0.0646770650804317,0.0033723453127869,3.6921966638804284e-16,-0.2990316031229958,1.0092936587501425e-17,-0.2411947888791215,-0.0587946170307629,0,Intermedi,-0.2088309079056476,0.2143534943767435,1.0803393462564106,Gentrificació intensa
2006,Barri,sants,,,40264,34011.0,14.0,755.0,5484.0,,,,,,,,,64,-0.5748265256470106,0.2273648852512236,0.0033723453127869,3.6921966638804284e-16,-0.1737308201978935,1.0092936587501425e-17,-0.1401288962832208,-0.0337344604457424,0,Intermedi,-0.1213261893867328,0.1245346913217027,1.0803393462564106,Gentrificació intensa
2007,Barri,sants,,,39799,33722.0,14.0,1156.0,4907.0,,,,,,,,,64,-0.2852174728819989,0.0576539273473785,0.0033723453127869,3.6921966638804284e-16,-0.1137817727673101,1.0092936587501425e-17,-0.0917748170236563,-0.0217446509596258,0,Intermedi,-0.0794603334963836,0.0815616822246769,1.0803393462564106,Gentrificació intensa
2008,Barri,sants,,,41029,33598.0,14.0,1524.0,5893.0,,,,,,,,,64,-0.0573918415606243,0.325051179706706,0.0033723453127869,3.6921966638804284e-16,0.1338296690730408,1.0092936587501425e-17,0.1079451751611617,0.0277776374084443,0,Intermedi,0.0934609285619224,-0.0959325265874665,1.0803393462564106,Gentrificació intensa
2009,Barri,sants,,,42207,33623.0,8.0,1735.0,6841.0,,,,,,,,,64,0.0540795585243208,0.56768108910254,0.0033723453127869,3.6921966638804284e-16,0.3108803238134304,1.0092936587501425e-17,0.2507518044439332,0.0631877683565222,0,Intermedi,0.2171055486909767,-0.2228469601421131,1.0803393462564106,Gentrificació intensa
2010,Barri,sants,,,42111,33631.0,0.0,1805.0,6671.0,,,,,,,,,64,0.1034786008175623,0.519456851892521,0.0033723453127869,3.6921966638804284e-16,0.3114677263550416,1.0092936587501425e-17,0.2512255952758431,0.0633052488648445,0,Intermedi,0.2175157655536416,-0.2232680252940407,1.0803393462564106,Gentrificació intensa
2011,Barri,sants,,,41932,33717.0,0.0,1648.0,6563.0,0.0,0.0,0.0,0.0,2505.0,,,,64,0.0032960297829268,0.4944817620458813,0.0033723453127869,3.6921966638804284e-16,0.2488888959144041,1.0092936587501425e-17,0.200750369116474,0.050789482776717,0,Intermedi,0.1738133814574138,-0.1784099205356515,1.0803393462564106,Gentrificació intensa
2012,Barri,sants,,,41609,33811.0,0.0,1662.0,6134.0,,,,,2684.0,,,,64,0.021344137157299,0.3748856859983193,0.0033723453127869,3.6921966638804284e-16,0.1981149115778092,1.0092936587501425e-17,0.1597967698824167,0.040634685909398,0,Intermedi,0.1383549980080998,-0.1420138311179635,1.0803393462564106,Gentrificació intensa
2013,Barri,sants,,,41061,33648.0,0.0,1763.0,5647.0,,,,,2667.0,,,,64,0.1055381174508525,0.2448010585025971,0.0033723453127869,3.6921966638804284e-16,0.1751695879767248,1.0092936587501425e-17,0.141289386636204,0.0360456211891811,0,Intermedi,0.1223309633918239,-0.1255660368309008,1.0803393462564106,Gentrificació intensa
2014,Barri,sants,,-0.9155210611250996,40849,33798.0,0.0,1735.0,5315.0,,,,,2564.0,-1.2250622779165037,-0.3637653266460331,-0.1801691534737452,64,0.0925237894640917,0.147315852780355,-0.7944138022812683,-0.9155210611250996,0.1199198211222234,-0.1801691534737452,-0.520850169714189,-0.5250303254922147,2,Baixa gentrificació,-2.10327066831941,-1.317305683518126,1.0803393462564106,Gentrificació intensa
2015,Barri,sants,0.1606112578561947,-0.614175094217332,40703,34168.0,6.0,1733.0,4796.0,,,,,2389.0,-0.8426253096747169,-0.5704450095010383,-0.1801691534737452,64,0.0954273951990166,-0.0142119863724781,-0.4174863537731868,-0.614175094217332,0.0406077044132692,-0.1801691534737452,-0.3826892467588771,-0.3374107242092508,2,Baixa gentrificació,-1.3529896011841989,-0.6577842210930739,1.0803393462564106,Gentrificació intensa
2016,Barri,sants,0.116293348867834,-0.3128291273095643,40831,34228.0,5.0,1777.0,4821.0,,,,,2093.0,-1.2274904491434355,-0.4909528237875742,-0.1227271680582834,64,0.1219877726362837,-0.0110180289061153,-0.5340499746877252,-0.3128291273095643,0.0554848718650842,-0.1227271680582834,-0.2221581151102867,-0.2675121898378267,0,Intermedi,-1.0740997814285316,-0.795225828534936,1.0803393462564106,Gentrificació intensa
2017,Barri,sants,0.0927817713533748,0.1224483804460999,41244,34239.0,5.0,1960.0,5040.0,,,,,1836.0,-0.7086711969889695,-0.4989020423589212,-0.1227271680582834,64,0.2345490829637478,0.0432559980921388,-0.3715971559981719,0.1224483804460999,0.1389025405279433,-0.1227271680582834,0.0824928137197649,-0.0715095581716896,0,Intermedi,-0.3052684321832595,-0.5217211129639524,1.0803393462564106,Gentrificació intensa
2018,Barri,sants,0.1269758095501347,0.0889654952341257,41370,33991.0,0.0,2064.0,5312.0,,,,,1733.0,-1.2104932505549115,-0.3478668895033401,-0.1227271680582834,64,0.3011979156075591,0.1248159118242581,-0.4771281101693723,0.0889654952341257,0.2130069137159086,-0.1227271680582834,0.1107070637394823,-0.0983928353490489,0,Intermedi,-0.4185447740748277,-0.7313181690992243,1.0803393462564106,Gentrificació intensa
2019,Barri,sants,0.0903032078773717,0.323345691717945,42310,33669.0,0.0,2338.0,6301.0,,,,,1652.0,-0.6888411319690251,-0.3081207966466084,-0.1227271680582834,64,0.4521976731211486,0.3946697078037655,-0.3022195735794206,0.323345691717945,0.423433690462457,-0.1227271680582834,0.4207453607370123,0.066479139922392,0,Intermedi,0.2147500320644966,-0.5797256802672901,1.0803393462564106,Gentrificació intensa
2020,Barri,sants,0.1338478342496566,0.3568285769299192,43763,33449.0,0.0,2509.0,7802.0,,,,,166.0,-0.7904196282956795,-0.3558161080746872,-0.1227271680582834,64,0.51050739003434,0.7806506622375713,-0.3374626340402367,0.3568285769299192,0.6455790261359556,-0.1227271680582834,0.6113599330110446,0.1103801544824392,0,Intermedi,0.3679127178443235,-0.7804646906099103,1.0803393462564106,Gentrificació intensa
2021,Barri,sants,0.1806938960382393,0.0889654952341257,43679,33058.0,0.0,2465.0,8153.0,5133.0,17700.0,6540.0,8685.0,22.0,-0.6342072793630555,-0.3478668895033401,-0.1237529177978452,64,0.4852705138846194,0.8908248852238345,-0.2671267576093855,0.0889654952341257,0.688047699554227,-0.1237529177978452,0.5235834177158376,0.0594105776386984,0,Intermedi,0.161468541752424,-0.7758727455172575,1.0803393462564106,Gentrificació intensa
2022,Barri,sants,,0.4572772325658417,43029,32781.0,0.0,2564.0,7681.0,3886.0,17323.0,5886.0,7964.0,1475.0,-0.7127181490338561,-0.2524762666471837,-0.124778667537407,64,0.5739779578476049,0.7836626779298195,-0.4825972078405199,0.4572772325658417,0.6788203178887122,-0.124778667537407,0.6662399862157722,0.1032123374878575,0,Intermedi,0.33673379896135,-0.9829438417214122,1.0803393462564106,Gentrificació intensa
2023,Barri,sants,,0.9930033959574286,44508,32879.0,11.0,2510.0,9108.0,4757.0,19016.0,6733.0,9124.0,1506.0,-0.8584084226497748,-0.2922223595039155,2.067248525906199,64,0.4841428186324898,1.1272504692562848,-0.5753153910768452,0.9930033959574286,0.8056966439443873,2.067248525906199,1.665241608892233,0.6998954354342923,1,Gentrificació residencial,2.794535578044691,-2.42719654483035,1.0803393462564106,Gentrificació intensa
2024,Barri,sants,,1.059969166381377,47063,33233.0,17.0,2661.0,11152.0,,,,,1562.0,2.4766847575412974,-0.3399176709319942,2.139051007675526,64,0.4882747049836474,1.5522551077109314,1.0683835433046516,1.059969166381377,1.0202649063472895,2.139051007675526,2.127376166831916,1.2703689957103717,1,Gentrificació residencial,5.034321045181998,-0.2975540451970386,1.0803393462564106,Gentrificació intensa
2025,Barri,sants,,1.1939007072292738,47239,33338.0,16.0,2816.0,11069.0,,,,,152.0,2.411933524823111,-0.4750543866448824,,64,0.5746542906612753,1.5175428228343844,0.9684395690891144,1.1939007072292738,1.0460985567478298,1.0092936587501425e-17,1.5690863384734937,0.8579217942450824,1,Gentrificació residencial,3.29582291718298,0.8948959822118511,1.0803393462564106,Gentrificació intensa
2000,Barri,sants badal,,,23444,22790.0,0.0,84.0,569.0,,,,,,,,,65,-1.0015366080847783,-1.2444362399392952,0.0033723453127869,3.6921966638804284e-16,-1.1229864240120369,1.0092936587501425e-17,-0.905785444163556,-0.2235855812085711,0,Intermedi,-0.7842457855388996,0.8049853647930776,0.6408188065708357,Gentrificació moderada
2001,Barri,sants badal,,,23474,22325.0,0.0,104.0,1043.0,0.0,0.0,0.0,0.0,,,,,65,-0.977696933511906,-0.9793272815242868,0.0033723453127869,3.6921966638804284e-16,-0.9785121075180964,1.0092936587501425e-17,-0.7892544424189727,-0.1946907179097831,0,Intermedi,-0.6833510895690298,0.701422482927946,0.6408188065708357,Gentrificació moderada
2002,Barri,sants badal,,,24103,22214.0,11.0,135.0,1743.0,,,,,,,,,65,-0.9447678252743656,-0.612693314731527,0.0033723453127869,3.6921966638804284e-16,-0.7787305700029463,1.0092936587501425e-17,-0.6281133949187415,-0.154734410406753,0,Intermedi,-0.5438321911437192,0.5582139717502266,0.6408188065708357,Gentrificació moderada
2003,Barri,sants badal,,,24351,21758.0,20.0,191.0,2382.0,,,,,,,,,65,-0.8816777765761776,-0.2773252292964178,0.0033723453127869,3.6921966638804284e-16,-0.5795015029362978,1.0092936587501425e-17,-0.4674179625033262,-0.1148885969934233,0,Intermedi,-0.4046991144982697,0.4154014855074617,0.6408188065708357,Gentrificació moderada
2004,Barri,sants badal,,,24313,21258.0,15.0,242.0,2798.0,,,,,,,,,65,-0.8223223797833188,-0.0503288383531739,0.0033723453127869,3.6921966638804284e-16,-0.4363256090682463,1.0092936587501425e-17,-0.3519342506366572,-0.086253418219813,0,Intermedi,-0.3047111814690983,0.3127693461596105,0.6408188065708357,Gentrificació moderada
2005,Barri,sants badal,,,24264,20892.0,18.0,305.0,3049.0,,,,,,,,,65,-0.7487143500017188,0.0887500231669815,0.0033723453127869,3.6921966638804284e-16,-0.3299821634173686,1.0092936587501425e-17,-0.2661590862240455,-0.0649847290896375,0,Intermedi,-0.2304454581369952,0.2365396468861426,0.6408188065708357,Gentrificació moderada
2006,Barri,sants badal,,,24545,20757.0,17.0,372.0,3399.0,,,,,,,,,65,-0.6759718312050554,0.2573355546842725,0.0033723453127869,3.6921966638804284e-16,-0.2093181382603914,1.0092936587501425e-17,-0.1688331388355635,-0.040851924058242,0,Intermedi,-0.1461788533302883,0.150044590283972,0.6408188065708357,Gentrificació moderada
2007,Barri,sants badal,,,24121,20435.0,9.0,624.0,3053.0,,,,,,,,,65,-0.3745748735670673,0.1007262946968589,0.0033723453127869,3.6921966638804284e-16,-0.1369242894351041,1.0092936587501425e-17,-0.1104412534923269,-0.0263731542931846,0,Intermedi,-0.0956220793335591,0.0981508295408998,0.6408188065708357,Gentrificació moderada
2008,Barri,sants badal,,,24270,20271.0,12.0,738.0,3249.0,,,,,,,,,65,-0.2469031968619346,0.1966995469264387,0.0033723453127869,3.6921966638804284e-16,-0.0251018249677479,1.0092936587501425e-17,-0.0202467876650694,-0.0040086613997133,0,Intermedi,-0.0175300431237273,0.0179936295725137,0.6408188065708357,Gentrificació moderada
2009,Barri,sants badal,,,24269,20099.0,0.0,806.0,3360.0,,,,,,,,,65,-0.1680446018159113,0.2569132522796169,0.0033723453127869,3.6921966638804284e-16,0.0444343252318527,1.0092936587501425e-17,0.0358401171694042,0.0098985686402067,0,Intermedi,0.0310310361294017,-0.0318516597719029,0.6408188065708357,Gentrificació moderada
2010,Barri,sants badal,,,24350,20168.0,0.0,806.0,3372.0,,,,,,,,,65,-0.1711525019520958,0.2573375347577575,0.0033723453127869,3.6921966638804284e-16,0.0430925164028308,1.0092936587501425e-17,0.0347578325752271,0.0096302068744023,0,Intermedi,0.03009397411631,-0.030889816915554,0.6408188065708357,Gentrificació moderada
2011,Barri,sants badal,,,24340,20140.0,0.0,707.0,3491.0,0.0,0.0,0.0,0.0,1323.0,,,,65,-0.2851927012773972,0.322373246915424,0.0033723453127869,3.6921966638804284e-16,0.0185902728190134,1.0092936587501425e-17,0.0149946590292094,0.0047297581576388,0,Intermedi,0.0129826530388876,-0.0133259826003524,0.6408188065708357,Gentrificació moderada
2012,Barri,sants badal,,,24590,20096.0,0.0,747.0,3746.0,,,,,1421.0,,,,65,-0.2477389504938326,0.4395578729639949,0.0033723453127869,3.6921966638804284e-16,0.0959094612350811,1.0092936587501425e-17,0.0773592557191717,0.0201935958408524,0,Intermedi,0.0669790739750853,-0.0687503526210053,0.6408188065708357,Gentrificació moderada
2013,Barri,sants badal,,,24355,20015.0,0.0,770.0,3568.0,,,,,1425.0,,,,65,-0.2129263246246204,0.3627839462722854,0.0033723453127869,3.6921966638804284e-16,0.0749288108238325,1.0092936587501425e-17,0.0604365509159394,0.0159974657586027,0,Intermedi,0.0523270832554625,-0.0537108862803918,0.6408188065708357,Gentrificació moderada
2014,Barri,sants badal,,-0.982486831549048,24125,19979.0,0.0,759.0,3384.0,,,,,1384.0,1.4204302738258867,-0.6022418837864235,-0.2817183776903652,65,-0.2172739503400733,0.2808607079017231,0.4090941950197316,-0.982486831549048,0.0317933787808248,-0.2817183776903652,-0.4827922184119432,-0.2220027907407029,0,Intermedi,-0.9020751240025948,0.4849141601949137,0.6408188065708357,Gentrificació moderada
2015,Barri,sants badal,-0.129599682504164,-0.7146237498532545,24016,20180.0,0.0,732.0,3100.0,,,,,1283.0,1.2909278083895146,-0.7214801623566188,-0.2817183776903652,65,-0.2448841982534496,0.1337362158472826,0.1466159878429105,-0.7146237498532545,-0.0555739912030835,-0.2817183776903652,-0.4589975102160133,-0.2378608023817929,0,Intermedi,-0.9557887794903464,0.2429211492571023,0.6408188065708357,Gentrificació moderada
2016,Barri,sants badal,-0.2371210540808807,-0.3797948977335127,23935,20040.0,0.0,764.0,3128.0,,,,,1127.0,1.1897540072673487,-0.6340387580718089,-0.2653063818573761,65,-0.2043714919207763,0.1548626483373892,0.1061980650382197,-0.3797948977335127,-0.0247544217916935,-0.2653063818573761,-0.2703487666931483,-0.1400912105384018,0,Intermedi,-0.5700728708356573,0.2345083655586139,0.6408188065708357,Gentrificació moderada
2017,Barri,sants badal,-0.2650040531512569,0.0889654952341257,24047,19928.0,0.0,818.0,3299.0,,,,,9650.0,1.3597259931525874,-0.769175473784697,-0.2653063818573761,65,-0.1453809058914132,0.2403641929963197,0.1085154887388778,0.0889654952341257,0.0474916435524532,-0.2653063818573761,0.0188744783685036,0.0156813475309164,0,Intermedi,0.0408213819400909,0.298880016812344,0.6408188065708357,Gentrificació moderada
2018,Barri,sants badal,-0.2283723028615635,0.0554826100221515,24018,19787.0,0.0,864.0,3365.0,,,,,8900.0,1.8858297589878488,-0.6181403209291165,-0.2653063818573761,65,-0.0903465412627575,0.2786756432372893,0.346439045065723,0.0554826100221515,0.0941645509872659,-0.2653063818573761,0.0740560066734563,0.0863481303523403,0,Intermedi,0.3158320506208176,0.5919617609556491,0.6408188065708357,Gentrificació moderada
2019,Barri,sants badal,-0.2758470422440995,0.323345691717945,24474,19806.0,0.0,963.0,3703.0,,,,,8860.0,1.7846559578656835,-0.6022418837864235,-0.2653063818573761,65,0.0045943914403918,0.4259493926727911,0.3021890106117201,0.323345691717945,0.2152718920565915,-0.2653063818573761,0.2971969232142988,0.1776535127387426,0,Intermedi,0.6665947876102185,0.5074326532002592,0.6408188065708357,Gentrificació moderada
2020,Barri,sants badal,-0.2481576562993576,0.323345691717945,24938,19714.0,0.0,1060.0,4161.0,,,,,8570.0,1.2625991440753082,-0.6101911023577701,-0.2653063818573761,65,0.0934215732580841,0.6304250542352895,0.1347501284727268,0.323345691717945,0.3619233137466868,-0.2653063818573761,0.3915503637569321,0.1567521324350637,0,Intermedi,0.5703752388166687,0.1668324825921482,0.6408188065708357,Gentrificació moderada
2021,Barri,sants badal,-0.1517895176366346,0.1224483804460999,24903,19615.0,0.0,1022.0,4263.0,3171.0,9117.0,4260.0,5232.0,1142.0,2.2986188675662858,-0.6499371952145018,-0.2683836310760616,65,0.0521752263834107,0.6873665065534891,0.4989640515717164,0.1224483804460999,0.3697708664684499,-0.2683836310760616,0.3501963275724909,0.2067011766838225,0,Intermedi,0.76633046798354,0.6269292838194949,0.6408188065708357,Gentrificació moderada
2022,Barri,sants badal,,0.5242430029897901,24208,19191.0,0.0,1021.0,3994.0,2865.0,9063.0,4182.0,5186.0,7640.0,1.5296979790378258,-0.6499371952145018,-0.2745381295134325,65,0.0841585156157786,0.6058752018931258,0.439880391911662,0.5242430029897901,0.3450168587544522,-0.2745381295134325,0.5176436565209104,0.3033327643186395,1,Gentrificació residencial,1.151801743140892,0.6621491955623257,0.6408188065708357,Gentrificació moderada
2023,Barri,sants badal,,0.9595205107454544,24366,19081.0,0.0,948.0,4336.0,2771.0,9551.0,4090.0,5359.0,7910.0,0.760777090509366,-0.4353082937881506,0.620941393124035,65,-0.007817540872015,0.7763696727750128,0.1627343983606076,0.9595205107454544,0.3842760659514989,0.620941393124035,0.9878870237040605,0.5377199645469254,1,Gentrificació residencial,2.120710864984887,-0.2032092580751943,0.6408188065708357,Gentrificació moderada
2024,Barri,sants badal,,1.059969166381377,24931,19211.0,0.0,1014.0,4704.0,,,,,7960.0,0.6757910975667467,-0.6578864137858482,0.6414563879152713,65,0.0418515009254275,0.9174331073575132,0.0089523418904492,1.059969166381377,0.4796423041414704,0.6414563879152713,1.0982942211950244,0.5448961908928962,1,Gentrificació residencial,2.141620008717336,-0.4763004527260687,0.6408188065708357,Gentrificació moderada
2025,Barri,sants badal,,1.0264862811694029,25338,19241.0,8.0,1088.0,5001.0,,,,,7650.0,0.68388500165652,-0.7135309437852724,,65,0.1056320520967059,1.03171027121086,-0.0148229710643761,1.0264862811694029,0.5686711616537831,1.0092936587501425e-17,0.9610891246589548,0.4172332253622646,1,Gentrificació residencial,1.5967769808426495,-0.1859988987499525,0.6408188065708357,Gentrificació moderada
2000,Barri,sarria,,,21556,20612.0,0.0,476.0,467.0,,,,,,,,,66,-0.481125700543524,-1.2787044929100848,0.0033723453127869,3.6921966638804284e-16,-0.8799150967268045,1.0092936587501425e-17,-0.7097274460963242,-0.1749713157515247,0,Intermedi,-0.6144951456979083,0.6307456261091635,1.3258996896757622,Gentrificació intensa
2001,Barri,sarria,,,21630,20494.0,0.0,541.0,591.0,0.0,0.0,0.0,0.0,,,,,66,-0.3987124317782443,-1.204297382306207,0.0033723453127869,3.6921966638804284e-16,-0.8015049070422258,1.0092936587501425e-17,-0.6464828627498442,-0.1592892778146089,0,Intermedi,-0.5597368160435353,0.5745391985005086,1.3258996896757622,Gentrificació intensa
2002,Barri,sarria,,,22406,20828.0,22.0,659.0,897.0,,,,,,,,,66,-0.2749266059168455,-1.0371605279732157,0.0033723453127869,3.6921966638804284e-16,-0.6560435669450305,1.0092936587501425e-17,-0.5291557413071439,-0.1301970097951699,0,Intermedi,-0.4581528249187743,0.4702687928948076,1.3258996896757622,Gentrificació intensa
2003,Barri,sarria,,,22851,20832.0,21.0,775.0,1223.0,,,,,,,,,66,-0.1482321364754044,-0.8598204256790376,0.0033723453127869,3.6921966638804284e-16,-0.504026281077221,1.0092936587501425e-17,-0.4065406839421795,-0.099793552621608,0,Intermedi,-0.351990441098528,0.3612989178343763,1.3258996896757622,Gentrificació intensa
2004,Barri,sarria,,,23062,20695.0,8.0,920.0,1439.0,,,,,,,,,66,0.0199145424935091,-0.7431026944652075,0.0033723453127869,3.6921966638804284e-16,-0.3615940759858491,1.0092936587501425e-17,-0.2916568212406478,-0.0713071116033336,0,Intermedi,-0.2525218685677497,0.2591998736053861,1.3258996896757622,Gentrificació intensa
2005,Barri,sarria,,,23379,20715.0,7.0,1024.0,1633.0,,,,,,,,,66,0.1298404101073628,-0.6451146157485439,0.0033723453127869,3.6921966638804284e-16,-0.2576371028205905,1.0092936587501425e-17,-0.2078065527966337,-0.0505157169702819,0,Intermedi,-0.1799227557566043,0.1846808587919684,1.3258996896757622,Gentrificació intensa
2006,Barri,sarria,,,23330,20546.0,5.0,1081.0,1698.0,,,,,,,,,66,0.2011601823587626,-0.6065502987279253,0.0033723453127869,3.6921966638804284e-16,-0.2026950581845813,1.0092936587501425e-17,-0.1634910533036959,-0.03952730804308,0,Intermedi,-0.1415535769015815,0.145296997243771,1.3258996896757622,Gentrificació intensa
2007,Barri,sarria,,,23117,20504.0,0.0,1278.0,1333.0,,,,,,,,,66,0.452906203181956,-0.8053489187352839,0.0033723453127869,3.6921966638804284e-16,-0.1762213577766639,1.0092936587501425e-17,-0.14213772972836,-0.0342325679614965,0,Intermedi,-0.1230654745268851,0.1263199722997351,1.3258996896757622,Gentrificació intensa
2008,Barri,sarria,,,23371,20607.0,0.0,1414.0,1347.0,,,,,,,,,66,0.5997076598438772,-0.8057126317915247,0.0033723453127869,3.6921966638804284e-16,-0.1030024859738237,1.0092936587501425e-17,-0.0830803921693272,-0.0195887936009285,0,Intermedi,-0.0719325396975013,0.073834814004255,1.3258996896757622,Gentrificació intensa
2009,Barri,sarria,,,23615,20686.0,0.0,1512.0,1414.0,,,,,,,,,66,0.6988658428410995,-0.7762364242699217,0.0033723453127869,3.6921966638804284e-16,-0.038685290714411,1.0092936587501425e-17,-0.031203024794513,-0.006725354549046,0,Intermedi,-0.0270161558113358,0.0277306049227292,1.3258996896757622,Gentrificació intensa
2010,Barri,sarria,,,23763,20969.0,5.0,1466.0,1323.0,,,,,,,,,66,0.6331905830040299,-0.8314949166515297,0.0033723453127869,3.6921966638804284e-16,-0.0991521668237499,1.0092936587501425e-17,-0.0799747775626418,-0.0188187297709137,0,Intermedi,-0.0692436411481874,0.0710748068489426,1.3258996896757622,Gentrificació intensa
2011,Barri,sarria,,,23920,21225.0,5.0,1367.0,1323.0,0.0,0.0,0.0,0.0,6600.0,,,,66,0.5053675279992627,-0.8362999660194219,0.0033723453127869,3.6921966638804284e-16,-0.1654662190100796,1.0092936587501425e-17,-0.1334627823412607,-0.0320815402081797,0,Intermedi,-0.115554544679269,0.1186104140020595,1.3258996896757622,Gentrificació intensa
2012,Barri,sarria,,,24280,21419.0,0.0,1476.0,1381.0,,,,,7230.0,,,,66,0.6078220683399298,-0.8156724251538745,0.0033723453127869,3.6921966638804284e-16,-0.1039251784069723,1.0092936587501425e-17,-0.0838246232281497,-0.0197733320875582,0,Intermedi,-0.0725769087090697,0.0744962235182154,1.3258996896757622,Gentrificació intensa
2013,Barri,sarria,,,24510,21498.0,8.0,1620.0,1384.0,,,,,7280.0,,,,66,0.7570528518646893,-0.8210812445390547,0.0033723453127869,3.6921966638804284e-16,-0.0320141963371827,1.0092936587501425e-17,-0.0258222115857951,-0.0053911356736003,0,Intermedi,-0.0223573482439368,0.0229485940043456,1.3258996896757622,Gentrificació intensa
2014,Barri,sarria,,0.2563799212939966,24531,21567.0,0.0,1638.0,1322.0,,,,,6740.0,0.8133874670928922,1.0035002676255391,-0.350443610241007,66,0.7761032643680962,-0.8549504531148446,0.9084438673592156,0.2563799212939966,-0.0394235943733742,-0.350443610241007,0.1203709966925773,0.2714736956730874,0,Intermedi,1.0567274629070798,1.5789878619198128,1.3258996896757622,Gentrificació intensa
2015,Barri,sarria,1.8455374002621128,0.5577258882017643,24640,21767.0,0.0,1609.0,1260.0,,,,,6020.0,0.7769648986889125,0.9319573004834216,-0.350443610241007,66,0.7346839313167836,-0.891171775305964,1.184819866478149,0.5577258882017643,-0.0782439219945902,-0.350443610241007,0.2768192947962568,0.4370262199568545,1,Gentrificació residencial,1.7160009440669155,2.0680738375715566,1.3258996896757622,Gentrificació intensa
2016,Barri,sarria,2.1081042396015293,1.0264862811694029,24810,21873.0,7.0,1639.0,1291.0,,,,,5540.0,1.0926271581900695,0.7014299619143781,-0.3463406112827598,66,0.7561132633705749,-0.8793492115712284,1.3007204532353256,1.0264862811694029,-0.0616179741003267,-0.3463406112827598,0.5386254382523059,0.6165703032448012,1,Gentrificació residencial,2.426244975045467,2.32952188373106,1.3258996896757622,Gentrificació intensa
2017,Barri,sarria,2.211399543589548,1.5622124445609895,25106,21925.0,10.0,1694.0,1477.0,,,,,4890.0,1.4811345544991863,0.9558049561974604,-0.3463406112827598,66,0.7958308615408252,-0.7899989267149493,1.5494463514287318,1.5622124445609895,0.0029159674129379,-0.3463406112827598,0.8897952424906075,0.8648127100229521,1,Gentrificació residencial,3.403740787621825,2.762085512837919,1.3258996896757622,Gentrificació intensa
2018,Barri,sarria,2.3363047600056324,1.4617637889250672,25116,21770.0,9.0,1732.0,1605.0,,,,,4920.0,2.011285272379334,0.9876018304828462,-0.3463406112827598,66,0.8376379785243115,-0.7232937379168103,1.7783972876226042,1.4617637889250672,0.0571721203037506,-0.3463406112827598,0.9168651575801364,0.9142146247684996,1,Gentrificació residencial,3.593732736304343,3.020984175488602,1.3258996896757622,Gentrificació intensa
2019,Barri,sarria,2.4429943346048537,1.3613151332891449,25137,21520.0,7.0,1882.0,1728.0,,,,,4630.0,1.914158423302056,1.1147893276243874,-0.3463406112827598,66,1.0038882758894008,-0.6596540379115879,1.8239806951770987,1.3613151332891449,0.1721171189889064,-0.3463406112827598,0.966675450335317,0.9207440500811024,1,Gentrificació residencial,3.608576208637991,2.978501680528494,1.3258996896757622,Gentrificació intensa
2020,Barri,sarria,2.2705694540379557,1.3947980185011188,25242,21515.0,0.0,1941.0,1783.0,,,,,4410.0,1.3435381849730408,1.0750432347676555,-0.3463406112827598,66,1.0608815482845464,-0.6347631177216808,1.5630502912595503,1.3947980185011188,0.2130592152814328,-0.3463406112827598,0.9788744010985816,0.8606982137279353,1,Gentrificació residencial,3.3674588349988883,2.590259718474453,1.3258996896757622,Gentrificació intensa
2021,Barri,sarria,1.94649188069284,1.0264862811694029,24769,21002.0,0.0,1737.0,2027.0,1284.0,12969.0,1890.0,3993.0,6020.0,2.258149347117419,1.2419768247659295,-0.3473663610223216,66,0.8704947376993712,-0.487492565660289,1.8155393508587296,1.0264862811694029,0.1915010860195411,-0.3473663610223216,0.8160731569242865,0.8214346346078837,1,Gentrificació residencial,3.21288613575636,2.872724827407937,1.3258996896757622,Gentrificació intensa
2022,Barri,sarria,,1.796592641044809,24632,20904.0,5.0,1822.0,1901.0,1202.0,13163.0,1886.0,3961.0,4260.0,1.4649467463196395,0.868363551912651,-0.3473663610223216,66,0.9785445176721348,-0.5487698201258943,1.1666551491161454,1.796592641044809,0.2148873487731202,-0.3473663610223216,1.1210597686422694,0.862478534598446,1,Gentrificació residencial,3.375646888174262,2.128885686368585,1.3258996896757622,Gentrificació intensa
2023,Barri,sarria,,2.231870148800473,24858,20818.0,7.0,1837.0,2196.0,1151.0,13650.0,1849.0,4006.0,4250.0,1.088580206145183,0.9240080819120756,-0.0970834245692379,66,0.9766014398001982,-0.4019486415386852,1.0062941440286293,2.231870148800473,0.2873263991307565,-0.0970834245692379,1.4445125238912069,1.0094978827610344,1,Gentrificació residencial,3.9641511367120783,1.80191003034916,1.3258996896757622,Gentrificació intensa
2024,Barri,sarria,,2.1649043783765247,25113,20736.0,0.0,1941.0,2433.0,,,,,4520.0,0.914561268215058,1.1227385461957344,-0.0765684297780015,66,1.0719935098012932,-0.2896499959263356,1.018649907205396,2.1649043783765247,0.3911717569374787,-0.0765684297780015,1.503142435503861,1.0179869511064716,1,Gentrificació residencial,3.988897377434416,1.7160661636789594,1.3258996896757622,Gentrificació intensa
2025,Barri,sarria,,2.566699000920215,25282,20758.0,0.0,2037.0,2484.0,,,,,4440.0,0.8295752752724387,1.1147893276243874,,66,1.1642802591970711,-0.2716404270605783,0.972182301448413,2.566699000920215,0.4463199160682465,1.0092936587501425e-17,1.76123321759538,1.1509283739242375,1,Gentrificació residencial,4.514642549355105,1.6607330403987175,1.3258996896757622,Gentrificació intensa
2000,Barri,torre baro,,,2252,2217.0,0.0,13.0,22.0,,,,,,,,,67,-0.9399380417373222,-1.4351201161727358,0.0033723453127869,3.6921966638804284e-16,-1.187529078955029,1.0092936587501425e-17,-0.9578446642262256,-0.2364941121971696,0,Intermedi,-0.8293196208446687,0.8512511891370427,-0.18530147389898338,Desgentrificació
2001,Barri,torre baro,,,2189,2124.0,0.0,15.0,50.0,0.0,0.0,0.0,0.0,,,,,67,-0.9095613719298062,-1.2632281166183084,0.0033723453127869,3.6921966638804284e-16,-1.0863947442740574,1.0092936587501425e-17,-0.8762710972618866,-0.2162672452609752,0,Intermedi,-0.7586917182708593,0.7787555137170212,-0.18530147389898338,Desgentrificació
2002,Barri,torre baro,,,2177,2080.0,0.0,14.0,82.0,,,,,,,,,67,-0.9214210687841856,-1.0682901274412304,0.0033723453127869,3.6921966638804284e-16,-0.994855598112708,1.0092936587501425e-17,-0.802436877727972,-0.1979594160287054,0,Intermedi,-0.6947646858029246,0.7131379146170423,-0.18530147389898338,Desgentrificació
2003,Barri,torre baro,,,2213,2073.0,0.0,13.0,126.0,,,,,,,,,67,-0.937076131545494,-0.8149071835281367,0.0033723453127869,3.6921966638804284e-16,-0.8759916575368154,1.0092936587501425e-17,-0.7065628538685247,-0.1741866279135268,0,Intermedi,-0.6117551832337368,0.6279332046407782,-0.18530147389898338,Desgentrificació
2004,Barri,torre baro,,,2211,2051.0,0.0,10.0,150.0,,,,,,,,,67,-0.9750973655636372,-0.6714973209109185,0.0033723453127869,3.6921966638804284e-16,-0.8232973432372779,1.0092936587501425e-17,-0.664060342829986,-0.1636477650536194,0,Intermedi,-0.574955723304708,0.5901605736347959,-0.18530147389898338,Desgentrificació
2005,Barri,torre baro,,,2214,2048.0,0.0,10.0,156.0,,,,,,,,,67,-0.975269771707244,-0.6370712911079339,0.0033723453127869,3.6921966638804284e-16,-0.8061705314075889,1.0092936587501425e-17,-0.6502460913585949,-0.1602224026876816,0,Intermedi,-0.5629950889551272,0.577883637267917,-0.18530147389898338,Desgentrificació
2006,Barri,torre baro,,,2159,1973.0,0.0,12.0,174.0,,,,,,,,,67,-0.9459728172848992,-0.503841009608057,0.0033723453127869,3.6921966638804284e-16,-0.7249069134464781,1.0092936587501425e-17,-0.5846999719083982,-0.1439696790954594,0,Intermedi,-0.5062440467867302,0.5196317993560021,-0.18530147389898338,Desgentrificació
2007,Barri,torre baro,,,2104,1937.0,0.0,23.0,144.0,,,,,,,,,67,-0.7948084426929724,-0.6636280308497885,0.0033723453127869,3.6921966638804284e-16,-0.7292182367713804,1.0092936587501425e-17,-0.5881774261583148,-0.1448319437604399,0,Intermedi,-0.5092548909744725,0.522722266084031,-0.18530147389898338,Desgentrificació
2008,Barri,torre baro,,,2151,1940.0,0.0,31.0,180.0,,,,,,,,,67,-0.6969000710542432,-0.463221135362104,0.0033723453127869,3.6921966638804284e-16,-0.5800606032081737,1.0092936587501425e-17,-0.467868925112726,-0.1150004170477985,0,Intermedi,-0.4050895662637914,0.4158022628692253,-0.18530147389898338,Desgentrificació
2009,Barri,torre baro,,,2165,1952.0,0.0,24.0,189.0,,,,,,,,,67,-0.7904791970969575,-0.4156746097948322,0.0033723453127869,3.6921966638804284e-16,-0.6030769034458948,1.0092936587501425e-17,-0.4864335571403725,-0.1196036770953427,0,Intermedi,-0.421163167933563,0.4323009350231198,-0.18530147389898338,Desgentrificació
2010,Barri,torre baro,,,2164,1957.0,0.0,23.0,184.0,,,,,,,,,67,-0.803335004343225,-0.4455259595080114,0.0033723453127869,3.6921966638804284e-16,-0.6244304819256182,1.0092936587501425e-17,-0.5036570606077041,-0.1238743927912874,0,Intermedi,-0.4360755956983334,0.4476077257327763,-0.18530147389898338,Desgentrificació
2011,Barri,torre baro,,,2172,1953.0,0.0,27.0,192.0,0.0,0.0,0.0,0.0,2360.0,,,,67,-0.752628145055993,-0.4012121689570402,0.0033723453127869,3.6921966638804284e-16,-0.5769201570065166,1.0092936587501425e-17,-0.4653358842879963,-0.1143723278074671,0,Intermedi,-0.4028964126817898,0.4135511107829674,-0.18530147389898338,Desgentrificació
2012,Barri,torre baro,,,2169,1934.0,0.0,28.0,207.0,,,,,2550.0,,,,67,-0.739174509441959,-0.308669172210666,0.0033723453127869,3.6921966638804284e-16,-0.5239218408263124,1.0092936587501425e-17,-0.4225881695028956,-0.1037726645714262,0,Intermedi,-0.3658846508151674,0.3755605634606579,-0.18530147389898338,Desgentrificació
2013,Barri,torre baro,,,2196,1969.0,0.0,28.0,199.0,,,,,2640.0,,,,67,-0.7436395740743784,-0.3720008885469688,0.0033723453127869,3.6921966638804284e-16,-0.5578202313106736,1.0092936587501425e-17,-0.4499301462398981,-0.1105523426682985,0,Intermedi,-0.3895578398274928,0.3998597959771671,-0.18530147389898338,Desgentrificació
2014,Barri,torre baro,,-2.321802240028015,2555,2132.0,0.0,42.0,381.0,,,,,2550.0,-1.1615251308117835,0.1608830990628254,,67,-0.6398922099557495,0.3972307817419398,-0.5003210158744791,-2.321802240028015,-0.1213307141069048,1.0092936587501425e-17,-1.3121344171834295,-0.8709031195921292,2,Baixa gentrificació,-3.444553409640151,-1.180596532595488,-0.18530147389898338,Desgentrificació
2015,Barri,torre baro,-1.446277544732799,-2.254836469604067,2734,2302.0,0.0,49.0,383.0,,,,,2430.0,-1.1898537951259898,0.0257463833499384,,67,-0.5981417248617299,0.2784721925515502,-0.8701283188362833,-2.254836469604067,-0.1598347661550898,1.0092936587501425e-17,-1.363105611805005,-0.969456389763123,2,Baixa gentrificació,-3.8304793735603937,-1.6569435370748935,-0.18530147389898338,Desgentrificació
2016,Barri,torre baro,-1.517609541335437,-1.8195589618484025,2795,2348.0,0.0,57.0,390.0,,,,,2230.0,-1.1574781787668968,-0.8804645337835458,,67,-0.528625126503495,0.2712019786013817,-1.1851840846286263,-1.8195589618484025,-0.1287115739510566,1.0092936587501425e-17,-1.1688893982603266,-0.92716522873332,2,Baixa gentrificació,-3.6646420960587127,-2.017494185247951,-0.18530147389898338,Desgentrificació
2017,Barri,torre baro,-1.4702220705660496,-2.020456273120248,2859,2359.0,0.0,65.0,435.0,,,,,1880.0,-1.15343122672201,-0.3319684523606472,,67,-0.4627499057996516,0.437095714558382,-0.9852072498829024,-2.020456273120248,-0.0128270956206348,1.0092936587501425e-17,-1.145670880348124,-0.904264476025072,2,Baixa gentrificació,-3.585489181179338,-1.8677127766963144,-0.18530147389898338,Desgentrificació
2018,Barri,torre baro,-1.4242353600490396,-1.551695880152609,2893,2371.0,0.0,72.0,450.0,,,,,1870.0,-1.1898537951259898,-0.8725153152121993,,67,-0.402197912403093,0.4817607052891622,-1.1622014901290765,-1.551695880152609,0.0397813964430346,1.0092936587501425e-17,-0.8979177031420196,-0.8062129317958987,2,Baixa gentrificació,-3.201028429004671,-2.041438311868556,-0.18530147389898338,Desgentrificació
2019,Barri,torre baro,-1.4543874381527575,-1.7860760766364283,2931,2382.0,0.0,82.0,467.0,,,,,1740.0,-1.2141355073953095,-0.5704450095010383,,67,-0.3152947835316136,0.53150971565465,-1.0796559850163685,-1.7860760766364283,0.1081074660615181,1.0092936587501425e-17,-0.946317496556029,-0.8380981252835352,2,Baixa gentrificació,-3.334233500083017,-2.030778991320679,-0.18530147389898338,Desgentrificació
2020,Barri,torre baro,-1.439148398563895,-1.350798568880764,2925,2350.0,0.0,70.0,505.0,,,,,1760.0,-1.210088555350423,-0.4989020423589212,,67,-0.4290929440459296,0.7066351198195492,-1.0493796654244132,-1.350798568880764,0.1387710878868097,1.0092936587501425e-17,-0.7031104648222607,-0.6922992527141911,2,Baixa gentrificació,-2.759045803183588,-1.9053444666770236,-0.18530147389898338,Desgentrificació
2021,Barri,torre baro,-1.2912748920098531,-1.350798568880764,2923,2322.0,0.0,77.0,524.0,450.0,438.0,951.0,525.0,2370.0,-1.2181824594401962,-0.6181403209291165,,67,-0.3612622133601278,0.793660801776549,-1.0425325574597222,-1.350798568880764,0.2161992942082105,1.0092936587501425e-17,-0.6396792154655596,-0.6747594790605037,2,Baixa gentrificació,-2.6968504470744143,-1.9512175936257248,-0.18530147389898338,Desgentrificació
2022,Barri,torre baro,,-0.815072405489177,2908,2319.0,0.0,82.0,507.0,419.0,456.0,996.0,540.0,1690.0,-1.2262763635299696,-1.3812653037783655,,67,-0.309069927524627,0.7289501416676135,-1.3037708336541676,-0.815072405489177,0.2099401070714932,1.0092936587501425e-17,-0.4185040625341148,-0.5936649503287047,2,Baixa gentrificació,-2.3737698092056707,-2.185092749065321,-0.18530147389898338,Desgentrificació
2023,Barri,torre baro,,-1.71911030621248,2939,2335.0,0.0,80.0,524.0,399.0,474.0,1004.0,569.0,2110.0,-1.2262763635299696,-0.3478668895033401,,67,-0.3365809176230915,0.7808279354938298,-0.7870716265166549,-1.71911030621248,0.2221235089353691,1.0092936587501425e-17,-0.779586322849479,-0.7074298780316666,2,Baixa gentrificació,-2.8278432103064426,-1.684905691860669,-0.18530147389898338,Desgentrificació
2024,Barri,torre baro,,-2.3887680104519635,3119,2440.0,0.0,83.0,596.0,,,,,2160.0,-1.0643982817345043,0.8445158961986121,,67,-0.3537145920045934,0.9490718717797022,-0.1099411927679461,-2.3887680104519635,0.2976786398875544,1.0092936587501425e-17,-0.951312245763599,-0.690077032988462,2,Baixa gentrificació,-2.768493370509796,-0.9480734093951432,-0.18530147389898338,Desgentrificació
2025,Barri,torre baro,,-0.815072405489177,3224,2532.0,0.0,89.0,603.0,,,,,2110.0,-1.2060416033055363,-0.3558161080746872,,67,-0.3257412727091709,0.8957891952855078,-0.7809288556901117,-0.815072405489177,0.2850239612881684,1.0092936587501425e-17,-0.2832078275575732,-0.421795586096153,2,Baixa gentrificació,-1.701081090683492,-1.5036190431594796,-0.18530147389898338,Desgentrificació
2000,Barri,vallbona,,,816,801.0,0.0,11.0,0.0,,,,,,,,,68,-0.7231051232989881,-1.5635763235303926,0.0033723453127869,3.6921966638804284e-16,-1.1433407234146904,1.0092936587501425e-17,-0.9222029428357152,-0.2276564410891018,0,Intermedi,-0.7984603594489729,0.8195758467253658,-0.2019171660119248,Desgentrificació
2001,Barri,vallbona,,,827,804.0,0.0,10.0,13.0,0.0,0.0,0.0,0.0,,,,,68,-0.7621659800366933,-1.3568771959826975,0.0033723453127869,3.6921966638804284e-16,-1.0595215880096955,1.0092936587501425e-17,-0.8545955780725907,-0.2108926140081029,0,Intermedi,-0.7399246529761965,0.7594921486076521,-0.2019171660119248,Desgentrificació
2002,Barri,vallbona,,,831,783.0,0.0,10.0,38.0,,,,,,,,,68,-0.7638033668935342,-0.9622871647491412,0.0033723453127869,3.6921966638804284e-16,-0.8630452658213377,1.0092936587501425e-17,-0.696120471913074,-0.1715973495704313,0,Intermedi,-0.602713975856959,0.6186529002354898,-0.2019171660119248,Desgentrificació
2003,Barri,vallbona,,,897,853.0,0.0,10.0,34.0,,,,,,,,,68,-0.788711909095345,-1.065165718231869,0.0033723453127869,3.6921966638804284e-16,-0.926938813663607,1.0092936587501425e-17,-0.747656131092935,-0.1843760591388852,0,Intermedi,-0.6473345024697461,0.6644534280227979,-0.2019171660119248,Desgentrificació
2004,Barri,vallbona,,,933,876.0,0.0,10.0,47.0,,,,,,,,,68,-0.8008130482766983,-0.9011813702241556,0.0033723453127869,3.6921966638804284e-16,-0.850997209250427,1.0092936587501425e-17,-0.6864026747616162,-0.1691877382562492,0,Intermedi,-0.5943001274010584,0.6100165454172966,-0.2019171660119248,Desgentrificació
2005,Barri,vallbona,,,977,899.0,0.0,13.0,65.0,,,,,,,,,68,-0.7280099980266567,-0.6887545298664026,0.0033723453127869,3.6921966638804284e-16,-0.7083822639465296,1.0092936587501425e-17,-0.5713714163115431,-0.1406647491954697,0,Intermedi,-0.4947039369058442,0.507786508334344,-0.2019171660119248,Desgentrificació
2006,Barri,vallbona,,,1227,1094.0,0.0,17.0,116.0,,,,,,,,,68,-0.7125686714139462,-0.3204529642485003,0.0033723453127869,3.6921966638804284e-16,-0.5165108178312232,1.0092936587501425e-17,-0.4166105400215606,-0.1022904599724084,0,Intermedi,-0.3607091086837977,0.3702481528013391,-0.2019171660119248,Desgentrificació
2007,Barri,vallbona,,,1255,1135.0,0.0,23.0,97.0,,,,,,,,,68,-0.586769850129048,-0.5472602148728055,0.0033723453127869,3.6921966638804284e-16,-0.5670150325009268,1.0092936587501425e-17,-0.4573465467430798,-0.1123913029063491,0,Intermedi,-0.3959790965124683,0.4064508644282817,-0.2019171660119248,Desgentrificació
2008,Barri,vallbona,,,1317,1165.0,0.0,28.0,124.0,,,,,,,,,68,-0.5042382005823189,-0.3255305241167479,0.0033723453127869,3.6921966638804284e-16,-0.4148843623495334,1.0092936587501425e-17,-0.3346400351704143,-0.0819651688760704,0,Intermedi,-0.289737529948205,0.2973997126160295,-0.2019171660119248,Desgentrificació
2009,Barri,vallbona,,,1327,1184.0,0.0,28.0,115.0,,,,,,,,,68,-0.5087453211472255,-0.4240411936582972,0.0033723453127869,3.6921966638804284e-16,-0.4663932574027614,1.0092936587501425e-17,-0.3761864033067952,-0.092266947886716,0,Intermedi,-0.3257091436734539,0.3343226048148284,-0.2019171660119248,Desgentrificació
2010,Barri,vallbona,,,1336,1180.0,0.0,38.0,118.0,,,,,,,,,68,-0.3021765203776667,-0.4021909561380993,0.0033723453127869,3.6921966638804284e-16,-0.352183738257883,1.0092936587501425e-17,-0.2840665719229379,-0.0694250440577404,0,Intermedi,-0.2459500903646892,0.252454303056359,-0.2019171660119248,Desgentrificació
2011,Barri,vallbona,,,1343,1188.0,0.0,37.0,118.0,0.0,0.0,0.0,0.0,1430.0,,,,68,-0.3272941055135905,-0.4082443422674709,0.0033723453127869,3.6921966638804284e-16,-0.3677692238905308,1.0092936587501425e-17,-0.296637610828143,-0.0725421411842699,0,Intermedi,-0.2568343282874533,0.2636263774191563,-0.2019171660119248,Desgentrificació
2012,Barri,vallbona,,,1340,1167.0,0.0,39.0,134.0,,,,,1550.0,,,,68,-0.2835711513726664,-0.2486518736692876,0.0033723453127869,3.6921966638804284e-16,-0.266111512520977,1.0092936587501425e-17,-0.2146418954066226,-0.0522105989103592,0,Intermedi,-0.1858409217738872,0.1907555322147332,-0.2019171660119248,Desgentrificació
2013,Barri,vallbona,,,1348,1157.0,0.0,40.0,151.0,,,,,1600.0,,,,68,-0.2675609694750481,-0.0906268285079383,0.0033723453127869,3.6921966638804284e-16,-0.1790938989914932,1.0092936587501425e-17,-0.1444546820659106,-0.0348070762044624,0,Intermedi,-0.1250715347012088,0.1283790832455659,-0.2019171660119248,Desgentrificació
2014,Barri,vallbona,,-2.857528403419602,1310,1151.0,0.0,33.0,126.0,,,,,1550.0,-1.242464171709516,0.0018987276358984,,68,-0.3936689118727015,-0.2988398297708566,-0.6202827220368087,-2.857528403419602,-0.346254370821779,1.0092936587501425e-17,-1.7742669113544574,-1.112594211801279,2,Baixa gentrificació,-4.381304134074013,-1.3171019535213373,-0.2019171660119248,Desgentrificació
2015,Barri,vallbona,-1.3049357781283848,-2.0539391583322217,1334,1170.0,0.0,35.0,129.0,,,,,1470.0,-1.2262763635299696,-0.053745802363525,,68,-0.3642418496068862,-0.2920226951039867,-0.8616526480072931,-2.0539391583322217,-0.3281322723554365,1.0092936587501425e-17,-1.3988037189619291,-0.9403039963729416,2,Baixa gentrificació,-3.698945741870735,-1.4759979964522854,-0.2019171660119248,Desgentrificació
2016,Barri,vallbona,-1.362590257584023,-1.6521445357885316,1354,1196.0,0.0,26.0,132.0,,,,,1350.0,-1.210088555350423,-0.2365778295044919,,68,-0.5621356546653156,-0.2816706560143966,-0.9364188808129792,-1.6521445357885316,-0.4219031553398561,1.0092936587501425e-17,-1.2874513608170437,-0.8609496560484244,2,Baixa gentrificació,-3.3751060683671765,-1.4171559259094526,-0.2019171660119248,Desgentrificació
2017,Barri,vallbona,-1.3593087568040905,-2.288319354816041,1379,1208.0,0.0,26.0,145.0,,,,,1140.0,-1.210088555350423,0.8604143333413051,,68,-0.5719289368422572,-0.1809509048947131,-0.5696609929377362,-2.288319354816041,-0.3764399208684851,1.0092936587501425e-17,-1.511340598628207,-0.93268208849983,2,Baixa gentrificació,-3.665134483711492,-1.087179288982187,-0.2019171660119248,Desgentrificació
2018,Barri,vallbona,-1.273306930379862,-1.1164183723969447,1400,1214.0,0.0,26.0,159.0,,,,,1130.0,-1.2465111237544029,0.1370354433487866,,68,-0.5798849992828046,-0.0701978411881377,-0.794260870261826,-1.1164183723969447,-0.3250414202354711,1.0092936587501425e-17,-0.9254391332353008,-0.6382120568447255,2,Baixa gentrificació,-2.5014565965882,-1.157636805430356,-0.2019171660119248,Desgentrificació
2019,Barri,vallbona,-1.3477172032688851,-1.5851787653645832,1407,1196.0,0.0,32.0,178.0,,,,,1050.0,-1.230323315574856,0.2244768476335971,,68,-0.4625191229513261,0.0999386165923981,-0.7845212237367146,-1.5851787653645832,-0.1812902531794639,1.0092936587501425e-17,-1.0387185454556862,-0.7471680473662822,2,Baixa gentrificació,-2.947204162819918,-1.359884402738201,-0.2019171660119248,Desgentrificació
2020,Barri,vallbona,-1.3565339254038211,-1.6521445357885316,1421,1192.0,0.0,35.0,193.0,,,,,1060.0,-1.2384172196646297,0.4311565304886018,,68,-0.4094311098072043,0.222352028497709,-0.7212648715266162,-1.6521445357885316,-0.0935395406547476,1.0092936587501425e-17,-0.9918438260178192,-0.730730730325494,2,Baixa gentrificació,-2.8905512977707337,-1.3499547840261763,-0.2019171660119248,Desgentrificació
2021,Barri,vallbona,-1.2339427487621033,-2.288319354816041,1401,1161.0,0.0,33.0,206.0,216.0,204.0,465.0,219.0,1440.0,-1.2465111237544029,1.1465862019097732,,68,-0.4396992052904153,0.3698600552803682,-0.4446225568689109,-2.288319354816041,-0.0349195750050235,1.0092936587501425e-17,-1.2180020753269811,-0.8268664885064902,2,Baixa gentrificació,-3.278296738691016,-1.156142732972102,-0.2019171660119248,Desgentrificació
2022,Barri,vallbona,,-1.6186616505765574,1420,1187.0,0.0,34.0,198.0,234.0,219.0,460.0,231.0,1030.0,-1.230323315574856,0.8286174590559192,,68,-0.4287542920562418,0.2699098812055144,-0.2008529282594684,-1.6186616505765574,-0.0794222054253637,1.0092936587501425e-17,-0.8895968883892784,-0.5617388147358804,2,Baixa gentrificació,-2.2234866644918068,-0.6201318713810933,-0.2019171660119248,Desgentrificació
2023,Barri,vallbona,,,1421,1171.0,0.0,28.0,221.0,233.0,216.0,460.0,254.0,1030.0,-1.254605027844176,-0.681734069499887,,68,-0.5480115077548467,0.4814504422634441,-0.9681695486720316,3.6921966638804284e-16,-0.0332805327457013,1.0092936587501425e-17,-0.1657150685103957,-0.2971069711507496,2,Baixa gentrificació,-1.1757928549649423,-1.342465874783349,-0.2019171660119248,Desgentrificació
2024,Barri,vallbona,,,1437,1187.0,0.0,24.0,225.0,,,,,1050.0,-1.2586519798890623,0.852465114769958,,68,-0.6324905812427625,0.4952824184233207,-0.2030934325595522,3.6921966638804284e-16,-0.0686040814097208,1.0092936587501425e-17,-0.0848471696313084,-0.0746488460498097,0,Intermedi,-0.2928428526833748,-0.2411847700667451,-0.2019171660119248,Desgentrificació
2025,Barri,vallbona,,-0.815072405489177,1452,1183.0,0.0,25.0,244.0,,,,,1030.0,-1.2384172196646297,-0.0139997095067932,,68,-0.6179697940465975,0.6460763332609959,-0.6262084645857113,-0.815072405489177,0.0140532696071992,1.0092936587501425e-17,-0.4796534571054502,-0.4295736071010266,2,Baixa gentrificació,-1.7067689036196612,-1.0917902178834664,-0.2019171660119248,Desgentrificació
2000,Barri,vallcarca i els penitents,,,14155,13749.0,0.0,170.0,236.0,,,,,,,,,69,-0.7644730124261555,-1.344344836305228,0.0033723453127869,3.6921966638804284e-16,-1.0544089243656918,1.0092936587501425e-17,-0.8504717737142994,-0.2098700812793021,0,Intermedi,-0.7363541869136031,0.7558272606619644,0.7654231353136094,Gentrificació moderada
2001,Barri,vallcarca i els penitents,,,14385,13755.0,0.0,188.0,441.0,0.0,0.0,0.0,0.0,,,,,69,-0.7346735717543964,-1.1604607987554554,0.0033723453127869,3.6921966638804284e-16,-0.947567185254926,1.0092936587501425e-17,-0.7642946926326722,-0.188501733457149,0,Intermedi,-0.661740476698023,0.6792403719033833,0.7654231353136094,Gentrificació moderada
2002,Barri,vallcarca i els penitents,,,15068,13976.0,8.0,258.0,826.0,,,,,,,,,69,-0.6206494147757176,-0.8427589651648014,0.0033723453127869,3.6921966638804284e-16,-0.7317041899702594,1.0092936587501425e-17,-0.5901825619055234,-0.1453291344002157,0,Intermedi,-0.5109909745793861,0.5245042608614111,0.7654231353136094,Gentrificació moderada
2003,Barri,vallcarca i els penitents,,,15173,13724.0,9.0,311.0,1129.0,,,,,,,,,69,-0.5257169877924006,-0.5851609120144187,0.0033723453127869,3.6921966638804284e-16,-0.5554389499034096,1.0092936587501425e-17,-0.448009437323889,-0.1100760863868457,0,Intermedi,-0.3878948545340847,0.3981528326147312,0.7654231353136094,Gentrificació moderada
2004,Barri,vallcarca i els penitents,,,15381,13652.0,6.0,399.0,1324.0,,,,,,,,,69,-0.3725628315156918,-0.4316863478356375,0.0033723453127869,3.6921966638804284e-16,-0.4021245896756646,1.0092936587501425e-17,-0.3243481775738328,-0.0794132143412967,0,Intermedi,-0.280826649344533,0.2882531815085075,0.7654231353136094,Gentrificació moderada
2005,Barri,vallcarca i els penitents,,,15493,13485.0,6.0,470.0,1532.0,,,,,,,,,69,-0.2489182820030061,-0.2633347581865517,0.0033723453127869,3.6921966638804284e-16,-0.2561265200947789,1.0092936587501425e-17,-0.206588137492594,-0.0502136004251195,0,Intermedi,-0.1788678292578553,0.1835980344936628,0.7654231353136094,Gentrificació moderada
2006,Barri,vallcarca i els penitents,,,15669,13516.0,8.0,555.0,1590.0,,,,,,,,,69,-0.1058967899678344,-0.2292666194783429,0.0033723453127869,3.6921966638804284e-16,-0.1675817047230886,1.0092936587501425e-17,-0.1351691040965439,-0.0325046373507815,0,Intermedi,-0.1170319096048999,0.1201268482188839,0.7654231353136094,Gentrificació moderada
2007,Barri,vallcarca i els penitents,,,15422,13410.0,7.0,670.0,1335.0,,,,,,,,,69,0.1198378202353413,-0.4253166032836185,0.0033723453127869,3.6921966638804284e-16,-0.1527393915241385,1.0092936587501425e-17,-0.1231974978813102,-0.0295361747109915,0,Intermedi,-0.1066666715886297,0.1094874988471039,0.7654231353136094,Gentrificació moderada
2008,Barri,vallcarca i els penitents,,,15469,13372.0,6.0,754.0,1337.0,,,,,,,,,69,0.2688862986485228,-0.4270749404647146,0.0033723453127869,3.6921966638804284e-16,-0.0790943209080959,1.0092936587501425e-17,-0.0637963942062638,-0.0148071605877829,0,Intermedi,-0.0552360976997621,0.0566968303515143,0.7654231353136094,Gentrificació moderada
2009,Barri,vallcarca i els penitents,,,15697,13416.0,0.0,813.0,1465.0,,,,,,,,,69,0.354707755196315,-0.3363581805435042,0.0033723453127869,3.6921966638804284e-16,0.0091747873264053,1.0092936587501425e-17,0.0074002575951579,0.0028466610591172,0,Intermedi,0.0064072798567258,-0.0065767220020873,0.7654231353136094,Gentrificació moderada
2010,Barri,vallcarca i els penitents,,,15481,13404.0,0.0,776.0,1301.0,,,,,,,,,69,0.3078014478285398,-0.4585335554473892,0.0033723453127869,3.6921966638804284e-16,-0.0753660538094246,1.0092936587501425e-17,-0.0607892251098954,-0.0140615071680487,0,Intermedi,-0.0526324350935391,0.0540243132254856,0.7654231353136094,Gentrificació moderada
2011,Barri,vallcarca i els penitents,,,15446,13432.0,0.0,716.0,1297.0,0.0,0.0,0.0,0.0,9160.0,,,,69,0.2017186731396756,-0.4594347907906198,0.0033723453127869,3.6921966638804284e-16,-0.128858058825472,1.0092936587501425e-17,-0.1039351425374246,-0.0247599081712582,0,Intermedi,-0.0899889681707469,0.0923687493207295,0.7654231353136094,Gentrificació moderada
2012,Barri,vallcarca i els penitents,,,15518,13509.0,0.0,747.0,1261.0,,,,,9890.0,,,,69,0.2518665476499982,-0.4950625129395605,0.0033723453127869,3.6921966638804284e-16,-0.1215979826447811,1.0092936587501425e-17,-0.0980792646858524,-0.02330789293512,0,Intermedi,-0.0849188408516145,0.0871645411951678,0.7654231353136094,Gentrificació moderada
2013,Barri,vallcarca i els penitents,,,15495,13511.0,0.0,760.0,1223.0,,,,,9920.0,,,,69,0.2774786975092642,-0.5257237245112695,0.0033723453127869,3.6921966638804284e-16,-0.1241225135010026,1.0092936587501425e-17,-0.1001155166422542,-0.0238127991063643,0,Intermedi,-0.0866818654457866,0.0889741894231191,0.7654231353136094,Gentrificació moderada
2014,Barri,vallcarca i els penitents,,-0.8485552907011512,15442,13477.0,0.0,766.0,1197.0,,,,,9450.0,0.3196593176167233,-0.0696442395062179,-0.3381346133662652,69,0.2931451234867362,-0.5443012513352479,0.1250075390552526,-0.8485552907011512,-0.1255780639242558,-0.3381346133662652,-0.6010769591392653,-0.3098068609518737,0,Intermedi,-1.2370545573970058,0.2652505864711236,0.7654231353136094,Gentrificació moderada
2015,Barri,vallcarca i els penitents,0.837156247320797,-0.4132777829454869,15520,13602.0,0.0,809.0,1107.0,,,,,8670.0,0.4127392146491158,-0.1650348623623743,-0.3381346133662652,69,0.3640743111341889,-0.6256759588420917,0.3616201998691794,-0.4132777829454869,-0.1308008238539514,-0.3381346133662652,-0.3573218335079446,-0.1092843623669355,0,Intermedi,-0.442149239433927,0.706589282789357,0.7654231353136094,Gentrificació moderada
2016,Barri,vallcarca i els penitents,0.8121520080796404,-0.0449660456137709,15629,13653.0,0.0,820.0,1154.0,,,,,7530.0,0.5827112005343542,-0.2445270480758378,-0.3330058646684561,69,0.3736470042593413,-0.5926742727659707,0.3834453868460523,-0.0449660456137709,-0.1095136342533147,-0.3330058646684561,-0.154319026593265,0.0130399025853302,0,Intermedi,0.0411038459210455,0.8075680748556467,0.7654231353136094,Gentrificació moderada
2017,Barri,vallcarca i els penitents,0.7274439332996734,0.4237943473538675,15821,13701.0,0.0,860.0,1260.0,,,,,6850.0,0.9590777407088108,-0.1411872066483355,-0.3330058646684561,69,0.4268601166671754,-0.5163575593403968,0.5151114891200496,0.4237943473538675,-0.0447487213366107,-0.3330058646684561,0.147359023681063,0.2061208337411617,0,Intermedi,0.8002213834124424,1.0592111583689576,0.7654231353136094,Gentrificació moderada
2018,Barri,vallcarca i els penitents,0.7290877160999131,0.2563799212939966,15985,13728.0,0.0,893.0,1363.0,,,,,6180.0,0.9995472611576772,0.0813909133493619,-0.3330058646684561,69,0.4692475047430211,-0.4423739305615555,0.6033419635356507,0.2563799212939966,0.0134367870907327,-0.3330058646684561,0.1245382134241096,0.1940027499333495,0,Intermedi,0.7463489347661114,1.1012631413266891,0.7654231353136094,Gentrificació moderada
2019,Barri,vallcarca i els penitents,0.6943635408849999,0.3903114621418934,16109,13671.0,0.0,983.0,1454.0,,,,,5900.0,0.9833594529781308,0.2006291919195572,-0.3330058646684561,69,0.6143209342278843,-0.3767241600826016,0.6261173952608959,0.3903114621418934,0.1187983870726413,-0.3330058646684561,0.2786681683652122,0.2620871617016738,0,Intermedi,1.006288159711543,1.0900246001266265,0.7654231353136094,Gentrificació moderada
2020,Barri,vallcarca i els penitents,0.7314475922251593,0.5242430029897901,16348,13668.0,0.0,1082.0,1595.0,,,,,6280.0,0.5220069198610547,0.232426066204943,-0.3330058646684561,69,0.7595845715830317,-0.2806643480419767,0.4952935260970523,0.5242430029897901,0.2394601117705274,-0.3330058646684561,0.4231836286699934,0.2871518081464669,1,Gentrificació residencial,1.0946957485580875,0.8518050679001905,0.7654231353136094,Gentrificació moderada
2021,Barri,vallcarca i els penitents,0.7076792510795847,0.2898628065059708,16325,13537.0,0.0,1028.0,1760.0,1230.0,7791.0,1890.0,3099.0,8340.0,1.230223527716215,0.0495940390639772,-0.3330058646684561,69,0.6691530729082321,-0.1459548645683438,0.6624989392865923,0.2898628065059708,0.2615991041699441,-0.3330058646684561,0.3496311941990235,0.2714271716380665,0,Intermedi,1.0296686018905048,1.014633427913679,0.7654231353136094,Gentrificació moderada
2022,Barri,vallcarca i els penitents,,0.6246916586257126,16082,13358.0,0.0,1056.0,1667.0,1151.0,7836.0,1836.0,3009.0,5350.0,0.9064673641252848,0.1290862247774407,-0.334031614408018,69,0.7449000025090677,-0.2005747951642305,0.5177767944513627,0.6246916586257126,0.2721626036724186,-0.334031614408018,0.5018907162463846,0.3303667337760027,1,Gentrificació residencial,1.2628493746361371,0.8848078712947467,0.7654231353136094,Gentrificació moderada
2023,Barri,vallcarca i els penitents,,1.3278322480771705,16330,13372.0,0.0,1059.0,1898.0,1098.0,8283.0,1803.0,3102.0,5220.0,0.3965514064695692,0.0813909133493619,0.0260065441781802,69,0.7220146169022461,-0.0352685428590041,0.2389711599094656,1.3278322480771705,0.343373037021621,0.0260065441781802,0.9715675861214108,0.543916938635951,1,Gentrificació residencial,2.12088492611949,0.3889616298031164,0.7654231353136094,Gentrificació moderada
2024,Barri,vallcarca i els penitents,,1.6626611001969125,16678,13366.0,0.0,1133.0,2178.0,,,,,5360.0,0.1092178112826185,0.0177971647785914,0.0260065441781802,69,0.8087685282013047,0.1535992681457594,0.0635074880306049,1.6626611001969125,0.4811838981735321,0.0260065441781802,1.2223713724934324,0.6192886649385977,1,Gentrificació residencial,2.407322678582354,0.1240561130934954,0.7654231353136094,Gentrificació moderada
2025,Barri,vallcarca i els penitents,,1.5287295593490156,16919,13361.0,0.0,1226.0,2331.0,,,,,5380.0,0.1092178112826185,-0.2524762666471837,,69,0.936180540765084,0.2480490045777908,-0.0716292276822826,1.5287295593490156,0.5921147726714374,1.0092936587501425e-17,1.2189706941754972,0.5555530540343073,1,Gentrificació residencial,2.143285698079956,-0.1617283271995252,0.7654231353136094,Gentrificació moderada
2000,Barri,vallvidrera el tibidabo i les planes,,,3199,3053.0,0.0,96.0,50.0,,,,,,,,,70,-0.2581146577812228,-1.358055152873765,0.0033723453127869,3.6921966638804284e-16,-0.8080849053274939,1.0092936587501425e-17,-0.6517901991004689,-0.1606052774716626,0,Intermedi,-0.5643320059886094,0.579255909412365,0.7515510026796279,Gentrificació moderada
2001,Barri,vallvidrera el tibidabo i les planes,,,3244,3070.0,0.0,111.0,63.0,0.0,0.0,0.0,0.0,,,,,70,-0.1397461368591566,-1.3082118341923852,0.0033723453127869,3.6921966638804284e-16,-0.7239789855257709,1.0092936587501425e-17,-0.5839515179771327,-0.143784093511318,0,Intermedi,-0.5055960215341198,0.5189666369107756,0.7515510026796279,Gentrificació moderada
2002,Barri,vallvidrera el tibidabo i les planes,,,3426,3207.0,0.0,133.0,85.0,,,,,,,,,70,-0.0102338105237008,-1.2373399597294763,0.0033723453127869,3.6921966638804284e-16,-0.6237868851265885,1.0092936587501425e-17,-0.5031379442586492,-0.1237456734314815,0,Intermedi,-0.4356261351648551,0.4471463791011797,0.7515510026796279,Gentrificació moderada
2003,Barri,vallvidrera el tibidabo i les planes,,,3563,3277.0,0.0,142.0,143.0,,,,,,,,,70,0.0188340492726414,-1.0358351045291634,0.0033723453127869,3.6921966638804284e-16,-0.5085005276282609,1.0092936587501425e-17,-0.410149549831272,-0.1006884019318159,0,Intermedi,-0.3551150639132712,0.3645061720941343,0.7515510026796279,Gentrificació moderada
2004,Barri,vallvidrera el tibidabo i les planes,,,3671,3314.0,0.0,177.0,180.0,,,,,,,,,70,0.254063598535962,-0.9188299302451872,0.0033723453127869,3.6921966638804284e-16,-0.3323831658546126,1.0092936587501425e-17,-0.2680957018522978,-0.0654649295770863,0,Intermedi,-0.2321222157559787,0.2382607467868065,0.7515510026796279,Gentrificació moderada
2005,Barri,vallvidrera el tibidabo i les planes,,,3739,3358.0,0.0,191.0,190.0,,,,,,,,,70,0.3347296898699192,-0.8953879162728106,0.0033723453127869,3.6921966638804284e-16,-0.2803291132014456,1.0092936587501425e-17,-0.2261096170744317,-0.0550541190464529,0,Intermedi,-0.1957698872321669,0.2009470716897702,0.7515510026796279,Gentrificació moderada
2006,Barri,vallvidrera el tibidabo i les planes,,,3878,3434.0,0.0,221.0,223.0,,,,,,,,,70,0.5008469915131402,-0.8074439039351724,0.0033723453127869,3.6921966638804284e-16,-0.1532984562110161,1.0092936587501425e-17,-0.1236484317883386,-0.029647987648367,0,Intermedi,-0.1070570985031073,0.1098882507006314,0.7515510026796279,Gentrificació moderada
2007,Barri,vallvidrera el tibidabo i les planes,,,3940,3520.0,0.0,263.0,157.0,,,,,,,,,70,0.7755016380248074,-1.0396089666060435,0.0033723453127869,3.6921966638804284e-16,-0.1320536642906181,1.0092936587501425e-17,-0.1065126740673942,-0.0253990292642874,0,Intermedi,-0.0922206426279788,0.0946594409765601,0.7515510026796279,Gentrificació moderada
2008,Barri,vallvidrera el tibidabo i les planes,,,4082,3620.0,0.0,292.0,170.0,,,,,,,,,70,0.9100362460558706,-1.0159595756705495,0.0033723453127869,3.6921966638804284e-16,-0.0529616648073395,1.0092936587501425e-17,-0.042718152290542,-0.0095806293676317,0,Intermedi,-0.0369861661122224,0.0379642746816748,0.7515510026796279,Gentrificació moderada
2009,Barri,vallvidrera el tibidabo i les planes,,,4287,3800.0,0.0,297.0,190.0,,,,,,,,,70,0.8466173955936809,-0.9808013165940502,0.0033723453127869,3.6921966638804284e-16,-0.0670919605001846,1.0092936587501425e-17,-0.0541154549530085,-0.0124066885062007,0,Intermedi,-0.0468541614936283,0.0480932317106487,0.7515510026796279,Gentrificació moderada
2010,Barri,vallvidrera el tibidabo i les planes,,,4265,3801.0,0.0,276.0,188.0,,,,,,,,,70,0.7181551856153129,-0.9839613257018164,0.0033723453127869,3.6921966638804284e-16,-0.1329030700432518,1.0092936587501425e-17,-0.1071977930950807,-0.0255689104148141,0,Intermedi,-0.0928138313500076,0.0952683167252075,0.7515510026796279,Gentrificació moderada
2011,Barri,vallvidrera el tibidabo i les planes,,,4288,3847.0,0.0,262.0,179.0,0.0,0.0,0.0,0.0,1160.0,,,,70,0.6165421442146841,-1.0146689622310974,0.0033723453127869,3.6921966638804284e-16,-0.1990634090082066,1.0092936587501425e-17,-0.1605618148980199,-0.0388009782078051,0,Intermedi,-0.1390173881282993,0.1426937383133557,0.7515510026796279,Gentrificació moderada
2012,Barri,vallvidrera el tibidabo i les planes,,,4407,3896.0,0.0,298.0,213.0,,,,,1300.0,,,,70,0.7999320680163446,-0.9280444246867,0.0033723453127869,3.6921966638804284e-16,-0.0640561783351776,1.0092936587501425e-17,-0.0516668347044299,-0.0117995320731993,0,Intermedi,-0.0447341008073956,0.045917105480378,0.7515510026796279,Gentrificació moderada
2013,Barri,vallvidrera el tibidabo i les planes,,,4443,3900.0,0.0,331.0,212.0,,,,,1360.0,,,,70,0.9934653878045584,-0.9361534485122648,0.0033723453127869,3.6921966638804284e-16,0.0286559696461468,1.0092936587501425e-17,0.0231135120059067,0.0067428975230655,0,Intermedi,0.0200121060637864,-0.0205413312982808,0.7515510026796279,Gentrificació moderada
2014,Barri,vallvidrera el tibidabo i les planes,,-0.7481066350652287,4516,3921.0,0.0,370.0,225.0,,,,,1280.0,-1.0967738980935973,3.324672090458673,-0.3709586050322434,70,1.2025326422277065,-0.908443459892774,1.1139490961825378,-0.7481066350652287,0.1470445911674662,-0.3709586050322434,-0.2000849610222987,0.0649699355622372,0,Intermedi,0.2184513462360431,1.5050570673790409,0.7515510026796279,Gentrificació moderada
2015,Barri,vallvidrera el tibidabo i les planes,0.7500853412351454,-0.245863356885616,4604,3996.0,0.0,391.0,217.0,,,,,1140.0,-1.0643982817345043,0.6298869947722605,-0.3709586050322434,70,1.2867941650719217,-0.9438139307852584,0.1051913514243005,-0.245863356885616,0.1714901171433314,-0.3709586050322434,-0.0774664705259308,-0.082095299216177,0,Intermedi,-0.3636510729978207,0.1898380812883059,0.7515510026796279,Gentrificació moderada
2016,Barri,vallvidrera el tibidabo i les planes,1.0788425997860909,0.7586231994736093,4641,4024.0,0.0,401.0,216.0,,,,,1040.0,-1.0077409531060917,0.3278166890610995,-0.3709586050322434,70,1.3283629000520707,-0.9515882149977516,0.1329727785803661,0.7586231994736093,0.1883873425271595,-0.3709586050322434,0.4343178891650619,0.2309645409151758,0,Intermedi,0.8761598606490474,0.4587253542634292,0.7515510026796279,Gentrificació moderada
2017,Barri,vallvidrera el tibidabo i les planes,0.9290918281371504,1.260866477653222,4689,4020.0,0.0,421.0,248.0,,,,,930.0,-0.9956000969714316,0.8047698033418804,-0.3709586050322434,70,1.4234712403563463,-0.8681161751713523,0.2460871781691997,1.260866477653222,0.2776775325924971,-0.3709586050322434,0.769598733293441,0.4334298822587773,1,Gentrificació residencial,1.6702318169190888,0.6747623277772568,0.7515510026796279,Gentrificació moderada
2018,Barri,vallvidrera el tibidabo i les planes,0.957648082404193,-0.3128291273095643,4710,4025.0,0.0,455.0,230.0,,,,,920.0,-0.8863323917594926,0.5344963719161041,-0.3709586050322434,70,1.6152844071284678,-0.9214688427064984,0.2019373541869348,-0.3128291273095643,0.3469077822109846,-0.3709586050322434,0.0449061949564298,-0.0380776965010406,0,Intermedi,-0.2060461985084351,0.1840237607190132,0.7515510026796279,Gentrificació moderada
2019,Barri,vallvidrera el tibidabo i les planes,1.3756023338298522,0.3568285769299192,4727,3981.0,0.0,495.0,251.0,,,,,910.0,-0.9632244806123386,0.9399065190547686,-0.3709586050322434,70,1.8435630899550808,-0.8653617330604597,0.4507614574240941,0.3568285769299192,0.4891006784473107,-0.3709586050322434,0.5246199152498072,0.2659054249892175,1,Gentrificació residencial,0.9851402431814196,0.5933148286813205,0.7515510026796279,Gentrificació moderada
2020,Barri,vallvidrera el tibidabo i les planes,0.9445702754171348,-0.1119318160377193,4710,3976.0,0.0,470.0,264.0,,,,,910.0,-1.0036940010612048,2.021000244757872,-0.3709586050322434,70,1.7048761930627716,-0.8265486064107924,0.6539588397046004,-0.1119318160377193,0.4391637933259896,-0.3709586050322434,0.2827670764215801,0.1762491447588135,0,Intermedi,0.6336303114043973,0.8019759219457717,0.7515510026796279,Gentrificació moderada
2021,Barri,vallvidrera el tibidabo i les planes,0.9573483478648158,0.8255889698975577,4760,4015.0,0.0,428.0,317.0,300.0,2250.0,459.0,843.0,1260.0,-0.991553144926545,0.6696330876289922,-0.3709586050322434,70,1.4271667524047864,-0.6878808390640686,0.2118094301890876,0.8255889698975577,0.3696429566703589,-0.3709586050322434,0.624730646644509,0.3109563903536168,1,Gentrificació residencial,1.1759360716289846,0.455796784240086,0.7515510026796279,Gentrificació moderada
2022,Barri,vallvidrera el tibidabo i les planes,,0.2563799212939966,4805,4034.0,0.0,451.0,320.0,275.0,2330.0,498.0,817.0,860.0,-0.9187080081185856,0.2085784104909042,-0.3709586050322434,70,1.538135406864679,-0.6878722154022894,-0.3550647988138407,0.2563799212939966,0.4251315957311948,-0.3709586050322434,0.3084207251157072,-0.0187708651161629,0,Intermedi,-0.1349991685215871,-0.5182924387391463,0.7515510026796279,Gentrificació moderada
2023,Barri,vallvidrera el tibidabo i les planes,,0.4237943473538675,4831,4028.0,0.0,438.0,365.0,283.0,2357.0,486.0,849.0,1020.0,-1.023928761285638,1.019398704768232,-0.3432633620640743,70,1.4482232041425738,-0.5701020445005783,-0.002265028258703,0.4237943473538675,0.4390605798209977,-0.3432633620640743,0.4606149880204602,0.145618239279934,0,Intermedi,0.5157047730771038,-0.008878780014331,0.7515510026796279,Gentrificació moderada
2024,Barri,vallvidrera el tibidabo i les planes,,1.1604178220172996,4901,4013.0,0.0,463.0,424.0,,,,,1060.0,-1.0077409531060917,1.0670940161963096,-0.3432633620640743,70,1.5552945321013834,-0.4259963056950355,0.029676531545109,1.1604178220172996,0.5646491132031739,-0.3432633620640743,0.9288804494901736,0.4013054562965424,1,Gentrificació residencial,1.5176754331068816,0.1234318600413808,0.7515510026796279,Gentrificació moderada
2025,Barri,vallvidrera el tibidabo i les planes,,0.5577258882017643,4962,4025.0,0.0,478.0,458.0,,,,,1030.0,-1.0846330419589374,3.0702970961755898,,70,1.6076649525407458,-0.3498814463913638,0.9928320271083262,0.5577258882017643,0.628891753074691,1.0092936587501425e-17,0.9230763450290648,0.5909457252079654,1,Gentrificació residencial,2.276533508891141,1.0750427227239183,0.7515510026796279,Gentrificació moderada
2000,Barri,verdun,,,12419,12212.0,0.0,27.0,180.0,,,,,,,,,71,-1.041172043006965,-1.3729922177449037,0.0033723453127869,3.6921966638804284e-16,-1.2070821303759345,1.0092936587501425e-17,-0.9736158872680528,-0.2404047224813506,0,Intermedi,-0.8429746373643573,0.8652673160414465,0.2118776252978203,Desgentrificació
2001,Barri,verdun,,,12288,11805.0,0.0,29.0,454.0,0.0,0.0,0.0,0.0,,,,,71,-1.0359412698971606,-1.077756254978194,0.0033723453127869,3.6921966638804284e-16,-1.0568487624376774,1.0092936587501425e-17,-0.8524397136327762,-0.2103580488936993,0,Intermedi,-0.7380580656822495,0.7575761989379914,0.2118776252978203,Desgentrificació
2002,Barri,verdun,,,12434,11556.0,5.0,43.0,830.0,,,,,,,,,71,-1.005045959953574,-0.685831998787979,0.0033723453127869,3.6921966638804284e-16,-0.8454389793707764,1.0092936587501425e-17,-0.6819194827900554,-0.168076092280319,0,Intermedi,-0.5904184968978158,0.6060322642081887,0.2118776252978203,Desgentrificació
2003,Barri,verdun,,,12391,11266.0,5.0,45.0,1075.0,,,,,,,,,71,-1.00016766211085,-0.4227936719278683,0.0033723453127869,3.6921966638804284e-16,-0.7114806670193592,1.0092936587501425e-17,-0.57387054572532,-0.1412844298100356,0,Intermedi,-0.4968677293612206,0.5100075228315156,0.2118776252978203,Desgentrificació
2004,Barri,verdun,,,12319,10979.0,0.0,52.0,1288.0,,,,,,,,,71,-0.9835852563166388,-0.1887709891517067,0.0033723453127869,3.6921966638804284e-16,-0.5861781227341728,1.0092936587501425e-17,-0.4728032324405384,-0.1162239209529983,0,Intermedi,-0.409361780783604,0.4201874571885579,0.2118776252978203,Desgentrificació
2005,Barri,verdun,,,12188,10719.0,0.0,60.0,1409.0,,,,,,,,,71,-0.9638436634605556,-0.043451159554107,0.0033723453127869,3.6921966638804284e-16,-0.5036474115073314,1.0092936587501425e-17,-0.4062350929445462,-0.09971777870763,0,Intermedi,-0.3517258547623964,0.361027334445294,0.2118776252978203,Desgentrificació
2006,Barri,verdun,,,12171,10457.0,0.0,89.0,1625.0,,,,,,,,,71,-0.8966201712962952,0.192033101351947,0.0033723453127869,3.6921966638804284e-16,-0.3522935349721741,1.0092936587501425e-17,-0.2841551324464627,-0.0694470034005986,0,Intermedi,-0.2460267677034421,0.2525330081468364,0.2118776252978203,Desgentrificació
2007,Barri,verdun,,,12100,10320.0,0.0,169.0,1610.0,,,,,,,,,71,-0.7094175861247745,0.186033894879838,0.0033723453127869,3.6921966638804284e-16,-0.2616918456224682,1.0092936587501425e-17,-0.2110770527165227,-0.0513266655306574,0,Intermedi,-0.182754415058821,0.1875874020446023,0.2118776252978203,Desgentrificació
2008,Barri,verdun,,,12407,10301.0,0.0,210.0,1893.0,,,,,,,,,71,-0.6261759008263066,0.4426717489988825,0.0033723453127869,3.6921966638804284e-16,-0.091752075913712,1.0092936587501425e-17,-0.0740059657511399,-0.0173387115889062,0,Intermedi,-0.0640757335183979,0.06577023258754,0.2118776252978203,Desgentrificació
2009,Barri,verdun,,,12397,10185.0,0.0,206.0,2002.0,,,,,,,,,71,-0.634868787100913,0.5599041545061744,0.0033723453127869,3.6921966638804284e-16,-0.0374823162973693,1.0092936587501425e-17,-0.0302327221324695,-0.0064847596656376,0,Intermedi,-0.0261760498256324,0.0268682821205716,0.2118776252978203,Desgentrificació
2010,Barri,verdun,,,12315,10188.0,0.0,204.0,1919.0,,,,,,,,,71,-0.6363248624518097,0.4854208500655961,0.0033723453127869,3.6921966638804284e-16,-0.0754520061931068,1.0092936587501425e-17,-0.0608585531234543,-0.0140786976447851,0,Intermedi,-0.0526924605695542,0.05408592609048,0.2118776252978203,Desgentrificació
2011,Barri,verdun,,,12304,10178.0,0.0,186.0,1938.0,0.0,0.0,0.0,0.0,1026.0,,,,71,-0.6770633770399644,0.5075579286077913,0.0033723453127869,3.6921966638804284e-16,-0.0847527242160866,1.0092936587501425e-17,-0.0683603846909163,-0.0159388412493811,0,Intermedi,-0.0591876850496049,0.0607529184338226,0.2118776252978203,Desgentrificació
2012,Barri,verdun,,,12449,10202.0,0.0,210.0,2035.0,,,,,1116.0,,,,71,-0.6277823432992926,0.5858905055059545,0.0033723453127869,3.6921966638804284e-16,-0.020945918896669,1.0092936587501425e-17,-0.016894690840029,-0.0031774801854976,0,Intermedi,-0.014627735712303,0.0150145699034563,0.2118776252978203,Desgentrificació
2013,Barri,verdun,,,12337,10101.0,0.0,190.0,2045.0,,,,,1152.0,,,,71,-0.6690798006201861,0.616062567582487,0.0033723453127869,3.6921966638804284e-16,-0.0265086165188495,1.0092936587501425e-17,-0.0213814864314246,-0.0042900197099337,0,Intermedi,-0.0185124862962295,0.0190020537045753,0.2118776252978203,Desgentrificació
2014,Barri,verdun,,-1.2168670280328673,12120,9960.0,0.0,220.0,1939.0,,,,,1106.0,-0.3359469136549108,-1.2222809323514383,-0.3719843547718052,71,-0.5916894879660675,0.5400858120147252,-0.7791139230031747,-1.2168670280328673,-0.0258018379756711,-0.3719843547718052,-0.8410152515279079,-0.678351523860308,2,Baixa gentrificació,-2.706572694403108,-1.1456079518967155,0.2118776252978203,Desgentrificació
2015,Barri,verdun,-0.9468172227674544,-1.2503499132448417,12226,10161.0,0.0,230.0,1834.0,,,,,103.0,-0.3197591054753643,-1.333569992350288,-0.3719843547718052,71,-0.5731069601559657,0.4089179027457946,-0.8667154401977023,-1.2503499132448417,-0.0820945287050855,-0.3719843547718052,-0.9154146645777872,-0.7259353827281413,2,Baixa gentrificació,-2.8896428857974232,-1.2365181026155512,0.2118776252978203,Desgentrificació
2016,Barri,verdun,-1.0233351117855427,-0.9155210611250996,12261,10104.0,0.0,220.0,1937.0,,,,,9100.0,-0.3359469136549108,-1.1825348394947068,-0.3709586050322434,71,-0.5975618270275378,0.5137490654109339,-0.8472722883117201,-0.9155210611250996,-0.0419063808083019,-0.3709586050322434,-0.7151897306237766,-0.611411001999155,2,Baixa gentrificació,-2.439298621685297,-1.157971736573293,0.2118776252978203,Desgentrificació
2017,Barri,verdun,-1.030129196120772,-0.5806922090053578,12368,10059.0,0.0,236.0,2073.0,,,,,8230.0,-0.2995243452509312,-1.1427887466379751,-0.3709586050322434,71,-0.5655357430709943,0.6403680365618379,-0.8241474293365595,-0.5806922090053578,0.0374161467454218,-0.3709586050322434,-0.4831757406761144,-0.4881603831599395,2,Baixa gentrificació,-1.9581188017781488,-1.101667512375102,0.2118776252978203,Desgentrificació
2018,Barri,verdun,-1.0236592349673386,-0.4132777829454869,12445,9991.0,0.0,257.0,2197.0,,,,,7890.0,-0.093129790961713,-1.1904840580660532,-0.3709586050322434,71,-0.5213867000816598,0.757748719735857,-0.7690910279983681,-0.4132777829454869,0.1181810098270986,-0.3709586050322434,-0.3277981516571784,-0.4052661623241854,2,Baixa gentrificació,-1.6372265011453886,-1.0418120198687522,0.2118776252978203,Desgentrificació
2019,Barri,verdun,-1.0833943666912962,-0.245863356885616,12578,9830.0,0.0,277.0,2471.0,,,,,7270.0,-0.1133645511861461,-1.0632965609245115,-0.3709586050322434,71,-0.4827978509372211,1.0196470153206094,-0.753351826267318,-0.245863356885616,0.2684245821916942,-0.3709586050322434,-0.1219999589798405,-0.32027135951399,2,Baixa gentrificació,-1.3144556747002645,-1.0870541533092724,0.2118776252978203,Desgentrificació
2020,Barri,verdun,-1.058328478067406,-0.2793462420975902,12798,9826.0,0.0,303.0,2669.0,,,,,7180.0,-0.3966511943282103,-1.126890309495283,-0.3709586050322434,71,-0.4362960861557042,1.1786750881583783,-0.8606233272969663,-0.2793462420975902,0.3711895010013371,-0.3709586050322434,-0.0709172984576766,-0.3419446916245482,2,Baixa gentrificació,-1.4097815453117069,-1.319643628725201,0.2118776252978203,Desgentrificació
2021,Barri,verdun,-0.9718269344220084,-0.1788975864616676,12865,9768.0,0.0,300.0,2797.0,2337.0,2718.0,3255.0,2613.0,9420.0,-0.3278530095651376,-1.246128588065478,-0.3709586050322434,71,-0.4463248418686638,1.2952217225337428,-0.8486028440175413,-0.1788975864616676,0.4244484403325395,-0.3709586050322434,0.0231772533515496,-0.2975521620837034,2,Baixa gentrificació,-1.238822418814371,-1.316723122663252,0.2118776252978203,Desgentrificació
2022,Barri,verdun,,-0.2793462420975902,12558,9678.0,0.0,297.0,2583.0,2134.0,2801.0,3278.0,2649.0,6820.0,-0.1740688318594456,-1.230230150922785,-0.3709586050322434,71,-0.4370081455191933,1.1410341669865958,-0.7021494913911154,-0.2793462420975902,0.3520130107337011,-0.3709586050322434,-0.0637326648308402,-0.2982378389063201,2,Baixa gentrificació,-1.2351742813633628,-1.083028686253329,0.2118776252978203,Desgentrificació
2023,Barri,verdun,,0.5577258882017643,12774,9686.0,0.0,311.0,2777.0,2069.0,2959.0,3274.0,2809.0,6560.0,-0.4087920504628702,-1.333569992350288,-0.3432633620640743,71,-0.4174265500207171,1.294999844673998,-0.871181021406579,0.5577258882017643,0.4387866473266404,-0.3432633620640743,0.4020830885872708,-0.0749318829089312,0,Intermedi,-0.3559509845857869,-1.1984200471136766,0.2118776252978203,Desgentrificació
2024,Barri,verdun,,0.0889654952341257,13194,9908.0,0.0,336.0,2950.0,,,,,6780.0,-0.5706701322583354,-1.1189410909239363,-0.3432633620640743,71,-0.3859247485364128,1.3764169515114897,-0.8448056115911359,0.0889654952341257,0.4952461014875384,-0.3432633620640743,0.220773281383738,-0.1963554870224101,0,Intermedi,-0.842924162798351,-1.314699106460699,0.2118776252978203,Desgentrificació
2025,Barri,verdun,,0.4572772325658417,13511,10086.0,0.0,368.0,3057.0,,,,,6780.0,-0.6232805088418616,-1.1984332766373995,,71,-0.3361048375159086,1.411572846201972,-0.9108568927396308,0.4572772325658417,0.5377340043430318,1.0092936587501425e-17,0.5280195093516271,-0.0285270971835303,0,Intermedi,-0.1650002176479997,-1.5610476943644225,0.2118776252978203,Desgentrificació
2000,Barri,vilapicina i la torre llobeta,,,24834,24443.0,0.0,57.0,333.0,,,,,,,,,72,-1.0377638080638925,-1.3872576306884228,0.0033723453127869,3.6921966638804284e-16,-1.2125107193761575,1.0092936587501425e-17,-0.9779945126847176,-0.2414904402813953,0,Intermedi,-0.8467657322109342,0.8691586673554224,0.3884278073679299,Estable
2001,Barri,vilapicina i la torre llobeta,,,24996,24234.0,0.0,71.0,690.0,0.0,0.0,0.0,0.0,,,,,72,-1.0224259433756546,-1.200599099012805,0.0033723453127869,3.6921966638804284e-16,-1.1115125211942298,1.0092936587501425e-17,-0.8965307515529483,-0.2212908006450097,0,Intermedi,-0.7762329015572749,0.7967605780566588,0.3884278073679299,Estable
2002,Barri,vilapicina i la torre llobeta,,,25675,24239.0,5.0,115.0,1316.0,,,,,,,,,72,-0.9763288389772488,-0.8895975207973005,0.0033723453127869,3.6921966638804284e-16,-0.9329631798872746,1.0092936587501425e-17,-0.7525153022449901,-0.1855809323836187,0,Intermedi,-0.6515416626993195,0.6687718476746408,0.3884278073679299,Estable
2003,Barri,vilapicina i la torre llobeta,,,25867,23857.0,6.0,148.0,1856.0,,,,,,,,,72,-0.9413747558666378,-0.6200962991973774,0.0033723453127869,3.6921966638804284e-16,-0.7807355275320076,1.0092936587501425e-17,-0.6297305661571093,-0.1551354019125653,0,Intermedi,-0.5452323679034108,0.5596511765404322,0.3884278073679299,Estable
2004,Barri,vilapicina i la torre llobeta,,,25758,23408.0,0.0,173.0,2175.0,,,,,,,,,72,-0.9133896646699118,-0.4532569359817074,0.0033723453127869,3.6921966638804284e-16,-0.6833233003258097,1.0092936587501425e-17,-0.5511592000210024,-0.1356529564713257,0,Intermedi,-0.4772038263174088,0.4898236028706307,0.3884278073679299,Estable
2005,Barri,vilapicina i la torre llobeta,,,25715,23078.0,0.0,217.0,2418.0,,,,,,,,,72,-0.8649383840100638,-0.3271433778706019,0.0033723453127869,3.6921966638804284e-16,-0.5960408809403329,1.0092936587501425e-17,-0.4807583979095278,-0.1181964725942303,0,Intermedi,-0.4162495101377457,0.4272573342972117,0.3884278073679299,Estable
2006,Barri,vilapicina i la torre llobeta,,,25724,22773.0,0.0,254.0,2695.0,,,,,,,,,72,-0.8245581625614196,-0.1859828729100856,0.0033723453127869,3.6921966638804284e-16,-0.5052705177357526,1.0092936587501425e-17,-0.4075442681621616,-0.1000423999533143,0,Intermedi,-0.352859362872471,0.3621908184656223,0.3884278073679299,Estable
2007,Barri,vilapicina i la torre llobeta,,,25559,22567.0,0.0,416.0,2575.0,,,,,,,,,72,-0.6444576957392227,-0.2388255670875171,0.0033723453127869,3.6921966638804284e-16,-0.4416416314133699,1.0092936587501425e-17,-0.3562220813335397,-0.0873166226888377,0,Intermedi,-0.3084236645684925,0.3165800068187563,0.3884278073679299,Estable
2008,Barri,vilapicina i la torre llobeta,,,25756,22496.0,0.0,493.0,2767.0,,,,,,,,,72,-0.5638571076910095,-0.1509361803537823,0.0033723453127869,3.6921966638804284e-16,-0.3573966440223959,1.0092936587501425e-17,-0.2882712302004821,-0.0704676252106429,0,Intermedi,-0.2495905612455614,0.2561910471155493,0.3884278073679299,Estable
2009,Barri,vilapicina i la torre llobeta,,,25924,22366.0,0.0,516.0,3042.0,,,,,,,,,72,-0.5423878933959161,-0.0206044918387241,0.0033723453127869,3.6921966638804284e-16,-0.2814961926173201,1.0092936587501425e-17,-0.2270509673209514,-0.0552875349296278,0,Intermedi,-0.1965849256811793,0.2017836640378539,0.3884278073679299,Estable
2010,Barri,vilapicina i la torre llobeta,,,25635,22296.0,0.0,474.0,2864.0,,,,,,,,,72,-0.5821660212806203,-0.0945130801513388,0.0033723453127869,3.6921966638804284e-16,-0.3383395507159796,1.0092936587501425e-17,-0.2729000401701086,-0.0666562065493597,0,Intermedi,-0.2362819007038038,0.2425304356610008,0.3884278073679299,Estable
2011,Barri,vilapicina i la torre llobeta,,,25420,22060.0,0.0,417.0,2942.0,0.0,0.0,0.0,0.0,1695.0,,,,72,-0.6408472904712278,-0.0417400798280437,0.0033723453127869,3.6921966638804284e-16,-0.3412936851496357,1.0092936587501425e-17,-0.2752828044786461,-0.0672470334360909,0,Intermedi,-0.2383449420994719,0.2446480347110664,0.3884278073679299,Estable
2012,Barri,vilapicina i la torre llobeta,,,25519,22158.0,0.0,438.0,2922.0,,,,,1897.0,,,,72,-0.6194874745947256,-0.0579494406219131,0.0033723453127869,3.6921966638804284e-16,-0.3387184576083194,1.0092936587501425e-17,-0.2732056612715183,-0.0667319879278276,0,Intermedi,-0.2365465131043415,0.2428020458037691,0.3884278073679299,Estable
2013,Barri,vilapicina i la torre llobeta,,,25548,22126.0,0.0,451.0,2970.0,,,,,199.0,,,,72,-0.605720794343424,-0.034953489614829,0.0033723453127869,3.6921966638804284e-16,-0.3203371419791265,1.0092936587501425e-17,-0.2583795442450843,-0.0630557248019891,0,Intermedi,-0.2237097868478001,0.2296258490566356,0.3884278073679299,Estable
2014,Barri,vilapicina i la torre llobeta,,-1.350798568880764,25332,22145.0,0.0,491.0,2693.0,,,,,1947.0,0.530100823950828,-0.2365778295044919,-0.3678813558135579,72,-0.5570652957938231,-0.1657034577969504,0.146761497223168,-1.350798568880764,-0.3613843767953868,-0.3678813558135579,-1.0440290054178416,-0.5070642680190677,2,Baixa gentrificació,-1.998445645855245,0.3622578324886508,0.3884278073679299,Estable
2015,Barri,vilapicina i la torre llobeta,-0.1477447490341808,-1.183384142820893,25444,22361.0,0.0,509.0,2572.0,,,,,1807.0,0.3237062696616099,-0.3876129823600719,-0.3678813558135579,72,-0.5395640074712124,-0.2343884265634212,-0.0705504872442143,-1.183384142820893,-0.3869762170173167,-0.3678813558135579,-1.0133694007856715,-0.5271519035857072,2,Baixa gentrificació,-2.0749420277525226,0.1153088551270283,0.3884278073679299,Estable
2016,Barri,vilapicina i la torre llobeta,-0.2162033737260643,-0.7815895202772029,25522,22365.0,0.0,494.0,2661.0,,,,,1642.0,0.5462886321303746,-0.4671051680735354,-0.3648041065948725,72,-0.5578178003139503,-0.1925967917223838,-0.045673303223075,-0.7815895202772029,-0.375207296018167,-0.3648041065948725,-0.8017397571530797,-0.3961811275726913,2,Baixa gentrificació,-1.55660411998458,0.2367323253063389,0.3884278073679299,Estable
2017,Barri,vilapicina i la torre llobeta,-0.2713401038774931,-0.4802435533694352,25618,22254.0,0.0,527.0,2835.0,,,,,1418.0,1.0926271581900695,-0.3558161080746872,-0.3648041065948725,72,-0.5236201027136289,-0.1084233781965521,0.1551569820792964,-0.4802435533694352,-0.3160217404550905,-0.3648041065948725,-0.5770397040833599,-0.2336911407970342,0,Intermedi,-0.9185082490893304,0.5493219105622804,0.3884278073679299,Estable
2018,Barri,vilapicina i la torre llobeta,-0.2728297831511431,-0.4132777829454869,25675,22141.0,0.0,574.0,2957.0,,,,,1353.0,1.145237534773596,-0.3001715780752625,-0.3648041065948725,72,-0.4734074859269086,-0.0491725851703976,0.1907453911823967,-0.4132777829454869,-0.2612900355486531,-0.3648041065948725,-0.4948612664575877,-0.1919785459576321,0,Intermedi,-0.75839681570243,0.5762670010803523,0.3884278073679299,Estable
2019,Barri,vilapicina i la torre llobeta,-0.2874673722142866,-0.2123804716736418,25895,21972.0,0.0,638.0,3282.0,,,,,1247.0,1.088580206145183,-0.3160700152179554,-0.3648041065948725,72,-0.4092223963289283,0.1029933016652615,0.1616809395709803,-0.2123804716736418,-0.1531145473318333,-0.3648041065948725,-0.3129260051362434,-0.1187935904161396,0,Intermedi,-0.4783205179351577,0.5062353047648982,0.3884278073679299,Estable
2020,Barri,vilapicina i la torre llobeta,-0.2551772189853443,-0.1788975864616676,26083,21902.0,0.0,677.0,3502.0,,,,,1263.0,0.5381947280406013,-0.2683747037898767,-0.3648041065948725,72,-0.3721547201280777,0.2018898511479763,0.0048809350884601,-0.1788975864616676,-0.0851324344900506,-0.3648041065948725,-0.2640326291617842,-0.1421923036289469,0,Intermedi,-0.5770232260652466,0.2450535408232771,0.3884278073679299,Estable
2021,Barri,vilapicina i la torre llobeta,-0.1851890470591841,-0.4132777829454869,25875,21659.0,0.0,663.0,3551.0,3450.0,8637.0,4911.0,5613.0,1695.0,1.1938009593122354,-0.220679392361799,-0.3648041065948725,72,-0.3815061554149721,0.2409827958731953,0.262644173297084,-0.4132777829454869,-0.0702616797708884,-0.3648041065948725,-0.3305032589285398,-0.132203240167673,0,Intermedi,-0.5396964263186826,0.5404474223118856,0.3884278073679299,Estable
2022,Barri,vilapicina i la torre llobeta,,-0.0114831604017967,25667,21610.0,0.0,690.0,3364.0,3215.0,8914.0,4877.0,5590.0,1184.0,0.9550307886639242,-0.3160700152179554,-0.3648041065948725,72,-0.3460718948652328,0.1598061712421781,0.3194803867229844,-0.0114831604017967,-0.0931328618115273,-0.3648041065948725,-0.1431530226854408,0.0008117742150763,0,Intermedi,-0.0102219555775567,0.7335450993749816,0.3884278073679299,Estable
2023,Barri,vilapicina i la torre llobeta,,0.2898628065059708,25919,21438.0,0.0,673.0,3805.0,3081.0,9278.0,4813.0,5767.0,1104.0,0.4451148310082088,-0.1411872066483355,-0.1996583985254197,72,-0.3718760839503333,0.3667788335827306,0.1519638121799366,0.2898628065059708,-0.0025486251838013,-0.1996583985254197,0.1029173219803197,0.092106580863928,0,Intermedi,0.3515892988070742,0.4037507257770218,0.3884278073679299,Estable
2024,Barri,vilapicina i la torre llobeta,,0.3568285769299192,26293,21499.0,0.0,734.0,4057.0,,,,,1172.0,0.2184855164945575,-0.1968317366477602,-0.1996583985254197,72,-0.3170002560131221,0.465347151571917,0.0108268899233986,0.3568285769299192,0.0741734477793974,-0.1996583985254197,0.177571906550164,0.0851996499067908,0,Intermedi,0.3174066046346653,0.1663959313615498,0.3884278073679299,Estable
2025,Barri,vilapicina i la torre llobeta,,0.5912087734137385,26547,21537.0,0.0,804.0,4203.0,,,,,1154.0,0.125405619462165,-0.5068512609302671,,72,-0.2503353630843996,0.5182511759106831,-0.190722820734051,0.5912087734137385,0.1339579064131418,1.0092936587501425e-17,0.3711658866531278,0.1469373670865346,0,Intermedi,0.5666634233189815,-0.2265971137735058,0.3884278073679299,Estable
