territori,tipus_de_territori,nacionalitat_espanya_ue_resta_estranger,any,poblacio
el raval,Barri,Espanya,1997,31117.0
el raval,Barri,Resta de la Unió Europea,1997,249.0
el raval,Barri,Resta del món,1997,2730.0
el raval,Barri,No consta,1997,
el barri gotic,Barri,Espanya,1997,12675.0
el barri gotic,Barri,Resta de la Unió Europea,1997,189.0
el barri gotic,Barri,Resta del món,1997,699.0
el barri gotic,Barri,No consta,1997,
la barceloneta,Barri,Espanya,1997,14378.0
la barceloneta,Barri,Resta de la Unió Europea,1997,35.0
la barceloneta,Barri,Resta del món,1997,351.0
la barceloneta,Barri,No consta,1997,
sant pere santa caterina i la ribera,Barri,Espanya,1997,18409.0
sant pere santa caterina i la ribera,Barri,Resta de la Unió Europea,1997,217.0
sant pere santa caterina i la ribera,Barri,Resta del món,1997,1216.0
sant pere santa caterina i la ribera,Barri,No consta,1997,
el fort pienc,Barri,Espanya,1997,27577.0
el fort pienc,Barri,Resta de la Unió Europea,1997,160.0
el fort pienc,Barri,Resta del món,1997,397.0
el fort pienc,Barri,No consta,1997,5.0
la sagrada familia,Barri,Espanya,1997,47764.0
la sagrada familia,Barri,Resta de la Unió Europea,1997,169.0
la sagrada familia,Barri,Resta del món,1997,540.0
la sagrada familia,Barri,No consta,1997,8.0
la dreta de leixample,Barri,Espanya,1997,38277.0
la dreta de leixample,Barri,Resta de la Unió Europea,1997,340.0
la dreta de leixample,Barri,Resta del món,1997,498.0
la dreta de leixample,Barri,No consta,1997,
lantiga esquerra de leixample,Barri,Espanya,1997,38201.0
lantiga esquerra de leixample,Barri,Resta de la Unió Europea,1997,303.0
lantiga esquerra de leixample,Barri,Resta del món,1997,669.0
lantiga esquerra de leixample,Barri,No consta,1997,
la nova esquerra de leixample,Barri,Espanya,1997,53972.0
la nova esquerra de leixample,Barri,Resta de la Unió Europea,1997,309.0
la nova esquerra de leixample,Barri,Resta del món,1997,859.0
la nova esquerra de leixample,Barri,No consta,1997,
sant antoni,Barri,Espanya,1997,35352.0
sant antoni,Barri,Resta de la Unió Europea,1997,159.0
sant antoni,Barri,Resta del món,1997,492.0
sant antoni,Barri,No consta,1997,5.0
el poble sec,Barri,Espanya,1997,33022.0
el poble sec,Barri,Resta de la Unió Europea,1997,106.0
el poble sec,Barri,Resta del món,1997,650.0
el poble sec,Barri,No consta,1997,
la marina del prat vermell,Barri,Espanya,1997,1799.0
la marina del prat vermell,Barri,Resta de la Unió Europea,1997,
la marina del prat vermell,Barri,Resta del món,1997,8.0
la marina del prat vermell,Barri,No consta,1997,
la marina de port,Barri,Espanya,1997,26816.0
la marina de port,Barri,Resta de la Unió Europea,1997,47.0
la marina de port,Barri,Resta del món,1997,221.0
la marina de port,Barri,No consta,1997,
la font de la guatlla,Barri,Espanya,1997,8887.0
la font de la guatlla,Barri,Resta de la Unió Europea,1997,37.0
la font de la guatlla,Barri,Resta del món,1997,114.0
la font de la guatlla,Barri,No consta,1997,
hostafrancs,Barri,Espanya,1997,14324.0
hostafrancs,Barri,Resta de la Unió Europea,1997,55.0
hostafrancs,Barri,Resta del món,1997,273.0
hostafrancs,Barri,No consta,1997,
la bordeta,Barri,Espanya,1997,17048.0
la bordeta,Barri,Resta de la Unió Europea,1997,38.0
la bordeta,Barri,Resta del món,1997,202.0
la bordeta,Barri,No consta,1997,
sants badal,Barri,Espanya,1997,23334.0
sants badal,Barri,Resta de la Unió Europea,1997,55.0
sants badal,Barri,Resta del món,1997,265.0
sants badal,Barri,No consta,1997,
sants,Barri,Espanya,1997,37761.0
sants,Barri,Resta de la Unió Europea,1997,109.0
sants,Barri,Resta del món,1997,434.0
sants,Barri,No consta,1997,
les corts,Barri,Espanya,1997,45113.0
les corts,Barri,Resta de la Unió Europea,1997,311.0
les corts,Barri,Resta del món,1997,451.0
les corts,Barri,No consta,1997,7.0
la maternitat i sant ramon,Barri,Espanya,1997,24089.0
la maternitat i sant ramon,Barri,Resta de la Unió Europea,1997,131.0
la maternitat i sant ramon,Barri,Resta del món,1997,234.0
la maternitat i sant ramon,Barri,No consta,1997,
pedralbes,Barri,Espanya,1997,10395.0
pedralbes,Barri,Resta de la Unió Europea,1997,276.0
pedralbes,Barri,Resta del món,1997,231.0
pedralbes,Barri,No consta,1997,
vallvidrera el tibidabo i les planes,Barri,Espanya,1997,2927.0
vallvidrera el tibidabo i les planes,Barri,Resta de la Unió Europea,1997,72.0
vallvidrera el tibidabo i les planes,Barri,Resta del món,1997,34.0
vallvidrera el tibidabo i les planes,Barri,No consta,1997,
sarria,Barri,Espanya,1997,20015.0
sarria,Barri,Resta de la Unió Europea,1997,320.0
sarria,Barri,Resta del món,1997,224.0
sarria,Barri,No consta,1997,
les tres torres,Barri,Espanya,1997,12826.0
les tres torres,Barri,Resta de la Unió Europea,1997,231.0
les tres torres,Barri,Resta del món,1997,149.0
les tres torres,Barri,No consta,1997,
sant gervasi la bonanova,Barri,Espanya,1997,21184.0
sant gervasi la bonanova,Barri,Resta de la Unió Europea,1997,318.0
sant gervasi la bonanova,Barri,Resta del món,1997,234.0
sant gervasi la bonanova,Barri,No consta,1997,
sant gervasi galvany,Barri,Espanya,1997,42318.0
sant gervasi galvany,Barri,Resta de la Unió Europea,1997,600.0
sant gervasi galvany,Barri,Resta del món,1997,675.0
sant gervasi galvany,Barri,No consta,1997,
el putxet i el farro,Barri,Espanya,1997,25715.0
el putxet i el farro,Barri,Resta de la Unió Europea,1997,324.0
el putxet i el farro,Barri,Resta del món,1997,352.0
el putxet i el farro,Barri,No consta,1997,
vallcarca i els penitents,Barri,Espanya,1997,14015.0
vallcarca i els penitents,Barri,Resta de la Unió Europea,1997,149.0
vallcarca i els penitents,Barri,Resta del món,1997,124.0
vallcarca i els penitents,Barri,No consta,1997,
el coll,Barri,Espanya,1997,6557.0
el coll,Barri,Resta de la Unió Europea,1997,49.0
el coll,Barri,Resta del món,1997,52.0
el coll,Barri,No consta,1997,
la salut,Barri,Espanya,1997,12643.0
la salut,Barri,Resta de la Unió Europea,1997,97.0
la salut,Barri,Resta del món,1997,118.0
la salut,Barri,No consta,1997,
la vila de gracia,Barri,Espanya,1997,45991.0
la vila de gracia,Barri,Resta de la Unió Europea,1997,334.0
la vila de gracia,Barri,Resta del món,1997,620.0
la vila de gracia,Barri,No consta,1997,6.0
el camp den grassot i gracia nova,Barri,Espanya,1997,33226.0
el camp den grassot i gracia nova,Barri,Resta de la Unió Europea,1997,158.0
el camp den grassot i gracia nova,Barri,Resta del món,1997,270.0
el camp den grassot i gracia nova,Barri,No consta,1997,
el baix guinardo,Barri,Espanya,1997,24711.0
el baix guinardo,Barri,Resta de la Unió Europea,1997,88.0
el baix guinardo,Barri,Resta del món,1997,228.0
el baix guinardo,Barri,No consta,1997,
can baro,Barri,Espanya,1997,8767.0
can baro,Barri,Resta de la Unió Europea,1997,29.0
can baro,Barri,Resta del món,1997,72.0
can baro,Barri,No consta,1997,
el guinardo,Barri,Espanya,1997,34152.0
el guinardo,Barri,Resta de la Unió Europea,1997,127.0
el guinardo,Barri,Resta del món,1997,272.0
el guinardo,Barri,No consta,1997,
la font den fargues,Barri,Espanya,1997,9761.0
la font den fargues,Barri,Resta de la Unió Europea,1997,34.0
la font den fargues,Barri,Resta del món,1997,15.0
la font den fargues,Barri,No consta,1997,
el carmel,Barri,Espanya,1997,33580.0
el carmel,Barri,Resta de la Unió Europea,1997,45.0
el carmel,Barri,Resta del món,1997,196.0
el carmel,Barri,No consta,1997,
la teixonera,Barri,Espanya,1997,11221.0
la teixonera,Barri,Resta de la Unió Europea,1997,18.0
la teixonera,Barri,Resta del món,1997,97.0
la teixonera,Barri,No consta,1997,
sant genis dels agudells,Barri,Espanya,1997,7110.0
sant genis dels agudells,Barri,Resta de la Unió Europea,1997,31.0
sant genis dels agudells,Barri,Resta del món,1997,65.0
sant genis dels agudells,Barri,No consta,1997,
montbau,Barri,Espanya,1997,5251.0
montbau,Barri,Resta de la Unió Europea,1997,8.0
montbau,Barri,Resta del món,1997,22.0
montbau,Barri,No consta,1997,
la vall dhebron,Barri,Espanya,1997,5373.0
la vall dhebron,Barri,Resta de la Unió Europea,1997,19.0
la vall dhebron,Barri,Resta del món,1997,54.0
la vall dhebron,Barri,No consta,1997,
la clota,Barri,Espanya,1997,443.0
la clota,Barri,Resta de la Unió Europea,1997,
la clota,Barri,Resta del món,1997,
horta,Barri,Espanya,1997,26342.0
horta,Barri,Resta de la Unió Europea,1997,47.0
horta,Barri,Resta del món,1997,92.0
horta,Barri,No consta,1997,
vilapicina i la torre llobeta,Barri,Espanya,1997,24674.0
vilapicina i la torre llobeta,Barri,Resta de la Unió Europea,1997,48.0
vilapicina i la torre llobeta,Barri,Resta del món,1997,143.0
vilapicina i la torre llobeta,Barri,No consta,1997,
porta,Barri,Espanya,1997,23953.0
porta,Barri,Resta de la Unió Europea,1997,45.0
porta,Barri,Resta del món,1997,162.0
porta,Barri,No consta,1997,
el turo de la peira,Barri,Espanya,1997,14712.0
el turo de la peira,Barri,Resta de la Unió Europea,1997,20.0
el turo de la peira,Barri,Resta del món,1997,106.0
el turo de la peira,Barri,No consta,1997,
can peguera,Barri,Espanya,1997,2256.0
can peguera,Barri,Resta de la Unió Europea,1997,
can peguera,Barri,Resta del món,1997,18.0
la guineueta,Barri,Espanya,1997,17081.0
la guineueta,Barri,Resta de la Unió Europea,1997,19.0
la guineueta,Barri,Resta del món,1997,54.0
la guineueta,Barri,No consta,1997,
canyelles,Barri,Espanya,1997,8719.0
canyelles,Barri,Resta de la Unió Europea,1997,11.0
canyelles,Barri,Resta del món,1997,14.0
canyelles,Barri,No consta,1997,
les roquetes,Barri,Espanya,1997,15508.0
les roquetes,Barri,Resta de la Unió Europea,1997,21.0
les roquetes,Barri,Resta del món,1997,107.0
les roquetes,Barri,No consta,1997,
verdun,Barri,Espanya,1997,12795.0
verdun,Barri,Resta de la Unió Europea,1997,23.0
verdun,Barri,Resta del món,1997,101.0
verdun,Barri,No consta,1997,
la prosperitat,Barri,Espanya,1997,27757.0
la prosperitat,Barri,Resta de la Unió Europea,1997,32.0
la prosperitat,Barri,Resta del món,1997,110.0
la prosperitat,Barri,No consta,1997,
la trinitat nova,Barri,Espanya,1997,7567.0
la trinitat nova,Barri,Resta de la Unió Europea,1997,8.0
la trinitat nova,Barri,Resta del món,1997,19.0
la trinitat nova,Barri,No consta,1997,
torre baro,Barri,Espanya,1997,2343.0
torre baro,Barri,Resta de la Unió Europea,1997,11.0
torre baro,Barri,Resta del món,1997,14.0
torre baro,Barri,No consta,1997,
ciutat meridiana,Barri,Espanya,1997,9787.0
ciutat meridiana,Barri,Resta de la Unió Europea,1997,18.0
ciutat meridiana,Barri,Resta del món,1997,18.0
ciutat meridiana,Barri,No consta,1997,
vallbona,Barri,Espanya,1997,712.0
vallbona,Barri,Resta de la Unió Europea,1997,
vallbona,Barri,Resta del món,1997,
vallbona,Barri,No consta,1997,
la trinitat vella,Barri,Espanya,1997,7632.0
la trinitat vella,Barri,Resta de la Unió Europea,1997,
la trinitat vella,Barri,Resta del món,1997,168.0
la trinitat vella,Barri,No consta,1997,
baro de viver,Barri,Espanya,1997,2291.0
baro de viver,Barri,Resta de la Unió Europea,1997,
baro de viver,Barri,Resta del món,1997,5.0
baro de viver,Barri,No consta,1997,
el bon pastor,Barri,Espanya,1997,10023.0
el bon pastor,Barri,Resta de la Unió Europea,1997,10.0
el bon pastor,Barri,Resta del món,1997,27.0
el bon pastor,Barri,No consta,1997,
sant andreu,Barri,Espanya,1997,51342.0
sant andreu,Barri,Resta de la Unió Europea,1997,80.0
sant andreu,Barri,Resta del món,1997,272.0
sant andreu,Barri,No consta,1997,
la sagrera,Barri,Espanya,1997,27648.0
la sagrera,Barri,Resta de la Unió Europea,1997,46.0
la sagrera,Barri,Resta del món,1997,310.0
la sagrera,Barri,No consta,1997,
el congres i els indians,Barri,Espanya,1997,13612.0
el congres i els indians,Barri,Resta de la Unió Europea,1997,29.0
el congres i els indians,Barri,Resta del món,1997,77.0
el congres i els indians,Barri,No consta,1997,
navas,Barri,Espanya,1997,20771.0
navas,Barri,Resta de la Unió Europea,1997,47.0
navas,Barri,Resta del món,1997,157.0
navas,Barri,No consta,1997,
el camp de larpa del clot,Barri,Espanya,1997,35971.0
el camp de larpa del clot,Barri,Resta de la Unió Europea,1997,115.0
el camp de larpa del clot,Barri,Resta del món,1997,446.0
el camp de larpa del clot,Barri,No consta,1997,
el clot,Barri,Espanya,1997,22679.0
el clot,Barri,Resta de la Unió Europea,1997,68.0
el clot,Barri,Resta del món,1997,225.0
el clot,Barri,No consta,1997,
el parc i la llacuna del poblenou,Barri,Espanya,1997,12058.0
el parc i la llacuna del poblenou,Barri,Resta de la Unió Europea,1997,54.0
el parc i la llacuna del poblenou,Barri,Resta del món,1997,222.0
el parc i la llacuna del poblenou,Barri,No consta,1997,
la vila olimpica del poblenou,Barri,Espanya,1997,5772.0
la vila olimpica del poblenou,Barri,Resta de la Unió Europea,1997,105.0
la vila olimpica del poblenou,Barri,Resta del món,1997,118.0
la vila olimpica del poblenou,Barri,No consta,1997,7.0
el poblenou,Barri,Espanya,1997,23572.0
el poblenou,Barri,Resta de la Unió Europea,1997,52.0
el poblenou,Barri,Resta del món,1997,209.0
el poblenou,Barri,No consta,1997,
diagonal mar i el front maritim del poblenou,Barri,Espanya,1997,4113.0
diagonal mar i el front maritim del poblenou,Barri,Resta de la Unió Europea,1997,6.0
diagonal mar i el front maritim del poblenou,Barri,Resta del món,1997,30.0
diagonal mar i el front maritim del poblenou,Barri,No consta,1997,
el besos i el maresme,Barri,Espanya,1997,21402.0
el besos i el maresme,Barri,Resta de la Unió Europea,1997,27.0
el besos i el maresme,Barri,Resta del món,1997,111.0
el besos i el maresme,Barri,No consta,1997,
provencals del poblenou,Barri,Espanya,1997,16700.0
provencals del poblenou,Barri,Resta de la Unió Europea,1997,36.0
provencals del poblenou,Barri,Resta del món,1997,132.0
provencals del poblenou,Barri,No consta,1997,
sant marti de provencals,Barri,Espanya,1997,27204.0
sant marti de provencals,Barri,Resta de la Unió Europea,1997,40.0
sant marti de provencals,Barri,Resta del món,1997,114.0
sant marti de provencals,Barri,No consta,1997,
la verneda i la pau,Barri,Espanya,1997,31971.0
la verneda i la pau,Barri,Resta de la Unió Europea,1997,37.0
la verneda i la pau,Barri,Resta del món,1997,114.0
la verneda i la pau,Barri,No consta,1997,
el raval,Barri,Espanya,1998,31302.0
el raval,Barri,Resta de la Unió Europea,1998,309.0
el raval,Barri,Resta del món,1998,3531.0
el raval,Barri,No consta,1998,
el barri gotic,Barri,Espanya,1998,12986.0
el barri gotic,Barri,Resta de la Unió Europea,1998,246.0
el barri gotic,Barri,Resta del món,1998,890.0
el barri gotic,Barri,No consta,1998,5.0
la barceloneta,Barri,Espanya,1998,14425.0
la barceloneta,Barri,Resta de la Unió Europea,1998,47.0
la barceloneta,Barri,Resta del món,1998,438.0
la barceloneta,Barri,No consta,1998,
sant pere santa caterina i la ribera,Barri,Espanya,1998,18401.0
sant pere santa caterina i la ribera,Barri,Resta de la Unió Europea,1998,289.0
sant pere santa caterina i la ribera,Barri,Resta del món,1998,1434.0
sant pere santa caterina i la ribera,Barri,No consta,1998,
el fort pienc,Barri,Espanya,1998,27623.0
el fort pienc,Barri,Resta de la Unió Europea,1998,183.0
el fort pienc,Barri,Resta del món,1998,460.0
el fort pienc,Barri,No consta,1998,6.0
la sagrada familia,Barri,Espanya,1998,48001.0
la sagrada familia,Barri,Resta de la Unió Europea,1998,201.0
la sagrada familia,Barri,Resta del món,1998,702.0
la sagrada familia,Barri,No consta,1998,10.0
la dreta de leixample,Barri,Espanya,1998,38494.0
la dreta de leixample,Barri,Resta de la Unió Europea,1998,403.0
la dreta de leixample,Barri,Resta del món,1998,617.0
la dreta de leixample,Barri,No consta,1998,5.0
lantiga esquerra de leixample,Barri,Espanya,1998,38389.0
lantiga esquerra de leixample,Barri,Resta de la Unió Europea,1998,339.0
lantiga esquerra de leixample,Barri,Resta del món,1998,854.0
lantiga esquerra de leixample,Barri,No consta,1998,
la nova esquerra de leixample,Barri,Espanya,1998,53920.0
la nova esquerra de leixample,Barri,Resta de la Unió Europea,1998,360.0
la nova esquerra de leixample,Barri,Resta del món,1998,1001.0
la nova esquerra de leixample,Barri,No consta,1998,
sant antoni,Barri,Espanya,1998,35476.0
sant antoni,Barri,Resta de la Unió Europea,1998,190.0
sant antoni,Barri,Resta del món,1998,629.0
sant antoni,Barri,No consta,1998,
el poble sec,Barri,Espanya,1998,33169.0
el poble sec,Barri,Resta de la Unió Europea,1998,143.0
el poble sec,Barri,Resta del món,1998,907.0
el poble sec,Barri,No consta,1998,
la marina del prat vermell,Barri,Espanya,1998,1754.0
la marina del prat vermell,Barri,Resta de la Unió Europea,1998,
la marina del prat vermell,Barri,Resta del món,1998,7.0
la marina del prat vermell,Barri,No consta,1998,
la marina de port,Barri,Espanya,1998,27107.0
la marina de port,Barri,Resta de la Unió Europea,1998,52.0
la marina de port,Barri,Resta del món,1998,254.0
la marina de port,Barri,No consta,1998,
la font de la guatlla,Barri,Espanya,1998,9104.0
la font de la guatlla,Barri,Resta de la Unió Europea,1998,36.0
la font de la guatlla,Barri,Resta del món,1998,137.0
la font de la guatlla,Barri,No consta,1998,
hostafrancs,Barri,Espanya,1998,14389.0
hostafrancs,Barri,Resta de la Unió Europea,1998,66.0
hostafrancs,Barri,Resta del món,1998,348.0
hostafrancs,Barri,No consta,1998,
la bordeta,Barri,Espanya,1998,17280.0
la bordeta,Barri,Resta de la Unió Europea,1998,39.0
la bordeta,Barri,Resta del món,1998,249.0
la bordeta,Barri,No consta,1998,
sants badal,Barri,Espanya,1998,23385.0
sants badal,Barri,Resta de la Unió Europea,1998,66.0
sants badal,Barri,Resta del món,1998,349.0
sants badal,Barri,No consta,1998,
sants,Barri,Espanya,1998,37724.0
sants,Barri,Resta de la Unió Europea,1998,137.0
sants,Barri,Resta del món,1998,588.0
sants,Barri,No consta,1998,
les corts,Barri,Espanya,1998,45678.0
les corts,Barri,Resta de la Unió Europea,1998,346.0
les corts,Barri,Resta del món,1998,561.0
les corts,Barri,No consta,1998,10.0
la maternitat i sant ramon,Barri,Espanya,1998,24157.0
la maternitat i sant ramon,Barri,Resta de la Unió Europea,1998,149.0
la maternitat i sant ramon,Barri,Resta del món,1998,275.0
la maternitat i sant ramon,Barri,No consta,1998,
pedralbes,Barri,Espanya,1998,10596.0
pedralbes,Barri,Resta de la Unió Europea,1998,305.0
pedralbes,Barri,Resta del món,1998,282.0
pedralbes,Barri,No consta,1998,
vallvidrera el tibidabo i les planes,Barri,Espanya,1998,3057.0
vallvidrera el tibidabo i les planes,Barri,Resta de la Unió Europea,1998,72.0
vallvidrera el tibidabo i les planes,Barri,Resta del món,1998,42.0
vallvidrera el tibidabo i les planes,Barri,No consta,1998,
sarria,Barri,Espanya,1998,20454.0
sarria,Barri,Resta de la Unió Europea,1998,384.0
sarria,Barri,Resta del món,1998,276.0
sarria,Barri,No consta,1998,
les tres torres,Barri,Espanya,1998,13082.0
les tres torres,Barri,Resta de la Unió Europea,1998,260.0
les tres torres,Barri,Resta del món,1998,163.0
les tres torres,Barri,No consta,1998,
sant gervasi la bonanova,Barri,Espanya,1998,21564.0
sant gervasi la bonanova,Barri,Resta de la Unió Europea,1998,346.0
sant gervasi la bonanova,Barri,Resta del món,1998,231.0
sant gervasi la bonanova,Barri,No consta,1998,
sant gervasi galvany,Barri,Espanya,1998,42503.0
sant gervasi galvany,Barri,Resta de la Unió Europea,1998,650.0
sant gervasi galvany,Barri,Resta del món,1998,765.0
sant gervasi galvany,Barri,No consta,1998,
el putxet i el farro,Barri,Espanya,1998,26176.0
el putxet i el farro,Barri,Resta de la Unió Europea,1998,356.0
el putxet i el farro,Barri,Resta del món,1998,385.0
el putxet i el farro,Barri,No consta,1998,
vallcarca i els penitents,Barri,Espanya,1998,14067.0
vallcarca i els penitents,Barri,Resta de la Unió Europea,1998,155.0
vallcarca i els penitents,Barri,Resta del món,1998,144.0
vallcarca i els penitents,Barri,No consta,1998,
el coll,Barri,Espanya,1998,6560.0
el coll,Barri,Resta de la Unió Europea,1998,49.0
el coll,Barri,Resta del món,1998,64.0
el coll,Barri,No consta,1998,
la salut,Barri,Espanya,1998,12720.0
la salut,Barri,Resta de la Unió Europea,1998,110.0
la salut,Barri,Resta del món,1998,126.0
la salut,Barri,No consta,1998,
la vila de gracia,Barri,Espanya,1998,46040.0
la vila de gracia,Barri,Resta de la Unió Europea,1998,410.0
la vila de gracia,Barri,Resta del món,1998,776.0
la vila de gracia,Barri,No consta,1998,8.0
el camp den grassot i gracia nova,Barri,Espanya,1998,33517.0
el camp den grassot i gracia nova,Barri,Resta de la Unió Europea,1998,170.0
el camp den grassot i gracia nova,Barri,Resta del món,1998,336.0
el camp den grassot i gracia nova,Barri,No consta,1998,
el baix guinardo,Barri,Espanya,1998,24701.0
el baix guinardo,Barri,Resta de la Unió Europea,1998,89.0
el baix guinardo,Barri,Resta del món,1998,315.0
el baix guinardo,Barri,No consta,1998,
can baro,Barri,Espanya,1998,8951.0
can baro,Barri,Resta de la Unió Europea,1998,29.0
can baro,Barri,Resta del món,1998,88.0
can baro,Barri,No consta,1998,
el guinardo,Barri,Espanya,1998,34103.0
el guinardo,Barri,Resta de la Unió Europea,1998,136.0
el guinardo,Barri,Resta del món,1998,344.0
el guinardo,Barri,No consta,1998,
la font den fargues,Barri,Espanya,1998,9801.0
la font den fargues,Barri,Resta de la Unió Europea,1998,38.0
la font den fargues,Barri,Resta del món,1998,20.0
la font den fargues,Barri,No consta,1998,
el carmel,Barri,Espanya,1998,33596.0
el carmel,Barri,Resta de la Unió Europea,1998,48.0
el carmel,Barri,Resta del món,1998,216.0
el carmel,Barri,No consta,1998,
la teixonera,Barri,Espanya,1998,11232.0
la teixonera,Barri,Resta de la Unió Europea,1998,19.0
la teixonera,Barri,Resta del món,1998,128.0
la teixonera,Barri,No consta,1998,
sant genis dels agudells,Barri,Espanya,1998,7087.0
sant genis dels agudells,Barri,Resta de la Unió Europea,1998,28.0
sant genis dels agudells,Barri,Resta del món,1998,72.0
sant genis dels agudells,Barri,No consta,1998,
montbau,Barri,Espanya,1998,5239.0
montbau,Barri,Resta de la Unió Europea,1998,8.0
montbau,Barri,Resta del món,1998,27.0
montbau,Barri,No consta,1998,
la vall dhebron,Barri,Espanya,1998,5407.0
la vall dhebron,Barri,Resta de la Unió Europea,1998,24.0
la vall dhebron,Barri,Resta del món,1998,74.0
la vall dhebron,Barri,No consta,1998,
la clota,Barri,Espanya,1998,450.0
la clota,Barri,Resta de la Unió Europea,1998,
la clota,Barri,Resta del món,1998,11.0
horta,Barri,Espanya,1998,26364.0
horta,Barri,Resta de la Unió Europea,1998,47.0
horta,Barri,Resta del món,1998,118.0
horta,Barri,No consta,1998,
vilapicina i la torre llobeta,Barri,Espanya,1998,24677.0
vilapicina i la torre llobeta,Barri,Resta de la Unió Europea,1998,48.0
vilapicina i la torre llobeta,Barri,Resta del món,1998,205.0
vilapicina i la torre llobeta,Barri,No consta,1998,
porta,Barri,Espanya,1998,23897.0
porta,Barri,Resta de la Unió Europea,1998,57.0
porta,Barri,Resta del món,1998,187.0
porta,Barri,No consta,1998,
el turo de la peira,Barri,Espanya,1998,14571.0
el turo de la peira,Barri,Resta de la Unió Europea,1998,24.0
el turo de la peira,Barri,Resta del món,1998,145.0
el turo de la peira,Barri,No consta,1998,
can peguera,Barri,Espanya,1998,2307.0
can peguera,Barri,Resta de la Unió Europea,1998,
can peguera,Barri,Resta del món,1998,24.0
la guineueta,Barri,Espanya,1998,16931.0
la guineueta,Barri,Resta de la Unió Europea,1998,24.0
la guineueta,Barri,Resta del món,1998,74.0
la guineueta,Barri,No consta,1998,
canyelles,Barri,Espanya,1998,8656.0
canyelles,Barri,Resta de la Unió Europea,1998,12.0
canyelles,Barri,Resta del món,1998,19.0
canyelles,Barri,No consta,1998,
les roquetes,Barri,Espanya,1998,15521.0
les roquetes,Barri,Resta de la Unió Europea,1998,22.0
les roquetes,Barri,Resta del món,1998,133.0
les roquetes,Barri,No consta,1998,
verdun,Barri,Espanya,1998,12688.0
verdun,Barri,Resta de la Unió Europea,1998,24.0
verdun,Barri,Resta del món,1998,124.0
verdun,Barri,No consta,1998,
la prosperitat,Barri,Espanya,1998,27729.0
la prosperitat,Barri,Resta de la Unió Europea,1998,28.0
la prosperitat,Barri,Resta del món,1998,142.0
la prosperitat,Barri,No consta,1998,
la trinitat nova,Barri,Espanya,1998,7750.0
la trinitat nova,Barri,Resta de la Unió Europea,1998,10.0
la trinitat nova,Barri,Resta del món,1998,25.0
la trinitat nova,Barri,No consta,1998,
torre baro,Barri,Espanya,1998,2368.0
torre baro,Barri,Resta de la Unió Europea,1998,11.0
torre baro,Barri,Resta del món,1998,17.0
torre baro,Barri,No consta,1998,
ciutat meridiana,Barri,Espanya,1998,9796.0
ciutat meridiana,Barri,Resta de la Unió Europea,1998,11.0
ciutat meridiana,Barri,Resta del món,1998,28.0
ciutat meridiana,Barri,No consta,1998,
vallbona,Barri,Espanya,1998,784.0
vallbona,Barri,Resta de la Unió Europea,1998,5.0
vallbona,Barri,Resta del món,1998,
vallbona,Barri,No consta,1998,
la trinitat vella,Barri,Espanya,1998,7708.0
la trinitat vella,Barri,Resta de la Unió Europea,1998,
la trinitat vella,Barri,Resta del món,1998,192.0
la trinitat vella,Barri,No consta,1998,
baro de viver,Barri,Espanya,1998,2345.0
baro de viver,Barri,Resta de la Unió Europea,1998,
baro de viver,Barri,Resta del món,1998,8.0
baro de viver,Barri,No consta,1998,
el bon pastor,Barri,Espanya,1998,10088.0
el bon pastor,Barri,Resta de la Unió Europea,1998,9.0
el bon pastor,Barri,Resta del món,1998,33.0
el bon pastor,Barri,No consta,1998,
sant andreu,Barri,Espanya,1998,51634.0
sant andreu,Barri,Resta de la Unió Europea,1998,98.0
sant andreu,Barri,Resta del món,1998,334.0
sant andreu,Barri,No consta,1998,
la sagrera,Barri,Espanya,1998,27604.0
la sagrera,Barri,Resta de la Unió Europea,1998,51.0
la sagrera,Barri,Resta del món,1998,329.0
la sagrera,Barri,No consta,1998,
el congres i els indians,Barri,Espanya,1998,13610.0
el congres i els indians,Barri,Resta de la Unió Europea,1998,34.0
el congres i els indians,Barri,Resta del món,1998,100.0
el congres i els indians,Barri,No consta,1998,
navas,Barri,Espanya,1998,20988.0
navas,Barri,Resta de la Unió Europea,1998,48.0
navas,Barri,Resta del món,1998,206.0
navas,Barri,No consta,1998,
el camp de larpa del clot,Barri,Espanya,1998,36205.0
el camp de larpa del clot,Barri,Resta de la Unió Europea,1998,129.0
el camp de larpa del clot,Barri,Resta del món,1998,548.0
el camp de larpa del clot,Barri,No consta,1998,
el clot,Barri,Espanya,1998,22907.0
el clot,Barri,Resta de la Unió Europea,1998,76.0
el clot,Barri,Resta del món,1998,287.0
el clot,Barri,No consta,1998,
el parc i la llacuna del poblenou,Barri,Espanya,1998,12057.0
el parc i la llacuna del poblenou,Barri,Resta de la Unió Europea,1998,61.0
el parc i la llacuna del poblenou,Barri,Resta del món,1998,272.0
el parc i la llacuna del poblenou,Barri,No consta,1998,
la vila olimpica del poblenou,Barri,Espanya,1998,6157.0
la vila olimpica del poblenou,Barri,Resta de la Unió Europea,1998,116.0
la vila olimpica del poblenou,Barri,Resta del món,1998,142.0
la vila olimpica del poblenou,Barri,No consta,1998,7.0
el poblenou,Barri,Espanya,1998,23835.0
el poblenou,Barri,Resta de la Unió Europea,1998,67.0
el poblenou,Barri,Resta del món,1998,232.0
el poblenou,Barri,No consta,1998,
diagonal mar i el front maritim del poblenou,Barri,Espanya,1998,4120.0
diagonal mar i el front maritim del poblenou,Barri,Resta de la Unió Europea,1998,10.0
diagonal mar i el front maritim del poblenou,Barri,Resta del món,1998,33.0
diagonal mar i el front maritim del poblenou,Barri,No consta,1998,
el besos i el maresme,Barri,Espanya,1998,21451.0
el besos i el maresme,Barri,Resta de la Unió Europea,1998,29.0
el besos i el maresme,Barri,Resta del món,1998,138.0
el besos i el maresme,Barri,No consta,1998,
provencals del poblenou,Barri,Espanya,1998,16976.0
provencals del poblenou,Barri,Resta de la Unió Europea,1998,40.0
provencals del poblenou,Barri,Resta del món,1998,191.0
provencals del poblenou,Barri,No consta,1998,
sant marti de provencals,Barri,Espanya,1998,27434.0
sant marti de provencals,Barri,Resta de la Unió Europea,1998,46.0
sant marti de provencals,Barri,Resta del món,1998,162.0
sant marti de provencals,Barri,No consta,1998,
la verneda i la pau,Barri,Espanya,1998,31915.0
la verneda i la pau,Barri,Resta de la Unió Europea,1998,35.0
la verneda i la pau,Barri,Resta del món,1998,147.0
la verneda i la pau,Barri,No consta,1998,
el raval,Barri,Espanya,1999,30650.0
el raval,Barri,Resta de la Unió Europea,1999,341.0
el raval,Barri,Resta del món,1999,4359.0
el raval,Barri,No consta,1999,6.0
el barri gotic,Barri,Espanya,1999,13085.0
el barri gotic,Barri,Resta de la Unió Europea,1999,308.0
el barri gotic,Barri,Resta del món,1999,1081.0
el barri gotic,Barri,No consta,1999,6.0
la barceloneta,Barri,Espanya,1999,14303.0
la barceloneta,Barri,Resta de la Unió Europea,1999,69.0
la barceloneta,Barri,Resta del món,1999,565.0
la barceloneta,Barri,No consta,1999,
sant pere santa caterina i la ribera,Barri,Espanya,1999,17809.0
sant pere santa caterina i la ribera,Barri,Resta de la Unió Europea,1999,329.0
sant pere santa caterina i la ribera,Barri,Resta del món,1999,1628.0
sant pere santa caterina i la ribera,Barri,No consta,1999,
el fort pienc,Barri,Espanya,1999,27610.0
el fort pienc,Barri,Resta de la Unió Europea,1999,200.0
el fort pienc,Barri,Resta del món,1999,551.0
el fort pienc,Barri,No consta,1999,5.0
la sagrada familia,Barri,Espanya,1999,47866.0
la sagrada familia,Barri,Resta de la Unió Europea,1999,229.0
la sagrada familia,Barri,Resta del món,1999,918.0
la sagrada familia,Barri,No consta,1999,8.0
la dreta de leixample,Barri,Espanya,1999,38303.0
la dreta de leixample,Barri,Resta de la Unió Europea,1999,465.0
la dreta de leixample,Barri,Resta del món,1999,740.0
la dreta de leixample,Barri,No consta,1999,6.0
lantiga esquerra de leixample,Barri,Espanya,1999,38033.0
lantiga esquerra de leixample,Barri,Resta de la Unió Europea,1999,375.0
lantiga esquerra de leixample,Barri,Resta del món,1999,1002.0
lantiga esquerra de leixample,Barri,No consta,1999,6.0
la nova esquerra de leixample,Barri,Espanya,1999,53647.0
la nova esquerra de leixample,Barri,Resta de la Unió Europea,1999,412.0
la nova esquerra de leixample,Barri,Resta del món,1999,1144.0
la nova esquerra de leixample,Barri,No consta,1999,
sant antoni,Barri,Espanya,1999,35228.0
sant antoni,Barri,Resta de la Unió Europea,1999,221.0
sant antoni,Barri,Resta del món,1999,765.0
sant antoni,Barri,No consta,1999,
el poble sec,Barri,Espanya,1999,32906.0
el poble sec,Barri,Resta de la Unió Europea,1999,177.0
el poble sec,Barri,Resta del món,1999,1191.0
el poble sec,Barri,No consta,1999,
la marina del prat vermell,Barri,Espanya,1999,1834.0
la marina del prat vermell,Barri,Resta de la Unió Europea,1999,
la marina del prat vermell,Barri,Resta del món,1999,15.0
la marina del prat vermell,Barri,No consta,1999,
la marina de port,Barri,Espanya,1999,26959.0
la marina de port,Barri,Resta de la Unió Europea,1999,60.0
la marina de port,Barri,Resta del món,1999,309.0
la marina de port,Barri,No consta,1999,
la font de la guatlla,Barri,Espanya,1999,9174.0
la font de la guatlla,Barri,Resta de la Unió Europea,1999,39.0
la font de la guatlla,Barri,Resta del món,1999,165.0
la font de la guatlla,Barri,No consta,1999,
hostafrancs,Barri,Espanya,1999,14226.0
hostafrancs,Barri,Resta de la Unió Europea,1999,77.0
hostafrancs,Barri,Resta del món,1999,358.0
hostafrancs,Barri,No consta,1999,
la bordeta,Barri,Espanya,1999,17255.0
la bordeta,Barri,Resta de la Unió Europea,1999,53.0
la bordeta,Barri,Resta del món,1999,281.0
la bordeta,Barri,No consta,1999,5.0
sants badal,Barri,Espanya,1999,23239.0
sants badal,Barri,Resta de la Unió Europea,1999,81.0
sants badal,Barri,Resta del món,1999,418.0
sants badal,Barri,No consta,1999,
sants,Barri,Espanya,1999,37375.0
sants,Barri,Resta de la Unió Europea,1999,146.0
sants,Barri,Resta del món,1999,665.0
sants,Barri,No consta,1999,
les corts,Barri,Espanya,1999,45569.0
les corts,Barri,Resta de la Unió Europea,1999,404.0
les corts,Barri,Resta del món,1999,627.0
les corts,Barri,No consta,1999,11.0
la maternitat i sant ramon,Barri,Espanya,1999,24028.0
la maternitat i sant ramon,Barri,Resta de la Unió Europea,1999,160.0
la maternitat i sant ramon,Barri,Resta del món,1999,322.0
la maternitat i sant ramon,Barri,No consta,1999,
pedralbes,Barri,Espanya,1999,10525.0
pedralbes,Barri,Resta de la Unió Europea,1999,321.0
pedralbes,Barri,Resta del món,1999,315.0
pedralbes,Barri,No consta,1999,
vallvidrera el tibidabo i les planes,Barri,Espanya,1999,2985.0
vallvidrera el tibidabo i les planes,Barri,Resta de la Unió Europea,1999,90.0
vallvidrera el tibidabo i les planes,Barri,Resta del món,1999,42.0
vallvidrera el tibidabo i les planes,Barri,No consta,1999,
sarria,Barri,Espanya,1999,20611.0
sarria,Barri,Resta de la Unió Europea,1999,445.0
sarria,Barri,Resta del món,1999,360.0
sarria,Barri,No consta,1999,
les tres torres,Barri,Espanya,1999,13262.0
les tres torres,Barri,Resta de la Unió Europea,1999,267.0
les tres torres,Barri,Resta del món,1999,183.0
les tres torres,Barri,No consta,1999,
sant gervasi la bonanova,Barri,Espanya,1999,21657.0
sant gervasi la bonanova,Barri,Resta de la Unió Europea,1999,364.0
sant gervasi la bonanova,Barri,Resta del món,1999,253.0
sant gervasi la bonanova,Barri,No consta,1999,
sant gervasi galvany,Barri,Espanya,1999,42607.0
sant gervasi galvany,Barri,Resta de la Unió Europea,1999,668.0
sant gervasi galvany,Barri,Resta del món,1999,810.0
sant gervasi galvany,Barri,No consta,1999,
el putxet i el farro,Barri,Espanya,1999,26123.0
el putxet i el farro,Barri,Resta de la Unió Europea,1999,373.0
el putxet i el farro,Barri,Resta del món,1999,459.0
el putxet i el farro,Barri,No consta,1999,5.0
vallcarca i els penitents,Barri,Espanya,1999,13897.0
vallcarca i els penitents,Barri,Resta de la Unió Europea,1999,160.0
vallcarca i els penitents,Barri,Resta del món,1999,184.0
vallcarca i els penitents,Barri,No consta,1999,
el coll,Barri,Espanya,1999,6570.0
el coll,Barri,Resta de la Unió Europea,1999,52.0
el coll,Barri,Resta del món,1999,69.0
el coll,Barri,No consta,1999,
la salut,Barri,Espanya,1999,12824.0
la salut,Barri,Resta de la Unió Europea,1999,113.0
la salut,Barri,Resta del món,1999,155.0
la salut,Barri,No consta,1999,
la vila de gracia,Barri,Espanya,1999,45641.0
la vila de gracia,Barri,Resta de la Unió Europea,1999,460.0
la vila de gracia,Barri,Resta del món,1999,882.0
la vila de gracia,Barri,No consta,1999,8.0
el camp den grassot i gracia nova,Barri,Espanya,1999,33342.0
el camp den grassot i gracia nova,Barri,Resta de la Unió Europea,1999,214.0
el camp den grassot i gracia nova,Barri,Resta del món,1999,432.0
el camp den grassot i gracia nova,Barri,No consta,1999,
el baix guinardo,Barri,Espanya,1999,24509.0
el baix guinardo,Barri,Resta de la Unió Europea,1999,96.0
el baix guinardo,Barri,Resta del món,1999,373.0
el baix guinardo,Barri,No consta,1999,
can baro,Barri,Espanya,1999,8829.0
can baro,Barri,Resta de la Unió Europea,1999,33.0
can baro,Barri,Resta del món,1999,91.0
can baro,Barri,No consta,1999,
el guinardo,Barri,Espanya,1999,33832.0
el guinardo,Barri,Resta de la Unió Europea,1999,148.0
el guinardo,Barri,Resta del món,1999,459.0
el guinardo,Barri,No consta,1999,
la font den fargues,Barri,Espanya,1999,9773.0
la font den fargues,Barri,Resta de la Unió Europea,1999,38.0
la font den fargues,Barri,Resta del món,1999,32.0
la font den fargues,Barri,No consta,1999,
el carmel,Barri,Espanya,1999,33046.0
el carmel,Barri,Resta de la Unió Europea,1999,64.0
el carmel,Barri,Resta del món,1999,261.0
el carmel,Barri,No consta,1999,
la teixonera,Barri,Espanya,1999,11192.0
la teixonera,Barri,Resta de la Unió Europea,1999,24.0
la teixonera,Barri,Resta del món,1999,161.0
la teixonera,Barri,No consta,1999,
sant genis dels agudells,Barri,Espanya,1999,7014.0
sant genis dels agudells,Barri,Resta de la Unió Europea,1999,27.0
sant genis dels agudells,Barri,Resta del món,1999,80.0
sant genis dels agudells,Barri,No consta,1999,
montbau,Barri,Espanya,1999,5128.0
montbau,Barri,Resta de la Unió Europea,1999,8.0
montbau,Barri,Resta del món,1999,37.0
montbau,Barri,No consta,1999,
la vall dhebron,Barri,Espanya,1999,5428.0
la vall dhebron,Barri,Resta de la Unió Europea,1999,19.0
la vall dhebron,Barri,Resta del món,1999,73.0
la vall dhebron,Barri,No consta,1999,
la clota,Barri,Espanya,1999,453.0
la clota,Barri,Resta de la Unió Europea,1999,
la clota,Barri,Resta del món,1999,14.0
horta,Barri,Espanya,1999,26173.0
horta,Barri,Resta de la Unió Europea,1999,55.0
horta,Barri,Resta del món,1999,153.0
horta,Barri,No consta,1999,
vilapicina i la torre llobeta,Barri,Espanya,1999,24664.0
vilapicina i la torre llobeta,Barri,Resta de la Unió Europea,1999,50.0
vilapicina i la torre llobeta,Barri,Resta del món,1999,246.0
vilapicina i la torre llobeta,Barri,No consta,1999,
porta,Barri,Espanya,1999,23731.0
porta,Barri,Resta de la Unió Europea,1999,58.0
porta,Barri,Resta del món,1999,219.0
porta,Barri,No consta,1999,
el turo de la peira,Barri,Espanya,1999,14239.0
el turo de la peira,Barri,Resta de la Unió Europea,1999,22.0
el turo de la peira,Barri,Resta del món,1999,322.0
el turo de la peira,Barri,No consta,1999,
can peguera,Barri,Espanya,1999,2258.0
can peguera,Barri,Resta de la Unió Europea,1999,
can peguera,Barri,Resta del món,1999,28.0
la guineueta,Barri,Espanya,1999,16680.0
la guineueta,Barri,Resta de la Unió Europea,1999,25.0
la guineueta,Barri,Resta del món,1999,90.0
la guineueta,Barri,No consta,1999,
canyelles,Barri,Espanya,1999,8471.0
canyelles,Barri,Resta de la Unió Europea,1999,10.0
canyelles,Barri,Resta del món,1999,22.0
canyelles,Barri,No consta,1999,
les roquetes,Barri,Espanya,1999,15192.0
les roquetes,Barri,Resta de la Unió Europea,1999,22.0
les roquetes,Barri,Resta del món,1999,168.0
les roquetes,Barri,No consta,1999,
verdun,Barri,Espanya,1999,12489.0
verdun,Barri,Resta de la Unió Europea,1999,24.0
verdun,Barri,Resta del món,1999,136.0
verdun,Barri,No consta,1999,
la prosperitat,Barri,Espanya,1999,27055.0
la prosperitat,Barri,Resta de la Unió Europea,1999,33.0
la prosperitat,Barri,Resta del món,1999,188.0
la prosperitat,Barri,No consta,1999,
la trinitat nova,Barri,Espanya,1999,7610.0
la trinitat nova,Barri,Resta de la Unió Europea,1999,9.0
la trinitat nova,Barri,Resta del món,1999,44.0
la trinitat nova,Barri,No consta,1999,
torre baro,Barri,Espanya,1999,2296.0
torre baro,Barri,Resta de la Unió Europea,1999,14.0
torre baro,Barri,Resta del món,1999,16.0
torre baro,Barri,No consta,1999,
ciutat meridiana,Barri,Espanya,1999,9740.0
ciutat meridiana,Barri,Resta de la Unió Europea,1999,12.0
ciutat meridiana,Barri,Resta del món,1999,47.0
ciutat meridiana,Barri,No consta,1999,
vallbona,Barri,Espanya,1999,799.0
vallbona,Barri,Resta de la Unió Europea,1999,10.0
vallbona,Barri,Resta del món,1999,
vallbona,Barri,No consta,1999,
la trinitat vella,Barri,Espanya,1999,7716.0
la trinitat vella,Barri,Resta de la Unió Europea,1999,
la trinitat vella,Barri,Resta del món,1999,261.0
la trinitat vella,Barri,No consta,1999,
baro de viver,Barri,Espanya,1999,2342.0
baro de viver,Barri,Resta de la Unió Europea,1999,
baro de viver,Barri,Resta del món,1999,12.0
baro de viver,Barri,No consta,1999,
el bon pastor,Barri,Espanya,1999,9966.0
el bon pastor,Barri,Resta de la Unió Europea,1999,8.0
el bon pastor,Barri,Resta del món,1999,51.0
el bon pastor,Barri,No consta,1999,
sant andreu,Barri,Espanya,1999,51581.0
sant andreu,Barri,Resta de la Unió Europea,1999,101.0
sant andreu,Barri,Resta del món,1999,365.0
sant andreu,Barri,No consta,1999,
la sagrera,Barri,Espanya,1999,27380.0
la sagrera,Barri,Resta de la Unió Europea,1999,60.0
la sagrera,Barri,Resta del món,1999,409.0
la sagrera,Barri,No consta,1999,
el congres i els indians,Barri,Espanya,1999,13419.0
el congres i els indians,Barri,Resta de la Unió Europea,1999,35.0
el congres i els indians,Barri,Resta del món,1999,118.0
el congres i els indians,Barri,No consta,1999,
navas,Barri,Espanya,1999,21066.0
navas,Barri,Resta de la Unió Europea,1999,61.0
navas,Barri,Resta del món,1999,275.0
navas,Barri,No consta,1999,5.0
el camp de larpa del clot,Barri,Espanya,1999,35935.0
el camp de larpa del clot,Barri,Resta de la Unió Europea,1999,176.0
el camp de larpa del clot,Barri,Resta del món,1999,690.0
el camp de larpa del clot,Barri,No consta,1999,
el clot,Barri,Espanya,1999,23176.0
el clot,Barri,Resta de la Unió Europea,1999,95.0
el clot,Barri,Resta del món,1999,391.0
el clot,Barri,No consta,1999,
el parc i la llacuna del poblenou,Barri,Espanya,1999,12004.0
el parc i la llacuna del poblenou,Barri,Resta de la Unió Europea,1999,72.0
el parc i la llacuna del poblenou,Barri,Resta del món,1999,316.0
el parc i la llacuna del poblenou,Barri,No consta,1999,
la vila olimpica del poblenou,Barri,Espanya,1999,6406.0
la vila olimpica del poblenou,Barri,Resta de la Unió Europea,1999,141.0
la vila olimpica del poblenou,Barri,Resta del món,1999,167.0
la vila olimpica del poblenou,Barri,No consta,1999,7.0
el poblenou,Barri,Espanya,1999,23799.0
el poblenou,Barri,Resta de la Unió Europea,1999,78.0
el poblenou,Barri,Resta del món,1999,354.0
el poblenou,Barri,No consta,1999,
diagonal mar i el front maritim del poblenou,Barri,Espanya,1999,4069.0
diagonal mar i el front maritim del poblenou,Barri,Resta de la Unió Europea,1999,10.0
diagonal mar i el front maritim del poblenou,Barri,Resta del món,1999,38.0
diagonal mar i el front maritim del poblenou,Barri,No consta,1999,
el besos i el maresme,Barri,Espanya,1999,21256.0
el besos i el maresme,Barri,Resta de la Unió Europea,1999,29.0
el besos i el maresme,Barri,Resta del món,1999,162.0
el besos i el maresme,Barri,No consta,1999,
provencals del poblenou,Barri,Espanya,1999,16841.0
provencals del poblenou,Barri,Resta de la Unió Europea,1999,36.0
provencals del poblenou,Barri,Resta del món,1999,240.0
provencals del poblenou,Barri,No consta,1999,
sant marti de provencals,Barri,Espanya,1999,27336.0
sant marti de provencals,Barri,Resta de la Unió Europea,1999,49.0
sant marti de provencals,Barri,Resta del món,1999,190.0
sant marti de provencals,Barri,No consta,1999,
la verneda i la pau,Barri,Espanya,1999,31482.0
la verneda i la pau,Barri,Resta de la Unió Europea,1999,45.0
la verneda i la pau,Barri,Resta del món,1999,172.0
la verneda i la pau,Barri,No consta,1999,
el raval,Barri,Espanya,2000,29760.0
el raval,Barri,Resta de la Unió Europea,2000,408.0
el raval,Barri,Resta del món,2000,5156.0
el raval,Barri,No consta,2000,9.0
el barri gotic,Barri,Espanya,2000,13107.0
el barri gotic,Barri,Resta de la Unió Europea,2000,438.0
el barri gotic,Barri,Resta del món,2000,1256.0
el barri gotic,Barri,No consta,2000,6.0
la barceloneta,Barri,Espanya,2000,14049.0
la barceloneta,Barri,Resta de la Unió Europea,2000,120.0
la barceloneta,Barri,Resta del món,2000,742.0
la barceloneta,Barri,No consta,2000,
sant pere santa caterina i la ribera,Barri,Espanya,2000,17224.0
sant pere santa caterina i la ribera,Barri,Resta de la Unió Europea,2000,382.0
sant pere santa caterina i la ribera,Barri,Resta del món,2000,1866.0
sant pere santa caterina i la ribera,Barri,No consta,2000,
el fort pienc,Barri,Espanya,2000,27468.0
el fort pienc,Barri,Resta de la Unió Europea,2000,222.0
el fort pienc,Barri,Resta del món,2000,660.0
el fort pienc,Barri,No consta,2000,
la sagrada familia,Barri,Espanya,2000,47463.0
la sagrada familia,Barri,Resta de la Unió Europea,2000,253.0
la sagrada familia,Barri,Resta del món,2000,1188.0
la sagrada familia,Barri,No consta,2000,19.0
la dreta de leixample,Barri,Espanya,2000,38119.0
la dreta de leixample,Barri,Resta de la Unió Europea,2000,548.0
la dreta de leixample,Barri,Resta del món,2000,901.0
la dreta de leixample,Barri,No consta,2000,6.0
lantiga esquerra de leixample,Barri,Espanya,2000,37370.0
lantiga esquerra de leixample,Barri,Resta de la Unió Europea,2000,418.0
lantiga esquerra de leixample,Barri,Resta del món,2000,1173.0
lantiga esquerra de leixample,Barri,No consta,2000,
la nova esquerra de leixample,Barri,Espanya,2000,53212.0
la nova esquerra de leixample,Barri,Resta de la Unió Europea,2000,453.0
la nova esquerra de leixample,Barri,Resta del món,2000,1432.0
la nova esquerra de leixample,Barri,No consta,2000,
sant antoni,Barri,Espanya,2000,34762.0
sant antoni,Barri,Resta de la Unió Europea,2000,235.0
sant antoni,Barri,Resta del món,2000,970.0
sant antoni,Barri,No consta,2000,
el poble sec,Barri,Espanya,2000,32287.0
el poble sec,Barri,Resta de la Unió Europea,2000,209.0
el poble sec,Barri,Resta del món,2000,1499.0
el poble sec,Barri,No consta,2000,
la marina del prat vermell,Barri,Espanya,2000,1779.0
la marina del prat vermell,Barri,Resta de la Unió Europea,2000,
la marina del prat vermell,Barri,Resta del món,2000,22.0
la marina del prat vermell,Barri,No consta,2000,
la marina de port,Barri,Espanya,2000,26906.0
la marina de port,Barri,Resta de la Unió Europea,2000,69.0
la marina de port,Barri,Resta del món,2000,408.0
la marina de port,Barri,No consta,2000,
la font de la guatlla,Barri,Espanya,2000,9083.0
la font de la guatlla,Barri,Resta de la Unió Europea,2000,40.0
la font de la guatlla,Barri,Resta del món,2000,226.0
la font de la guatlla,Barri,No consta,2000,
hostafrancs,Barri,Espanya,2000,14037.0
hostafrancs,Barri,Resta de la Unió Europea,2000,88.0
hostafrancs,Barri,Resta del món,2000,411.0
hostafrancs,Barri,No consta,2000,
la bordeta,Barri,Espanya,2000,17287.0
la bordeta,Barri,Resta de la Unió Europea,2000,61.0
la bordeta,Barri,Resta del món,2000,325.0
la bordeta,Barri,No consta,2000,
sants badal,Barri,Espanya,2000,22790.0
sants badal,Barri,Resta de la Unió Europea,2000,84.0
sants badal,Barri,Resta del món,2000,569.0
sants badal,Barri,No consta,2000,
sants,Barri,Espanya,2000,36867.0
sants,Barri,Resta de la Unió Europea,2000,182.0
sants,Barri,Resta del món,2000,855.0
sants,Barri,No consta,2000,6.0
les corts,Barri,Espanya,2000,45375.0
les corts,Barri,Resta de la Unió Europea,2000,437.0
les corts,Barri,Resta del món,2000,746.0
les corts,Barri,No consta,2000,10.0
la maternitat i sant ramon,Barri,Espanya,2000,24004.0
la maternitat i sant ramon,Barri,Resta de la Unió Europea,2000,175.0
la maternitat i sant ramon,Barri,Resta del món,2000,406.0
la maternitat i sant ramon,Barri,No consta,2000,
pedralbes,Barri,Espanya,2000,10539.0
pedralbes,Barri,Resta de la Unió Europea,2000,366.0
pedralbes,Barri,Resta del món,2000,381.0
pedralbes,Barri,No consta,2000,
vallvidrera el tibidabo i les planes,Barri,Espanya,2000,3053.0
vallvidrera el tibidabo i les planes,Barri,Resta de la Unió Europea,2000,96.0
vallvidrera el tibidabo i les planes,Barri,Resta del món,2000,50.0
vallvidrera el tibidabo i les planes,Barri,No consta,2000,
sarria,Barri,Espanya,2000,20612.0
sarria,Barri,Resta de la Unió Europea,2000,476.0
sarria,Barri,Resta del món,2000,467.0
sarria,Barri,No consta,2000,
les tres torres,Barri,Espanya,2000,13308.0
les tres torres,Barri,Resta de la Unió Europea,2000,284.0
les tres torres,Barri,Resta del món,2000,193.0
les tres torres,Barri,No consta,2000,
sant gervasi la bonanova,Barri,Espanya,2000,21802.0
sant gervasi la bonanova,Barri,Resta de la Unió Europea,2000,386.0
sant gervasi la bonanova,Barri,Resta del món,2000,308.0
sant gervasi la bonanova,Barri,No consta,2000,
sant gervasi galvany,Barri,Espanya,2000,42617.0
sant gervasi galvany,Barri,Resta de la Unió Europea,2000,686.0
sant gervasi galvany,Barri,Resta del món,2000,898.0
sant gervasi galvany,Barri,No consta,2000,
el putxet i el farro,Barri,Espanya,2000,26073.0
el putxet i el farro,Barri,Resta de la Unió Europea,2000,379.0
el putxet i el farro,Barri,Resta del món,2000,543.0
el putxet i el farro,Barri,No consta,2000,5.0
vallcarca i els penitents,Barri,Espanya,2000,13749.0
vallcarca i els penitents,Barri,Resta de la Unió Europea,2000,170.0
vallcarca i els penitents,Barri,Resta del món,2000,236.0
vallcarca i els penitents,Barri,No consta,2000,
el coll,Barri,Espanya,2000,6511.0
el coll,Barri,Resta de la Unió Europea,2000,57.0
el coll,Barri,Resta del món,2000,98.0
el coll,Barri,No consta,2000,
la salut,Barri,Espanya,2000,12706.0
la salut,Barri,Resta de la Unió Europea,2000,115.0
la salut,Barri,Resta del món,2000,202.0
la salut,Barri,No consta,2000,
la vila de gracia,Barri,Espanya,2000,44958.0
la vila de gracia,Barri,Resta de la Unió Europea,2000,503.0
la vila de gracia,Barri,Resta del món,2000,1058.0
la vila de gracia,Barri,No consta,2000,12.0
el camp den grassot i gracia nova,Barri,Espanya,2000,32912.0
el camp den grassot i gracia nova,Barri,Resta de la Unió Europea,2000,236.0
el camp den grassot i gracia nova,Barri,Resta del món,2000,560.0
el camp den grassot i gracia nova,Barri,No consta,2000,
el baix guinardo,Barri,Espanya,2000,24143.0
el baix guinardo,Barri,Resta de la Unió Europea,2000,115.0
el baix guinardo,Barri,Resta del món,2000,498.0
el baix guinardo,Barri,No consta,2000,5.0
can baro,Barri,Espanya,2000,8703.0
can baro,Barri,Resta de la Unió Europea,2000,40.0
can baro,Barri,Resta del món,2000,115.0
can baro,Barri,No consta,2000,
el guinardo,Barri,Espanya,2000,33360.0
el guinardo,Barri,Resta de la Unió Europea,2000,160.0
el guinardo,Barri,Resta del món,2000,527.0
el guinardo,Barri,No consta,2000,
la font den fargues,Barri,Espanya,2000,9705.0
la font den fargues,Barri,Resta de la Unió Europea,2000,35.0
la font den fargues,Barri,Resta del món,2000,44.0
la font den fargues,Barri,No consta,2000,
el carmel,Barri,Espanya,2000,32404.0
el carmel,Barri,Resta de la Unió Europea,2000,76.0
el carmel,Barri,Resta del món,2000,323.0
el carmel,Barri,No consta,2000,
la teixonera,Barri,Espanya,2000,11162.0
la teixonera,Barri,Resta de la Unió Europea,2000,25.0
la teixonera,Barri,Resta del món,2000,180.0
la teixonera,Barri,No consta,2000,
sant genis dels agudells,Barri,Espanya,2000,6951.0
sant genis dels agudells,Barri,Resta de la Unió Europea,2000,30.0
sant genis dels agudells,Barri,Resta del món,2000,87.0
sant genis dels agudells,Barri,No consta,2000,
montbau,Barri,Espanya,2000,5034.0
montbau,Barri,Resta de la Unió Europea,2000,10.0
montbau,Barri,Resta del món,2000,56.0
montbau,Barri,No consta,2000,
la vall dhebron,Barri,Espanya,2000,5422.0
la vall dhebron,Barri,Resta de la Unió Europea,2000,20.0
la vall dhebron,Barri,Resta del món,2000,101.0
la vall dhebron,Barri,No consta,2000,
la clota,Barri,Espanya,2000,446.0
la clota,Barri,Resta de la Unió Europea,2000,
la clota,Barri,Resta del món,2000,13.0
horta,Barri,Espanya,2000,26028.0
horta,Barri,Resta de la Unió Europea,2000,67.0
horta,Barri,Resta del món,2000,197.0
horta,Barri,No consta,2000,
vilapicina i la torre llobeta,Barri,Espanya,2000,24443.0
vilapicina i la torre llobeta,Barri,Resta de la Unió Europea,2000,57.0
vilapicina i la torre llobeta,Barri,Resta del món,2000,333.0
vilapicina i la torre llobeta,Barri,No consta,2000,
porta,Barri,Espanya,2000,23400.0
porta,Barri,Resta de la Unió Europea,2000,72.0
porta,Barri,Resta del món,2000,300.0
porta,Barri,No consta,2000,
el turo de la peira,Barri,Espanya,2000,13965.0
el turo de la peira,Barri,Resta de la Unió Europea,2000,26.0
el turo de la peira,Barri,Resta del món,2000,479.0
el turo de la peira,Barri,No consta,2000,
can peguera,Barri,Espanya,2000,2211.0
can peguera,Barri,Resta de la Unió Europea,2000,
can peguera,Barri,Resta del món,2000,33.0
la guineueta,Barri,Espanya,2000,16338.0
la guineueta,Barri,Resta de la Unió Europea,2000,28.0
la guineueta,Barri,Resta del món,2000,130.0
la guineueta,Barri,No consta,2000,
canyelles,Barri,Espanya,2000,8346.0
canyelles,Barri,Resta de la Unió Europea,2000,10.0
canyelles,Barri,Resta del món,2000,29.0
canyelles,Barri,No consta,2000,
les roquetes,Barri,Espanya,2000,14913.0
les roquetes,Barri,Resta de la Unió Europea,2000,24.0
les roquetes,Barri,Resta del món,2000,207.0
les roquetes,Barri,No consta,2000,
verdun,Barri,Espanya,2000,12212.0
verdun,Barri,Resta de la Unió Europea,2000,27.0
verdun,Barri,Resta del món,2000,180.0
verdun,Barri,No consta,2000,
la prosperitat,Barri,Espanya,2000,26571.0
la prosperitat,Barri,Resta de la Unió Europea,2000,31.0
la prosperitat,Barri,Resta del món,2000,268.0
la prosperitat,Barri,No consta,2000,
la trinitat nova,Barri,Espanya,2000,7592.0
la trinitat nova,Barri,Resta de la Unió Europea,2000,9.0
la trinitat nova,Barri,Resta del món,2000,79.0
la trinitat nova,Barri,No consta,2000,
torre baro,Barri,Espanya,2000,2217.0
torre baro,Barri,Resta de la Unió Europea,2000,13.0
torre baro,Barri,Resta del món,2000,22.0
torre baro,Barri,No consta,2000,
ciutat meridiana,Barri,Espanya,2000,9603.0
ciutat meridiana,Barri,Resta de la Unió Europea,2000,13.0
ciutat meridiana,Barri,Resta del món,2000,92.0
ciutat meridiana,Barri,No consta,2000,
vallbona,Barri,Espanya,2000,801.0
vallbona,Barri,Resta de la Unió Europea,2000,11.0
vallbona,Barri,Resta del món,2000,
vallbona,Barri,No consta,2000,
la trinitat vella,Barri,Espanya,2000,7683.0
la trinitat vella,Barri,Resta de la Unió Europea,2000,
la trinitat vella,Barri,Resta del món,2000,337.0
la trinitat vella,Barri,No consta,2000,
baro de viver,Barri,Espanya,2000,2351.0
baro de viver,Barri,Resta de la Unió Europea,2000,
baro de viver,Barri,Resta del món,2000,16.0
baro de viver,Barri,No consta,2000,
el bon pastor,Barri,Espanya,2000,9764.0
el bon pastor,Barri,Resta de la Unió Europea,2000,11.0
el bon pastor,Barri,Resta del món,2000,72.0
el bon pastor,Barri,No consta,2000,
sant andreu,Barri,Espanya,2000,51421.0
sant andreu,Barri,Resta de la Unió Europea,2000,118.0
sant andreu,Barri,Resta del món,2000,473.0
sant andreu,Barri,No consta,2000,
la sagrera,Barri,Espanya,2000,27171.0
la sagrera,Barri,Resta de la Unió Europea,2000,65.0
la sagrera,Barri,Resta del món,2000,556.0
la sagrera,Barri,No consta,2000,
el congres i els indians,Barri,Espanya,2000,13305.0
el congres i els indians,Barri,Resta de la Unió Europea,2000,36.0
el congres i els indians,Barri,Resta del món,2000,141.0
el congres i els indians,Barri,No consta,2000,
navas,Barri,Espanya,2000,20860.0
navas,Barri,Resta de la Unió Europea,2000,68.0
navas,Barri,Resta del món,2000,350.0
navas,Barri,No consta,2000,8.0
el camp de larpa del clot,Barri,Espanya,2000,35428.0
el camp de larpa del clot,Barri,Resta de la Unió Europea,2000,159.0
el camp de larpa del clot,Barri,Resta del món,2000,785.0
el camp de larpa del clot,Barri,No consta,2000,9.0
el clot,Barri,Espanya,2000,23563.0
el clot,Barri,Resta de la Unió Europea,2000,118.0
el clot,Barri,Resta del món,2000,518.0
el clot,Barri,No consta,2000,
el parc i la llacuna del poblenou,Barri,Espanya,2000,11930.0
el parc i la llacuna del poblenou,Barri,Resta de la Unió Europea,2000,86.0
el parc i la llacuna del poblenou,Barri,Resta del món,2000,399.0
el parc i la llacuna del poblenou,Barri,No consta,2000,5.0
la vila olimpica del poblenou,Barri,Espanya,2000,6676.0
la vila olimpica del poblenou,Barri,Resta de la Unió Europea,2000,183.0
la vila olimpica del poblenou,Barri,Resta del món,2000,179.0
la vila olimpica del poblenou,Barri,No consta,2000,13.0
el poblenou,Barri,Espanya,2000,23646.0
el poblenou,Barri,Resta de la Unió Europea,2000,96.0
el poblenou,Barri,Resta del món,2000,451.0
el poblenou,Barri,No consta,2000,
diagonal mar i el front maritim del poblenou,Barri,Espanya,2000,4208.0
diagonal mar i el front maritim del poblenou,Barri,Resta de la Unió Europea,2000,11.0
diagonal mar i el front maritim del poblenou,Barri,Resta del món,2000,48.0
diagonal mar i el front maritim del poblenou,Barri,No consta,2000,
el besos i el maresme,Barri,Espanya,2000,20954.0
el besos i el maresme,Barri,Resta de la Unió Europea,2000,29.0
el besos i el maresme,Barri,Resta del món,2000,224.0
el besos i el maresme,Barri,No consta,2000,
provencals del poblenou,Barri,Espanya,2000,16792.0
provencals del poblenou,Barri,Resta de la Unió Europea,2000,38.0
provencals del poblenou,Barri,Resta del món,2000,276.0
provencals del poblenou,Barri,No consta,2000,
sant marti de provencals,Barri,Espanya,2000,26881.0
sant marti de provencals,Barri,Resta de la Unió Europea,2000,60.0
sant marti de provencals,Barri,Resta del món,2000,241.0
sant marti de provencals,Barri,No consta,2000,
la verneda i la pau,Barri,Espanya,2000,30855.0
la verneda i la pau,Barri,Resta de la Unió Europea,2000,52.0
la verneda i la pau,Barri,Resta del món,2000,233.0
la verneda i la pau,Barri,No consta,2000,
el raval,Barri,Espanya,2001,28989.0
el raval,Barri,Resta de la Unió Europea,2001,509.0
el raval,Barri,Resta del món,2001,8076.0
el raval,Barri,No consta,2001,10.0
el barri gotic,Barri,Espanya,2001,12788.0
el barri gotic,Barri,Resta de la Unió Europea,2001,561.0
el barri gotic,Barri,Resta del món,2001,2944.0
el barri gotic,Barri,No consta,2001,8.0
la barceloneta,Barri,Espanya,2001,13732.0
la barceloneta,Barri,Resta de la Unió Europea,2001,176.0
la barceloneta,Barri,Resta del món,2001,1200.0
la barceloneta,Barri,No consta,2001,
sant pere santa caterina i la ribera,Barri,Espanya,2001,16809.0
sant pere santa caterina i la ribera,Barri,Resta de la Unió Europea,2001,525.0
sant pere santa caterina i la ribera,Barri,Resta del món,2001,2670.0
sant pere santa caterina i la ribera,Barri,No consta,2001,
el fort pienc,Barri,Espanya,2001,27263.0
el fort pienc,Barri,Resta de la Unió Europea,2001,267.0
el fort pienc,Barri,Resta del món,2001,1173.0
el fort pienc,Barri,No consta,2001,7.0
la sagrada familia,Barri,Espanya,2001,46924.0
la sagrada familia,Barri,Resta de la Unió Europea,2001,336.0
la sagrada familia,Barri,Resta del món,2001,2283.0
la sagrada familia,Barri,No consta,2001,20.0
la dreta de leixample,Barri,Espanya,2001,37772.0
la dreta de leixample,Barri,Resta de la Unió Europea,2001,688.0
la dreta de leixample,Barri,Resta del món,2001,1355.0
la dreta de leixample,Barri,No consta,2001,8.0
lantiga esquerra de leixample,Barri,Espanya,2001,36807.0
lantiga esquerra de leixample,Barri,Resta de la Unió Europea,2001,501.0
lantiga esquerra de leixample,Barri,Resta del món,2001,1819.0
lantiga esquerra de leixample,Barri,No consta,2001,
la nova esquerra de leixample,Barri,Espanya,2001,52479.0
la nova esquerra de leixample,Barri,Resta de la Unió Europea,2001,542.0
la nova esquerra de leixample,Barri,Resta del món,2001,2395.0
la nova esquerra de leixample,Barri,No consta,2001,8.0
sant antoni,Barri,Espanya,2001,34134.0
sant antoni,Barri,Resta de la Unió Europea,2001,284.0
sant antoni,Barri,Resta del món,2001,1556.0
sant antoni,Barri,No consta,2001,
el poble sec,Barri,Espanya,2001,31597.0
el poble sec,Barri,Resta de la Unió Europea,2001,271.0
el poble sec,Barri,Resta del món,2001,2646.0
el poble sec,Barri,No consta,2001,
la marina del prat vermell,Barri,Espanya,2001,1737.0
la marina del prat vermell,Barri,Resta de la Unió Europea,2001,6.0
la marina del prat vermell,Barri,Resta del món,2001,21.0
la marina del prat vermell,Barri,No consta,2001,
la marina de port,Barri,Espanya,2001,26845.0
la marina de port,Barri,Resta de la Unió Europea,2001,86.0
la marina de port,Barri,Resta del món,2001,693.0
la marina de port,Barri,No consta,2001,
la font de la guatlla,Barri,Espanya,2001,8983.0
la font de la guatlla,Barri,Resta de la Unió Europea,2001,53.0
la font de la guatlla,Barri,Resta del món,2001,364.0
la font de la guatlla,Barri,No consta,2001,
hostafrancs,Barri,Espanya,2001,13689.0
hostafrancs,Barri,Resta de la Unió Europea,2001,104.0
hostafrancs,Barri,Resta del món,2001,670.0
hostafrancs,Barri,No consta,2001,
la bordeta,Barri,Espanya,2001,17312.0
la bordeta,Barri,Resta de la Unió Europea,2001,65.0
la bordeta,Barri,Resta del món,2001,617.0
la bordeta,Barri,No consta,2001,
sants badal,Barri,Espanya,2001,22325.0
sants badal,Barri,Resta de la Unió Europea,2001,104.0
sants badal,Barri,Resta del món,2001,1043.0
sants badal,Barri,No consta,2001,
sants,Barri,Espanya,2001,36443.0
sants,Barri,Resta de la Unió Europea,2001,218.0
sants,Barri,Resta del món,2001,1492.0
sants,Barri,No consta,2001,6.0
les corts,Barri,Espanya,2001,44863.0
les corts,Barri,Resta de la Unió Europea,2001,479.0
les corts,Barri,Resta del món,2001,1113.0
les corts,Barri,No consta,2001,13.0
la maternitat i sant ramon,Barri,Espanya,2001,23712.0
la maternitat i sant ramon,Barri,Resta de la Unió Europea,2001,182.0
la maternitat i sant ramon,Barri,Resta del món,2001,628.0
la maternitat i sant ramon,Barri,No consta,2001,
pedralbes,Barri,Espanya,2001,10415.0
pedralbes,Barri,Resta de la Unió Europea,2001,403.0
pedralbes,Barri,Resta del món,2001,457.0
pedralbes,Barri,No consta,2001,
vallvidrera el tibidabo i les planes,Barri,Espanya,2001,3070.0
vallvidrera el tibidabo i les planes,Barri,Resta de la Unió Europea,2001,111.0
vallvidrera el tibidabo i les planes,Barri,Resta del món,2001,63.0
vallvidrera el tibidabo i les planes,Barri,No consta,2001,
sarria,Barri,Espanya,2001,20494.0
sarria,Barri,Resta de la Unió Europea,2001,541.0
sarria,Barri,Resta del món,2001,591.0
sarria,Barri,No consta,2001,
les tres torres,Barri,Espanya,2001,13488.0
les tres torres,Barri,Resta de la Unió Europea,2001,325.0
les tres torres,Barri,Resta del món,2001,296.0
les tres torres,Barri,No consta,2001,
sant gervasi la bonanova,Barri,Espanya,2001,21779.0
sant gervasi la bonanova,Barri,Resta de la Unió Europea,2001,400.0
sant gervasi la bonanova,Barri,Resta del món,2001,447.0
sant gervasi la bonanova,Barri,No consta,2001,
sant gervasi galvany,Barri,Espanya,2001,42508.0
sant gervasi galvany,Barri,Resta de la Unió Europea,2001,757.0
sant gervasi galvany,Barri,Resta del món,2001,1151.0
sant gervasi galvany,Barri,No consta,2001,
el putxet i el farro,Barri,Espanya,2001,25839.0
el putxet i el farro,Barri,Resta de la Unió Europea,2001,428.0
el putxet i el farro,Barri,Resta del món,2001,773.0
el putxet i el farro,Barri,No consta,2001,
vallcarca i els penitents,Barri,Espanya,2001,13755.0
vallcarca i els penitents,Barri,Resta de la Unió Europea,2001,188.0
vallcarca i els penitents,Barri,Resta del món,2001,441.0
vallcarca i els penitents,Barri,No consta,2001,
el coll,Barri,Espanya,2001,6459.0
el coll,Barri,Resta de la Unió Europea,2001,61.0
el coll,Barri,Resta del món,2001,157.0
el coll,Barri,No consta,2001,
la salut,Barri,Espanya,2001,12519.0
la salut,Barri,Resta de la Unió Europea,2001,140.0
la salut,Barri,Resta del món,2001,319.0
la salut,Barri,No consta,2001,
la vila de gracia,Barri,Espanya,2001,44165.0
la vila de gracia,Barri,Resta de la Unió Europea,2001,607.0
la vila de gracia,Barri,Resta del món,2001,1621.0
la vila de gracia,Barri,No consta,2001,17.0
el camp den grassot i gracia nova,Barri,Espanya,2001,32470.0
el camp den grassot i gracia nova,Barri,Resta de la Unió Europea,2001,260.0
el camp den grassot i gracia nova,Barri,Resta del món,2001,965.0
el camp den grassot i gracia nova,Barri,No consta,2001,
el baix guinardo,Barri,Espanya,2001,23825.0
el baix guinardo,Barri,Resta de la Unió Europea,2001,139.0
el baix guinardo,Barri,Resta del món,2001,874.0
el baix guinardo,Barri,No consta,2001,9.0
can baro,Barri,Espanya,2001,8593.0
can baro,Barri,Resta de la Unió Europea,2001,53.0
can baro,Barri,Resta del món,2001,202.0
can baro,Barri,No consta,2001,
el guinardo,Barri,Espanya,2001,33091.0
el guinardo,Barri,Resta de la Unió Europea,2001,193.0
el guinardo,Barri,Resta del món,2001,996.0
el guinardo,Barri,No consta,2001,
la font den fargues,Barri,Espanya,2001,9625.0
la font den fargues,Barri,Resta de la Unió Europea,2001,41.0
la font den fargues,Barri,Resta del món,2001,81.0
la font den fargues,Barri,No consta,2001,
el carmel,Barri,Espanya,2001,31780.0
el carmel,Barri,Resta de la Unió Europea,2001,83.0
el carmel,Barri,Resta del món,2001,677.0
el carmel,Barri,No consta,2001,
la teixonera,Barri,Espanya,2001,11041.0
la teixonera,Barri,Resta de la Unió Europea,2001,32.0
la teixonera,Barri,Resta del món,2001,405.0
la teixonera,Barri,No consta,2001,
sant genis dels agudells,Barri,Espanya,2001,6797.0
sant genis dels agudells,Barri,Resta de la Unió Europea,2001,38.0
sant genis dels agudells,Barri,Resta del món,2001,159.0
sant genis dels agudells,Barri,No consta,2001,
montbau,Barri,Espanya,2001,4951.0
montbau,Barri,Resta de la Unió Europea,2001,12.0
montbau,Barri,Resta del món,2001,132.0
montbau,Barri,No consta,2001,
la vall dhebron,Barri,Espanya,2001,5328.0
la vall dhebron,Barri,Resta de la Unió Europea,2001,23.0
la vall dhebron,Barri,Resta del món,2001,157.0
la vall dhebron,Barri,No consta,2001,
la clota,Barri,Espanya,2001,434.0
la clota,Barri,Resta de la Unió Europea,2001,
la clota,Barri,Resta del món,2001,20.0
horta,Barri,Espanya,2001,25751.0
horta,Barri,Resta de la Unió Europea,2001,73.0
horta,Barri,Resta del món,2001,453.0
horta,Barri,No consta,2001,
vilapicina i la torre llobeta,Barri,Espanya,2001,24234.0
vilapicina i la torre llobeta,Barri,Resta de la Unió Europea,2001,71.0
vilapicina i la torre llobeta,Barri,Resta del món,2001,690.0
vilapicina i la torre llobeta,Barri,No consta,2001,
porta,Barri,Espanya,2001,22971.0
porta,Barri,Resta de la Unió Europea,2001,66.0
porta,Barri,Resta del món,2001,759.0
porta,Barri,No consta,2001,
el turo de la peira,Barri,Espanya,2001,13661.0
el turo de la peira,Barri,Resta de la Unió Europea,2001,29.0
el turo de la peira,Barri,Resta del món,2001,798.0
el turo de la peira,Barri,No consta,2001,
can peguera,Barri,Espanya,2001,2154.0
can peguera,Barri,Resta de la Unió Europea,2001,
can peguera,Barri,Resta del món,2001,31.0
la guineueta,Barri,Espanya,2001,15975.0
la guineueta,Barri,Resta de la Unió Europea,2001,27.0
la guineueta,Barri,Resta del món,2001,263.0
la guineueta,Barri,No consta,2001,
canyelles,Barri,Espanya,2001,8103.0
canyelles,Barri,Resta de la Unió Europea,2001,9.0
canyelles,Barri,Resta del món,2001,47.0
canyelles,Barri,No consta,2001,
les roquetes,Barri,Espanya,2001,14553.0
les roquetes,Barri,Resta de la Unió Europea,2001,21.0
les roquetes,Barri,Resta del món,2001,493.0
les roquetes,Barri,No consta,2001,
verdun,Barri,Espanya,2001,11805.0
verdun,Barri,Resta de la Unió Europea,2001,29.0
verdun,Barri,Resta del món,2001,454.0
verdun,Barri,No consta,2001,
la prosperitat,Barri,Espanya,2001,26110.0
la prosperitat,Barri,Resta de la Unió Europea,2001,33.0
la prosperitat,Barri,Resta del món,2001,632.0
la prosperitat,Barri,No consta,2001,
la trinitat nova,Barri,Espanya,2001,7474.0
la trinitat nova,Barri,Resta de la Unió Europea,2001,10.0
la trinitat nova,Barri,Resta del món,2001,170.0
la trinitat nova,Barri,No consta,2001,
torre baro,Barri,Espanya,2001,2124.0
torre baro,Barri,Resta de la Unió Europea,2001,15.0
torre baro,Barri,Resta del món,2001,50.0
torre baro,Barri,No consta,2001,
ciutat meridiana,Barri,Espanya,2001,9391.0
ciutat meridiana,Barri,Resta de la Unió Europea,2001,23.0
ciutat meridiana,Barri,Resta del món,2001,208.0
ciutat meridiana,Barri,No consta,2001,
vallbona,Barri,Espanya,2001,804.0
vallbona,Barri,Resta de la Unió Europea,2001,10.0
vallbona,Barri,Resta del món,2001,13.0
vallbona,Barri,No consta,2001,
la trinitat vella,Barri,Espanya,2001,7565.0
la trinitat vella,Barri,Resta de la Unió Europea,2001,8.0
la trinitat vella,Barri,Resta del món,2001,550.0
la trinitat vella,Barri,No consta,2001,
baro de viver,Barri,Espanya,2001,2354.0
baro de viver,Barri,Resta de la Unió Europea,2001,
baro de viver,Barri,Resta del món,2001,18.0
baro de viver,Barri,No consta,2001,
el bon pastor,Barri,Espanya,2001,9736.0
el bon pastor,Barri,Resta de la Unió Europea,2001,15.0
el bon pastor,Barri,Resta del món,2001,142.0
el bon pastor,Barri,No consta,2001,
sant andreu,Barri,Espanya,2001,51300.0
sant andreu,Barri,Resta de la Unió Europea,2001,154.0
sant andreu,Barri,Resta del món,2001,863.0
sant andreu,Barri,No consta,2001,
la sagrera,Barri,Espanya,2001,26901.0
la sagrera,Barri,Resta de la Unió Europea,2001,79.0
la sagrera,Barri,Resta del món,2001,967.0
la sagrera,Barri,No consta,2001,
el congres i els indians,Barri,Espanya,2001,13076.0
el congres i els indians,Barri,Resta de la Unió Europea,2001,43.0
el congres i els indians,Barri,Resta del món,2001,261.0
el congres i els indians,Barri,No consta,2001,
navas,Barri,Espanya,2001,20612.0
navas,Barri,Resta de la Unió Europea,2001,85.0
navas,Barri,Resta del món,2001,818.0
navas,Barri,No consta,2001,6.0
el camp de larpa del clot,Barri,Espanya,2001,34926.0
el camp de larpa del clot,Barri,Resta de la Unió Europea,2001,195.0
el camp de larpa del clot,Barri,Resta del món,2001,1463.0
el camp de larpa del clot,Barri,No consta,2001,9.0
el clot,Barri,Espanya,2001,23873.0
el clot,Barri,Resta de la Unió Europea,2001,144.0
el clot,Barri,Resta del món,2001,848.0
el clot,Barri,No consta,2001,
el parc i la llacuna del poblenou,Barri,Espanya,2001,11652.0
el parc i la llacuna del poblenou,Barri,Resta de la Unió Europea,2001,94.0
el parc i la llacuna del poblenou,Barri,Resta del món,2001,707.0
el parc i la llacuna del poblenou,Barri,No consta,2001,9.0
la vila olimpica del poblenou,Barri,Espanya,2001,6807.0
la vila olimpica del poblenou,Barri,Resta de la Unió Europea,2001,222.0
la vila olimpica del poblenou,Barri,Resta del món,2001,246.0
la vila olimpica del poblenou,Barri,No consta,2001,14.0
el poblenou,Barri,Espanya,2001,23686.0
el poblenou,Barri,Resta de la Unió Europea,2001,117.0
el poblenou,Barri,Resta del món,2001,844.0
el poblenou,Barri,No consta,2001,5.0
diagonal mar i el front maritim del poblenou,Barri,Espanya,2001,4879.0
diagonal mar i el front maritim del poblenou,Barri,Resta de la Unió Europea,2001,22.0
diagonal mar i el front maritim del poblenou,Barri,Resta del món,2001,62.0
diagonal mar i el front maritim del poblenou,Barri,No consta,2001,
el besos i el maresme,Barri,Espanya,2001,20535.0
el besos i el maresme,Barri,Resta de la Unió Europea,2001,34.0
el besos i el maresme,Barri,Resta del món,2001,465.0
el besos i el maresme,Barri,No consta,2001,
provencals del poblenou,Barri,Espanya,2001,16678.0
provencals del poblenou,Barri,Resta de la Unió Europea,2001,43.0
provencals del poblenou,Barri,Resta del món,2001,409.0
provencals del poblenou,Barri,No consta,2001,
sant marti de provencals,Barri,Espanya,2001,26487.0
sant marti de provencals,Barri,Resta de la Unió Europea,2001,71.0
sant marti de provencals,Barri,Resta del món,2001,414.0
sant marti de provencals,Barri,No consta,2001,
la verneda i la pau,Barri,Espanya,2001,30180.0
la verneda i la pau,Barri,Resta de la Unió Europea,2001,58.0
la verneda i la pau,Barri,Resta del món,2001,437.0
la verneda i la pau,Barri,No consta,2001,
el raval,Barri,Espanya,2002,28617.0
el raval,Barri,Resta de la Unió Europea,2002,854.0
el raval,Barri,Resta del món,2002,12362.0
el raval,Barri,No consta,2002,65.0
el barri gotic,Barri,Espanya,2002,12605.0
el barri gotic,Barri,Resta de la Unió Europea,2002,835.0
el barri gotic,Barri,Resta del món,2002,6373.0
el barri gotic,Barri,No consta,2002,22.0
la barceloneta,Barri,Espanya,2002,13388.0
la barceloneta,Barri,Resta de la Unió Europea,2002,263.0
la barceloneta,Barri,Resta del món,2002,1842.0
la barceloneta,Barri,No consta,2002,14.0
sant pere santa caterina i la ribera,Barri,Espanya,2002,16546.0
sant pere santa caterina i la ribera,Barri,Resta de la Unió Europea,2002,776.0
sant pere santa caterina i la ribera,Barri,Resta del món,2002,3960.0
sant pere santa caterina i la ribera,Barri,No consta,2002,14.0
el fort pienc,Barri,Espanya,2002,27344.0
el fort pienc,Barri,Resta de la Unió Europea,2002,458.0
el fort pienc,Barri,Resta del món,2002,1924.0
el fort pienc,Barri,No consta,2002,23.0
la sagrada familia,Barri,Espanya,2002,47193.0
la sagrada familia,Barri,Resta de la Unió Europea,2002,497.0
la sagrada familia,Barri,Resta del món,2002,3809.0
la sagrada familia,Barri,No consta,2002,40.0
la dreta de leixample,Barri,Espanya,2002,38208.0
la dreta de leixample,Barri,Resta de la Unió Europea,2002,1029.0
la dreta de leixample,Barri,Resta del món,2002,2083.0
la dreta de leixample,Barri,No consta,2002,39.0
lantiga esquerra de leixample,Barri,Espanya,2002,37148.0
lantiga esquerra de leixample,Barri,Resta de la Unió Europea,2002,790.0
lantiga esquerra de leixample,Barri,Resta del món,2002,2798.0
lantiga esquerra de leixample,Barri,No consta,2002,24.0
la nova esquerra de leixample,Barri,Espanya,2002,52795.0
la nova esquerra de leixample,Barri,Resta de la Unió Europea,2002,789.0
la nova esquerra de leixample,Barri,Resta del món,2002,3800.0
la nova esquerra de leixample,Barri,No consta,2002,38.0
sant antoni,Barri,Espanya,2002,34203.0
sant antoni,Barri,Resta de la Unió Europea,2002,473.0
sant antoni,Barri,Resta del món,2002,2545.0
sant antoni,Barri,No consta,2002,25.0
el poble sec,Barri,Espanya,2002,31560.0
el poble sec,Barri,Resta de la Unió Europea,2002,399.0
el poble sec,Barri,Resta del món,2002,4567.0
el poble sec,Barri,No consta,2002,51.0
la marina del prat vermell,Barri,Espanya,2002,1621.0
la marina del prat vermell,Barri,Resta de la Unió Europea,2002,5.0
la marina del prat vermell,Barri,Resta del món,2002,42.0
la marina del prat vermell,Barri,No consta,2002,
la marina de port,Barri,Espanya,2002,26819.0
la marina de port,Barri,Resta de la Unió Europea,2002,125.0
la marina de port,Barri,Resta del món,2002,1148.0
la marina de port,Barri,No consta,2002,11.0
la font de la guatlla,Barri,Espanya,2002,9025.0
la font de la guatlla,Barri,Resta de la Unió Europea,2002,80.0
la font de la guatlla,Barri,Resta del món,2002,621.0
la font de la guatlla,Barri,No consta,2002,5.0
hostafrancs,Barri,Espanya,2002,13454.0
hostafrancs,Barri,Resta de la Unió Europea,2002,148.0
hostafrancs,Barri,Resta del món,2002,1138.0
hostafrancs,Barri,No consta,2002,9.0
la bordeta,Barri,Espanya,2002,17350.0
la bordeta,Barri,Resta de la Unió Europea,2002,84.0
la bordeta,Barri,Resta del món,2002,987.0
la bordeta,Barri,No consta,2002,8.0
sants badal,Barri,Espanya,2002,22214.0
sants badal,Barri,Resta de la Unió Europea,2002,135.0
sants badal,Barri,Resta del món,2002,1743.0
sants badal,Barri,No consta,2002,11.0
sants,Barri,Espanya,2002,36151.0
sants,Barri,Resta de la Unió Europea,2002,281.0
sants,Barri,Resta del món,2002,2621.0
sants,Barri,No consta,2002,16.0
les corts,Barri,Espanya,2002,44539.0
les corts,Barri,Resta de la Unió Europea,2002,597.0
les corts,Barri,Resta del món,2002,1582.0
les corts,Barri,No consta,2002,21.0
la maternitat i sant ramon,Barri,Espanya,2002,23410.0
la maternitat i sant ramon,Barri,Resta de la Unió Europea,2002,251.0
la maternitat i sant ramon,Barri,Resta del món,2002,1007.0
la maternitat i sant ramon,Barri,No consta,2002,13.0
pedralbes,Barri,Espanya,2002,10491.0
pedralbes,Barri,Resta de la Unió Europea,2002,530.0
pedralbes,Barri,Resta del món,2002,575.0
pedralbes,Barri,No consta,2002,8.0
vallvidrera el tibidabo i les planes,Barri,Espanya,2002,3207.0
vallvidrera el tibidabo i les planes,Barri,Resta de la Unió Europea,2002,133.0
vallvidrera el tibidabo i les planes,Barri,Resta del món,2002,85.0
vallvidrera el tibidabo i les planes,Barri,No consta,2002,
sarria,Barri,Espanya,2002,20828.0
sarria,Barri,Resta de la Unió Europea,2002,659.0
sarria,Barri,Resta del món,2002,897.0
sarria,Barri,No consta,2002,22.0
les tres torres,Barri,Espanya,2002,13987.0
les tres torres,Barri,Resta de la Unió Europea,2002,440.0
les tres torres,Barri,Resta del món,2002,458.0
les tres torres,Barri,No consta,2002,7.0
sant gervasi la bonanova,Barri,Espanya,2002,22085.0
sant gervasi la bonanova,Barri,Resta de la Unió Europea,2002,485.0
sant gervasi la bonanova,Barri,Resta del món,2002,685.0
sant gervasi la bonanova,Barri,No consta,2002,6.0
sant gervasi galvany,Barri,Espanya,2002,43009.0
sant gervasi galvany,Barri,Resta de la Unió Europea,2002,993.0
sant gervasi galvany,Barri,Resta del món,2002,1762.0
sant gervasi galvany,Barri,No consta,2002,26.0
el putxet i el farro,Barri,Espanya,2002,26257.0
el putxet i el farro,Barri,Resta de la Unió Europea,2002,588.0
el putxet i el farro,Barri,Resta del món,2002,1125.0
el putxet i el farro,Barri,No consta,2002,13.0
vallcarca i els penitents,Barri,Espanya,2002,13976.0
vallcarca i els penitents,Barri,Resta de la Unió Europea,2002,258.0
vallcarca i els penitents,Barri,Resta del món,2002,826.0
vallcarca i els penitents,Barri,No consta,2002,8.0
el coll,Barri,Espanya,2002,6487.0
el coll,Barri,Resta de la Unió Europea,2002,76.0
el coll,Barri,Resta del món,2002,288.0
el coll,Barri,No consta,2002,
la salut,Barri,Espanya,2002,12443.0
la salut,Barri,Resta de la Unió Europea,2002,182.0
la salut,Barri,Resta del món,2002,501.0
la salut,Barri,No consta,2002,8.0
la vila de gracia,Barri,Espanya,2002,44579.0
la vila de gracia,Barri,Resta de la Unió Europea,2002,987.0
la vila de gracia,Barri,Resta del món,2002,2738.0
la vila de gracia,Barri,No consta,2002,48.0
el camp den grassot i gracia nova,Barri,Espanya,2002,32538.0
el camp den grassot i gracia nova,Barri,Resta de la Unió Europea,2002,380.0
el camp den grassot i gracia nova,Barri,Resta del món,2002,1565.0
el camp den grassot i gracia nova,Barri,No consta,2002,19.0
el baix guinardo,Barri,Espanya,2002,23811.0
el baix guinardo,Barri,Resta de la Unió Europea,2002,194.0
el baix guinardo,Barri,Resta del món,2002,1433.0
el baix guinardo,Barri,No consta,2002,17.0
can baro,Barri,Espanya,2002,8639.0
can baro,Barri,Resta de la Unió Europea,2002,68.0
can baro,Barri,Resta del món,2002,337.0
can baro,Barri,No consta,2002,
el guinardo,Barri,Espanya,2002,33047.0
el guinardo,Barri,Resta de la Unió Europea,2002,268.0
el guinardo,Barri,Resta del món,2002,1698.0
el guinardo,Barri,No consta,2002,16.0
la font den fargues,Barri,Espanya,2002,9579.0
la font den fargues,Barri,Resta de la Unió Europea,2002,51.0
la font den fargues,Barri,Resta del món,2002,144.0
la font den fargues,Barri,No consta,2002,
el carmel,Barri,Espanya,2002,31511.0
el carmel,Barri,Resta de la Unió Europea,2002,117.0
el carmel,Barri,Resta del món,2002,1450.0
el carmel,Barri,No consta,2002,19.0
la teixonera,Barri,Espanya,2002,11107.0
la teixonera,Barri,Resta de la Unió Europea,2002,41.0
la teixonera,Barri,Resta del món,2002,680.0
la teixonera,Barri,No consta,2002,5.0
sant genis dels agudells,Barri,Espanya,2002,6818.0
sant genis dels agudells,Barri,Resta de la Unió Europea,2002,60.0
sant genis dels agudells,Barri,Resta del món,2002,306.0
sant genis dels agudells,Barri,No consta,2002,
montbau,Barri,Espanya,2002,4987.0
montbau,Barri,Resta de la Unió Europea,2002,22.0
montbau,Barri,Resta del món,2002,242.0
montbau,Barri,No consta,2002,
la vall dhebron,Barri,Espanya,2002,5267.0
la vall dhebron,Barri,Resta de la Unió Europea,2002,36.0
la vall dhebron,Barri,Resta del món,2002,306.0
la vall dhebron,Barri,No consta,2002,
la clota,Barri,Espanya,2002,420.0
la clota,Barri,Resta de la Unió Europea,2002,
la clota,Barri,Resta del món,2002,33.0
horta,Barri,Espanya,2002,25714.0
horta,Barri,Resta de la Unió Europea,2002,118.0
horta,Barri,Resta del món,2002,779.0
horta,Barri,No consta,2002,19.0
vilapicina i la torre llobeta,Barri,Espanya,2002,24239.0
vilapicina i la torre llobeta,Barri,Resta de la Unió Europea,2002,115.0
vilapicina i la torre llobeta,Barri,Resta del món,2002,1316.0
vilapicina i la torre llobeta,Barri,No consta,2002,5.0
porta,Barri,Espanya,2002,22784.0
porta,Barri,Resta de la Unió Europea,2002,78.0
porta,Barri,Resta del món,2002,1199.0
porta,Barri,No consta,2002,12.0
el turo de la peira,Barri,Espanya,2002,13400.0
el turo de la peira,Barri,Resta de la Unió Europea,2002,43.0
el turo de la peira,Barri,Resta del món,2002,1221.0
el turo de la peira,Barri,No consta,2002,
can peguera,Barri,Espanya,2002,2114.0
can peguera,Barri,Resta de la Unió Europea,2002,
can peguera,Barri,Resta del món,2002,36.0
la guineueta,Barri,Espanya,2002,15567.0
la guineueta,Barri,Resta de la Unió Europea,2002,35.0
la guineueta,Barri,Resta del món,2002,447.0
la guineueta,Barri,No consta,2002,
canyelles,Barri,Espanya,2002,8059.0
canyelles,Barri,Resta de la Unió Europea,2002,14.0
canyelles,Barri,Resta del món,2002,111.0
canyelles,Barri,No consta,2002,
les roquetes,Barri,Espanya,2002,14538.0
les roquetes,Barri,Resta de la Unió Europea,2002,32.0
les roquetes,Barri,Resta del món,2002,896.0
les roquetes,Barri,No consta,2002,9.0
verdun,Barri,Espanya,2002,11556.0
verdun,Barri,Resta de la Unió Europea,2002,43.0
verdun,Barri,Resta del món,2002,830.0
verdun,Barri,No consta,2002,5.0
la prosperitat,Barri,Espanya,2002,25761.0
la prosperitat,Barri,Resta de la Unió Europea,2002,58.0
la prosperitat,Barri,Resta del món,2002,1335.0
la prosperitat,Barri,No consta,2002,14.0
la trinitat nova,Barri,Espanya,2002,7426.0
la trinitat nova,Barri,Resta de la Unió Europea,2002,20.0
la trinitat nova,Barri,Resta del món,2002,312.0
la trinitat nova,Barri,No consta,2002,
torre baro,Barri,Espanya,2002,2080.0
torre baro,Barri,Resta de la Unió Europea,2002,14.0
torre baro,Barri,Resta del món,2002,82.0
torre baro,Barri,No consta,2002,
ciutat meridiana,Barri,Espanya,2002,9100.0
ciutat meridiana,Barri,Resta de la Unió Europea,2002,27.0
ciutat meridiana,Barri,Resta del món,2002,483.0
ciutat meridiana,Barri,No consta,2002,
vallbona,Barri,Espanya,2002,783.0
vallbona,Barri,Resta de la Unió Europea,2002,10.0
vallbona,Barri,Resta del món,2002,38.0
vallbona,Barri,No consta,2002,
la trinitat vella,Barri,Espanya,2002,7599.0
la trinitat vella,Barri,Resta de la Unió Europea,2002,10.0
la trinitat vella,Barri,Resta del món,2002,881.0
la trinitat vella,Barri,No consta,2002,
baro de viver,Barri,Espanya,2002,2363.0
baro de viver,Barri,Resta de la Unió Europea,2002,
baro de viver,Barri,Resta del món,2002,26.0
baro de viver,Barri,No consta,2002,
el bon pastor,Barri,Espanya,2002,9692.0
el bon pastor,Barri,Resta de la Unió Europea,2002,18.0
el bon pastor,Barri,Resta del món,2002,320.0
el bon pastor,Barri,No consta,2002,
sant andreu,Barri,Espanya,2002,51981.0
sant andreu,Barri,Resta de la Unió Europea,2002,236.0
sant andreu,Barri,Resta del món,2002,1577.0
sant andreu,Barri,No consta,2002,17.0
la sagrera,Barri,Espanya,2002,26846.0
la sagrera,Barri,Resta de la Unió Europea,2002,106.0
la sagrera,Barri,Resta del món,2002,1512.0
la sagrera,Barri,No consta,2002,15.0
el congres i els indians,Barri,Espanya,2002,13020.0
el congres i els indians,Barri,Resta de la Unió Europea,2002,57.0
el congres i els indians,Barri,Resta del món,2002,432.0
el congres i els indians,Barri,No consta,2002,5.0
navas,Barri,Espanya,2002,20599.0
navas,Barri,Resta de la Unió Europea,2002,109.0
navas,Barri,Resta del món,2002,1421.0
navas,Barri,No consta,2002,18.0
el camp de larpa del clot,Barri,Espanya,2002,35304.0
el camp de larpa del clot,Barri,Resta de la Unió Europea,2002,298.0
el camp de larpa del clot,Barri,Resta del món,2002,2510.0
el camp de larpa del clot,Barri,No consta,2002,13.0
el clot,Barri,Espanya,2002,24410.0
el clot,Barri,Resta de la Unió Europea,2002,194.0
el clot,Barri,Resta del món,2002,1530.0
el clot,Barri,No consta,2002,16.0
el parc i la llacuna del poblenou,Barri,Espanya,2002,11511.0
el parc i la llacuna del poblenou,Barri,Resta de la Unió Europea,2002,149.0
el parc i la llacuna del poblenou,Barri,Resta del món,2002,1091.0
el parc i la llacuna del poblenou,Barri,No consta,2002,20.0
la vila olimpica del poblenou,Barri,Espanya,2002,6960.0
la vila olimpica del poblenou,Barri,Resta de la Unió Europea,2002,317.0
la vila olimpica del poblenou,Barri,Resta del món,2002,361.0
la vila olimpica del poblenou,Barri,No consta,2002,19.0
el poblenou,Barri,Espanya,2002,24301.0
el poblenou,Barri,Resta de la Unió Europea,2002,203.0
el poblenou,Barri,Resta del món,2002,1469.0
el poblenou,Barri,No consta,2002,15.0
diagonal mar i el front maritim del poblenou,Barri,Espanya,2002,5958.0
diagonal mar i el front maritim del poblenou,Barri,Resta de la Unió Europea,2002,52.0
diagonal mar i el front maritim del poblenou,Barri,Resta del món,2002,175.0
diagonal mar i el front maritim del poblenou,Barri,No consta,2002,
el besos i el maresme,Barri,Espanya,2002,20264.0
el besos i el maresme,Barri,Resta de la Unió Europea,2002,41.0
el besos i el maresme,Barri,Resta del món,2002,953.0
el besos i el maresme,Barri,No consta,2002,6.0
provencals del poblenou,Barri,Espanya,2002,16610.0
provencals del poblenou,Barri,Resta de la Unió Europea,2002,67.0
provencals del poblenou,Barri,Resta del món,2002,779.0
provencals del poblenou,Barri,No consta,2002,10.0
sant marti de provencals,Barri,Espanya,2002,26132.0
sant marti de provencals,Barri,Resta de la Unió Europea,2002,107.0
sant marti de provencals,Barri,Resta del món,2002,725.0
sant marti de provencals,Barri,No consta,2002,6.0
la verneda i la pau,Barri,Espanya,2002,29742.0
la verneda i la pau,Barri,Resta de la Unió Europea,2002,65.0
la verneda i la pau,Barri,Resta del món,2002,792.0
la verneda i la pau,Barri,No consta,2002,12.0
el raval,Barri,Espanya,2003,27648.0
el raval,Barri,Resta de la Unió Europea,2003,1136.0
el raval,Barri,Resta del món,2003,16781.0
el raval,Barri,No consta,2003,62.0
el barri gotic,Barri,Espanya,2003,12414.0
el barri gotic,Barri,Resta de la Unió Europea,2003,1149.0
el barri gotic,Barri,Resta del món,2003,9095.0
el barri gotic,Barri,No consta,2003,22.0
la barceloneta,Barri,Espanya,2003,13047.0
la barceloneta,Barri,Resta de la Unió Europea,2003,386.0
la barceloneta,Barri,Resta del món,2003,2537.0
la barceloneta,Barri,No consta,2003,13.0
sant pere santa caterina i la ribera,Barri,Espanya,2003,16122.0
sant pere santa caterina i la ribera,Barri,Resta de la Unió Europea,2003,1064.0
sant pere santa caterina i la ribera,Barri,Resta del món,2003,5139.0
sant pere santa caterina i la ribera,Barri,No consta,2003,12.0
el fort pienc,Barri,Espanya,2003,27059.0
el fort pienc,Barri,Resta de la Unió Europea,2003,622.0
el fort pienc,Barri,Resta del món,2003,2702.0
el fort pienc,Barri,No consta,2003,24.0
la sagrada familia,Barri,Espanya,2003,46328.0
la sagrada familia,Barri,Resta de la Unió Europea,2003,684.0
la sagrada familia,Barri,Resta del món,2003,4968.0
la sagrada familia,Barri,No consta,2003,33.0
la dreta de leixample,Barri,Espanya,2003,37786.0
la dreta de leixample,Barri,Resta de la Unió Europea,2003,1353.0
la dreta de leixample,Barri,Resta del món,2003,3085.0
la dreta de leixample,Barri,No consta,2003,47.0
lantiga esquerra de leixample,Barri,Espanya,2003,36238.0
lantiga esquerra de leixample,Barri,Resta de la Unió Europea,2003,1077.0
lantiga esquerra de leixample,Barri,Resta del món,2003,3817.0
lantiga esquerra de leixample,Barri,No consta,2003,31.0
la nova esquerra de leixample,Barri,Espanya,2003,51961.0
la nova esquerra de leixample,Barri,Resta de la Unió Europea,2003,1058.0
la nova esquerra de leixample,Barri,Resta del món,2003,5139.0
la nova esquerra de leixample,Barri,No consta,2003,33.0
sant antoni,Barri,Espanya,2003,33700.0
sant antoni,Barri,Resta de la Unió Europea,2003,668.0
sant antoni,Barri,Resta del món,2003,3472.0
sant antoni,Barri,No consta,2003,23.0
el poble sec,Barri,Espanya,2003,30897.0
el poble sec,Barri,Resta de la Unió Europea,2003,531.0
el poble sec,Barri,Resta del món,2003,6730.0
el poble sec,Barri,No consta,2003,46.0
la marina del prat vermell,Barri,Espanya,2003,1496.0
la marina del prat vermell,Barri,Resta de la Unió Europea,2003,6.0
la marina del prat vermell,Barri,Resta del món,2003,40.0
la marina del prat vermell,Barri,No consta,2003,
la marina de port,Barri,Espanya,2003,26542.0
la marina de port,Barri,Resta de la Unió Europea,2003,169.0
la marina de port,Barri,Resta del món,2003,1814.0
la marina de port,Barri,No consta,2003,11.0
la font de la guatlla,Barri,Espanya,2003,8909.0
la font de la guatlla,Barri,Resta de la Unió Europea,2003,119.0
la font de la guatlla,Barri,Resta del món,2003,840.0
la font de la guatlla,Barri,No consta,2003,5.0
hostafrancs,Barri,Espanya,2003,13216.0
hostafrancs,Barri,Resta de la Unió Europea,2003,181.0
hostafrancs,Barri,Resta del món,2003,1809.0
hostafrancs,Barri,No consta,2003,6.0
la bordeta,Barri,Espanya,2003,17055.0
la bordeta,Barri,Resta de la Unió Europea,2003,134.0
la bordeta,Barri,Resta del món,2003,1355.0
la bordeta,Barri,No consta,2003,
sants badal,Barri,Espanya,2003,21758.0
sants badal,Barri,Resta de la Unió Europea,2003,191.0
sants badal,Barri,Resta del món,2003,2382.0
sants badal,Barri,No consta,2003,20.0
sants,Barri,Espanya,2003,35556.0
sants,Barri,Resta de la Unió Europea,2003,395.0
sants,Barri,Resta del món,2003,3659.0
sants,Barri,No consta,2003,18.0
les corts,Barri,Espanya,2003,43719.0
les corts,Barri,Resta de la Unió Europea,2003,733.0
les corts,Barri,Resta del món,2003,2332.0
les corts,Barri,No consta,2003,20.0
la maternitat i sant ramon,Barri,Espanya,2003,23138.0
la maternitat i sant ramon,Barri,Resta de la Unió Europea,2003,349.0
la maternitat i sant ramon,Barri,Resta del món,2003,1437.0
la maternitat i sant ramon,Barri,No consta,2003,14.0
pedralbes,Barri,Espanya,2003,10339.0
pedralbes,Barri,Resta de la Unió Europea,2003,606.0
pedralbes,Barri,Resta del món,2003,750.0
pedralbes,Barri,No consta,2003,8.0
vallvidrera el tibidabo i les planes,Barri,Espanya,2003,3277.0
vallvidrera el tibidabo i les planes,Barri,Resta de la Unió Europea,2003,142.0
vallvidrera el tibidabo i les planes,Barri,Resta del món,2003,143.0
vallvidrera el tibidabo i les planes,Barri,No consta,2003,
sarria,Barri,Espanya,2003,20832.0
sarria,Barri,Resta de la Unió Europea,2003,775.0
sarria,Barri,Resta del món,2003,1223.0
sarria,Barri,No consta,2003,21.0
les tres torres,Barri,Espanya,2003,14032.0
les tres torres,Barri,Resta de la Unió Europea,2003,504.0
les tres torres,Barri,Resta del món,2003,634.0
les tres torres,Barri,No consta,2003,7.0
sant gervasi la bonanova,Barri,Espanya,2003,21896.0
sant gervasi la bonanova,Barri,Resta de la Unió Europea,2003,548.0
sant gervasi la bonanova,Barri,Resta del món,2003,1025.0
sant gervasi la bonanova,Barri,No consta,2003,6.0
sant gervasi galvany,Barri,Espanya,2003,42365.0
sant gervasi galvany,Barri,Resta de la Unió Europea,2003,1196.0
sant gervasi galvany,Barri,Resta del món,2003,2421.0
sant gervasi galvany,Barri,No consta,2003,31.0
el putxet i el farro,Barri,Espanya,2003,25928.0
el putxet i el farro,Barri,Resta de la Unió Europea,2003,730.0
el putxet i el farro,Barri,Resta del món,2003,1656.0
el putxet i el farro,Barri,No consta,2003,12.0
vallcarca i els penitents,Barri,Espanya,2003,13724.0
vallcarca i els penitents,Barri,Resta de la Unió Europea,2003,311.0
vallcarca i els penitents,Barri,Resta del món,2003,1129.0
vallcarca i els penitents,Barri,No consta,2003,9.0
el coll,Barri,Espanya,2003,6438.0
el coll,Barri,Resta de la Unió Europea,2003,115.0
el coll,Barri,Resta del món,2003,463.0
el coll,Barri,No consta,2003,
la salut,Barri,Espanya,2003,12251.0
la salut,Barri,Resta de la Unió Europea,2003,216.0
la salut,Barri,Resta del món,2003,710.0
la salut,Barri,No consta,2003,8.0
la vila de gracia,Barri,Espanya,2003,43890.0
la vila de gracia,Barri,Resta de la Unió Europea,2003,1248.0
la vila de gracia,Barri,Resta del món,2003,3801.0
la vila de gracia,Barri,No consta,2003,51.0
el camp den grassot i gracia nova,Barri,Espanya,2003,32066.0
el camp den grassot i gracia nova,Barri,Resta de la Unió Europea,2003,513.0
el camp den grassot i gracia nova,Barri,Resta del món,2003,2226.0
el camp den grassot i gracia nova,Barri,No consta,2003,18.0
el baix guinardo,Barri,Espanya,2003,23365.0
el baix guinardo,Barri,Resta de la Unió Europea,2003,255.0
el baix guinardo,Barri,Resta del món,2003,1872.0
el baix guinardo,Barri,No consta,2003,20.0
can baro,Barri,Espanya,2003,8466.0
can baro,Barri,Resta de la Unió Europea,2003,78.0
can baro,Barri,Resta del món,2003,526.0
can baro,Barri,No consta,2003,
el guinardo,Barri,Espanya,2003,32494.0
el guinardo,Barri,Resta de la Unió Europea,2003,349.0
el guinardo,Barri,Resta del món,2003,2449.0
el guinardo,Barri,No consta,2003,14.0
la font den fargues,Barri,Espanya,2003,9499.0
la font den fargues,Barri,Resta de la Unió Europea,2003,59.0
la font den fargues,Barri,Resta del món,2003,203.0
la font den fargues,Barri,No consta,2003,
el carmel,Barri,Espanya,2003,30800.0
el carmel,Barri,Resta de la Unió Europea,2003,143.0
el carmel,Barri,Resta del món,2003,2139.0
el carmel,Barri,No consta,2003,19.0
la teixonera,Barri,Espanya,2003,10850.0
la teixonera,Barri,Resta de la Unió Europea,2003,61.0
la teixonera,Barri,Resta del món,2003,1040.0
la teixonera,Barri,No consta,2003,
sant genis dels agudells,Barri,Espanya,2003,6689.0
sant genis dels agudells,Barri,Resta de la Unió Europea,2003,72.0
sant genis dels agudells,Barri,Resta del món,2003,452.0
sant genis dels agudells,Barri,No consta,2003,
montbau,Barri,Espanya,2003,4903.0
montbau,Barri,Resta de la Unió Europea,2003,16.0
montbau,Barri,Resta del món,2003,420.0
montbau,Barri,No consta,2003,
la vall dhebron,Barri,Espanya,2003,5201.0
la vall dhebron,Barri,Resta de la Unió Europea,2003,39.0
la vall dhebron,Barri,Resta del món,2003,443.0
la vall dhebron,Barri,No consta,2003,
la clota,Barri,Espanya,2003,416.0
la clota,Barri,Resta de la Unió Europea,2003,
la clota,Barri,Resta del món,2003,46.0
horta,Barri,Espanya,2003,25511.0
horta,Barri,Resta de la Unió Europea,2003,155.0
horta,Barri,Resta del món,2003,1047.0
horta,Barri,No consta,2003,18.0
vilapicina i la torre llobeta,Barri,Espanya,2003,23857.0
vilapicina i la torre llobeta,Barri,Resta de la Unió Europea,2003,148.0
vilapicina i la torre llobeta,Barri,Resta del món,2003,1856.0
vilapicina i la torre llobeta,Barri,No consta,2003,6.0
porta,Barri,Espanya,2003,22240.0
porta,Barri,Resta de la Unió Europea,2003,104.0
porta,Barri,Resta del món,2003,1443.0
porta,Barri,No consta,2003,15.0
el turo de la peira,Barri,Espanya,2003,12970.0
el turo de la peira,Barri,Resta de la Unió Europea,2003,56.0
el turo de la peira,Barri,Resta del món,2003,1768.0
el turo de la peira,Barri,No consta,2003,
can peguera,Barri,Espanya,2003,2077.0
can peguera,Barri,Resta de la Unió Europea,2003,
can peguera,Barri,Resta del món,2003,48.0
la guineueta,Barri,Espanya,2003,15236.0
la guineueta,Barri,Resta de la Unió Europea,2003,61.0
la guineueta,Barri,Resta del món,2003,670.0
la guineueta,Barri,No consta,2003,
canyelles,Barri,Espanya,2003,7843.0
canyelles,Barri,Resta de la Unió Europea,2003,22.0
canyelles,Barri,Resta del món,2003,186.0
canyelles,Barri,No consta,2003,
les roquetes,Barri,Espanya,2003,14201.0
les roquetes,Barri,Resta de la Unió Europea,2003,50.0
les roquetes,Barri,Resta del món,2003,1337.0
les roquetes,Barri,No consta,2003,8.0
verdun,Barri,Espanya,2003,11266.0
verdun,Barri,Resta de la Unió Europea,2003,45.0
verdun,Barri,Resta del món,2003,1075.0
verdun,Barri,No consta,2003,5.0
la prosperitat,Barri,Espanya,2003,25202.0
la prosperitat,Barri,Resta de la Unió Europea,2003,76.0
la prosperitat,Barri,Resta del món,2003,1899.0
la prosperitat,Barri,No consta,2003,15.0
la trinitat nova,Barri,Espanya,2003,7222.0
la trinitat nova,Barri,Resta de la Unió Europea,2003,18.0
la trinitat nova,Barri,Resta del món,2003,552.0
la trinitat nova,Barri,No consta,2003,
torre baro,Barri,Espanya,2003,2073.0
torre baro,Barri,Resta de la Unió Europea,2003,13.0
torre baro,Barri,Resta del món,2003,126.0
torre baro,Barri,No consta,2003,
ciutat meridiana,Barri,Espanya,2003,8731.0
ciutat meridiana,Barri,Resta de la Unió Europea,2003,34.0
ciutat meridiana,Barri,Resta del món,2003,1123.0
ciutat meridiana,Barri,No consta,2003,
vallbona,Barri,Espanya,2003,853.0
vallbona,Barri,Resta de la Unió Europea,2003,10.0
vallbona,Barri,Resta del món,2003,34.0
vallbona,Barri,No consta,2003,
la trinitat vella,Barri,Espanya,2003,7472.0
la trinitat vella,Barri,Resta de la Unió Europea,2003,26.0
la trinitat vella,Barri,Resta del món,2003,1393.0
la trinitat vella,Barri,No consta,2003,
baro de viver,Barri,Espanya,2003,2334.0
baro de viver,Barri,Resta de la Unió Europea,2003,6.0
baro de viver,Barri,Resta del món,2003,41.0
baro de viver,Barri,No consta,2003,
el bon pastor,Barri,Espanya,2003,9930.0
el bon pastor,Barri,Resta de la Unió Europea,2003,21.0
el bon pastor,Barri,Resta del món,2003,642.0
el bon pastor,Barri,No consta,2003,
sant andreu,Barri,Espanya,2003,51735.0
sant andreu,Barri,Resta de la Unió Europea,2003,292.0
sant andreu,Barri,Resta del món,2003,2378.0
sant andreu,Barri,No consta,2003,16.0
la sagrera,Barri,Espanya,2003,26595.0
la sagrera,Barri,Resta de la Unió Europea,2003,150.0
la sagrera,Barri,Resta del món,2003,2081.0
la sagrera,Barri,No consta,2003,14.0
el congres i els indians,Barri,Espanya,2003,12823.0
el congres i els indians,Barri,Resta de la Unió Europea,2003,82.0
el congres i els indians,Barri,Resta del món,2003,759.0
el congres i els indians,Barri,No consta,2003,6.0
navas,Barri,Espanya,2003,20119.0
navas,Barri,Resta de la Unió Europea,2003,159.0
navas,Barri,Resta del món,2003,1792.0
navas,Barri,No consta,2003,19.0
el camp de larpa del clot,Barri,Espanya,2003,34612.0
el camp de larpa del clot,Barri,Resta de la Unió Europea,2003,378.0
el camp de larpa del clot,Barri,Resta del món,2003,3540.0
el camp de larpa del clot,Barri,No consta,2003,12.0
el clot,Barri,Espanya,2003,24261.0
el clot,Barri,Resta de la Unió Europea,2003,249.0
el clot,Barri,Resta del món,2003,2104.0
el clot,Barri,No consta,2003,13.0
el parc i la llacuna del poblenou,Barri,Espanya,2003,11402.0
el parc i la llacuna del poblenou,Barri,Resta de la Unió Europea,2003,221.0
el parc i la llacuna del poblenou,Barri,Resta del món,2003,1515.0
el parc i la llacuna del poblenou,Barri,No consta,2003,21.0
la vila olimpica del poblenou,Barri,Espanya,2003,6967.0
la vila olimpica del poblenou,Barri,Resta de la Unió Europea,2003,360.0
la vila olimpica del poblenou,Barri,Resta del món,2003,491.0
la vila olimpica del poblenou,Barri,No consta,2003,24.0
el poblenou,Barri,Espanya,2003,24990.0
el poblenou,Barri,Resta de la Unió Europea,2003,319.0
el poblenou,Barri,Resta del món,2003,2122.0
el poblenou,Barri,No consta,2003,13.0
diagonal mar i el front maritim del poblenou,Barri,Espanya,2003,6793.0
diagonal mar i el front maritim del poblenou,Barri,Resta de la Unió Europea,2003,106.0
diagonal mar i el front maritim del poblenou,Barri,Resta del món,2003,344.0
diagonal mar i el front maritim del poblenou,Barri,No consta,2003,
el besos i el maresme,Barri,Espanya,2003,19726.0
el besos i el maresme,Barri,Resta de la Unió Europea,2003,58.0
el besos i el maresme,Barri,Resta del món,2003,1834.0
el besos i el maresme,Barri,No consta,2003,5.0
provencals del poblenou,Barri,Espanya,2003,16468.0
provencals del poblenou,Barri,Resta de la Unió Europea,2003,97.0
provencals del poblenou,Barri,Resta del món,2003,1112.0
provencals del poblenou,Barri,No consta,2003,8.0
sant marti de provencals,Barri,Espanya,2003,25695.0
sant marti de provencals,Barri,Resta de la Unió Europea,2003,134.0
sant marti de provencals,Barri,Resta del món,2003,1094.0
sant marti de provencals,Barri,No consta,2003,7.0
la verneda i la pau,Barri,Espanya,2003,29235.0
la verneda i la pau,Barri,Resta de la Unió Europea,2003,78.0
la verneda i la pau,Barri,Resta del món,2003,1301.0
la verneda i la pau,Barri,No consta,2003,11.0
el raval,Barri,Espanya,2004,26744.0
el raval,Barri,Resta de la Unió Europea,2004,1496.0
el raval,Barri,Resta del món,2004,17996.0
el raval,Barri,No consta,2004,21.0
el barri gotic,Barri,Espanya,2004,12318.0
el barri gotic,Barri,Resta de la Unió Europea,2004,1467.0
el barri gotic,Barri,Resta del món,2004,11283.0
el barri gotic,Barri,No consta,2004,21.0
la barceloneta,Barri,Espanya,2004,12617.0
la barceloneta,Barri,Resta de la Unió Europea,2004,474.0
la barceloneta,Barri,Resta del món,2004,2858.0
la barceloneta,Barri,No consta,2004,9.0
sant pere santa caterina i la ribera,Barri,Espanya,2004,15730.0
sant pere santa caterina i la ribera,Barri,Resta de la Unió Europea,2004,1332.0
sant pere santa caterina i la ribera,Barri,Resta del món,2004,5511.0
sant pere santa caterina i la ribera,Barri,No consta,2004,9.0
el fort pienc,Barri,Espanya,2004,26655.0
el fort pienc,Barri,Resta de la Unió Europea,2004,769.0
el fort pienc,Barri,Resta del món,2004,3101.0
el fort pienc,Barri,No consta,2004,12.0
la sagrada familia,Barri,Espanya,2004,45439.0
la sagrada familia,Barri,Resta de la Unió Europea,2004,918.0
la sagrada familia,Barri,Resta del món,2004,5653.0
la sagrada familia,Barri,No consta,2004,19.0
la dreta de leixample,Barri,Espanya,2004,36808.0
la dreta de leixample,Barri,Resta de la Unió Europea,2004,1626.0
la dreta de leixample,Barri,Resta del món,2004,3685.0
la dreta de leixample,Barri,No consta,2004,28.0
lantiga esquerra de leixample,Barri,Espanya,2004,35535.0
lantiga esquerra de leixample,Barri,Resta de la Unió Europea,2004,1365.0
lantiga esquerra de leixample,Barri,Resta del món,2004,4263.0
lantiga esquerra de leixample,Barri,No consta,2004,22.0
la nova esquerra de leixample,Barri,Espanya,2004,50990.0
la nova esquerra de leixample,Barri,Resta de la Unió Europea,2004,1265.0
la nova esquerra de leixample,Barri,Resta del món,2004,5981.0
la nova esquerra de leixample,Barri,No consta,2004,8.0
sant antoni,Barri,Espanya,2004,32979.0
sant antoni,Barri,Resta de la Unió Europea,2004,836.0
sant antoni,Barri,Resta del món,2004,4130.0
sant antoni,Barri,No consta,2004,12.0
el poble sec,Barri,Espanya,2004,30419.0
el poble sec,Barri,Resta de la Unió Europea,2004,713.0
el poble sec,Barri,Resta del món,2004,7656.0
el poble sec,Barri,No consta,2004,5.0
la marina del prat vermell,Barri,Espanya,2004,1397.0
la marina del prat vermell,Barri,Resta de la Unió Europea,2004,6.0
la marina del prat vermell,Barri,Resta del món,2004,53.0
la marina del prat vermell,Barri,No consta,2004,
la marina de port,Barri,Espanya,2004,26266.0
la marina de port,Barri,Resta de la Unió Europea,2004,219.0
la marina de port,Barri,Resta del món,2004,2322.0
la marina de port,Barri,No consta,2004,6.0
la font de la guatlla,Barri,Espanya,2004,8739.0
la font de la guatlla,Barri,Resta de la Unió Europea,2004,160.0
la font de la guatlla,Barri,Resta del món,2004,1027.0
la font de la guatlla,Barri,No consta,2004,
hostafrancs,Barri,Espanya,2004,13111.0
hostafrancs,Barri,Resta de la Unió Europea,2004,248.0
hostafrancs,Barri,Resta del món,2004,2087.0
hostafrancs,Barri,No consta,2004,
la bordeta,Barri,Espanya,2004,16857.0
la bordeta,Barri,Resta de la Unió Europea,2004,169.0
la bordeta,Barri,Resta del món,2004,1731.0
la bordeta,Barri,No consta,2004,
sants badal,Barri,Espanya,2004,21258.0
sants badal,Barri,Resta de la Unió Europea,2004,242.0
sants badal,Barri,Resta del món,2004,2798.0
sants badal,Barri,No consta,2004,15.0
sants,Barri,Espanya,2004,34709.0
sants,Barri,Resta de la Unió Europea,2004,499.0
sants,Barri,Resta del món,2004,4309.0
sants,Barri,No consta,2004,13.0
les corts,Barri,Espanya,2004,42853.0
les corts,Barri,Resta de la Unió Europea,2004,857.0
les corts,Barri,Resta del món,2004,2761.0
les corts,Barri,No consta,2004,12.0
la maternitat i sant ramon,Barri,Espanya,2004,22740.0
la maternitat i sant ramon,Barri,Resta de la Unió Europea,2004,405.0
la maternitat i sant ramon,Barri,Resta del món,2004,1648.0
la maternitat i sant ramon,Barri,No consta,2004,
pedralbes,Barri,Espanya,2004,10189.0
pedralbes,Barri,Resta de la Unió Europea,2004,660.0
pedralbes,Barri,Resta del món,2004,856.0
pedralbes,Barri,No consta,2004,11.0
vallvidrera el tibidabo i les planes,Barri,Espanya,2004,3314.0
vallvidrera el tibidabo i les planes,Barri,Resta de la Unió Europea,2004,177.0
vallvidrera el tibidabo i les planes,Barri,Resta del món,2004,180.0
vallvidrera el tibidabo i les planes,Barri,No consta,2004,
sarria,Barri,Espanya,2004,20695.0
sarria,Barri,Resta de la Unió Europea,2004,920.0
sarria,Barri,Resta del món,2004,1439.0
sarria,Barri,No consta,2004,8.0
les tres torres,Barri,Espanya,2004,13941.0
les tres torres,Barri,Resta de la Unió Europea,2004,526.0
les tres torres,Barri,Resta del món,2004,734.0
les tres torres,Barri,No consta,2004,
sant gervasi la bonanova,Barri,Espanya,2004,21760.0
sant gervasi la bonanova,Barri,Resta de la Unió Europea,2004,613.0
sant gervasi la bonanova,Barri,Resta del món,2004,1164.0
sant gervasi la bonanova,Barri,No consta,2004,
sant gervasi galvany,Barri,Espanya,2004,41514.0
sant gervasi galvany,Barri,Resta de la Unió Europea,2004,1396.0
sant gervasi galvany,Barri,Resta del món,2004,2894.0
sant gervasi galvany,Barri,No consta,2004,15.0
el putxet i el farro,Barri,Espanya,2004,25607.0
el putxet i el farro,Barri,Resta de la Unió Europea,2004,860.0
el putxet i el farro,Barri,Resta del món,2004,1986.0
el putxet i el farro,Barri,No consta,2004,
vallcarca i els penitents,Barri,Espanya,2004,13652.0
vallcarca i els penitents,Barri,Resta de la Unió Europea,2004,399.0
vallcarca i els penitents,Barri,Resta del món,2004,1324.0
vallcarca i els penitents,Barri,No consta,2004,6.0
el coll,Barri,Espanya,2004,6443.0
el coll,Barri,Resta de la Unió Europea,2004,136.0
el coll,Barri,Resta del món,2004,562.0
el coll,Barri,No consta,2004,
la salut,Barri,Espanya,2004,12035.0
la salut,Barri,Resta de la Unió Europea,2004,288.0
la salut,Barri,Resta del món,2004,856.0
la salut,Barri,No consta,2004,
la vila de gracia,Barri,Espanya,2004,43076.0
la vila de gracia,Barri,Resta de la Unió Europea,2004,1630.0
la vila de gracia,Barri,Resta del món,2004,4515.0
la vila de gracia,Barri,No consta,2004,35.0
el camp den grassot i gracia nova,Barri,Espanya,2004,31629.0
el camp den grassot i gracia nova,Barri,Resta de la Unió Europea,2004,657.0
el camp den grassot i gracia nova,Barri,Resta del món,2004,2588.0
el camp den grassot i gracia nova,Barri,No consta,2004,
el baix guinardo,Barri,Espanya,2004,22929.0
el baix guinardo,Barri,Resta de la Unió Europea,2004,335.0
el baix guinardo,Barri,Resta del món,2004,2212.0
el baix guinardo,Barri,No consta,2004,
can baro,Barri,Espanya,2004,8271.0
can baro,Barri,Resta de la Unió Europea,2004,103.0
can baro,Barri,Resta del món,2004,588.0
can baro,Barri,No consta,2004,
el guinardo,Barri,Espanya,2004,31933.0
el guinardo,Barri,Resta de la Unió Europea,2004,433.0
el guinardo,Barri,Resta del món,2004,2836.0
el guinardo,Barri,No consta,2004,
la font den fargues,Barri,Espanya,2004,9388.0
la font den fargues,Barri,Resta de la Unió Europea,2004,76.0
la font den fargues,Barri,Resta del món,2004,251.0
la font den fargues,Barri,No consta,2004,
el carmel,Barri,Espanya,2004,30062.0
el carmel,Barri,Resta de la Unió Europea,2004,175.0
el carmel,Barri,Resta del món,2004,2664.0
el carmel,Barri,No consta,2004,7.0
la teixonera,Barri,Espanya,2004,10686.0
la teixonera,Barri,Resta de la Unió Europea,2004,85.0
la teixonera,Barri,Resta del món,2004,1255.0
la teixonera,Barri,No consta,2004,
sant genis dels agudells,Barri,Espanya,2004,6520.0
sant genis dels agudells,Barri,Resta de la Unió Europea,2004,81.0
sant genis dels agudells,Barri,Resta del món,2004,535.0
sant genis dels agudells,Barri,No consta,2004,
montbau,Barri,Espanya,2004,4812.0
montbau,Barri,Resta de la Unió Europea,2004,25.0
montbau,Barri,Resta del món,2004,472.0
montbau,Barri,No consta,2004,
la vall dhebron,Barri,Espanya,2004,5143.0
la vall dhebron,Barri,Resta de la Unió Europea,2004,54.0
la vall dhebron,Barri,Resta del món,2004,513.0
la vall dhebron,Barri,No consta,2004,
la clota,Barri,Espanya,2004,414.0
la clota,Barri,Resta de la Unió Europea,2004,
la clota,Barri,Resta del món,2004,47.0
horta,Barri,Espanya,2004,25201.0
horta,Barri,Resta de la Unió Europea,2004,211.0
horta,Barri,Resta del món,2004,1271.0
horta,Barri,No consta,2004,
vilapicina i la torre llobeta,Barri,Espanya,2004,23408.0
vilapicina i la torre llobeta,Barri,Resta de la Unió Europea,2004,173.0
vilapicina i la torre llobeta,Barri,Resta del món,2004,2175.0
vilapicina i la torre llobeta,Barri,No consta,2004,
porta,Barri,Espanya,2004,21642.0
porta,Barri,Resta de la Unió Europea,2004,127.0
porta,Barri,Resta del món,2004,1779.0
porta,Barri,No consta,2004,7.0
el turo de la peira,Barri,Espanya,2004,12738.0
el turo de la peira,Barri,Resta de la Unió Europea,2004,89.0
el turo de la peira,Barri,Resta del món,2004,2196.0
el turo de la peira,Barri,No consta,2004,
can peguera,Barri,Espanya,2004,2056.0
can peguera,Barri,Resta de la Unió Europea,2004,
can peguera,Barri,Resta del món,2004,49.0
la guineueta,Barri,Espanya,2004,15214.0
la guineueta,Barri,Resta de la Unió Europea,2004,74.0
la guineueta,Barri,Resta del món,2004,789.0
la guineueta,Barri,No consta,2004,
canyelles,Barri,Espanya,2004,7651.0
canyelles,Barri,Resta de la Unió Europea,2004,25.0
canyelles,Barri,Resta del món,2004,198.0
canyelles,Barri,No consta,2004,
les roquetes,Barri,Espanya,2004,13867.0
les roquetes,Barri,Resta de la Unió Europea,2004,62.0
les roquetes,Barri,Resta del món,2004,1880.0
les roquetes,Barri,No consta,2004,
verdun,Barri,Espanya,2004,10979.0
verdun,Barri,Resta de la Unió Europea,2004,52.0
verdun,Barri,Resta del món,2004,1288.0
verdun,Barri,No consta,2004,
la prosperitat,Barri,Espanya,2004,24525.0
la prosperitat,Barri,Resta de la Unió Europea,2004,84.0
la prosperitat,Barri,Resta del món,2004,2286.0
la prosperitat,Barri,No consta,2004,7.0
la trinitat nova,Barri,Espanya,2004,7033.0
la trinitat nova,Barri,Resta de la Unió Europea,2004,30.0
la trinitat nova,Barri,Resta del món,2004,840.0
la trinitat nova,Barri,No consta,2004,
torre baro,Barri,Espanya,2004,2051.0
torre baro,Barri,Resta de la Unió Europea,2004,10.0
torre baro,Barri,Resta del món,2004,150.0
torre baro,Barri,No consta,2004,
ciutat meridiana,Barri,Espanya,2004,8364.0
ciutat meridiana,Barri,Resta de la Unió Europea,2004,43.0
ciutat meridiana,Barri,Resta del món,2004,1708.0
ciutat meridiana,Barri,No consta,2004,
vallbona,Barri,Espanya,2004,876.0
vallbona,Barri,Resta de la Unió Europea,2004,10.0
vallbona,Barri,Resta del món,2004,47.0
vallbona,Barri,No consta,2004,
la trinitat vella,Barri,Espanya,2004,7257.0
la trinitat vella,Barri,Resta de la Unió Europea,2004,35.0
la trinitat vella,Barri,Resta del món,2004,1723.0
la trinitat vella,Barri,No consta,2004,
baro de viver,Barri,Espanya,2004,2301.0
baro de viver,Barri,Resta de la Unió Europea,2004,
baro de viver,Barri,Resta del món,2004,60.0
baro de viver,Barri,No consta,2004,
el bon pastor,Barri,Espanya,2004,10496.0
el bon pastor,Barri,Resta de la Unió Europea,2004,38.0
el bon pastor,Barri,Resta del món,2004,855.0
el bon pastor,Barri,No consta,2004,
sant andreu,Barri,Espanya,2004,51644.0
sant andreu,Barri,Resta de la Unió Europea,2004,368.0
sant andreu,Barri,Resta del món,2004,2900.0
sant andreu,Barri,No consta,2004,5.0
la sagrera,Barri,Espanya,2004,26192.0
la sagrera,Barri,Resta de la Unió Europea,2004,173.0
la sagrera,Barri,Resta del món,2004,2429.0
la sagrera,Barri,No consta,2004,
el congres i els indians,Barri,Espanya,2004,12645.0
el congres i els indians,Barri,Resta de la Unió Europea,2004,96.0
el congres i els indians,Barri,Resta del món,2004,962.0
el congres i els indians,Barri,No consta,2004,
navas,Barri,Espanya,2004,19633.0
navas,Barri,Resta de la Unió Europea,2004,183.0
navas,Barri,Resta del món,2004,1956.0
navas,Barri,No consta,2004,13.0
el camp de larpa del clot,Barri,Espanya,2004,33823.0
el camp de larpa del clot,Barri,Resta de la Unió Europea,2004,468.0
el camp de larpa del clot,Barri,Resta del món,2004,3976.0
el camp de larpa del clot,Barri,No consta,2004,5.0
el clot,Barri,Espanya,2004,23956.0
el clot,Barri,Resta de la Unió Europea,2004,313.0
el clot,Barri,Resta del món,2004,2329.0
el clot,Barri,No consta,2004,
el parc i la llacuna del poblenou,Barri,Espanya,2004,11239.0
el parc i la llacuna del poblenou,Barri,Resta de la Unió Europea,2004,270.0
el parc i la llacuna del poblenou,Barri,Resta del món,2004,1695.0
el parc i la llacuna del poblenou,Barri,No consta,2004,15.0
la vila olimpica del poblenou,Barri,Espanya,2004,6959.0
la vila olimpica del poblenou,Barri,Resta de la Unió Europea,2004,451.0
la vila olimpica del poblenou,Barri,Resta del món,2004,589.0
la vila olimpica del poblenou,Barri,No consta,2004,23.0
el poblenou,Barri,Espanya,2004,25076.0
el poblenou,Barri,Resta de la Unió Europea,2004,476.0
el poblenou,Barri,Resta del món,2004,2538.0
el poblenou,Barri,No consta,2004,
diagonal mar i el front maritim del poblenou,Barri,Espanya,2004,7476.0
diagonal mar i el front maritim del poblenou,Barri,Resta de la Unió Europea,2004,194.0
diagonal mar i el front maritim del poblenou,Barri,Resta del món,2004,459.0
diagonal mar i el front maritim del poblenou,Barri,No consta,2004,
el besos i el maresme,Barri,Espanya,2004,19183.0
el besos i el maresme,Barri,Resta de la Unió Europea,2004,88.0
el besos i el maresme,Barri,Resta del món,2004,2531.0
el besos i el maresme,Barri,No consta,2004,
provencals del poblenou,Barri,Espanya,2004,16316.0
provencals del poblenou,Barri,Resta de la Unió Europea,2004,126.0
provencals del poblenou,Barri,Resta del món,2004,1253.0
provencals del poblenou,Barri,No consta,2004,5.0
sant marti de provencals,Barri,Espanya,2004,25218.0
sant marti de provencals,Barri,Resta de la Unió Europea,2004,171.0
sant marti de provencals,Barri,Resta del món,2004,1374.0
sant marti de provencals,Barri,No consta,2004,6.0
la verneda i la pau,Barri,Espanya,2004,28379.0
la verneda i la pau,Barri,Resta de la Unió Europea,2004,122.0
la verneda i la pau,Barri,Resta del món,2004,1736.0
la verneda i la pau,Barri,No consta,2004,
el raval,Barri,Espanya,2005,26079.0
el raval,Barri,Resta de la Unió Europea,2005,1849.0
el raval,Barri,Resta del món,2005,19378.0
el raval,Barri,No consta,2005,23.0
el barri gotic,Barri,Espanya,2005,12085.0
el barri gotic,Barri,Resta de la Unió Europea,2005,1949.0
el barri gotic,Barri,Resta del món,2005,13067.0
el barri gotic,Barri,No consta,2005,28.0
la barceloneta,Barri,Espanya,2005,12248.0
la barceloneta,Barri,Resta de la Unió Europea,2005,644.0
la barceloneta,Barri,Resta del món,2005,2888.0
la barceloneta,Barri,No consta,2005,16.0
sant pere santa caterina i la ribera,Barri,Espanya,2005,15344.0
sant pere santa caterina i la ribera,Barri,Resta de la Unió Europea,2005,1629.0
sant pere santa caterina i la ribera,Barri,Resta del món,2005,5858.0
sant pere santa caterina i la ribera,Barri,No consta,2005,12.0
el fort pienc,Barri,Espanya,2005,26309.0
el fort pienc,Barri,Resta de la Unió Europea,2005,972.0
el fort pienc,Barri,Resta del món,2005,3636.0
el fort pienc,Barri,No consta,2005,12.0
la sagrada familia,Barri,Espanya,2005,44728.0
la sagrada familia,Barri,Resta de la Unió Europea,2005,1146.0
la sagrada familia,Barri,Resta del món,2005,6251.0
la sagrada familia,Barri,No consta,2005,21.0
la dreta de leixample,Barri,Espanya,2005,36137.0
la dreta de leixample,Barri,Resta de la Unió Europea,2005,1994.0
la dreta de leixample,Barri,Resta del món,2005,4275.0
la dreta de leixample,Barri,No consta,2005,33.0
lantiga esquerra de leixample,Barri,Espanya,2005,34909.0
lantiga esquerra de leixample,Barri,Resta de la Unió Europea,2005,1626.0
lantiga esquerra de leixample,Barri,Resta del món,2005,4904.0
lantiga esquerra de leixample,Barri,No consta,2005,29.0
la nova esquerra de leixample,Barri,Espanya,2005,50197.0
la nova esquerra de leixample,Barri,Resta de la Unió Europea,2005,1595.0
la nova esquerra de leixample,Barri,Resta del món,2005,6820.0
la nova esquerra de leixample,Barri,No consta,2005,15.0
sant antoni,Barri,Espanya,2005,32455.0
sant antoni,Barri,Resta de la Unió Europea,2005,1080.0
sant antoni,Barri,Resta del món,2005,4540.0
sant antoni,Barri,No consta,2005,7.0
el poble sec,Barri,Espanya,2005,29828.0
el poble sec,Barri,Resta de la Unió Europea,2005,1027.0
el poble sec,Barri,Resta del món,2005,8533.0
el poble sec,Barri,No consta,2005,6.0
la marina del prat vermell,Barri,Espanya,2005,1244.0
la marina del prat vermell,Barri,Resta de la Unió Europea,2005,5.0
la marina del prat vermell,Barri,Resta del món,2005,58.0
la marina del prat vermell,Barri,No consta,2005,
la marina de port,Barri,Espanya,2005,26121.0
la marina de port,Barri,Resta de la Unió Europea,2005,262.0
la marina de port,Barri,Resta del món,2005,2837.0
la marina de port,Barri,No consta,2005,
la font de la guatlla,Barri,Espanya,2005,8606.0
la font de la guatlla,Barri,Resta de la Unió Europea,2005,198.0
la font de la guatlla,Barri,Resta del món,2005,1309.0
la font de la guatlla,Barri,No consta,2005,
hostafrancs,Barri,Espanya,2005,12837.0
hostafrancs,Barri,Resta de la Unió Europea,2005,325.0
hostafrancs,Barri,Resta del món,2005,2309.0
hostafrancs,Barri,No consta,2005,
la bordeta,Barri,Espanya,2005,16592.0
la bordeta,Barri,Resta de la Unió Europea,2005,210.0
la bordeta,Barri,Resta del món,2005,1864.0
la bordeta,Barri,No consta,2005,
sants badal,Barri,Espanya,2005,20892.0
sants badal,Barri,Resta de la Unió Europea,2005,305.0
sants badal,Barri,Resta del món,2005,3049.0
sants badal,Barri,No consta,2005,18.0
sants,Barri,Espanya,2005,34242.0
sants,Barri,Resta de la Unió Europea,2005,622.0
sants,Barri,Resta del món,2005,4929.0
sants,Barri,No consta,2005,12.0
les corts,Barri,Espanya,2005,42195.0
les corts,Barri,Resta de la Unió Europea,2005,998.0
les corts,Barri,Resta del món,2005,3208.0
les corts,Barri,No consta,2005,13.0
la maternitat i sant ramon,Barri,Espanya,2005,22249.0
la maternitat i sant ramon,Barri,Resta de la Unió Europea,2005,446.0
la maternitat i sant ramon,Barri,Resta del món,2005,1870.0
la maternitat i sant ramon,Barri,No consta,2005,
pedralbes,Barri,Espanya,2005,10075.0
pedralbes,Barri,Resta de la Unió Europea,2005,759.0
pedralbes,Barri,Resta del món,2005,921.0
pedralbes,Barri,No consta,2005,11.0
vallvidrera el tibidabo i les planes,Barri,Espanya,2005,3358.0
vallvidrera el tibidabo i les planes,Barri,Resta de la Unió Europea,2005,191.0
vallvidrera el tibidabo i les planes,Barri,Resta del món,2005,190.0
vallvidrera el tibidabo i les planes,Barri,No consta,2005,
sarria,Barri,Espanya,2005,20715.0
sarria,Barri,Resta de la Unió Europea,2005,1024.0
sarria,Barri,Resta del món,2005,1633.0
sarria,Barri,No consta,2005,7.0
les tres torres,Barri,Espanya,2005,13911.0
les tres torres,Barri,Resta de la Unió Europea,2005,570.0
les tres torres,Barri,Resta del món,2005,860.0
les tres torres,Barri,No consta,2005,
sant gervasi la bonanova,Barri,Espanya,2005,21704.0
sant gervasi la bonanova,Barri,Resta de la Unió Europea,2005,687.0
sant gervasi la bonanova,Barri,Resta del món,2005,1337.0
sant gervasi la bonanova,Barri,No consta,2005,
sant gervasi galvany,Barri,Espanya,2005,41241.0
sant gervasi galvany,Barri,Resta de la Unió Europea,2005,1629.0
sant gervasi galvany,Barri,Resta del món,2005,3261.0
sant gervasi galvany,Barri,No consta,2005,13.0
el putxet i el farro,Barri,Espanya,2005,25374.0
el putxet i el farro,Barri,Resta de la Unió Europea,2005,998.0
el putxet i el farro,Barri,Resta del món,2005,2264.0
el putxet i el farro,Barri,No consta,2005,6.0
vallcarca i els penitents,Barri,Espanya,2005,13485.0
vallcarca i els penitents,Barri,Resta de la Unió Europea,2005,470.0
vallcarca i els penitents,Barri,Resta del món,2005,1532.0
vallcarca i els penitents,Barri,No consta,2005,6.0
el coll,Barri,Espanya,2005,6353.0
el coll,Barri,Resta de la Unió Europea,2005,169.0
el coll,Barri,Resta del món,2005,615.0
el coll,Barri,No consta,2005,
la salut,Barri,Espanya,2005,11888.0
la salut,Barri,Resta de la Unió Europea,2005,347.0
la salut,Barri,Resta del món,2005,959.0
la salut,Barri,No consta,2005,5.0
la vila de gracia,Barri,Espanya,2005,42515.0
la vila de gracia,Barri,Resta de la Unió Europea,2005,2123.0
la vila de gracia,Barri,Resta del món,2005,5101.0
la vila de gracia,Barri,No consta,2005,44.0
el camp den grassot i gracia nova,Barri,Espanya,2005,31070.0
el camp den grassot i gracia nova,Barri,Resta de la Unió Europea,2005,792.0
el camp den grassot i gracia nova,Barri,Resta del món,2005,2879.0
el camp den grassot i gracia nova,Barri,No consta,2005,
el baix guinardo,Barri,Espanya,2005,22625.0
el baix guinardo,Barri,Resta de la Unió Europea,2005,468.0
el baix guinardo,Barri,Resta del món,2005,2384.0
el baix guinardo,Barri,No consta,2005,5.0
can baro,Barri,Espanya,2005,8113.0
can baro,Barri,Resta de la Unió Europea,2005,145.0
can baro,Barri,Resta del món,2005,718.0
can baro,Barri,No consta,2005,
el guinardo,Barri,Espanya,2005,31610.0
el guinardo,Barri,Resta de la Unió Europea,2005,546.0
el guinardo,Barri,Resta del món,2005,3183.0
el guinardo,Barri,No consta,2005,5.0
la font den fargues,Barri,Espanya,2005,9319.0
la font den fargues,Barri,Resta de la Unió Europea,2005,95.0
la font den fargues,Barri,Resta del món,2005,296.0
la font den fargues,Barri,No consta,2005,
el carmel,Barri,Espanya,2005,29346.0
el carmel,Barri,Resta de la Unió Europea,2005,238.0
el carmel,Barri,Resta del món,2005,3091.0
el carmel,Barri,No consta,2005,
la teixonera,Barri,Espanya,2005,10525.0
la teixonera,Barri,Resta de la Unió Europea,2005,121.0
la teixonera,Barri,Resta del món,2005,1436.0
la teixonera,Barri,No consta,2005,
sant genis dels agudells,Barri,Espanya,2005,6396.0
sant genis dels agudells,Barri,Resta de la Unió Europea,2005,94.0
sant genis dels agudells,Barri,Resta del món,2005,642.0
sant genis dels agudells,Barri,No consta,2005,
montbau,Barri,Espanya,2005,4751.0
montbau,Barri,Resta de la Unió Europea,2005,36.0
montbau,Barri,Resta del món,2005,497.0
montbau,Barri,No consta,2005,
la vall dhebron,Barri,Espanya,2005,5062.0
la vall dhebron,Barri,Resta de la Unió Europea,2005,74.0
la vall dhebron,Barri,Resta del món,2005,554.0
la vall dhebron,Barri,No consta,2005,
la clota,Barri,Espanya,2005,421.0
la clota,Barri,Resta de la Unió Europea,2005,
la clota,Barri,Resta del món,2005,52.0
horta,Barri,Espanya,2005,24819.0
horta,Barri,Resta de la Unió Europea,2005,241.0
horta,Barri,Resta del món,2005,1580.0
horta,Barri,No consta,2005,
vilapicina i la torre llobeta,Barri,Espanya,2005,23078.0
vilapicina i la torre llobeta,Barri,Resta de la Unió Europea,2005,217.0
vilapicina i la torre llobeta,Barri,Resta del món,2005,2418.0
vilapicina i la torre llobeta,Barri,No consta,2005,
porta,Barri,Espanya,2005,21192.0
porta,Barri,Resta de la Unió Europea,2005,173.0
porta,Barri,Resta del món,2005,1936.0
porta,Barri,No consta,2005,7.0
el turo de la peira,Barri,Espanya,2005,12474.0
el turo de la peira,Barri,Resta de la Unió Europea,2005,105.0
el turo de la peira,Barri,Resta del món,2005,2631.0
el turo de la peira,Barri,No consta,2005,
can peguera,Barri,Espanya,2005,2057.0
can peguera,Barri,Resta de la Unió Europea,2005,
can peguera,Barri,Resta del món,2005,62.0
la guineueta,Barri,Espanya,2005,14913.0
la guineueta,Barri,Resta de la Unió Europea,2005,99.0
la guineueta,Barri,Resta del món,2005,850.0
la guineueta,Barri,No consta,2005,
canyelles,Barri,Espanya,2005,7450.0
canyelles,Barri,Resta de la Unió Europea,2005,28.0
canyelles,Barri,Resta del món,2005,244.0
canyelles,Barri,No consta,2005,
les roquetes,Barri,Espanya,2005,13453.0
les roquetes,Barri,Resta de la Unió Europea,2005,83.0
les roquetes,Barri,Resta del món,2005,2173.0
les roquetes,Barri,No consta,2005,
verdun,Barri,Espanya,2005,10719.0
verdun,Barri,Resta de la Unió Europea,2005,60.0
verdun,Barri,Resta del món,2005,1409.0
verdun,Barri,No consta,2005,
la prosperitat,Barri,Espanya,2005,23941.0
la prosperitat,Barri,Resta de la Unió Europea,2005,131.0
la prosperitat,Barri,Resta del món,2005,2650.0
la prosperitat,Barri,No consta,2005,5.0
la trinitat nova,Barri,Espanya,2005,6895.0
la trinitat nova,Barri,Resta de la Unió Europea,2005,35.0
la trinitat nova,Barri,Resta del món,2005,1039.0
la trinitat nova,Barri,No consta,2005,
torre baro,Barri,Espanya,2005,2048.0
torre baro,Barri,Resta de la Unió Europea,2005,10.0
torre baro,Barri,Resta del món,2005,156.0
torre baro,Barri,No consta,2005,
ciutat meridiana,Barri,Espanya,2005,7882.0
ciutat meridiana,Barri,Resta de la Unió Europea,2005,54.0
ciutat meridiana,Barri,Resta del món,2005,2345.0
ciutat meridiana,Barri,No consta,2005,
vallbona,Barri,Espanya,2005,899.0
vallbona,Barri,Resta de la Unió Europea,2005,13.0
vallbona,Barri,Resta del món,2005,65.0
vallbona,Barri,No consta,2005,
la trinitat vella,Barri,Espanya,2005,7055.0
la trinitat vella,Barri,Resta de la Unió Europea,2005,53.0
la trinitat vella,Barri,Resta del món,2005,2189.0
la trinitat vella,Barri,No consta,2005,
baro de viver,Barri,Espanya,2005,2300.0
baro de viver,Barri,Resta de la Unió Europea,2005,5.0
baro de viver,Barri,Resta del món,2005,77.0
baro de viver,Barri,No consta,2005,
el bon pastor,Barri,Espanya,2005,10591.0
el bon pastor,Barri,Resta de la Unió Europea,2005,63.0
el bon pastor,Barri,Resta del món,2005,1078.0
el bon pastor,Barri,No consta,2005,
sant andreu,Barri,Espanya,2005,51462.0
sant andreu,Barri,Resta de la Unió Europea,2005,470.0
sant andreu,Barri,Resta del món,2005,3474.0
sant andreu,Barri,No consta,2005,8.0
la sagrera,Barri,Espanya,2005,25974.0
la sagrera,Barri,Resta de la Unió Europea,2005,209.0
la sagrera,Barri,Resta del món,2005,2647.0
la sagrera,Barri,No consta,2005,
el congres i els indians,Barri,Espanya,2005,12556.0
el congres i els indians,Barri,Resta de la Unió Europea,2005,125.0
el congres i els indians,Barri,Resta del món,2005,1149.0
el congres i els indians,Barri,No consta,2005,
navas,Barri,Espanya,2005,19330.0
navas,Barri,Resta de la Unió Europea,2005,225.0
navas,Barri,Resta del món,2005,2163.0
navas,Barri,No consta,2005,9.0
el camp de larpa del clot,Barri,Espanya,2005,33264.0
el camp de larpa del clot,Barri,Resta de la Unió Europea,2005,582.0
el camp de larpa del clot,Barri,Resta del món,2005,4630.0
el camp de larpa del clot,Barri,No consta,2005,10.0
el clot,Barri,Espanya,2005,23858.0
el clot,Barri,Resta de la Unió Europea,2005,365.0
el clot,Barri,Resta del món,2005,2618.0
el clot,Barri,No consta,2005,
el parc i la llacuna del poblenou,Barri,Espanya,2005,11053.0
el parc i la llacuna del poblenou,Barri,Resta de la Unió Europea,2005,323.0
el parc i la llacuna del poblenou,Barri,Resta del món,2005,1803.0
el parc i la llacuna del poblenou,Barri,No consta,2005,15.0
la vila olimpica del poblenou,Barri,Espanya,2005,7200.0
la vila olimpica del poblenou,Barri,Resta de la Unió Europea,2005,557.0
la vila olimpica del poblenou,Barri,Resta del món,2005,706.0
la vila olimpica del poblenou,Barri,No consta,2005,29.0
el poblenou,Barri,Espanya,2005,25450.0
el poblenou,Barri,Resta de la Unió Europea,2005,637.0
el poblenou,Barri,Resta del món,2005,2936.0
el poblenou,Barri,No consta,2005,
diagonal mar i el front maritim del poblenou,Barri,Espanya,2005,7937.0
diagonal mar i el front maritim del poblenou,Barri,Resta de la Unió Europea,2005,302.0
diagonal mar i el front maritim del poblenou,Barri,Resta del món,2005,624.0
diagonal mar i el front maritim del poblenou,Barri,No consta,2005,
el besos i el maresme,Barri,Espanya,2005,18681.0
el besos i el maresme,Barri,Resta de la Unió Europea,2005,124.0
el besos i el maresme,Barri,Resta del món,2005,3252.0
el besos i el maresme,Barri,No consta,2005,10.0
provencals del poblenou,Barri,Espanya,2005,16266.0
provencals del poblenou,Barri,Resta de la Unió Europea,2005,180.0
provencals del poblenou,Barri,Resta del món,2005,1532.0
provencals del poblenou,Barri,No consta,2005,5.0
sant marti de provencals,Barri,Espanya,2005,24710.0
sant marti de provencals,Barri,Resta de la Unió Europea,2005,221.0
sant marti de provencals,Barri,Resta del món,2005,1649.0
sant marti de provencals,Barri,No consta,2005,
la verneda i la pau,Barri,Espanya,2005,27800.0
la verneda i la pau,Barri,Resta de la Unió Europea,2005,160.0
la verneda i la pau,Barri,Resta del món,2005,1992.0
la verneda i la pau,Barri,No consta,2005,
el raval,Barri,Espanya,2006,25425.0
el raval,Barri,Resta de la Unió Europea,2006,2237.0
el raval,Barri,Resta del món,2006,20015.0
el raval,Barri,No consta,2006,22.0
el barri gotic,Barri,Espanya,2006,11891.0
el barri gotic,Barri,Resta de la Unió Europea,2006,2383.0
el barri gotic,Barri,Resta del món,2006,13254.0
el barri gotic,Barri,No consta,2006,28.0
la barceloneta,Barri,Espanya,2006,12010.0
la barceloneta,Barri,Resta de la Unió Europea,2006,874.0
la barceloneta,Barri,Resta del món,2006,2957.0
la barceloneta,Barri,No consta,2006,22.0
sant pere santa caterina i la ribera,Barri,Espanya,2006,15237.0
sant pere santa caterina i la ribera,Barri,Resta de la Unió Europea,2006,1964.0
sant pere santa caterina i la ribera,Barri,Resta del món,2006,6028.0
sant pere santa caterina i la ribera,Barri,No consta,2006,11.0
el fort pienc,Barri,Espanya,2006,26237.0
el fort pienc,Barri,Resta de la Unió Europea,2006,1161.0
el fort pienc,Barri,Resta del món,2006,4086.0
el fort pienc,Barri,No consta,2006,21.0
la sagrada familia,Barri,Espanya,2006,44445.0
la sagrada familia,Barri,Resta de la Unió Europea,2006,1390.0
la sagrada familia,Barri,Resta del món,2006,6676.0
la sagrada familia,Barri,No consta,2006,30.0
la dreta de leixample,Barri,Espanya,2006,35871.0
la dreta de leixample,Barri,Resta de la Unió Europea,2006,2387.0
la dreta de leixample,Barri,Resta del món,2006,4598.0
la dreta de leixample,Barri,No consta,2006,32.0
lantiga esquerra de leixample,Barri,Espanya,2006,34601.0
lantiga esquerra de leixample,Barri,Resta de la Unió Europea,2006,1911.0
lantiga esquerra de leixample,Barri,Resta del món,2006,5215.0
lantiga esquerra de leixample,Barri,No consta,2006,25.0
la nova esquerra de leixample,Barri,Espanya,2006,49965.0
la nova esquerra de leixample,Barri,Resta de la Unió Europea,2006,1916.0
la nova esquerra de leixample,Barri,Resta del món,2006,7326.0
la nova esquerra de leixample,Barri,No consta,2006,14.0
sant antoni,Barri,Espanya,2006,32091.0
sant antoni,Barri,Resta de la Unió Europea,2006,1345.0
sant antoni,Barri,Resta del món,2006,4833.0
sant antoni,Barri,No consta,2006,6.0
el poble sec,Barri,Espanya,2006,29708.0
el poble sec,Barri,Resta de la Unió Europea,2006,1328.0
el poble sec,Barri,Resta del món,2006,9277.0
el poble sec,Barri,No consta,2006,6.0
la marina del prat vermell,Barri,Espanya,2006,1176.0
la marina del prat vermell,Barri,Resta de la Unió Europea,2006,
la marina del prat vermell,Barri,Resta del món,2006,69.0
la marina del prat vermell,Barri,No consta,2006,
la marina de port,Barri,Espanya,2006,25938.0
la marina de port,Barri,Resta de la Unió Europea,2006,285.0
la marina de port,Barri,Resta del món,2006,3355.0
la marina de port,Barri,No consta,2006,7.0
la font de la guatlla,Barri,Espanya,2006,8462.0
la font de la guatlla,Barri,Resta de la Unió Europea,2006,224.0
la font de la guatlla,Barri,Resta del món,2006,1469.0
la font de la guatlla,Barri,No consta,2006,
hostafrancs,Barri,Espanya,2006,12868.0
hostafrancs,Barri,Resta de la Unió Europea,2006,384.0
hostafrancs,Barri,Resta del món,2006,2589.0
hostafrancs,Barri,No consta,2006,
la bordeta,Barri,Espanya,2006,16321.0
la bordeta,Barri,Resta de la Unió Europea,2006,262.0
la bordeta,Barri,Resta del món,2006,2126.0
la bordeta,Barri,No consta,2006,
sants badal,Barri,Espanya,2006,20757.0
sants badal,Barri,Resta de la Unió Europea,2006,372.0
sants badal,Barri,Resta del món,2006,3399.0
sants badal,Barri,No consta,2006,17.0
sants,Barri,Espanya,2006,34011.0
sants,Barri,Resta de la Unió Europea,2006,755.0
sants,Barri,Resta del món,2006,5484.0
sants,Barri,No consta,2006,14.0
les corts,Barri,Espanya,2006,42005.0
les corts,Barri,Resta de la Unió Europea,2006,1092.0
les corts,Barri,Resta del món,2006,3591.0
les corts,Barri,No consta,2006,10.0
la maternitat i sant ramon,Barri,Espanya,2006,21764.0
la maternitat i sant ramon,Barri,Resta de la Unió Europea,2006,496.0
la maternitat i sant ramon,Barri,Resta del món,2006,2014.0
la maternitat i sant ramon,Barri,No consta,2006,
pedralbes,Barri,Espanya,2006,9860.0
pedralbes,Barri,Resta de la Unió Europea,2006,807.0
pedralbes,Barri,Resta del món,2006,1013.0
pedralbes,Barri,No consta,2006,16.0
vallvidrera el tibidabo i les planes,Barri,Espanya,2006,3434.0
vallvidrera el tibidabo i les planes,Barri,Resta de la Unió Europea,2006,221.0
vallvidrera el tibidabo i les planes,Barri,Resta del món,2006,223.0
vallvidrera el tibidabo i les planes,Barri,No consta,2006,
sarria,Barri,Espanya,2006,20546.0
sarria,Barri,Resta de la Unió Europea,2006,1081.0
sarria,Barri,Resta del món,2006,1698.0
sarria,Barri,No consta,2006,5.0
les tres torres,Barri,Espanya,2006,13767.0
les tres torres,Barri,Resta de la Unió Europea,2006,607.0
les tres torres,Barri,Resta del món,2006,926.0
les tres torres,Barri,No consta,2006,
sant gervasi la bonanova,Barri,Espanya,2006,21521.0
sant gervasi la bonanova,Barri,Resta de la Unió Europea,2006,725.0
sant gervasi la bonanova,Barri,Resta del món,2006,1441.0
sant gervasi la bonanova,Barri,No consta,2006,7.0
sant gervasi galvany,Barri,Espanya,2006,41252.0
sant gervasi galvany,Barri,Resta de la Unió Europea,2006,1797.0
sant gervasi galvany,Barri,Resta del món,2006,3425.0
sant gervasi galvany,Barri,No consta,2006,18.0
el putxet i el farro,Barri,Espanya,2006,25194.0
el putxet i el farro,Barri,Resta de la Unió Europea,2006,1186.0
el putxet i el farro,Barri,Resta del món,2006,2490.0
el putxet i el farro,Barri,No consta,2006,9.0
vallcarca i els penitents,Barri,Espanya,2006,13516.0
vallcarca i els penitents,Barri,Resta de la Unió Europea,2006,555.0
vallcarca i els penitents,Barri,Resta del món,2006,1590.0
vallcarca i els penitents,Barri,No consta,2006,8.0
el coll,Barri,Espanya,2006,6298.0
el coll,Barri,Resta de la Unió Europea,2006,193.0
el coll,Barri,Resta del món,2006,710.0
el coll,Barri,No consta,2006,
la salut,Barri,Espanya,2006,11821.0
la salut,Barri,Resta de la Unió Europea,2006,394.0
la salut,Barri,Resta del món,2006,936.0
la salut,Barri,No consta,2006,8.0
la vila de gracia,Barri,Espanya,2006,42153.0
la vila de gracia,Barri,Resta de la Unió Europea,2006,2518.0
la vila de gracia,Barri,Resta del món,2006,5517.0
la vila de gracia,Barri,No consta,2006,39.0
el camp den grassot i gracia nova,Barri,Espanya,2006,30975.0
el camp den grassot i gracia nova,Barri,Resta de la Unió Europea,2006,964.0
el camp den grassot i gracia nova,Barri,Resta del món,2006,3197.0
el camp den grassot i gracia nova,Barri,No consta,2006,
el baix guinardo,Barri,Espanya,2006,22620.0
el baix guinardo,Barri,Resta de la Unió Europea,2006,528.0
el baix guinardo,Barri,Resta del món,2006,2703.0
el baix guinardo,Barri,No consta,2006,6.0
can baro,Barri,Espanya,2006,8040.0
can baro,Barri,Resta de la Unió Europea,2006,170.0
can baro,Barri,Resta del món,2006,731.0
can baro,Barri,No consta,2006,
el guinardo,Barri,Espanya,2006,31090.0
el guinardo,Barri,Resta de la Unió Europea,2006,622.0
el guinardo,Barri,Resta del món,2006,3649.0
el guinardo,Barri,No consta,2006,9.0
la font den fargues,Barri,Espanya,2006,9104.0
la font den fargues,Barri,Resta de la Unió Europea,2006,107.0
la font den fargues,Barri,Resta del món,2006,359.0
la font den fargues,Barri,No consta,2006,
el carmel,Barri,Espanya,2006,28808.0
el carmel,Barri,Resta de la Unió Europea,2006,282.0
el carmel,Barri,Resta del món,2006,3519.0
el carmel,Barri,No consta,2006,
la teixonera,Barri,Espanya,2006,10307.0
la teixonera,Barri,Resta de la Unió Europea,2006,139.0
la teixonera,Barri,Resta del món,2006,1480.0
la teixonera,Barri,No consta,2006,
sant genis dels agudells,Barri,Espanya,2006,6321.0
sant genis dels agudells,Barri,Resta de la Unió Europea,2006,115.0
sant genis dels agudells,Barri,Resta del món,2006,700.0
sant genis dels agudells,Barri,No consta,2006,
montbau,Barri,Espanya,2006,4697.0
montbau,Barri,Resta de la Unió Europea,2006,53.0
montbau,Barri,Resta del món,2006,520.0
montbau,Barri,No consta,2006,
la vall dhebron,Barri,Espanya,2006,4978.0
la vall dhebron,Barri,Resta de la Unió Europea,2006,90.0
la vall dhebron,Barri,Resta del món,2006,596.0
la vall dhebron,Barri,No consta,2006,
la clota,Barri,Espanya,2006,414.0
la clota,Barri,Resta de la Unió Europea,2006,6.0
la clota,Barri,Resta del món,2006,66.0
horta,Barri,Espanya,2006,24534.0
horta,Barri,Resta de la Unió Europea,2006,283.0
horta,Barri,Resta del món,2006,1706.0
horta,Barri,No consta,2006,
vilapicina i la torre llobeta,Barri,Espanya,2006,22773.0
vilapicina i la torre llobeta,Barri,Resta de la Unió Europea,2006,254.0
vilapicina i la torre llobeta,Barri,Resta del món,2006,2695.0
vilapicina i la torre llobeta,Barri,No consta,2006,
porta,Barri,Espanya,2006,20827.0
porta,Barri,Resta de la Unió Europea,2006,202.0
porta,Barri,Resta del món,2006,2277.0
porta,Barri,No consta,2006,9.0
el turo de la peira,Barri,Espanya,2006,12072.0
el turo de la peira,Barri,Resta de la Unió Europea,2006,115.0
el turo de la peira,Barri,Resta del món,2006,2976.0
el turo de la peira,Barri,No consta,2006,
can peguera,Barri,Espanya,2006,2060.0
can peguera,Barri,Resta de la Unió Europea,2006,
can peguera,Barri,Resta del món,2006,66.0
la guineueta,Barri,Espanya,2006,14711.0
la guineueta,Barri,Resta de la Unió Europea,2006,110.0
la guineueta,Barri,Resta del món,2006,873.0
la guineueta,Barri,No consta,2006,
canyelles,Barri,Espanya,2006,7267.0
canyelles,Barri,Resta de la Unió Europea,2006,35.0
canyelles,Barri,Resta del món,2006,292.0
canyelles,Barri,No consta,2006,
les roquetes,Barri,Espanya,2006,13138.0
les roquetes,Barri,Resta de la Unió Europea,2006,93.0
les roquetes,Barri,Resta del món,2006,2600.0
les roquetes,Barri,No consta,2006,
verdun,Barri,Espanya,2006,10457.0
verdun,Barri,Resta de la Unió Europea,2006,89.0
verdun,Barri,Resta del món,2006,1625.0
verdun,Barri,No consta,2006,
la prosperitat,Barri,Espanya,2006,23563.0
la prosperitat,Barri,Resta de la Unió Europea,2006,136.0
la prosperitat,Barri,Resta del món,2006,3066.0
la prosperitat,Barri,No consta,2006,5.0
la trinitat nova,Barri,Espanya,2006,6650.0
la trinitat nova,Barri,Resta de la Unió Europea,2006,44.0
la trinitat nova,Barri,Resta del món,2006,1264.0
la trinitat nova,Barri,No consta,2006,
torre baro,Barri,Espanya,2006,1973.0
torre baro,Barri,Resta de la Unió Europea,2006,12.0
torre baro,Barri,Resta del món,2006,174.0
torre baro,Barri,No consta,2006,
ciutat meridiana,Barri,Espanya,2006,7497.0
ciutat meridiana,Barri,Resta de la Unió Europea,2006,64.0
ciutat meridiana,Barri,Resta del món,2006,2936.0
ciutat meridiana,Barri,No consta,2006,
vallbona,Barri,Espanya,2006,1094.0
vallbona,Barri,Resta de la Unió Europea,2006,17.0
vallbona,Barri,Resta del món,2006,116.0
vallbona,Barri,No consta,2006,
la trinitat vella,Barri,Espanya,2006,6963.0
la trinitat vella,Barri,Resta de la Unió Europea,2006,76.0
la trinitat vella,Barri,Resta del món,2006,2731.0
la trinitat vella,Barri,No consta,2006,
baro de viver,Barri,Espanya,2006,2302.0
baro de viver,Barri,Resta de la Unió Europea,2006,11.0
baro de viver,Barri,Resta del món,2006,108.0
baro de viver,Barri,No consta,2006,
el bon pastor,Barri,Espanya,2006,10604.0
el bon pastor,Barri,Resta de la Unió Europea,2006,70.0
el bon pastor,Barri,Resta del món,2006,1367.0
el bon pastor,Barri,No consta,2006,
sant andreu,Barri,Espanya,2006,51253.0
sant andreu,Barri,Resta de la Unió Europea,2006,497.0
sant andreu,Barri,Resta del món,2006,3767.0
sant andreu,Barri,No consta,2006,7.0
la sagrera,Barri,Espanya,2006,25624.0
la sagrera,Barri,Resta de la Unió Europea,2006,276.0
la sagrera,Barri,Resta del món,2006,2928.0
la sagrera,Barri,No consta,2006,
el congres i els indians,Barri,Espanya,2006,12428.0
el congres i els indians,Barri,Resta de la Unió Europea,2006,153.0
el congres i els indians,Barri,Resta del món,2006,1324.0
el congres i els indians,Barri,No consta,2006,
navas,Barri,Espanya,2006,19082.0
navas,Barri,Resta de la Unió Europea,2006,270.0
navas,Barri,Resta del món,2006,2301.0
navas,Barri,No consta,2006,14.0
el camp de larpa del clot,Barri,Espanya,2006,33087.0
el camp de larpa del clot,Barri,Resta de la Unió Europea,2006,756.0
el camp de larpa del clot,Barri,Resta del món,2006,5042.0
el camp de larpa del clot,Barri,No consta,2006,13.0
el clot,Barri,Espanya,2006,23618.0
el clot,Barri,Resta de la Unió Europea,2006,433.0
el clot,Barri,Resta del món,2006,2817.0
el clot,Barri,No consta,2006,
el parc i la llacuna del poblenou,Barri,Espanya,2006,11032.0
el parc i la llacuna del poblenou,Barri,Resta de la Unió Europea,2006,438.0
el parc i la llacuna del poblenou,Barri,Resta del món,2006,1858.0
el parc i la llacuna del poblenou,Barri,No consta,2006,13.0
la vila olimpica del poblenou,Barri,Espanya,2006,7302.0
la vila olimpica del poblenou,Barri,Resta de la Unió Europea,2006,596.0
la vila olimpica del poblenou,Barri,Resta del món,2006,734.0
la vila olimpica del poblenou,Barri,No consta,2006,25.0
el poblenou,Barri,Espanya,2006,25519.0
el poblenou,Barri,Resta de la Unió Europea,2006,863.0
el poblenou,Barri,Resta del món,2006,3195.0
el poblenou,Barri,No consta,2006,
diagonal mar i el front maritim del poblenou,Barri,Espanya,2006,8114.0
diagonal mar i el front maritim del poblenou,Barri,Resta de la Unió Europea,2006,396.0
diagonal mar i el front maritim del poblenou,Barri,Resta del món,2006,768.0
diagonal mar i el front maritim del poblenou,Barri,No consta,2006,6.0
el besos i el maresme,Barri,Espanya,2006,18212.0
el besos i el maresme,Barri,Resta de la Unió Europea,2006,163.0
el besos i el maresme,Barri,Resta del món,2006,4016.0
el besos i el maresme,Barri,No consta,2006,12.0
provencals del poblenou,Barri,Espanya,2006,16263.0
provencals del poblenou,Barri,Resta de la Unió Europea,2006,253.0
provencals del poblenou,Barri,Resta del món,2006,1670.0
provencals del poblenou,Barri,No consta,2006,
sant marti de provencals,Barri,Espanya,2006,24183.0
sant marti de provencals,Barri,Resta de la Unió Europea,2006,281.0
sant marti de provencals,Barri,Resta del món,2006,1968.0
sant marti de provencals,Barri,No consta,2006,
la verneda i la pau,Barri,Espanya,2006,27339.0
la verneda i la pau,Barri,Resta de la Unió Europea,2006,178.0
la verneda i la pau,Barri,Resta del món,2006,2271.0
la verneda i la pau,Barri,No consta,2006,
el raval,Barri,Espanya,2007,25156.0
el raval,Barri,Resta de la Unió Europea,2007,3172.0
el raval,Barri,Resta del món,2007,17719.0
el raval,Barri,No consta,2007,14.0
el barri gotic,Barri,Espanya,2007,11752.0
el barri gotic,Barri,Resta de la Unió Europea,2007,3396.0
el barri gotic,Barri,Resta del món,2007,12497.0
el barri gotic,Barri,No consta,2007,18.0
la barceloneta,Barri,Espanya,2007,11740.0
la barceloneta,Barri,Resta de la Unió Europea,2007,1259.0
la barceloneta,Barri,Resta del món,2007,2626.0
la barceloneta,Barri,No consta,2007,21.0
sant pere santa caterina i la ribera,Barri,Espanya,2007,14922.0
sant pere santa caterina i la ribera,Barri,Resta de la Unió Europea,2007,2497.0
sant pere santa caterina i la ribera,Barri,Resta del món,2007,4988.0
sant pere santa caterina i la ribera,Barri,No consta,2007,15.0
el fort pienc,Barri,Espanya,2007,26013.0
el fort pienc,Barri,Resta de la Unió Europea,2007,1534.0
el fort pienc,Barri,Resta del món,2007,3553.0
el fort pienc,Barri,No consta,2007,21.0
la sagrada familia,Barri,Espanya,2007,44005.0
la sagrada familia,Barri,Resta de la Unió Europea,2007,1930.0
la sagrada familia,Barri,Resta del món,2007,5842.0
la sagrada familia,Barri,No consta,2007,24.0
la dreta de leixample,Barri,Espanya,2007,35497.0
la dreta de leixample,Barri,Resta de la Unió Europea,2007,2945.0
la dreta de leixample,Barri,Resta del món,2007,3810.0
la dreta de leixample,Barri,No consta,2007,25.0
lantiga esquerra de leixample,Barri,Espanya,2007,34425.0
lantiga esquerra de leixample,Barri,Resta de la Unió Europea,2007,2417.0
lantiga esquerra de leixample,Barri,Resta del món,2007,4348.0
lantiga esquerra de leixample,Barri,No consta,2007,23.0
la nova esquerra de leixample,Barri,Espanya,2007,49389.0
la nova esquerra de leixample,Barri,Resta de la Unió Europea,2007,2441.0
la nova esquerra de leixample,Barri,Resta del món,2007,6150.0
la nova esquerra de leixample,Barri,No consta,2007,18.0
sant antoni,Barri,Espanya,2007,31729.0
sant antoni,Barri,Resta de la Unió Europea,2007,1904.0
sant antoni,Barri,Resta del món,2007,4150.0
sant antoni,Barri,No consta,2007,5.0
el poble sec,Barri,Espanya,2007,29486.0
el poble sec,Barri,Resta de la Unió Europea,2007,1781.0
el poble sec,Barri,Resta del món,2007,8179.0
el poble sec,Barri,No consta,2007,7.0
la marina del prat vermell,Barri,Espanya,2007,1132.0
la marina del prat vermell,Barri,Resta de la Unió Europea,2007,5.0
la marina del prat vermell,Barri,Resta del món,2007,68.0
la marina del prat vermell,Barri,No consta,2007,
la marina de port,Barri,Espanya,2007,25770.0
la marina de port,Barri,Resta de la Unió Europea,2007,500.0
la marina de port,Barri,Resta del món,2007,3155.0
la marina de port,Barri,No consta,2007,5.0
la font de la guatlla,Barri,Espanya,2007,8367.0
la font de la guatlla,Barri,Resta de la Unió Europea,2007,321.0
la font de la guatlla,Barri,Resta del món,2007,1441.0
la font de la guatlla,Barri,No consta,2007,
hostafrancs,Barri,Espanya,2007,12762.0
hostafrancs,Barri,Resta de la Unió Europea,2007,594.0
hostafrancs,Barri,Resta del món,2007,2251.0
hostafrancs,Barri,No consta,2007,5.0
la bordeta,Barri,Espanya,2007,16278.0
la bordeta,Barri,Resta de la Unió Europea,2007,396.0
la bordeta,Barri,Resta del món,2007,1974.0
la bordeta,Barri,No consta,2007,
sants badal,Barri,Espanya,2007,20435.0
sants badal,Barri,Resta de la Unió Europea,2007,624.0
sants badal,Barri,Resta del món,2007,3053.0
sants badal,Barri,No consta,2007,9.0
sants,Barri,Espanya,2007,33722.0
sants,Barri,Resta de la Unió Europea,2007,1156.0
sants,Barri,Resta del món,2007,4907.0
sants,Barri,No consta,2007,14.0
les corts,Barri,Espanya,2007,41656.0
les corts,Barri,Resta de la Unió Europea,2007,1381.0
les corts,Barri,Resta del món,2007,2920.0
les corts,Barri,No consta,2007,8.0
la maternitat i sant ramon,Barri,Espanya,2007,21517.0
la maternitat i sant ramon,Barri,Resta de la Unió Europea,2007,663.0
la maternitat i sant ramon,Barri,Resta del món,2007,1728.0
la maternitat i sant ramon,Barri,No consta,2007,
pedralbes,Barri,Espanya,2007,9773.0
pedralbes,Barri,Resta de la Unió Europea,2007,882.0
pedralbes,Barri,Resta del món,2007,838.0
pedralbes,Barri,No consta,2007,9.0
vallvidrera el tibidabo i les planes,Barri,Espanya,2007,3520.0
vallvidrera el tibidabo i les planes,Barri,Resta de la Unió Europea,2007,263.0
vallvidrera el tibidabo i les planes,Barri,Resta del món,2007,157.0
vallvidrera el tibidabo i les planes,Barri,No consta,2007,
sarria,Barri,Espanya,2007,20504.0
sarria,Barri,Resta de la Unió Europea,2007,1278.0
sarria,Barri,Resta del món,2007,1333.0
sarria,Barri,No consta,2007,
les tres torres,Barri,Espanya,2007,13848.0
les tres torres,Barri,Resta de la Unió Europea,2007,692.0
les tres torres,Barri,Resta del món,2007,730.0
les tres torres,Barri,No consta,2007,
sant gervasi la bonanova,Barri,Espanya,2007,21554.0
sant gervasi la bonanova,Barri,Resta de la Unió Europea,2007,874.0
sant gervasi la bonanova,Barri,Resta del món,2007,1174.0
sant gervasi la bonanova,Barri,No consta,2007,5.0
sant gervasi galvany,Barri,Espanya,2007,41363.0
sant gervasi galvany,Barri,Resta de la Unió Europea,2007,2121.0
sant gervasi galvany,Barri,Resta del món,2007,2777.0
sant gervasi galvany,Barri,No consta,2007,23.0
el putxet i el farro,Barri,Espanya,2007,25068.0
el putxet i el farro,Barri,Resta de la Unió Europea,2007,1432.0
el putxet i el farro,Barri,Resta del món,2007,2149.0
el putxet i el farro,Barri,No consta,2007,13.0
vallcarca i els penitents,Barri,Espanya,2007,13410.0
vallcarca i els penitents,Barri,Resta de la Unió Europea,2007,670.0
vallcarca i els penitents,Barri,Resta del món,2007,1335.0
vallcarca i els penitents,Barri,No consta,2007,7.0
el coll,Barri,Espanya,2007,6275.0
el coll,Barri,Resta de la Unió Europea,2007,251.0
el coll,Barri,Resta del món,2007,574.0
el coll,Barri,No consta,2007,
la salut,Barri,Espanya,2007,11673.0
la salut,Barri,Resta de la Unió Europea,2007,529.0
la salut,Barri,Resta del món,2007,791.0
la salut,Barri,No consta,2007,8.0
la vila de gracia,Barri,Espanya,2007,41931.0
la vila de gracia,Barri,Resta de la Unió Europea,2007,3195.0
la vila de gracia,Barri,Resta del món,2007,4793.0
la vila de gracia,Barri,No consta,2007,39.0
el camp den grassot i gracia nova,Barri,Espanya,2007,30568.0
el camp den grassot i gracia nova,Barri,Resta de la Unió Europea,2007,1277.0
el camp den grassot i gracia nova,Barri,Resta del món,2007,2689.0
el camp den grassot i gracia nova,Barri,No consta,2007,
el baix guinardo,Barri,Espanya,2007,22542.0
el baix guinardo,Barri,Resta de la Unió Europea,2007,756.0
el baix guinardo,Barri,Resta del món,2007,2439.0
el baix guinardo,Barri,No consta,2007,
can baro,Barri,Espanya,2007,7988.0
can baro,Barri,Resta de la Unió Europea,2007,243.0
can baro,Barri,Resta del món,2007,700.0
can baro,Barri,No consta,2007,
el guinardo,Barri,Espanya,2007,30703.0
el guinardo,Barri,Resta de la Unió Europea,2007,856.0
el guinardo,Barri,Resta del món,2007,3480.0
el guinardo,Barri,No consta,2007,5.0
la font den fargues,Barri,Espanya,2007,9139.0
la font den fargues,Barri,Resta de la Unió Europea,2007,163.0
la font den fargues,Barri,Resta del món,2007,297.0
la font den fargues,Barri,No consta,2007,
el carmel,Barri,Espanya,2007,28222.0
el carmel,Barri,Resta de la Unió Europea,2007,510.0
el carmel,Barri,Resta del món,2007,3546.0
el carmel,Barri,No consta,2007,
la teixonera,Barri,Espanya,2007,10209.0
la teixonera,Barri,Resta de la Unió Europea,2007,260.0
la teixonera,Barri,Resta del món,2007,1279.0
la teixonera,Barri,No consta,2007,
sant genis dels agudells,Barri,Espanya,2007,6223.0
sant genis dels agudells,Barri,Resta de la Unió Europea,2007,146.0
sant genis dels agudells,Barri,Resta del món,2007,660.0
sant genis dels agudells,Barri,No consta,2007,
montbau,Barri,Espanya,2007,4608.0
montbau,Barri,Resta de la Unió Europea,2007,58.0
montbau,Barri,Resta del món,2007,445.0
montbau,Barri,No consta,2007,
la vall dhebron,Barri,Espanya,2007,4882.0
la vall dhebron,Barri,Resta de la Unió Europea,2007,124.0
la vall dhebron,Barri,Resta del món,2007,433.0
la vall dhebron,Barri,No consta,2007,
la clota,Barri,Espanya,2007,387.0
la clota,Barri,Resta de la Unió Europea,2007,10.0
la clota,Barri,Resta del món,2007,60.0
horta,Barri,Espanya,2007,24326.0
horta,Barri,Resta de la Unió Europea,2007,399.0
horta,Barri,Resta del món,2007,1637.0
horta,Barri,No consta,2007,
vilapicina i la torre llobeta,Barri,Espanya,2007,22567.0
vilapicina i la torre llobeta,Barri,Resta de la Unió Europea,2007,416.0
vilapicina i la torre llobeta,Barri,Resta del món,2007,2575.0
vilapicina i la torre llobeta,Barri,No consta,2007,
porta,Barri,Espanya,2007,20875.0
porta,Barri,Resta de la Unió Europea,2007,287.0
porta,Barri,Resta del món,2007,2341.0
porta,Barri,No consta,2007,5.0
el turo de la peira,Barri,Espanya,2007,11891.0
el turo de la peira,Barri,Resta de la Unió Europea,2007,187.0
el turo de la peira,Barri,Resta del món,2007,2965.0
el turo de la peira,Barri,No consta,2007,
can peguera,Barri,Espanya,2007,2057.0
can peguera,Barri,Resta de la Unió Europea,2007,14.0
can peguera,Barri,Resta del món,2007,67.0
la guineueta,Barri,Espanya,2007,14571.0
la guineueta,Barri,Resta de la Unió Europea,2007,191.0
la guineueta,Barri,Resta del món,2007,763.0
la guineueta,Barri,No consta,2007,
canyelles,Barri,Espanya,2007,7135.0
canyelles,Barri,Resta de la Unió Europea,2007,47.0
canyelles,Barri,Resta del món,2007,329.0
canyelles,Barri,No consta,2007,
les roquetes,Barri,Espanya,2007,12883.0
les roquetes,Barri,Resta de la Unió Europea,2007,308.0
les roquetes,Barri,Resta del món,2007,2465.0
les roquetes,Barri,No consta,2007,
verdun,Barri,Espanya,2007,10320.0
verdun,Barri,Resta de la Unió Europea,2007,169.0
verdun,Barri,Resta del món,2007,1610.0
verdun,Barri,No consta,2007,
la prosperitat,Barri,Espanya,2007,23156.0
la prosperitat,Barri,Resta de la Unió Europea,2007,292.0
la prosperitat,Barri,Resta del món,2007,3043.0
la prosperitat,Barri,No consta,2007,
la trinitat nova,Barri,Espanya,2007,6590.0
la trinitat nova,Barri,Resta de la Unió Europea,2007,86.0
la trinitat nova,Barri,Resta del món,2007,1363.0
la trinitat nova,Barri,No consta,2007,
torre baro,Barri,Espanya,2007,1937.0
torre baro,Barri,Resta de la Unió Europea,2007,23.0
torre baro,Barri,Resta del món,2007,144.0
torre baro,Barri,No consta,2007,
ciutat meridiana,Barri,Espanya,2007,7224.0
ciutat meridiana,Barri,Resta de la Unió Europea,2007,128.0
ciutat meridiana,Barri,Resta del món,2007,3297.0
ciutat meridiana,Barri,No consta,2007,
vallbona,Barri,Espanya,2007,1135.0
vallbona,Barri,Resta de la Unió Europea,2007,23.0
vallbona,Barri,Resta del món,2007,97.0
vallbona,Barri,No consta,2007,
la trinitat vella,Barri,Espanya,2007,6893.0
la trinitat vella,Barri,Resta de la Unió Europea,2007,143.0
la trinitat vella,Barri,Resta del món,2007,2776.0
la trinitat vella,Barri,No consta,2007,
baro de viver,Barri,Espanya,2007,2287.0
baro de viver,Barri,Resta de la Unió Europea,2007,13.0
baro de viver,Barri,Resta del món,2007,117.0
baro de viver,Barri,No consta,2007,
el bon pastor,Barri,Espanya,2007,10544.0
el bon pastor,Barri,Resta de la Unió Europea,2007,141.0
el bon pastor,Barri,Resta del món,2007,1487.0
el bon pastor,Barri,No consta,2007,
sant andreu,Barri,Espanya,2007,51158.0
sant andreu,Barri,Resta de la Unió Europea,2007,754.0
sant andreu,Barri,Resta del món,2007,3536.0
sant andreu,Barri,No consta,2007,
la sagrera,Barri,Espanya,2007,25245.0
la sagrera,Barri,Resta de la Unió Europea,2007,416.0
la sagrera,Barri,Resta del món,2007,2685.0
la sagrera,Barri,No consta,2007,
el congres i els indians,Barri,Espanya,2007,12337.0
el congres i els indians,Barri,Resta de la Unió Europea,2007,269.0
el congres i els indians,Barri,Resta del món,2007,1244.0
el congres i els indians,Barri,No consta,2007,
navas,Barri,Espanya,2007,18829.0
navas,Barri,Resta de la Unió Europea,2007,352.0
navas,Barri,Resta del món,2007,2184.0
navas,Barri,No consta,2007,15.0
el camp de larpa del clot,Barri,Espanya,2007,32913.0
el camp de larpa del clot,Barri,Resta de la Unió Europea,2007,1070.0
el camp de larpa del clot,Barri,Resta del món,2007,4588.0
el camp de larpa del clot,Barri,No consta,2007,15.0
el clot,Barri,Espanya,2007,23550.0
el clot,Barri,Resta de la Unió Europea,2007,624.0
el clot,Barri,Resta del món,2007,2572.0
el clot,Barri,No consta,2007,
el parc i la llacuna del poblenou,Barri,Espanya,2007,11020.0
el parc i la llacuna del poblenou,Barri,Resta de la Unió Europea,2007,603.0
el parc i la llacuna del poblenou,Barri,Resta del món,2007,1548.0
el parc i la llacuna del poblenou,Barri,No consta,2007,19.0
la vila olimpica del poblenou,Barri,Espanya,2007,7398.0
la vila olimpica del poblenou,Barri,Resta de la Unió Europea,2007,697.0
la vila olimpica del poblenou,Barri,Resta del món,2007,585.0
la vila olimpica del poblenou,Barri,No consta,2007,21.0
el poblenou,Barri,Espanya,2007,25732.0
el poblenou,Barri,Resta de la Unió Europea,2007,1192.0
el poblenou,Barri,Resta del món,2007,2924.0
el poblenou,Barri,No consta,2007,
diagonal mar i el front maritim del poblenou,Barri,Espanya,2007,8399.0
diagonal mar i el front maritim del poblenou,Barri,Resta de la Unió Europea,2007,516.0
diagonal mar i el front maritim del poblenou,Barri,Resta del món,2007,722.0
diagonal mar i el front maritim del poblenou,Barri,No consta,2007,
el besos i el maresme,Barri,Espanya,2007,17640.0
el besos i el maresme,Barri,Resta de la Unió Europea,2007,403.0
el besos i el maresme,Barri,Resta del món,2007,3981.0
el besos i el maresme,Barri,No consta,2007,9.0
provencals del poblenou,Barri,Espanya,2007,16530.0
provencals del poblenou,Barri,Resta de la Unió Europea,2007,437.0
provencals del poblenou,Barri,Resta del món,2007,1642.0
provencals del poblenou,Barri,No consta,2007,
sant marti de provencals,Barri,Espanya,2007,23815.0
sant marti de provencals,Barri,Resta de la Unió Europea,2007,432.0
sant marti de provencals,Barri,Resta del món,2007,1870.0
sant marti de provencals,Barri,No consta,2007,
la verneda i la pau,Barri,Espanya,2007,26956.0
la verneda i la pau,Barri,Resta de la Unió Europea,2007,325.0
la verneda i la pau,Barri,Resta del món,2007,2235.0
la verneda i la pau,Barri,No consta,2007,
el raval,Barri,Espanya,2008,25023.0
el raval,Barri,Resta de la Unió Europea,2008,3681.0
el raval,Barri,Resta del món,2008,18769.0
el raval,Barri,No consta,2008,15.0
el barri gotic,Barri,Espanya,2008,11252.0
el barri gotic,Barri,Resta de la Unió Europea,2008,3721.0
el barri gotic,Barri,Resta del món,2008,10515.0
el barri gotic,Barri,No consta,2008,17.0
la barceloneta,Barri,Espanya,2008,11658.0
la barceloneta,Barri,Resta de la Unió Europea,2008,1578.0
la barceloneta,Barri,Resta del món,2008,2906.0
la barceloneta,Barri,No consta,2008,12.0
sant pere santa caterina i la ribera,Barri,Espanya,2008,14737.0
sant pere santa caterina i la ribera,Barri,Resta de la Unió Europea,2008,2925.0
sant pere santa caterina i la ribera,Barri,Resta del món,2008,4967.0
sant pere santa caterina i la ribera,Barri,No consta,2008,15.0
el fort pienc,Barri,Espanya,2008,25825.0
el fort pienc,Barri,Resta de la Unió Europea,2008,1910.0
el fort pienc,Barri,Resta del món,2008,4401.0
el fort pienc,Barri,No consta,2008,23.0
la sagrada familia,Barri,Espanya,2008,43922.0
la sagrada familia,Barri,Resta de la Unió Europea,2008,2360.0
la sagrada familia,Barri,Resta del món,2008,6268.0
la sagrada familia,Barri,No consta,2008,21.0
la dreta de leixample,Barri,Espanya,2008,35446.0
la dreta de leixample,Barri,Resta de la Unió Europea,2008,3348.0
la dreta de leixample,Barri,Resta del món,2008,3916.0
la dreta de leixample,Barri,No consta,2008,25.0
lantiga esquerra de leixample,Barri,Espanya,2008,34087.0
lantiga esquerra de leixample,Barri,Resta de la Unió Europea,2008,2887.0
lantiga esquerra de leixample,Barri,Resta del món,2008,4581.0
lantiga esquerra de leixample,Barri,No consta,2008,26.0
la nova esquerra de leixample,Barri,Espanya,2008,49156.0
la nova esquerra de leixample,Barri,Resta de la Unió Europea,2008,2827.0
la nova esquerra de leixample,Barri,Resta del món,2008,6347.0
la nova esquerra de leixample,Barri,No consta,2008,15.0
sant antoni,Barri,Espanya,2008,31740.0
sant antoni,Barri,Resta de la Unió Europea,2008,2178.0
sant antoni,Barri,Resta del món,2008,4315.0
sant antoni,Barri,No consta,2008,10.0
el poble sec,Barri,Espanya,2008,29256.0
el poble sec,Barri,Resta de la Unió Europea,2008,2139.0
el poble sec,Barri,Resta del món,2008,8934.0
el poble sec,Barri,No consta,2008,5.0
la marina del prat vermell,Barri,Espanya,2008,1104.0
la marina del prat vermell,Barri,Resta de la Unió Europea,2008,9.0
la marina del prat vermell,Barri,Resta del món,2008,77.0
la marina del prat vermell,Barri,No consta,2008,
la marina de port,Barri,Espanya,2008,25584.0
la marina de port,Barri,Resta de la Unió Europea,2008,641.0
la marina de port,Barri,Resta del món,2008,3486.0
la marina de port,Barri,No consta,2008,
la font de la guatlla,Barri,Espanya,2008,8308.0
la font de la guatlla,Barri,Resta de la Unió Europea,2008,430.0
la font de la guatlla,Barri,Resta del món,2008,1333.0
la font de la guatlla,Barri,No consta,2008,
hostafrancs,Barri,Espanya,2008,12709.0
hostafrancs,Barri,Resta de la Unió Europea,2008,759.0
hostafrancs,Barri,Resta del món,2008,2469.0
hostafrancs,Barri,No consta,2008,
la bordeta,Barri,Espanya,2008,16162.0
la bordeta,Barri,Resta de la Unió Europea,2008,470.0
la bordeta,Barri,Resta del món,2008,2088.0
la bordeta,Barri,No consta,2008,
sants badal,Barri,Espanya,2008,20271.0
sants badal,Barri,Resta de la Unió Europea,2008,738.0
sants badal,Barri,Resta del món,2008,3249.0
sants badal,Barri,No consta,2008,12.0
sants,Barri,Espanya,2008,33598.0
sants,Barri,Resta de la Unió Europea,2008,1524.0
sants,Barri,Resta del món,2008,5893.0
sants,Barri,No consta,2008,14.0
les corts,Barri,Espanya,2008,41639.0
les corts,Barri,Resta de la Unió Europea,2008,1603.0
les corts,Barri,Resta del món,2008,3680.0
les corts,Barri,No consta,2008,6.0
la maternitat i sant ramon,Barri,Espanya,2008,21287.0
la maternitat i sant ramon,Barri,Resta de la Unió Europea,2008,704.0
la maternitat i sant ramon,Barri,Resta del món,2008,1792.0
la maternitat i sant ramon,Barri,No consta,2008,
pedralbes,Barri,Espanya,2008,9713.0
pedralbes,Barri,Resta de la Unió Europea,2008,956.0
pedralbes,Barri,Resta del món,2008,857.0
pedralbes,Barri,No consta,2008,6.0
vallvidrera el tibidabo i les planes,Barri,Espanya,2008,3620.0
vallvidrera el tibidabo i les planes,Barri,Resta de la Unió Europea,2008,292.0
vallvidrera el tibidabo i les planes,Barri,Resta del món,2008,170.0
vallvidrera el tibidabo i les planes,Barri,No consta,2008,
sarria,Barri,Espanya,2008,20607.0
sarria,Barri,Resta de la Unió Europea,2008,1414.0
sarria,Barri,Resta del món,2008,1347.0
sarria,Barri,No consta,2008,
les tres torres,Barri,Espanya,2008,13884.0
les tres torres,Barri,Resta de la Unió Europea,2008,746.0
les tres torres,Barri,Resta del món,2008,719.0
les tres torres,Barri,No consta,2008,
sant gervasi la bonanova,Barri,Espanya,2008,21573.0
sant gervasi la bonanova,Barri,Resta de la Unió Europea,2008,1019.0
sant gervasi la bonanova,Barri,Resta del món,2008,1802.0
sant gervasi la bonanova,Barri,No consta,2008,5.0
sant gervasi galvany,Barri,Espanya,2008,41268.0
sant gervasi galvany,Barri,Resta de la Unió Europea,2008,2293.0
sant gervasi galvany,Barri,Resta del món,2008,2918.0
sant gervasi galvany,Barri,No consta,2008,22.0
el putxet i el farro,Barri,Espanya,2008,24923.0
el putxet i el farro,Barri,Resta de la Unió Europea,2008,1586.0
el putxet i el farro,Barri,Resta del món,2008,2229.0
el putxet i el farro,Barri,No consta,2008,19.0
vallcarca i els penitents,Barri,Espanya,2008,13372.0
vallcarca i els penitents,Barri,Resta de la Unió Europea,2008,754.0
vallcarca i els penitents,Barri,Resta del món,2008,1337.0
vallcarca i els penitents,Barri,No consta,2008,6.0
el coll,Barri,Espanya,2008,6342.0
el coll,Barri,Resta de la Unió Europea,2008,287.0
el coll,Barri,Resta del món,2008,670.0
el coll,Barri,No consta,2008,5.0
la salut,Barri,Espanya,2008,11679.0
la salut,Barri,Resta de la Unió Europea,2008,601.0
la salut,Barri,Resta del món,2008,894.0
la salut,Barri,No consta,2008,8.0
la vila de gracia,Barri,Espanya,2008,41741.0
la vila de gracia,Barri,Resta de la Unió Europea,2008,3906.0
la vila de gracia,Barri,Resta del món,2008,5622.0
la vila de gracia,Barri,No consta,2008,26.0
el camp den grassot i gracia nova,Barri,Espanya,2008,30375.0
el camp den grassot i gracia nova,Barri,Resta de la Unió Europea,2008,1547.0
el camp den grassot i gracia nova,Barri,Resta del món,2008,2772.0
el camp den grassot i gracia nova,Barri,No consta,2008,
el baix guinardo,Barri,Espanya,2008,22436.0
el baix guinardo,Barri,Resta de la Unió Europea,2008,869.0
el baix guinardo,Barri,Resta del món,2008,2690.0
el baix guinardo,Barri,No consta,2008,
can baro,Barri,Espanya,2008,7956.0
can baro,Barri,Resta de la Unió Europea,2008,275.0
can baro,Barri,Resta del món,2008,844.0
can baro,Barri,No consta,2008,
el guinardo,Barri,Espanya,2008,30387.0
el guinardo,Barri,Resta de la Unió Europea,2008,996.0
el guinardo,Barri,Resta del món,2008,3780.0
el guinardo,Barri,No consta,2008,6.0
la font den fargues,Barri,Espanya,2008,9124.0
la font den fargues,Barri,Resta de la Unió Europea,2008,190.0
la font den fargues,Barri,Resta del món,2008,349.0
la font den fargues,Barri,No consta,2008,
el carmel,Barri,Espanya,2008,27792.0
el carmel,Barri,Resta de la Unió Europea,2008,645.0
el carmel,Barri,Resta del món,2008,3826.0
el carmel,Barri,No consta,2008,
la teixonera,Barri,Espanya,2008,10160.0
la teixonera,Barri,Resta de la Unió Europea,2008,324.0
la teixonera,Barri,Resta del món,2008,1454.0
la teixonera,Barri,No consta,2008,
sant genis dels agudells,Barri,Espanya,2008,6146.0
sant genis dels agudells,Barri,Resta de la Unió Europea,2008,170.0
sant genis dels agudells,Barri,Resta del món,2008,775.0
sant genis dels agudells,Barri,No consta,2008,
montbau,Barri,Espanya,2008,4647.0
montbau,Barri,Resta de la Unió Europea,2008,74.0
montbau,Barri,Resta del món,2008,461.0
montbau,Barri,No consta,2008,
la vall dhebron,Barri,Espanya,2008,4926.0
la vall dhebron,Barri,Resta de la Unió Europea,2008,150.0
la vall dhebron,Barri,Resta del món,2008,483.0
la vall dhebron,Barri,No consta,2008,
la clota,Barri,Espanya,2008,386.0
la clota,Barri,Resta de la Unió Europea,2008,11.0
la clota,Barri,Resta del món,2008,58.0
horta,Barri,Espanya,2008,24236.0
horta,Barri,Resta de la Unió Europea,2008,551.0
horta,Barri,Resta del món,2008,2494.0
horta,Barri,No consta,2008,
vilapicina i la torre llobeta,Barri,Espanya,2008,22496.0
vilapicina i la torre llobeta,Barri,Resta de la Unió Europea,2008,493.0
vilapicina i la torre llobeta,Barri,Resta del món,2008,2767.0
vilapicina i la torre llobeta,Barri,No consta,2008,
porta,Barri,Espanya,2008,20778.0
porta,Barri,Resta de la Unió Europea,2008,432.0
porta,Barri,Resta del món,2008,3175.0
porta,Barri,No consta,2008,5.0
el turo de la peira,Barri,Espanya,2008,11779.0
el turo de la peira,Barri,Resta de la Unió Europea,2008,218.0
el turo de la peira,Barri,Resta del món,2008,3186.0
el turo de la peira,Barri,No consta,2008,
can peguera,Barri,Espanya,2008,2070.0
can peguera,Barri,Resta de la Unió Europea,2008,12.0
can peguera,Barri,Resta del món,2008,63.0
la guineueta,Barri,Espanya,2008,14350.0
la guineueta,Barri,Resta de la Unió Europea,2008,218.0
la guineueta,Barri,Resta del món,2008,859.0
la guineueta,Barri,No consta,2008,
canyelles,Barri,Espanya,2008,7060.0
canyelles,Barri,Resta de la Unió Europea,2008,53.0
canyelles,Barri,Resta del món,2008,358.0
canyelles,Barri,No consta,2008,
les roquetes,Barri,Espanya,2008,12666.0
les roquetes,Barri,Resta de la Unió Europea,2008,393.0
les roquetes,Barri,Resta del món,2008,2882.0
les roquetes,Barri,No consta,2008,
verdun,Barri,Espanya,2008,10301.0
verdun,Barri,Resta de la Unió Europea,2008,210.0
verdun,Barri,Resta del món,2008,1893.0
verdun,Barri,No consta,2008,
la prosperitat,Barri,Espanya,2008,22822.0
la prosperitat,Barri,Resta de la Unió Europea,2008,398.0
la prosperitat,Barri,Resta del món,2008,3412.0
la prosperitat,Barri,No consta,2008,
la trinitat nova,Barri,Espanya,2008,6495.0
la trinitat nova,Barri,Resta de la Unió Europea,2008,91.0
la trinitat nova,Barri,Resta del món,2008,1494.0
la trinitat nova,Barri,No consta,2008,
torre baro,Barri,Espanya,2008,1940.0
torre baro,Barri,Resta de la Unió Europea,2008,31.0
torre baro,Barri,Resta del món,2008,180.0
torre baro,Barri,No consta,2008,
ciutat meridiana,Barri,Espanya,2008,7069.0
ciutat meridiana,Barri,Resta de la Unió Europea,2008,211.0
ciutat meridiana,Barri,Resta del món,2008,3857.0
ciutat meridiana,Barri,No consta,2008,
vallbona,Barri,Espanya,2008,1165.0
vallbona,Barri,Resta de la Unió Europea,2008,28.0
vallbona,Barri,Resta del món,2008,124.0
vallbona,Barri,No consta,2008,
la trinitat vella,Barri,Espanya,2008,6845.0
la trinitat vella,Barri,Resta de la Unió Europea,2008,235.0
la trinitat vella,Barri,Resta del món,2008,3194.0
la trinitat vella,Barri,No consta,2008,
baro de viver,Barri,Espanya,2008,2279.0
baro de viver,Barri,Resta de la Unió Europea,2008,19.0
baro de viver,Barri,Resta del món,2008,160.0
baro de viver,Barri,No consta,2008,
el bon pastor,Barri,Espanya,2008,10541.0
el bon pastor,Barri,Resta de la Unió Europea,2008,215.0
el bon pastor,Barri,Resta del món,2008,2333.0
el bon pastor,Barri,No consta,2008,
sant andreu,Barri,Espanya,2008,50970.0
sant andreu,Barri,Resta de la Unió Europea,2008,835.0
sant andreu,Barri,Resta del món,2008,3780.0
sant andreu,Barri,No consta,2008,
la sagrera,Barri,Espanya,2008,25222.0
la sagrera,Barri,Resta de la Unió Europea,2008,504.0
la sagrera,Barri,Resta del món,2008,2979.0
la sagrera,Barri,No consta,2008,
el congres i els indians,Barri,Espanya,2008,12214.0
el congres i els indians,Barri,Resta de la Unió Europea,2008,331.0
el congres i els indians,Barri,Resta del món,2008,1449.0
el congres i els indians,Barri,No consta,2008,
navas,Barri,Espanya,2008,18755.0
navas,Barri,Resta de la Unió Europea,2008,432.0
navas,Barri,Resta del món,2008,2399.0
navas,Barri,No consta,2008,15.0
el camp de larpa del clot,Barri,Espanya,2008,32680.0
el camp de larpa del clot,Barri,Resta de la Unió Europea,2008,1289.0
el camp de larpa del clot,Barri,Resta del món,2008,4801.0
el camp de larpa del clot,Barri,No consta,2008,16.0
el clot,Barri,Espanya,2008,23506.0
el clot,Barri,Resta de la Unió Europea,2008,801.0
el clot,Barri,Resta del món,2008,2768.0
el clot,Barri,No consta,2008,
el parc i la llacuna del poblenou,Barri,Espanya,2008,10882.0
el parc i la llacuna del poblenou,Barri,Resta de la Unió Europea,2008,730.0
el parc i la llacuna del poblenou,Barri,Resta del món,2008,1491.0
el parc i la llacuna del poblenou,Barri,No consta,2008,20.0
la vila olimpica del poblenou,Barri,Espanya,2008,7500.0
la vila olimpica del poblenou,Barri,Resta de la Unió Europea,2008,824.0
la vila olimpica del poblenou,Barri,Resta del món,2008,611.0
la vila olimpica del poblenou,Barri,No consta,2008,26.0
el poblenou,Barri,Espanya,2008,25942.0
el poblenou,Barri,Resta de la Unió Europea,2008,1499.0
el poblenou,Barri,Resta del món,2008,3110.0
el poblenou,Barri,No consta,2008,
diagonal mar i el front maritim del poblenou,Barri,Espanya,2008,8539.0
diagonal mar i el front maritim del poblenou,Barri,Resta de la Unió Europea,2008,638.0
diagonal mar i el front maritim del poblenou,Barri,Resta del món,2008,785.0
diagonal mar i el front maritim del poblenou,Barri,No consta,2008,
el besos i el maresme,Barri,Espanya,2008,17427.0
el besos i el maresme,Barri,Resta de la Unió Europea,2008,597.0
el besos i el maresme,Barri,Resta del món,2008,5293.0
el besos i el maresme,Barri,No consta,2008,
provencals del poblenou,Barri,Espanya,2008,16615.0
provencals del poblenou,Barri,Resta de la Unió Europea,2008,551.0
provencals del poblenou,Barri,Resta del món,2008,1689.0
provencals del poblenou,Barri,No consta,2008,
sant marti de provencals,Barri,Espanya,2008,23522.0
sant marti de provencals,Barri,Resta de la Unió Europea,2008,546.0
sant marti de provencals,Barri,Resta del món,2008,2104.0
sant marti de provencals,Barri,No consta,2008,
la verneda i la pau,Barri,Espanya,2008,26620.0
la verneda i la pau,Barri,Resta de la Unió Europea,2008,453.0
la verneda i la pau,Barri,Resta del món,2008,2495.0
la verneda i la pau,Barri,No consta,2008,
el raval,Barri,Espanya,2009,24944.0
el raval,Barri,Resta de la Unió Europea,2009,4065.0
el raval,Barri,Resta del món,2009,18947.0
el raval,Barri,No consta,2009,7.0
el barri gotic,Barri,Espanya,2009,10790.0
el barri gotic,Barri,Resta de la Unió Europea,2009,3915.0
el barri gotic,Barri,Resta del món,2009,8081.0
el barri gotic,Barri,No consta,2009,7.0
la barceloneta,Barri,Espanya,2009,11472.0
la barceloneta,Barri,Resta de la Unió Europea,2009,1763.0
la barceloneta,Barri,Resta del món,2009,2992.0
la barceloneta,Barri,No consta,2009,
sant pere santa caterina i la ribera,Barri,Espanya,2009,14588.0
sant pere santa caterina i la ribera,Barri,Resta de la Unió Europea,2009,3220.0
sant pere santa caterina i la ribera,Barri,Resta del món,2009,5212.0
sant pere santa caterina i la ribera,Barri,No consta,2009,9.0
el fort pienc,Barri,Espanya,2009,25746.0
el fort pienc,Barri,Resta de la Unió Europea,2009,2123.0
el fort pienc,Barri,Resta del món,2009,5193.0
el fort pienc,Barri,No consta,2009,17.0
la sagrada familia,Barri,Espanya,2009,43659.0
la sagrada familia,Barri,Resta de la Unió Europea,2009,2579.0
la sagrada familia,Barri,Resta del món,2009,6723.0
la sagrada familia,Barri,No consta,2009,8.0
la dreta de leixample,Barri,Espanya,2009,35456.0
la dreta de leixample,Barri,Resta de la Unió Europea,2009,3741.0
la dreta de leixample,Barri,Resta del món,2009,4193.0
la dreta de leixample,Barri,No consta,2009,20.0
lantiga esquerra de leixample,Barri,Espanya,2009,33711.0
lantiga esquerra de leixample,Barri,Resta de la Unió Europea,2009,3180.0
lantiga esquerra de leixample,Barri,Resta del món,2009,5019.0
lantiga esquerra de leixample,Barri,No consta,2009,16.0
la nova esquerra de leixample,Barri,Espanya,2009,48820.0
la nova esquerra de leixample,Barri,Resta de la Unió Europea,2009,3015.0
la nova esquerra de leixample,Barri,Resta del món,2009,6689.0
la nova esquerra de leixample,Barri,No consta,2009,8.0
sant antoni,Barri,Espanya,2009,31382.0
sant antoni,Barri,Resta de la Unió Europea,2009,2473.0
sant antoni,Barri,Resta del món,2009,4649.0
sant antoni,Barri,No consta,2009,9.0
el poble sec,Barri,Espanya,2009,29061.0
el poble sec,Barri,Resta de la Unió Europea,2009,2333.0
el poble sec,Barri,Resta del món,2009,9283.0
el poble sec,Barri,No consta,2009,
la marina del prat vermell,Barri,Espanya,2009,1069.0
la marina del prat vermell,Barri,Resta de la Unió Europea,2009,5.0
la marina del prat vermell,Barri,Resta del món,2009,81.0
la marina del prat vermell,Barri,No consta,2009,
la marina de port,Barri,Espanya,2009,25645.0
la marina de port,Barri,Resta de la Unió Europea,2009,688.0
la marina de port,Barri,Resta del món,2009,3800.0
la marina de port,Barri,No consta,2009,
la font de la guatlla,Barri,Espanya,2009,8307.0
la font de la guatlla,Barri,Resta de la Unió Europea,2009,479.0
la font de la guatlla,Barri,Resta del món,2009,1430.0
la font de la guatlla,Barri,No consta,2009,
hostafrancs,Barri,Espanya,2009,12573.0
hostafrancs,Barri,Resta de la Unió Europea,2009,788.0
hostafrancs,Barri,Resta del món,2009,2651.0
hostafrancs,Barri,No consta,2009,
la bordeta,Barri,Espanya,2009,16153.0
la bordeta,Barri,Resta de la Unió Europea,2009,498.0
la bordeta,Barri,Resta del món,2009,2187.0
la bordeta,Barri,No consta,2009,
sants badal,Barri,Espanya,2009,20099.0
sants badal,Barri,Resta de la Unió Europea,2009,806.0
sants badal,Barri,Resta del món,2009,3360.0
sants badal,Barri,No consta,2009,
sants,Barri,Espanya,2009,33623.0
sants,Barri,Resta de la Unió Europea,2009,1735.0
sants,Barri,Resta del món,2009,6841.0
sants,Barri,No consta,2009,8.0
les corts,Barri,Espanya,2009,41347.0
les corts,Barri,Resta de la Unió Europea,2009,1775.0
les corts,Barri,Resta del món,2009,4491.0
les corts,Barri,No consta,2009,5.0
la maternitat i sant ramon,Barri,Espanya,2009,21183.0
la maternitat i sant ramon,Barri,Resta de la Unió Europea,2009,763.0
la maternitat i sant ramon,Barri,Resta del món,2009,1986.0
la maternitat i sant ramon,Barri,No consta,2009,
pedralbes,Barri,Espanya,2009,9705.0
pedralbes,Barri,Resta de la Unió Europea,2009,1014.0
pedralbes,Barri,Resta del món,2009,909.0
pedralbes,Barri,No consta,2009,
vallvidrera el tibidabo i les planes,Barri,Espanya,2009,3800.0
vallvidrera el tibidabo i les planes,Barri,Resta de la Unió Europea,2009,297.0
vallvidrera el tibidabo i les planes,Barri,Resta del món,2009,190.0
vallvidrera el tibidabo i les planes,Barri,No consta,2009,
sarria,Barri,Espanya,2009,20686.0
sarria,Barri,Resta de la Unió Europea,2009,1512.0
sarria,Barri,Resta del món,2009,1414.0
sarria,Barri,No consta,2009,
les tres torres,Barri,Espanya,2009,13940.0
les tres torres,Barri,Resta de la Unió Europea,2009,739.0
les tres torres,Barri,Resta del món,2009,866.0
les tres torres,Barri,No consta,2009,
sant gervasi la bonanova,Barri,Espanya,2009,21561.0
sant gervasi la bonanova,Barri,Resta de la Unió Europea,2009,1118.0
sant gervasi la bonanova,Barri,Resta del món,2009,2603.0
sant gervasi la bonanova,Barri,No consta,2009,
sant gervasi galvany,Barri,Espanya,2009,41158.0
sant gervasi galvany,Barri,Resta de la Unió Europea,2009,2355.0
sant gervasi galvany,Barri,Resta del món,2009,3304.0
sant gervasi galvany,Barri,No consta,2009,13.0
el putxet i el farro,Barri,Espanya,2009,24826.0
el putxet i el farro,Barri,Resta de la Unió Europea,2009,1682.0
el putxet i el farro,Barri,Resta del món,2009,2354.0
el putxet i el farro,Barri,No consta,2009,9.0
vallcarca i els penitents,Barri,Espanya,2009,13416.0
vallcarca i els penitents,Barri,Resta de la Unió Europea,2009,813.0
vallcarca i els penitents,Barri,Resta del món,2009,1465.0
vallcarca i els penitents,Barri,No consta,2009,
el coll,Barri,Espanya,2009,6256.0
el coll,Barri,Resta de la Unió Europea,2009,330.0
el coll,Barri,Resta del món,2009,706.0
el coll,Barri,No consta,2009,
la salut,Barri,Espanya,2009,11661.0
la salut,Barri,Resta de la Unió Europea,2009,633.0
la salut,Barri,Resta del món,2009,951.0
la salut,Barri,No consta,2009,
la vila de gracia,Barri,Espanya,2009,41579.0
la vila de gracia,Barri,Resta de la Unió Europea,2009,4300.0
la vila de gracia,Barri,Resta del món,2009,6747.0
la vila de gracia,Barri,No consta,2009,7.0
el camp den grassot i gracia nova,Barri,Espanya,2009,30215.0
el camp den grassot i gracia nova,Barri,Resta de la Unió Europea,2009,1672.0
el camp den grassot i gracia nova,Barri,Resta del món,2009,3046.0
el camp den grassot i gracia nova,Barri,No consta,2009,
el baix guinardo,Barri,Espanya,2009,22312.0
el baix guinardo,Barri,Resta de la Unió Europea,2009,957.0
el baix guinardo,Barri,Resta del món,2009,2840.0
el baix guinardo,Barri,No consta,2009,
can baro,Barri,Espanya,2009,7917.0
can baro,Barri,Resta de la Unió Europea,2009,322.0
can baro,Barri,Resta del món,2009,921.0
can baro,Barri,No consta,2009,
el guinardo,Barri,Espanya,2009,30364.0
el guinardo,Barri,Resta de la Unió Europea,2009,1112.0
el guinardo,Barri,Resta del món,2009,4138.0
el guinardo,Barri,No consta,2009,6.0
la font den fargues,Barri,Espanya,2009,9059.0
la font den fargues,Barri,Resta de la Unió Europea,2009,219.0
la font den fargues,Barri,Resta del món,2009,387.0
la font den fargues,Barri,No consta,2009,
el carmel,Barri,Espanya,2009,27789.0
el carmel,Barri,Resta de la Unió Europea,2009,737.0
el carmel,Barri,Resta del món,2009,4089.0
el carmel,Barri,No consta,2009,
la teixonera,Barri,Espanya,2009,10019.0
la teixonera,Barri,Resta de la Unió Europea,2009,356.0
la teixonera,Barri,Resta del món,2009,1530.0
la teixonera,Barri,No consta,2009,
sant genis dels agudells,Barri,Espanya,2009,6152.0
sant genis dels agudells,Barri,Resta de la Unió Europea,2009,195.0
sant genis dels agudells,Barri,Resta del món,2009,827.0
sant genis dels agudells,Barri,No consta,2009,
montbau,Barri,Espanya,2009,4673.0
montbau,Barri,Resta de la Unió Europea,2009,86.0
montbau,Barri,Resta del món,2009,465.0
montbau,Barri,No consta,2009,
la vall dhebron,Barri,Espanya,2009,4953.0
la vall dhebron,Barri,Resta de la Unió Europea,2009,147.0
la vall dhebron,Barri,Resta del món,2009,446.0
la vall dhebron,Barri,No consta,2009,
la clota,Barri,Espanya,2009,370.0
la clota,Barri,Resta de la Unió Europea,2009,12.0
la clota,Barri,Resta del món,2009,82.0
horta,Barri,Espanya,2009,24122.0
horta,Barri,Resta de la Unió Europea,2009,601.0
horta,Barri,Resta del món,2009,3149.0
horta,Barri,No consta,2009,
vilapicina i la torre llobeta,Barri,Espanya,2009,22366.0
vilapicina i la torre llobeta,Barri,Resta de la Unió Europea,2009,516.0
vilapicina i la torre llobeta,Barri,Resta del món,2009,3042.0
vilapicina i la torre llobeta,Barri,No consta,2009,
porta,Barri,Espanya,2009,20667.0
porta,Barri,Resta de la Unió Europea,2009,482.0
porta,Barri,Resta del món,2009,4183.0
porta,Barri,No consta,2009,
el turo de la peira,Barri,Espanya,2009,11719.0
el turo de la peira,Barri,Resta de la Unió Europea,2009,245.0
el turo de la peira,Barri,Resta del món,2009,3375.0
el turo de la peira,Barri,No consta,2009,
can peguera,Barri,Espanya,2009,2079.0
can peguera,Barri,Resta de la Unió Europea,2009,16.0
can peguera,Barri,Resta del món,2009,66.0
la guineueta,Barri,Espanya,2009,14225.0
la guineueta,Barri,Resta de la Unió Europea,2009,227.0
la guineueta,Barri,Resta del món,2009,910.0
la guineueta,Barri,No consta,2009,
canyelles,Barri,Espanya,2009,7025.0
canyelles,Barri,Resta de la Unió Europea,2009,53.0
canyelles,Barri,Resta del món,2009,362.0
canyelles,Barri,No consta,2009,
les roquetes,Barri,Espanya,2009,12618.0
les roquetes,Barri,Resta de la Unió Europea,2009,413.0
les roquetes,Barri,Resta del món,2009,3151.0
les roquetes,Barri,No consta,2009,
verdun,Barri,Espanya,2009,10185.0
verdun,Barri,Resta de la Unió Europea,2009,206.0
verdun,Barri,Resta del món,2009,2002.0
verdun,Barri,No consta,2009,
la prosperitat,Barri,Espanya,2009,22697.0
la prosperitat,Barri,Resta de la Unió Europea,2009,447.0
la prosperitat,Barri,Resta del món,2009,3674.0
la prosperitat,Barri,No consta,2009,
la trinitat nova,Barri,Espanya,2009,6455.0
la trinitat nova,Barri,Resta de la Unió Europea,2009,81.0
la trinitat nova,Barri,Resta del món,2009,1597.0
la trinitat nova,Barri,No consta,2009,
torre baro,Barri,Espanya,2009,1952.0
torre baro,Barri,Resta de la Unió Europea,2009,24.0
torre baro,Barri,Resta del món,2009,189.0
torre baro,Barri,No consta,2009,
ciutat meridiana,Barri,Espanya,2009,6998.0
ciutat meridiana,Barri,Resta de la Unió Europea,2009,226.0
ciutat meridiana,Barri,Resta del món,2009,4006.0
ciutat meridiana,Barri,No consta,2009,
vallbona,Barri,Espanya,2009,1184.0
vallbona,Barri,Resta de la Unió Europea,2009,28.0
vallbona,Barri,Resta del món,2009,115.0
vallbona,Barri,No consta,2009,
la trinitat vella,Barri,Espanya,2009,6859.0
la trinitat vella,Barri,Resta de la Unió Europea,2009,219.0
la trinitat vella,Barri,Resta del món,2009,3369.0
la trinitat vella,Barri,No consta,2009,
baro de viver,Barri,Espanya,2009,2278.0
baro de viver,Barri,Resta de la Unió Europea,2009,17.0
baro de viver,Barri,Resta del món,2009,157.0
baro de viver,Barri,No consta,2009,
el bon pastor,Barri,Espanya,2009,10590.0
el bon pastor,Barri,Resta de la Unió Europea,2009,274.0
el bon pastor,Barri,Resta del món,2009,2965.0
el bon pastor,Barri,No consta,2009,
sant andreu,Barri,Espanya,2009,51018.0
sant andreu,Barri,Resta de la Unió Europea,2009,895.0
sant andreu,Barri,Resta del món,2009,3970.0
sant andreu,Barri,No consta,2009,9.0
la sagrera,Barri,Espanya,2009,25190.0
la sagrera,Barri,Resta de la Unió Europea,2009,558.0
la sagrera,Barri,Resta del món,2009,3193.0
la sagrera,Barri,No consta,2009,
el congres i els indians,Barri,Espanya,2009,12116.0
el congres i els indians,Barri,Resta de la Unió Europea,2009,351.0
el congres i els indians,Barri,Resta del món,2009,1593.0
el congres i els indians,Barri,No consta,2009,
navas,Barri,Espanya,2009,18614.0
navas,Barri,Resta de la Unió Europea,2009,496.0
navas,Barri,Resta del món,2009,2661.0
navas,Barri,No consta,2009,9.0
el camp de larpa del clot,Barri,Espanya,2009,32495.0
el camp de larpa del clot,Barri,Resta de la Unió Europea,2009,1407.0
el camp de larpa del clot,Barri,Resta del món,2009,4930.0
el camp de larpa del clot,Barri,No consta,2009,7.0
el clot,Barri,Espanya,2009,23555.0
el clot,Barri,Resta de la Unió Europea,2009,896.0
el clot,Barri,Resta del món,2009,3091.0
el clot,Barri,No consta,2009,
el parc i la llacuna del poblenou,Barri,Espanya,2009,10885.0
el parc i la llacuna del poblenou,Barri,Resta de la Unió Europea,2009,859.0
el parc i la llacuna del poblenou,Barri,Resta del món,2009,1647.0
el parc i la llacuna del poblenou,Barri,No consta,2009,9.0
la vila olimpica del poblenou,Barri,Espanya,2009,7547.0
la vila olimpica del poblenou,Barri,Resta de la Unió Europea,2009,896.0
la vila olimpica del poblenou,Barri,Resta del món,2009,667.0
la vila olimpica del poblenou,Barri,No consta,2009,7.0
el poblenou,Barri,Espanya,2009,26063.0
el poblenou,Barri,Resta de la Unió Europea,2009,1693.0
el poblenou,Barri,Resta del món,2009,3368.0
el poblenou,Barri,No consta,2009,
diagonal mar i el front maritim del poblenou,Barri,Espanya,2009,8998.0
diagonal mar i el front maritim del poblenou,Barri,Resta de la Unió Europea,2009,744.0
diagonal mar i el front maritim del poblenou,Barri,Resta del món,2009,949.0
diagonal mar i el front maritim del poblenou,Barri,No consta,2009,
el besos i el maresme,Barri,Espanya,2009,17350.0
el besos i el maresme,Barri,Resta de la Unió Europea,2009,637.0
el besos i el maresme,Barri,Resta del món,2009,6029.0
el besos i el maresme,Barri,No consta,2009,
provencals del poblenou,Barri,Espanya,2009,16794.0
provencals del poblenou,Barri,Resta de la Unió Europea,2009,625.0
provencals del poblenou,Barri,Resta del món,2009,1885.0
provencals del poblenou,Barri,No consta,2009,
sant marti de provencals,Barri,Espanya,2009,23413.0
sant marti de provencals,Barri,Resta de la Unió Europea,2009,573.0
sant marti de provencals,Barri,Resta del món,2009,2301.0
sant marti de provencals,Barri,No consta,2009,
la verneda i la pau,Barri,Espanya,2009,26394.0
la verneda i la pau,Barri,Resta de la Unió Europea,2009,481.0
la verneda i la pau,Barri,Resta del món,2009,2691.0
la verneda i la pau,Barri,No consta,2009,
el raval,Barri,Espanya,2010,24994.0
el raval,Barri,Resta de la Unió Europea,2010,4070.0
el raval,Barri,Resta del món,2010,18283.0
el raval,Barri,No consta,2010,9.0
el barri gotic,Barri,Espanya,2010,10514.0
el barri gotic,Barri,Resta de la Unió Europea,2010,2978.0
el barri gotic,Barri,Resta del món,2010,5023.0
el barri gotic,Barri,No consta,2010,5.0
la barceloneta,Barri,Espanya,2010,11443.0
la barceloneta,Barri,Resta de la Unió Europea,2010,1887.0
la barceloneta,Barri,Resta del món,2010,2759.0
la barceloneta,Barri,No consta,2010,
sant pere santa caterina i la ribera,Barri,Espanya,2010,14476.0
sant pere santa caterina i la ribera,Barri,Resta de la Unió Europea,2010,3333.0
sant pere santa caterina i la ribera,Barri,Resta del món,2010,4883.0
sant pere santa caterina i la ribera,Barri,No consta,2010,6.0
el fort pienc,Barri,Espanya,2010,25562.0
el fort pienc,Barri,Resta de la Unió Europea,2010,2059.0
el fort pienc,Barri,Resta del món,2010,5010.0
el fort pienc,Barri,No consta,2010,17.0
la sagrada familia,Barri,Espanya,2010,43356.0
la sagrada familia,Barri,Resta de la Unió Europea,2010,2609.0
la sagrada familia,Barri,Resta del món,2010,6190.0
la sagrada familia,Barri,No consta,2010,9.0
la dreta de leixample,Barri,Espanya,2010,35393.0
la dreta de leixample,Barri,Resta de la Unió Europea,2010,3652.0
la dreta de leixample,Barri,Resta del món,2010,4005.0
la dreta de leixample,Barri,No consta,2010,13.0
lantiga esquerra de leixample,Barri,Espanya,2010,33757.0
lantiga esquerra de leixample,Barri,Resta de la Unió Europea,2010,3079.0
lantiga esquerra de leixample,Barri,Resta del món,2010,4853.0
lantiga esquerra de leixample,Barri,No consta,2010,8.0
la nova esquerra de leixample,Barri,Espanya,2010,48544.0
la nova esquerra de leixample,Barri,Resta de la Unió Europea,2010,3023.0
la nova esquerra de leixample,Barri,Resta del món,2010,6439.0
la nova esquerra de leixample,Barri,No consta,2010,7.0
sant antoni,Barri,Espanya,2010,31115.0
sant antoni,Barri,Resta de la Unió Europea,2010,2391.0
sant antoni,Barri,Resta del món,2010,4620.0
sant antoni,Barri,No consta,2010,
el poble sec,Barri,Espanya,2010,29069.0
el poble sec,Barri,Resta de la Unió Europea,2010,2483.0
el poble sec,Barri,Resta del món,2010,8834.0
el poble sec,Barri,No consta,2010,
la marina del prat vermell,Barri,Espanya,2010,1050.0
la marina del prat vermell,Barri,Resta de la Unió Europea,2010,
la marina del prat vermell,Barri,Resta del món,2010,82.0
la marina del prat vermell,Barri,No consta,2010,
la marina de port,Barri,Espanya,2010,25802.0
la marina de port,Barri,Resta de la Unió Europea,2010,672.0
la marina de port,Barri,Resta del món,2010,3632.0
la marina de port,Barri,No consta,2010,
la font de la guatlla,Barri,Espanya,2010,8380.0
la font de la guatlla,Barri,Resta de la Unió Europea,2010,502.0
la font de la guatlla,Barri,Resta del món,2010,1399.0
la font de la guatlla,Barri,No consta,2010,
hostafrancs,Barri,Espanya,2010,12577.0
hostafrancs,Barri,Resta de la Unió Europea,2010,767.0
hostafrancs,Barri,Resta del món,2010,2617.0
hostafrancs,Barri,No consta,2010,
la bordeta,Barri,Espanya,2010,16055.0
la bordeta,Barri,Resta de la Unió Europea,2010,514.0
la bordeta,Barri,Resta del món,2010,2076.0
la bordeta,Barri,No consta,2010,
sants badal,Barri,Espanya,2010,20168.0
sants badal,Barri,Resta de la Unió Europea,2010,806.0
sants badal,Barri,Resta del món,2010,3372.0
sants badal,Barri,No consta,2010,
sants,Barri,Espanya,2010,33631.0
sants,Barri,Resta de la Unió Europea,2010,1805.0
sants,Barri,Resta del món,2010,6671.0
sants,Barri,No consta,2010,
les corts,Barri,Espanya,2010,41232.0
les corts,Barri,Resta de la Unió Europea,2010,1650.0
les corts,Barri,Resta del món,2010,4432.0
les corts,Barri,No consta,2010,5.0
la maternitat i sant ramon,Barri,Espanya,2010,21138.0
la maternitat i sant ramon,Barri,Resta de la Unió Europea,2010,738.0
la maternitat i sant ramon,Barri,Resta del món,2010,1884.0
la maternitat i sant ramon,Barri,No consta,2010,
pedralbes,Barri,Espanya,2010,9799.0
pedralbes,Barri,Resta de la Unió Europea,2010,979.0
pedralbes,Barri,Resta del món,2010,884.0
pedralbes,Barri,No consta,2010,7.0
vallvidrera el tibidabo i les planes,Barri,Espanya,2010,3801.0
vallvidrera el tibidabo i les planes,Barri,Resta de la Unió Europea,2010,276.0
vallvidrera el tibidabo i les planes,Barri,Resta del món,2010,188.0
vallvidrera el tibidabo i les planes,Barri,No consta,2010,
sarria,Barri,Espanya,2010,20969.0
sarria,Barri,Resta de la Unió Europea,2010,1466.0
sarria,Barri,Resta del món,2010,1323.0
sarria,Barri,No consta,2010,5.0
les tres torres,Barri,Espanya,2010,14222.0
les tres torres,Barri,Resta de la Unió Europea,2010,681.0
les tres torres,Barri,Resta del món,2010,826.0
les tres torres,Barri,No consta,2010,
sant gervasi la bonanova,Barri,Espanya,2010,22043.0
sant gervasi la bonanova,Barri,Resta de la Unió Europea,2010,1106.0
sant gervasi la bonanova,Barri,Resta del món,2010,2555.0
sant gervasi la bonanova,Barri,No consta,2010,
sant gervasi galvany,Barri,Espanya,2010,41037.0
sant gervasi galvany,Barri,Resta de la Unió Europea,2010,2236.0
sant gervasi galvany,Barri,Resta del món,2010,3011.0
sant gervasi galvany,Barri,No consta,2010,7.0
el putxet i el farro,Barri,Espanya,2010,24918.0
el putxet i el farro,Barri,Resta de la Unió Europea,2010,1632.0
el putxet i el farro,Barri,Resta del món,2010,2179.0
el putxet i el farro,Barri,No consta,2010,
vallcarca i els penitents,Barri,Espanya,2010,13404.0
vallcarca i els penitents,Barri,Resta de la Unió Europea,2010,776.0
vallcarca i els penitents,Barri,Resta del món,2010,1301.0
vallcarca i els penitents,Barri,No consta,2010,
el coll,Barri,Espanya,2010,6221.0
el coll,Barri,Resta de la Unió Europea,2010,378.0
el coll,Barri,Resta del món,2010,628.0
el coll,Barri,No consta,2010,
la salut,Barri,Espanya,2010,11724.0
la salut,Barri,Resta de la Unió Europea,2010,637.0
la salut,Barri,Resta del món,2010,965.0
la salut,Barri,No consta,2010,
la vila de gracia,Barri,Espanya,2010,41251.0
la vila de gracia,Barri,Resta de la Unió Europea,2010,4434.0
la vila de gracia,Barri,Resta del món,2010,6623.0
la vila de gracia,Barri,No consta,2010,6.0
el camp den grassot i gracia nova,Barri,Espanya,2010,30097.0
el camp den grassot i gracia nova,Barri,Resta de la Unió Europea,2010,1609.0
el camp den grassot i gracia nova,Barri,Resta del món,2010,2923.0
el camp den grassot i gracia nova,Barri,No consta,2010,
el baix guinardo,Barri,Espanya,2010,22332.0
el baix guinardo,Barri,Resta de la Unió Europea,2010,950.0
el baix guinardo,Barri,Resta del món,2010,2734.0
el baix guinardo,Barri,No consta,2010,
can baro,Barri,Espanya,2010,7867.0
can baro,Barri,Resta de la Unió Europea,2010,364.0
can baro,Barri,Resta del món,2010,893.0
can baro,Barri,No consta,2010,
el guinardo,Barri,Espanya,2010,30466.0
el guinardo,Barri,Resta de la Unió Europea,2010,1163.0
el guinardo,Barri,Resta del món,2010,4038.0
el guinardo,Barri,No consta,2010,
la font den fargues,Barri,Espanya,2010,8968.0
la font den fargues,Barri,Resta de la Unió Europea,2010,230.0
la font den fargues,Barri,Resta del món,2010,382.0
la font den fargues,Barri,No consta,2010,
el carmel,Barri,Espanya,2010,27732.0
el carmel,Barri,Resta de la Unió Europea,2010,734.0
el carmel,Barri,Resta del món,2010,3871.0
el carmel,Barri,No consta,2010,
la teixonera,Barri,Espanya,2010,9996.0
la teixonera,Barri,Resta de la Unió Europea,2010,349.0
la teixonera,Barri,Resta del món,2010,1482.0
la teixonera,Barri,No consta,2010,
sant genis dels agudells,Barri,Espanya,2010,6188.0
sant genis dels agudells,Barri,Resta de la Unió Europea,2010,175.0
sant genis dels agudells,Barri,Resta del món,2010,758.0
sant genis dels agudells,Barri,No consta,2010,
montbau,Barri,Espanya,2010,4714.0
montbau,Barri,Resta de la Unió Europea,2010,87.0
montbau,Barri,Resta del món,2010,448.0
montbau,Barri,No consta,2010,
la vall dhebron,Barri,Espanya,2010,5037.0
la vall dhebron,Barri,Resta de la Unió Europea,2010,154.0
la vall dhebron,Barri,Resta del món,2010,414.0
la vall dhebron,Barri,No consta,2010,
la clota,Barri,Espanya,2010,365.0
la clota,Barri,Resta de la Unió Europea,2010,12.0
la clota,Barri,Resta del món,2010,76.0
horta,Barri,Espanya,2010,24038.0
horta,Barri,Resta de la Unió Europea,2010,592.0
horta,Barri,Resta del món,2010,3141.0
horta,Barri,No consta,2010,
vilapicina i la torre llobeta,Barri,Espanya,2010,22296.0
vilapicina i la torre llobeta,Barri,Resta de la Unió Europea,2010,474.0
vilapicina i la torre llobeta,Barri,Resta del món,2010,2864.0
vilapicina i la torre llobeta,Barri,No consta,2010,
porta,Barri,Espanya,2010,20644.0
porta,Barri,Resta de la Unió Europea,2010,442.0
porta,Barri,Resta del món,2010,4080.0
porta,Barri,No consta,2010,
el turo de la peira,Barri,Espanya,2010,11792.0
el turo de la peira,Barri,Resta de la Unió Europea,2010,237.0
el turo de la peira,Barri,Resta del món,2010,3310.0
el turo de la peira,Barri,No consta,2010,
can peguera,Barri,Espanya,2010,2132.0
can peguera,Barri,Resta de la Unió Europea,2010,20.0
can peguera,Barri,Resta del món,2010,63.0
la guineueta,Barri,Espanya,2010,14127.0
la guineueta,Barri,Resta de la Unió Europea,2010,244.0
la guineueta,Barri,Resta del món,2010,928.0
la guineueta,Barri,No consta,2010,
canyelles,Barri,Espanya,2010,6965.0
canyelles,Barri,Resta de la Unió Europea,2010,54.0
canyelles,Barri,Resta del món,2010,286.0
canyelles,Barri,No consta,2010,
les roquetes,Barri,Espanya,2010,12553.0
les roquetes,Barri,Resta de la Unió Europea,2010,439.0
les roquetes,Barri,Resta del món,2010,3000.0
les roquetes,Barri,No consta,2010,
verdun,Barri,Espanya,2010,10188.0
verdun,Barri,Resta de la Unió Europea,2010,204.0
verdun,Barri,Resta del món,2010,1919.0
verdun,Barri,No consta,2010,
la prosperitat,Barri,Espanya,2010,22575.0
la prosperitat,Barri,Resta de la Unió Europea,2010,385.0
la prosperitat,Barri,Resta del món,2010,3613.0
la prosperitat,Barri,No consta,2010,
la trinitat nova,Barri,Espanya,2010,6328.0
la trinitat nova,Barri,Resta de la Unió Europea,2010,86.0
la trinitat nova,Barri,Resta del món,2010,1463.0
la trinitat nova,Barri,No consta,2010,
torre baro,Barri,Espanya,2010,1957.0
torre baro,Barri,Resta de la Unió Europea,2010,23.0
torre baro,Barri,Resta del món,2010,184.0
torre baro,Barri,No consta,2010,
ciutat meridiana,Barri,Espanya,2010,7005.0
ciutat meridiana,Barri,Resta de la Unió Europea,2010,220.0
ciutat meridiana,Barri,Resta del món,2010,3634.0
ciutat meridiana,Barri,No consta,2010,
vallbona,Barri,Espanya,2010,1180.0
vallbona,Barri,Resta de la Unió Europea,2010,38.0
vallbona,Barri,Resta del món,2010,118.0
vallbona,Barri,No consta,2010,
la trinitat vella,Barri,Espanya,2010,6790.0
la trinitat vella,Barri,Resta de la Unió Europea,2010,211.0
la trinitat vella,Barri,Resta del món,2010,3274.0
la trinitat vella,Barri,No consta,2010,
baro de viver,Barri,Espanya,2010,2222.0
baro de viver,Barri,Resta de la Unió Europea,2010,16.0
baro de viver,Barri,Resta del món,2010,154.0
baro de viver,Barri,No consta,2010,
el bon pastor,Barri,Espanya,2010,10639.0
el bon pastor,Barri,Resta de la Unió Europea,2010,296.0
el bon pastor,Barri,Resta del món,2010,2874.0
el bon pastor,Barri,No consta,2010,
sant andreu,Barri,Espanya,2010,51053.0
sant andreu,Barri,Resta de la Unió Europea,2010,881.0
sant andreu,Barri,Resta del món,2010,3898.0
sant andreu,Barri,No consta,2010,6.0
la sagrera,Barri,Espanya,2010,25096.0
la sagrera,Barri,Resta de la Unió Europea,2010,545.0
la sagrera,Barri,Resta del món,2010,3238.0
la sagrera,Barri,No consta,2010,
el congres i els indians,Barri,Espanya,2010,12066.0
el congres i els indians,Barri,Resta de la Unió Europea,2010,385.0
el congres i els indians,Barri,Resta del món,2010,1501.0
el congres i els indians,Barri,No consta,2010,
navas,Barri,Espanya,2010,18714.0
navas,Barri,Resta de la Unió Europea,2010,537.0
navas,Barri,Resta del món,2010,2581.0
navas,Barri,No consta,2010,7.0
el camp de larpa del clot,Barri,Espanya,2010,32322.0
el camp de larpa del clot,Barri,Resta de la Unió Europea,2010,1404.0
el camp de larpa del clot,Barri,Resta del món,2010,4622.0
el camp de larpa del clot,Barri,No consta,2010,
el clot,Barri,Espanya,2010,23543.0
el clot,Barri,Resta de la Unió Europea,2010,943.0
el clot,Barri,Resta del món,2010,3009.0
el clot,Barri,No consta,2010,
el parc i la llacuna del poblenou,Barri,Espanya,2010,10898.0
el parc i la llacuna del poblenou,Barri,Resta de la Unió Europea,2010,966.0
el parc i la llacuna del poblenou,Barri,Resta del món,2010,1605.0
el parc i la llacuna del poblenou,Barri,No consta,2010,
la vila olimpica del poblenou,Barri,Espanya,2010,7651.0
la vila olimpica del poblenou,Barri,Resta de la Unió Europea,2010,932.0
la vila olimpica del poblenou,Barri,Resta del món,2010,665.0
la vila olimpica del poblenou,Barri,No consta,2010,
el poblenou,Barri,Espanya,2010,26308.0
el poblenou,Barri,Resta de la Unió Europea,2010,1827.0
el poblenou,Barri,Resta del món,2010,3249.0
el poblenou,Barri,No consta,2010,
diagonal mar i el front maritim del poblenou,Barri,Espanya,2010,9469.0
diagonal mar i el front maritim del poblenou,Barri,Resta de la Unió Europea,2010,845.0
diagonal mar i el front maritim del poblenou,Barri,Resta del món,2010,950.0
diagonal mar i el front maritim del poblenou,Barri,No consta,2010,
el besos i el maresme,Barri,Espanya,2010,17290.0
el besos i el maresme,Barri,Resta de la Unió Europea,2010,597.0
el besos i el maresme,Barri,Resta del món,2010,5908.0
el besos i el maresme,Barri,No consta,2010,
provencals del poblenou,Barri,Espanya,2010,16974.0
provencals del poblenou,Barri,Resta de la Unió Europea,2010,696.0
provencals del poblenou,Barri,Resta del món,2010,1924.0
provencals del poblenou,Barri,No consta,2010,
sant marti de provencals,Barri,Espanya,2010,23355.0
sant marti de provencals,Barri,Resta de la Unió Europea,2010,569.0
sant marti de provencals,Barri,Resta del món,2010,2230.0
sant marti de provencals,Barri,No consta,2010,
la verneda i la pau,Barri,Espanya,2010,26305.0
la verneda i la pau,Barri,Resta de la Unió Europea,2010,508.0
la verneda i la pau,Barri,Resta del món,2010,2647.0
la verneda i la pau,Barri,No consta,2010,
el raval,Barri,Espanya,2011,24838.0
el raval,Barri,Resta de la Unió Europea,2011,3700.0
el raval,Barri,Resta del món,2011,19176.0
el raval,Barri,No consta,2011,11.0
el barri gotic,Barri,Espanya,2011,10323.0
el barri gotic,Barri,Resta de la Unió Europea,2011,2709.0
el barri gotic,Barri,Resta del món,2011,4643.0
el barri gotic,Barri,No consta,2011,
la barceloneta,Barri,Espanya,2011,11315.0
la barceloneta,Barri,Resta de la Unió Europea,2011,1693.0
la barceloneta,Barri,Resta del món,2011,2739.0
la barceloneta,Barri,No consta,2011,
sant pere santa caterina i la ribera,Barri,Espanya,2011,14377.0
sant pere santa caterina i la ribera,Barri,Resta de la Unió Europea,2011,3093.0
sant pere santa caterina i la ribera,Barri,Resta del món,2011,4943.0
sant pere santa caterina i la ribera,Barri,No consta,2011,
el fort pienc,Barri,Espanya,2011,25569.0
el fort pienc,Barri,Resta de la Unió Europea,2011,2014.0
el fort pienc,Barri,Resta del món,2011,4790.0
el fort pienc,Barri,No consta,2011,14.0
la sagrada familia,Barri,Espanya,2011,43174.0
la sagrada familia,Barri,Resta de la Unió Europea,2011,2434.0
la sagrada familia,Barri,Resta del món,2011,6358.0
la sagrada familia,Barri,No consta,2011,10.0
la dreta de leixample,Barri,Espanya,2011,35451.0
la dreta de leixample,Barri,Resta de la Unió Europea,2011,3323.0
la dreta de leixample,Barri,Resta del món,2011,4070.0
la dreta de leixample,Barri,No consta,2011,12.0
lantiga esquerra de leixample,Barri,Espanya,2011,33699.0
lantiga esquerra de leixample,Barri,Resta de la Unió Europea,2011,2777.0
lantiga esquerra de leixample,Barri,Resta del món,2011,4926.0
lantiga esquerra de leixample,Barri,No consta,2011,14.0
la nova esquerra de leixample,Barri,Espanya,2011,48362.0
la nova esquerra de leixample,Barri,Resta de la Unió Europea,2011,2762.0
la nova esquerra de leixample,Barri,Resta del món,2011,6543.0
la nova esquerra de leixample,Barri,No consta,2011,9.0
sant antoni,Barri,Espanya,2011,30963.0
sant antoni,Barri,Resta de la Unió Europea,2011,2178.0
sant antoni,Barri,Resta del món,2011,4839.0
sant antoni,Barri,No consta,2011,5.0
el poble sec,Barri,Espanya,2011,28887.0
el poble sec,Barri,Resta de la Unió Europea,2011,2406.0
el poble sec,Barri,Resta del món,2011,9243.0
el poble sec,Barri,No consta,2011,
la marina del prat vermell,Barri,Espanya,2011,1025.0
la marina del prat vermell,Barri,Resta de la Unió Europea,2011,6.0
la marina del prat vermell,Barri,Resta del món,2011,88.0
la marina del prat vermell,Barri,No consta,2011,
la marina de port,Barri,Espanya,2011,25972.0
la marina de port,Barri,Resta de la Unió Europea,2011,638.0
la marina de port,Barri,Resta del món,2011,3626.0
la marina de port,Barri,No consta,2011,
la font de la guatlla,Barri,Espanya,2011,8348.0
la font de la guatlla,Barri,Resta de la Unió Europea,2011,479.0
la font de la guatlla,Barri,Resta del món,2011,1387.0
la font de la guatlla,Barri,No consta,2011,
hostafrancs,Barri,Espanya,2011,12548.0
hostafrancs,Barri,Resta de la Unió Europea,2011,688.0
hostafrancs,Barri,Resta del món,2011,2618.0
hostafrancs,Barri,No consta,2011,
la bordeta,Barri,Espanya,2011,15942.0
la bordeta,Barri,Resta de la Unió Europea,2011,448.0
la bordeta,Barri,Resta del món,2011,2101.0
la bordeta,Barri,No consta,2011,
sants badal,Barri,Espanya,2011,20140.0
sants badal,Barri,Resta de la Unió Europea,2011,707.0
sants badal,Barri,Resta del món,2011,3491.0
sants badal,Barri,No consta,2011,
sants,Barri,Espanya,2011,33717.0
sants,Barri,Resta de la Unió Europea,2011,1648.0
sants,Barri,Resta del món,2011,6563.0
sants,Barri,No consta,2011,
les corts,Barri,Espanya,2011,41184.0
les corts,Barri,Resta de la Unió Europea,2011,1546.0
les corts,Barri,Resta del món,2011,4365.0
les corts,Barri,No consta,2011,
la maternitat i sant ramon,Barri,Espanya,2011,21067.0
la maternitat i sant ramon,Barri,Resta de la Unió Europea,2011,637.0
la maternitat i sant ramon,Barri,Resta del món,2011,1901.0
la maternitat i sant ramon,Barri,No consta,2011,
pedralbes,Barri,Espanya,2011,9808.0
pedralbes,Barri,Resta de la Unió Europea,2011,884.0
pedralbes,Barri,Resta del món,2011,935.0
pedralbes,Barri,No consta,2011,5.0
vallvidrera el tibidabo i les planes,Barri,Espanya,2011,3847.0
vallvidrera el tibidabo i les planes,Barri,Resta de la Unió Europea,2011,262.0
vallvidrera el tibidabo i les planes,Barri,Resta del món,2011,179.0
vallvidrera el tibidabo i les planes,Barri,No consta,2011,
sarria,Barri,Espanya,2011,21225.0
sarria,Barri,Resta de la Unió Europea,2011,1367.0
sarria,Barri,Resta del món,2011,1323.0
sarria,Barri,No consta,2011,5.0
les tres torres,Barri,Espanya,2011,14287.0
les tres torres,Barri,Resta de la Unió Europea,2011,593.0
les tres torres,Barri,Resta del món,2011,866.0
les tres torres,Barri,No consta,2011,
sant gervasi la bonanova,Barri,Espanya,2011,22197.0
sant gervasi la bonanova,Barri,Resta de la Unió Europea,2011,1045.0
sant gervasi la bonanova,Barri,Resta del món,2011,2397.0
sant gervasi la bonanova,Barri,No consta,2011,
sant gervasi galvany,Barri,Espanya,2011,41157.0
sant gervasi galvany,Barri,Resta de la Unió Europea,2011,1946.0
sant gervasi galvany,Barri,Resta del món,2011,3022.0
sant gervasi galvany,Barri,No consta,2011,
el putxet i el farro,Barri,Espanya,2011,25007.0
el putxet i el farro,Barri,Resta de la Unió Europea,2011,1494.0
el putxet i el farro,Barri,Resta del món,2011,2128.0
el putxet i el farro,Barri,No consta,2011,
vallcarca i els penitents,Barri,Espanya,2011,13432.0
vallcarca i els penitents,Barri,Resta de la Unió Europea,2011,716.0
vallcarca i els penitents,Barri,Resta del món,2011,1297.0
vallcarca i els penitents,Barri,No consta,2011,
el coll,Barri,Espanya,2011,6221.0
el coll,Barri,Resta de la Unió Europea,2011,362.0
el coll,Barri,Resta del món,2011,705.0
el coll,Barri,No consta,2011,
la salut,Barri,Espanya,2011,11557.0
la salut,Barri,Resta de la Unió Europea,2011,598.0
la salut,Barri,Resta del món,2011,991.0
la salut,Barri,No consta,2011,
la vila de gracia,Barri,Espanya,2011,41186.0
la vila de gracia,Barri,Resta de la Unió Europea,2011,3934.0
la vila de gracia,Barri,Resta del món,2011,6060.0
la vila de gracia,Barri,No consta,2011,10.0
el camp den grassot i gracia nova,Barri,Espanya,2011,29995.0
el camp den grassot i gracia nova,Barri,Resta de la Unió Europea,2011,1498.0
el camp den grassot i gracia nova,Barri,Resta del món,2011,2919.0
el camp den grassot i gracia nova,Barri,No consta,2011,
el baix guinardo,Barri,Espanya,2011,22358.0
el baix guinardo,Barri,Resta de la Unió Europea,2011,875.0
el baix guinardo,Barri,Resta del món,2011,2766.0
el baix guinardo,Barri,No consta,2011,
can baro,Barri,Espanya,2011,7783.0
can baro,Barri,Resta de la Unió Europea,2011,309.0
can baro,Barri,Resta del món,2011,833.0
can baro,Barri,No consta,2011,
el guinardo,Barri,Espanya,2011,30564.0
el guinardo,Barri,Resta de la Unió Europea,2011,1070.0
el guinardo,Barri,Resta del món,2011,4057.0
el guinardo,Barri,No consta,2011,
la font den fargues,Barri,Espanya,2011,8934.0
la font den fargues,Barri,Resta de la Unió Europea,2011,212.0
la font den fargues,Barri,Resta del món,2011,375.0
la font den fargues,Barri,No consta,2011,
el carmel,Barri,Espanya,2011,27603.0
el carmel,Barri,Resta de la Unió Europea,2011,711.0
el carmel,Barri,Resta del món,2011,3770.0
el carmel,Barri,No consta,2011,
la teixonera,Barri,Espanya,2011,10032.0
la teixonera,Barri,Resta de la Unió Europea,2011,316.0
la teixonera,Barri,Resta del món,2011,1440.0
la teixonera,Barri,No consta,2011,
sant genis dels agudells,Barri,Espanya,2011,6104.0
sant genis dels agudells,Barri,Resta de la Unió Europea,2011,154.0
sant genis dels agudells,Barri,Resta del món,2011,726.0
sant genis dels agudells,Barri,No consta,2011,
montbau,Barri,Espanya,2011,4633.0
montbau,Barri,Resta de la Unió Europea,2011,91.0
montbau,Barri,Resta del món,2011,489.0
montbau,Barri,No consta,2011,
la vall dhebron,Barri,Espanya,2011,5027.0
la vall dhebron,Barri,Resta de la Unió Europea,2011,146.0
la vall dhebron,Barri,Resta del món,2011,391.0
la vall dhebron,Barri,No consta,2011,
la clota,Barri,Espanya,2011,359.0
la clota,Barri,Resta de la Unió Europea,2011,12.0
la clota,Barri,Resta del món,2011,93.0
horta,Barri,Espanya,2011,23872.0
horta,Barri,Resta de la Unió Europea,2011,583.0
horta,Barri,Resta del món,2011,3072.0
horta,Barri,No consta,2011,
vilapicina i la torre llobeta,Barri,Espanya,2011,22060.0
vilapicina i la torre llobeta,Barri,Resta de la Unió Europea,2011,417.0
vilapicina i la torre llobeta,Barri,Resta del món,2011,2942.0
vilapicina i la torre llobeta,Barri,No consta,2011,
porta,Barri,Espanya,2011,20692.0
porta,Barri,Resta de la Unió Europea,2011,446.0
porta,Barri,Resta del món,2011,3947.0
porta,Barri,No consta,2011,
el turo de la peira,Barri,Espanya,2011,11904.0
el turo de la peira,Barri,Resta de la Unió Europea,2011,228.0
el turo de la peira,Barri,Resta del món,2011,3293.0
el turo de la peira,Barri,No consta,2011,
can peguera,Barri,Espanya,2011,2142.0
can peguera,Barri,Resta de la Unió Europea,2011,23.0
can peguera,Barri,Resta del món,2011,75.0
la guineueta,Barri,Espanya,2011,14028.0
la guineueta,Barri,Resta de la Unió Europea,2011,223.0
la guineueta,Barri,Resta del món,2011,1012.0
la guineueta,Barri,No consta,2011,
canyelles,Barri,Espanya,2011,6872.0
canyelles,Barri,Resta de la Unió Europea,2011,59.0
canyelles,Barri,Resta del món,2011,308.0
canyelles,Barri,No consta,2011,
les roquetes,Barri,Espanya,2011,12521.0
les roquetes,Barri,Resta de la Unió Europea,2011,422.0
les roquetes,Barri,Resta del món,2011,3044.0
les roquetes,Barri,No consta,2011,
verdun,Barri,Espanya,2011,10178.0
verdun,Barri,Resta de la Unió Europea,2011,186.0
verdun,Barri,Resta del món,2011,1938.0
verdun,Barri,No consta,2011,
la prosperitat,Barri,Espanya,2011,22530.0
la prosperitat,Barri,Resta de la Unió Europea,2011,347.0
la prosperitat,Barri,Resta del món,2011,3677.0
la prosperitat,Barri,No consta,2011,
la trinitat nova,Barri,Espanya,2011,6222.0
la trinitat nova,Barri,Resta de la Unió Europea,2011,89.0
la trinitat nova,Barri,Resta del món,2011,1388.0
la trinitat nova,Barri,No consta,2011,
torre baro,Barri,Espanya,2011,1953.0
torre baro,Barri,Resta de la Unió Europea,2011,27.0
torre baro,Barri,Resta del món,2011,192.0
torre baro,Barri,No consta,2011,
ciutat meridiana,Barri,Espanya,2011,6992.0
ciutat meridiana,Barri,Resta de la Unió Europea,2011,267.0
ciutat meridiana,Barri,Resta del món,2011,3627.0
ciutat meridiana,Barri,No consta,2011,
vallbona,Barri,Espanya,2011,1188.0
vallbona,Barri,Resta de la Unió Europea,2011,37.0
vallbona,Barri,Resta del món,2011,118.0
vallbona,Barri,No consta,2011,
la trinitat vella,Barri,Espanya,2011,6812.0
la trinitat vella,Barri,Resta de la Unió Europea,2011,234.0
la trinitat vella,Barri,Resta del món,2011,3357.0
la trinitat vella,Barri,No consta,2011,
baro de viver,Barri,Espanya,2011,2244.0
baro de viver,Barri,Resta de la Unió Europea,2011,18.0
baro de viver,Barri,Resta del món,2011,149.0
baro de viver,Barri,No consta,2011,
el bon pastor,Barri,Espanya,2011,10645.0
el bon pastor,Barri,Resta de la Unió Europea,2011,308.0
el bon pastor,Barri,Resta del món,2011,2668.0
el bon pastor,Barri,No consta,2011,
sant andreu,Barri,Espanya,2011,51527.0
sant andreu,Barri,Resta de la Unió Europea,2011,835.0
sant andreu,Barri,Resta del món,2011,3710.0
sant andreu,Barri,No consta,2011,
la sagrera,Barri,Espanya,2011,25240.0
la sagrera,Barri,Resta de la Unió Europea,2011,501.0
la sagrera,Barri,Resta del món,2011,3378.0
la sagrera,Barri,No consta,2011,
el congres i els indians,Barri,Espanya,2011,12065.0
el congres i els indians,Barri,Resta de la Unió Europea,2011,384.0
el congres i els indians,Barri,Resta del món,2011,1547.0
el congres i els indians,Barri,No consta,2011,
navas,Barri,Espanya,2011,18705.0
navas,Barri,Resta de la Unió Europea,2011,493.0
navas,Barri,Resta del món,2011,2519.0
navas,Barri,No consta,2011,8.0
el camp de larpa del clot,Barri,Espanya,2011,32148.0
el camp de larpa del clot,Barri,Resta de la Unió Europea,2011,1254.0
el camp de larpa del clot,Barri,Resta del món,2011,4548.0
el camp de larpa del clot,Barri,No consta,2011,
el clot,Barri,Espanya,2011,23499.0
el clot,Barri,Resta de la Unió Europea,2011,872.0
el clot,Barri,Resta del món,2011,2987.0
el clot,Barri,No consta,2011,
el parc i la llacuna del poblenou,Barri,Espanya,2011,11060.0
el parc i la llacuna del poblenou,Barri,Resta de la Unió Europea,2011,942.0
el parc i la llacuna del poblenou,Barri,Resta del món,2011,1728.0
el parc i la llacuna del poblenou,Barri,No consta,2011,
la vila olimpica del poblenou,Barri,Espanya,2011,7698.0
la vila olimpica del poblenou,Barri,Resta de la Unió Europea,2011,893.0
la vila olimpica del poblenou,Barri,Resta del món,2011,649.0
la vila olimpica del poblenou,Barri,No consta,2011,
el poblenou,Barri,Espanya,2011,26943.0
el poblenou,Barri,Resta de la Unió Europea,2011,1815.0
el poblenou,Barri,Resta del món,2011,3307.0
el poblenou,Barri,No consta,2011,
diagonal mar i el front maritim del poblenou,Barri,Espanya,2011,10137.0
diagonal mar i el front maritim del poblenou,Barri,Resta de la Unió Europea,2011,853.0
diagonal mar i el front maritim del poblenou,Barri,Resta del món,2011,1012.0
diagonal mar i el front maritim del poblenou,Barri,No consta,2011,
el besos i el maresme,Barri,Espanya,2011,17313.0
el besos i el maresme,Barri,Resta de la Unió Europea,2011,606.0
el besos i el maresme,Barri,Resta del món,2011,6055.0
el besos i el maresme,Barri,No consta,2011,
provencals del poblenou,Barri,Espanya,2011,16955.0
provencals del poblenou,Barri,Resta de la Unió Europea,2011,682.0
provencals del poblenou,Barri,Resta del món,2011,1914.0
provencals del poblenou,Barri,No consta,2011,
sant marti de provencals,Barri,Espanya,2011,23248.0
sant marti de provencals,Barri,Resta de la Unió Europea,2011,549.0
sant marti de provencals,Barri,Resta del món,2011,2357.0
sant marti de provencals,Barri,No consta,2011,
la verneda i la pau,Barri,Espanya,2011,26042.0
la verneda i la pau,Barri,Resta de la Unió Europea,2011,464.0
la verneda i la pau,Barri,Resta del món,2011,2537.0
la verneda i la pau,Barri,No consta,2011,
el raval,Barri,Espanya,2012,24818.0
el raval,Barri,Resta de la Unió Europea,2012,3966.0
el raval,Barri,Resta del món,2012,20194.0
el raval,Barri,No consta,2012,13.0
el barri gotic,Barri,Espanya,2012,10102.0
el barri gotic,Barri,Resta de la Unió Europea,2012,2672.0
el barri gotic,Barri,Resta del món,2012,4103.0
el barri gotic,Barri,No consta,2012,
la barceloneta,Barri,Espanya,2012,11091.0
la barceloneta,Barri,Resta de la Unió Europea,2012,1846.0
la barceloneta,Barri,Resta del món,2012,2772.0
la barceloneta,Barri,No consta,2012,
sant pere santa caterina i la ribera,Barri,Espanya,2012,14305.0
sant pere santa caterina i la ribera,Barri,Resta de la Unió Europea,2012,3428.0
sant pere santa caterina i la ribera,Barri,Resta del món,2012,5037.0
sant pere santa caterina i la ribera,Barri,No consta,2012,
el fort pienc,Barri,Espanya,2012,25653.0
el fort pienc,Barri,Resta de la Unió Europea,2012,2149.0
el fort pienc,Barri,Resta del món,2012,4476.0
el fort pienc,Barri,No consta,2012,8.0
la sagrada familia,Barri,Espanya,2012,42898.0
la sagrada familia,Barri,Resta de la Unió Europea,2012,2474.0
la sagrada familia,Barri,Resta del món,2012,6712.0
la sagrada familia,Barri,No consta,2012,8.0
la dreta de leixample,Barri,Espanya,2012,35526.0
la dreta de leixample,Barri,Resta de la Unió Europea,2012,3529.0
la dreta de leixample,Barri,Resta del món,2012,4212.0
la dreta de leixample,Barri,No consta,2012,18.0
lantiga esquerra de leixample,Barri,Espanya,2012,33733.0
lantiga esquerra de leixample,Barri,Resta de la Unió Europea,2012,2945.0
lantiga esquerra de leixample,Barri,Resta del món,2012,5033.0
lantiga esquerra de leixample,Barri,No consta,2012,11.0
la nova esquerra de leixample,Barri,Espanya,2012,48345.0
la nova esquerra de leixample,Barri,Resta de la Unió Europea,2012,2771.0
la nova esquerra de leixample,Barri,Resta del món,2012,6754.0
la nova esquerra de leixample,Barri,No consta,2012,6.0
sant antoni,Barri,Espanya,2012,30981.0
sant antoni,Barri,Resta de la Unió Europea,2012,2230.0
sant antoni,Barri,Resta del món,2012,5118.0
sant antoni,Barri,No consta,2012,
el poble sec,Barri,Espanya,2012,28791.0
el poble sec,Barri,Resta de la Unió Europea,2012,2653.0
el poble sec,Barri,Resta del món,2012,9807.0
el poble sec,Barri,No consta,2012,
la marina del prat vermell,Barri,Espanya,2012,1057.0
la marina del prat vermell,Barri,Resta de la Unió Europea,2012,5.0
la marina del prat vermell,Barri,Resta del món,2012,88.0
la marina del prat vermell,Barri,No consta,2012,
la marina de port,Barri,Espanya,2012,26148.0
la marina de port,Barri,Resta de la Unió Europea,2012,645.0
la marina de port,Barri,Resta del món,2012,3651.0
la marina de port,Barri,No consta,2012,
la font de la guatlla,Barri,Espanya,2012,8378.0
la font de la guatlla,Barri,Resta de la Unió Europea,2012,505.0
la font de la guatlla,Barri,Resta del món,2012,1391.0
la font de la guatlla,Barri,No consta,2012,
hostafrancs,Barri,Espanya,2012,12434.0
hostafrancs,Barri,Resta de la Unió Europea,2012,729.0
hostafrancs,Barri,Resta del món,2012,2876.0
hostafrancs,Barri,No consta,2012,
la bordeta,Barri,Espanya,2012,15991.0
la bordeta,Barri,Resta de la Unió Europea,2012,440.0
la bordeta,Barri,Resta del món,2012,2173.0
la bordeta,Barri,No consta,2012,
sants badal,Barri,Espanya,2012,20096.0
sants badal,Barri,Resta de la Unió Europea,2012,747.0
sants badal,Barri,Resta del món,2012,3746.0
sants badal,Barri,No consta,2012,
sants,Barri,Espanya,2012,33811.0
sants,Barri,Resta de la Unió Europea,2012,1662.0
sants,Barri,Resta del món,2012,6134.0
sants,Barri,No consta,2012,
les corts,Barri,Espanya,2012,41186.0
les corts,Barri,Resta de la Unió Europea,2012,1605.0
les corts,Barri,Resta del món,2012,4026.0
les corts,Barri,No consta,2012,
la maternitat i sant ramon,Barri,Espanya,2012,21111.0
la maternitat i sant ramon,Barri,Resta de la Unió Europea,2012,647.0
la maternitat i sant ramon,Barri,Resta del món,2012,2028.0
la maternitat i sant ramon,Barri,No consta,2012,
pedralbes,Barri,Espanya,2012,9857.0
pedralbes,Barri,Resta de la Unió Europea,2012,948.0
pedralbes,Barri,Resta del món,2012,944.0
pedralbes,Barri,No consta,2012,
vallvidrera el tibidabo i les planes,Barri,Espanya,2012,3896.0
vallvidrera el tibidabo i les planes,Barri,Resta de la Unió Europea,2012,298.0
vallvidrera el tibidabo i les planes,Barri,Resta del món,2012,213.0
vallvidrera el tibidabo i les planes,Barri,No consta,2012,
sarria,Barri,Espanya,2012,21419.0
sarria,Barri,Resta de la Unió Europea,2012,1476.0
sarria,Barri,Resta del món,2012,1381.0
sarria,Barri,No consta,2012,
les tres torres,Barri,Espanya,2012,14436.0
les tres torres,Barri,Resta de la Unió Europea,2012,586.0
les tres torres,Barri,Resta del món,2012,899.0
les tres torres,Barri,No consta,2012,
sant gervasi la bonanova,Barri,Espanya,2012,22419.0
sant gervasi la bonanova,Barri,Resta de la Unió Europea,2012,1045.0
sant gervasi la bonanova,Barri,Resta del món,2012,1961.0
sant gervasi la bonanova,Barri,No consta,2012,
sant gervasi galvany,Barri,Espanya,2012,41330.0
sant gervasi galvany,Barri,Resta de la Unió Europea,2012,1982.0
sant gervasi galvany,Barri,Resta del món,2012,3045.0
sant gervasi galvany,Barri,No consta,2012,8.0
el putxet i el farro,Barri,Espanya,2012,25140.0
el putxet i el farro,Barri,Resta de la Unió Europea,2012,1534.0
el putxet i el farro,Barri,Resta del món,2012,2192.0
el putxet i el farro,Barri,No consta,2012,
vallcarca i els penitents,Barri,Espanya,2012,13509.0
vallcarca i els penitents,Barri,Resta de la Unió Europea,2012,747.0
vallcarca i els penitents,Barri,Resta del món,2012,1261.0
vallcarca i els penitents,Barri,No consta,2012,
el coll,Barri,Espanya,2012,6197.0
el coll,Barri,Resta de la Unió Europea,2012,351.0
el coll,Barri,Resta del món,2012,742.0
el coll,Barri,No consta,2012,
la salut,Barri,Espanya,2012,11554.0
la salut,Barri,Resta de la Unió Europea,2012,622.0
la salut,Barri,Resta del món,2012,1009.0
la salut,Barri,No consta,2012,
la vila de gracia,Barri,Espanya,2012,41282.0
la vila de gracia,Barri,Resta de la Unió Europea,2012,4176.0
la vila de gracia,Barri,Resta del món,2012,5637.0
la vila de gracia,Barri,No consta,2012,9.0
el camp den grassot i gracia nova,Barri,Espanya,2012,30001.0
el camp den grassot i gracia nova,Barri,Resta de la Unió Europea,2012,1652.0
el camp den grassot i gracia nova,Barri,Resta del món,2012,3077.0
el camp den grassot i gracia nova,Barri,No consta,2012,
el baix guinardo,Barri,Espanya,2012,22325.0
el baix guinardo,Barri,Resta de la Unió Europea,2012,886.0
el baix guinardo,Barri,Resta del món,2012,2694.0
el baix guinardo,Barri,No consta,2012,
can baro,Barri,Espanya,2012,7762.0
can baro,Barri,Resta de la Unió Europea,2012,346.0
can baro,Barri,Resta del món,2012,894.0
can baro,Barri,No consta,2012,
el guinardo,Barri,Espanya,2012,30525.0
el guinardo,Barri,Resta de la Unió Europea,2012,1109.0
el guinardo,Barri,Resta del món,2012,4019.0
el guinardo,Barri,No consta,2012,
la font den fargues,Barri,Espanya,2012,8929.0
la font den fargues,Barri,Resta de la Unió Europea,2012,222.0
la font den fargues,Barri,Resta del món,2012,409.0
la font den fargues,Barri,No consta,2012,
el carmel,Barri,Espanya,2012,27522.0
el carmel,Barri,Resta de la Unió Europea,2012,721.0
el carmel,Barri,Resta del món,2012,3743.0
el carmel,Barri,No consta,2012,
la teixonera,Barri,Espanya,2012,10001.0
la teixonera,Barri,Resta de la Unió Europea,2012,330.0
la teixonera,Barri,Resta del món,2012,1438.0
la teixonera,Barri,No consta,2012,
sant genis dels agudells,Barri,Espanya,2012,6077.0
sant genis dels agudells,Barri,Resta de la Unió Europea,2012,146.0
sant genis dels agudells,Barri,Resta del món,2012,725.0
sant genis dels agudells,Barri,No consta,2012,
montbau,Barri,Espanya,2012,4570.0
montbau,Barri,Resta de la Unió Europea,2012,97.0
montbau,Barri,Resta del món,2012,468.0
montbau,Barri,No consta,2012,
la vall dhebron,Barri,Espanya,2012,5019.0
la vall dhebron,Barri,Resta de la Unió Europea,2012,146.0
la vall dhebron,Barri,Resta del món,2012,402.0
la vall dhebron,Barri,No consta,2012,
la clota,Barri,Espanya,2012,347.0
la clota,Barri,Resta de la Unió Europea,2012,8.0
la clota,Barri,Resta del món,2012,97.0
horta,Barri,Espanya,2012,23841.0
horta,Barri,Resta de la Unió Europea,2012,570.0
horta,Barri,Resta del món,2012,2590.0
horta,Barri,No consta,2012,
vilapicina i la torre llobeta,Barri,Espanya,2012,22158.0
vilapicina i la torre llobeta,Barri,Resta de la Unió Europea,2012,438.0
vilapicina i la torre llobeta,Barri,Resta del món,2012,2922.0
vilapicina i la torre llobeta,Barri,No consta,2012,
porta,Barri,Espanya,2012,20715.0
porta,Barri,Resta de la Unió Europea,2012,400.0
porta,Barri,Resta del món,2012,3698.0
porta,Barri,No consta,2012,
el turo de la peira,Barri,Espanya,2012,11857.0
el turo de la peira,Barri,Resta de la Unió Europea,2012,242.0
el turo de la peira,Barri,Resta del món,2012,3470.0
el turo de la peira,Barri,No consta,2012,
can peguera,Barri,Espanya,2012,2127.0
can peguera,Barri,Resta de la Unió Europea,2012,22.0
can peguera,Barri,Resta del món,2012,89.0
la guineueta,Barri,Espanya,2012,13966.0
la guineueta,Barri,Resta de la Unió Europea,2012,220.0
la guineueta,Barri,Resta del món,2012,996.0
la guineueta,Barri,No consta,2012,
canyelles,Barri,Espanya,2012,6804.0
canyelles,Barri,Resta de la Unió Europea,2012,56.0
canyelles,Barri,Resta del món,2012,333.0
canyelles,Barri,No consta,2012,
les roquetes,Barri,Espanya,2012,12496.0
les roquetes,Barri,Resta de la Unió Europea,2012,392.0
les roquetes,Barri,Resta del món,2012,3140.0
les roquetes,Barri,No consta,2012,
verdun,Barri,Espanya,2012,10202.0
verdun,Barri,Resta de la Unió Europea,2012,210.0
verdun,Barri,Resta del món,2012,2035.0
verdun,Barri,No consta,2012,
la prosperitat,Barri,Espanya,2012,22430.0
la prosperitat,Barri,Resta de la Unió Europea,2012,379.0
la prosperitat,Barri,Resta del món,2012,3653.0
la prosperitat,Barri,No consta,2012,
la trinitat nova,Barri,Espanya,2012,6189.0
la trinitat nova,Barri,Resta de la Unió Europea,2012,87.0
la trinitat nova,Barri,Resta del món,2012,1348.0
la trinitat nova,Barri,No consta,2012,
torre baro,Barri,Espanya,2012,1934.0
torre baro,Barri,Resta de la Unió Europea,2012,28.0
torre baro,Barri,Resta del món,2012,207.0
torre baro,Barri,No consta,2012,
ciutat meridiana,Barri,Espanya,2012,6931.0
ciutat meridiana,Barri,Resta de la Unió Europea,2012,277.0
ciutat meridiana,Barri,Resta del món,2012,3537.0
ciutat meridiana,Barri,No consta,2012,
vallbona,Barri,Espanya,2012,1167.0
vallbona,Barri,Resta de la Unió Europea,2012,39.0
vallbona,Barri,Resta del món,2012,134.0
vallbona,Barri,No consta,2012,
la trinitat vella,Barri,Espanya,2012,6900.0
la trinitat vella,Barri,Resta de la Unió Europea,2012,239.0
la trinitat vella,Barri,Resta del món,2012,3258.0
la trinitat vella,Barri,No consta,2012,
baro de viver,Barri,Espanya,2012,2227.0
baro de viver,Barri,Resta de la Unió Europea,2012,23.0
baro de viver,Barri,Resta del món,2012,161.0
baro de viver,Barri,No consta,2012,
el bon pastor,Barri,Espanya,2012,10733.0
el bon pastor,Barri,Resta de la Unió Europea,2012,288.0
el bon pastor,Barri,Resta del món,2012,2176.0
el bon pastor,Barri,No consta,2012,
sant andreu,Barri,Espanya,2012,51774.0
sant andreu,Barri,Resta de la Unió Europea,2012,821.0
sant andreu,Barri,Resta del món,2012,3686.0
sant andreu,Barri,No consta,2012,
la sagrera,Barri,Espanya,2012,25127.0
la sagrera,Barri,Resta de la Unió Europea,2012,534.0
la sagrera,Barri,Resta del món,2012,3439.0
la sagrera,Barri,No consta,2012,
el congres i els indians,Barri,Espanya,2012,12088.0
el congres i els indians,Barri,Resta de la Unió Europea,2012,365.0
el congres i els indians,Barri,Resta del món,2012,1653.0
el congres i els indians,Barri,No consta,2012,
navas,Barri,Espanya,2012,18744.0
navas,Barri,Resta de la Unió Europea,2012,499.0
navas,Barri,Resta del món,2012,2652.0
navas,Barri,No consta,2012,6.0
el camp de larpa del clot,Barri,Espanya,2012,32198.0
el camp de larpa del clot,Barri,Resta de la Unió Europea,2012,1297.0
el camp de larpa del clot,Barri,Resta del món,2012,4670.0
el camp de larpa del clot,Barri,No consta,2012,
el clot,Barri,Espanya,2012,23397.0
el clot,Barri,Resta de la Unió Europea,2012,909.0
el clot,Barri,Resta del món,2012,3004.0
el clot,Barri,No consta,2012,5.0
el parc i la llacuna del poblenou,Barri,Espanya,2012,11294.0
el parc i la llacuna del poblenou,Barri,Resta de la Unió Europea,2012,1026.0
el parc i la llacuna del poblenou,Barri,Resta del món,2012,1714.0
el parc i la llacuna del poblenou,Barri,No consta,2012,
la vila olimpica del poblenou,Barri,Espanya,2012,7664.0
la vila olimpica del poblenou,Barri,Resta de la Unió Europea,2012,939.0
la vila olimpica del poblenou,Barri,Resta del món,2012,633.0
la vila olimpica del poblenou,Barri,No consta,2012,
el poblenou,Barri,Espanya,2012,27061.0
el poblenou,Barri,Resta de la Unió Europea,2012,2028.0
el poblenou,Barri,Resta del món,2012,3421.0
el poblenou,Barri,No consta,2012,
diagonal mar i el front maritim del poblenou,Barri,Espanya,2012,10495.0
diagonal mar i el front maritim del poblenou,Barri,Resta de la Unió Europea,2012,906.0
diagonal mar i el front maritim del poblenou,Barri,Resta del món,2012,1113.0
diagonal mar i el front maritim del poblenou,Barri,No consta,2012,
el besos i el maresme,Barri,Espanya,2012,17269.0
el besos i el maresme,Barri,Resta de la Unió Europea,2012,596.0
el besos i el maresme,Barri,Resta del món,2012,5851.0
el besos i el maresme,Barri,No consta,2012,
provencals del poblenou,Barri,Espanya,2012,17218.0
provencals del poblenou,Barri,Resta de la Unió Europea,2012,710.0
provencals del poblenou,Barri,Resta del món,2012,1948.0
provencals del poblenou,Barri,No consta,2012,
sant marti de provencals,Barri,Espanya,2012,23213.0
sant marti de provencals,Barri,Resta de la Unió Europea,2012,541.0
sant marti de provencals,Barri,Resta del món,2012,2371.0
sant marti de provencals,Barri,No consta,2012,
la verneda i la pau,Barri,Espanya,2012,26009.0
la verneda i la pau,Barri,Resta de la Unió Europea,2012,510.0
la verneda i la pau,Barri,Resta del món,2012,2711.0
la verneda i la pau,Barri,No consta,2012,
el raval,Barri,Espanya,2013,24350.0
el raval,Barri,Resta de la Unió Europea,2013,4233.0
el raval,Barri,Resta del món,2013,20174.0
el raval,Barri,No consta,2013,14.0
el barri gotic,Barri,Espanya,2013,9703.0
el barri gotic,Barri,Resta de la Unió Europea,2013,2829.0
el barri gotic,Barri,Resta del món,2013,3740.0
el barri gotic,Barri,No consta,2013,
la barceloneta,Barri,Espanya,2013,10755.0
la barceloneta,Barri,Resta de la Unió Europea,2013,2009.0
la barceloneta,Barri,Resta del món,2013,2726.0
la barceloneta,Barri,No consta,2013,
sant pere santa caterina i la ribera,Barri,Espanya,2013,13986.0
sant pere santa caterina i la ribera,Barri,Resta de la Unió Europea,2013,3811.0
sant pere santa caterina i la ribera,Barri,Resta del món,2013,4969.0
sant pere santa caterina i la ribera,Barri,No consta,2013,5.0
el fort pienc,Barri,Espanya,2013,25403.0
el fort pienc,Barri,Resta de la Unió Europea,2013,2289.0
el fort pienc,Barri,Resta del món,2013,4052.0
el fort pienc,Barri,No consta,2013,11.0
la sagrada familia,Barri,Espanya,2013,42489.0
la sagrada familia,Barri,Resta de la Unió Europea,2013,2591.0
la sagrada familia,Barri,Resta del món,2013,6728.0
la sagrada familia,Barri,No consta,2013,13.0
la dreta de leixample,Barri,Espanya,2013,35242.0
la dreta de leixample,Barri,Resta de la Unió Europea,2013,3965.0
la dreta de leixample,Barri,Resta del món,2013,4180.0
la dreta de leixample,Barri,No consta,2013,12.0
lantiga esquerra de leixample,Barri,Espanya,2013,33666.0
lantiga esquerra de leixample,Barri,Resta de la Unió Europea,2013,3191.0
lantiga esquerra de leixample,Barri,Resta del món,2013,4971.0
lantiga esquerra de leixample,Barri,No consta,2013,10.0
la nova esquerra de leixample,Barri,Espanya,2013,48114.0
la nova esquerra de leixample,Barri,Resta de la Unió Europea,2013,2965.0
la nova esquerra de leixample,Barri,Resta del món,2013,6805.0
la nova esquerra de leixample,Barri,No consta,2013,6.0
sant antoni,Barri,Espanya,2013,30722.0
sant antoni,Barri,Resta de la Unió Europea,2013,2369.0
sant antoni,Barri,Resta del món,2013,5169.0
sant antoni,Barri,No consta,2013,
el poble sec,Barri,Espanya,2013,28429.0
el poble sec,Barri,Resta de la Unió Europea,2013,2907.0
el poble sec,Barri,Resta del món,2013,9663.0
el poble sec,Barri,No consta,2013,
la marina del prat vermell,Barri,Espanya,2013,1062.0
la marina del prat vermell,Barri,Resta de la Unió Europea,2013,12.0
la marina del prat vermell,Barri,Resta del món,2013,98.0
la marina del prat vermell,Barri,No consta,2013,
la marina de port,Barri,Espanya,2013,26098.0
la marina de port,Barri,Resta de la Unió Europea,2013,657.0
la marina de port,Barri,Resta del món,2013,3521.0
la marina de port,Barri,No consta,2013,
la font de la guatlla,Barri,Espanya,2013,8370.0
la font de la guatlla,Barri,Resta de la Unió Europea,2013,566.0
la font de la guatlla,Barri,Resta del món,2013,1375.0
la font de la guatlla,Barri,No consta,2013,
hostafrancs,Barri,Espanya,2013,12429.0
hostafrancs,Barri,Resta de la Unió Europea,2013,741.0
hostafrancs,Barri,Resta del món,2013,2808.0
hostafrancs,Barri,No consta,2013,
la bordeta,Barri,Espanya,2013,15997.0
la bordeta,Barri,Resta de la Unió Europea,2013,511.0
la bordeta,Barri,Resta del món,2013,2072.0
la bordeta,Barri,No consta,2013,
sants badal,Barri,Espanya,2013,20015.0
sants badal,Barri,Resta de la Unió Europea,2013,770.0
sants badal,Barri,Resta del món,2013,3568.0
sants badal,Barri,No consta,2013,
sants,Barri,Espanya,2013,33648.0
sants,Barri,Resta de la Unió Europea,2013,1763.0
sants,Barri,Resta del món,2013,5647.0
sants,Barri,No consta,2013,
les corts,Barri,Espanya,2013,41057.0
les corts,Barri,Resta de la Unió Europea,2013,1621.0
les corts,Barri,Resta del món,2013,3541.0
les corts,Barri,No consta,2013,
la maternitat i sant ramon,Barri,Espanya,2013,21019.0
la maternitat i sant ramon,Barri,Resta de la Unió Europea,2013,661.0
la maternitat i sant ramon,Barri,Resta del món,2013,1992.0
la maternitat i sant ramon,Barri,No consta,2013,
pedralbes,Barri,Espanya,2013,9890.0
pedralbes,Barri,Resta de la Unió Europea,2013,1001.0
pedralbes,Barri,Resta del món,2013,920.0
pedralbes,Barri,No consta,2013,5.0
vallvidrera el tibidabo i les planes,Barri,Espanya,2013,3900.0
vallvidrera el tibidabo i les planes,Barri,Resta de la Unió Europea,2013,331.0
vallvidrera el tibidabo i les planes,Barri,Resta del món,2013,212.0
vallvidrera el tibidabo i les planes,Barri,No consta,2013,
sarria,Barri,Espanya,2013,21498.0
sarria,Barri,Resta de la Unió Europea,2013,1620.0
sarria,Barri,Resta del món,2013,1384.0
sarria,Barri,No consta,2013,8.0
les tres torres,Barri,Espanya,2013,14508.0
les tres torres,Barri,Resta de la Unió Europea,2013,592.0
les tres torres,Barri,Resta del món,2013,934.0
les tres torres,Barri,No consta,2013,
sant gervasi la bonanova,Barri,Espanya,2013,22465.0
sant gervasi la bonanova,Barri,Resta de la Unió Europea,2013,1105.0
sant gervasi la bonanova,Barri,Resta del món,2013,1559.0
sant gervasi la bonanova,Barri,No consta,2013,
sant gervasi galvany,Barri,Espanya,2013,41461.0
sant gervasi galvany,Barri,Resta de la Unió Europea,2013,2072.0
sant gervasi galvany,Barri,Resta del món,2013,3001.0
sant gervasi galvany,Barri,No consta,2013,14.0
el putxet i el farro,Barri,Espanya,2013,25117.0
el putxet i el farro,Barri,Resta de la Unió Europea,2013,1615.0
el putxet i el farro,Barri,Resta del món,2013,2114.0
el putxet i el farro,Barri,No consta,2013,
vallcarca i els penitents,Barri,Espanya,2013,13511.0
vallcarca i els penitents,Barri,Resta de la Unió Europea,2013,760.0
vallcarca i els penitents,Barri,Resta del món,2013,1223.0
vallcarca i els penitents,Barri,No consta,2013,
el coll,Barri,Espanya,2013,6149.0
el coll,Barri,Resta de la Unió Europea,2013,352.0
el coll,Barri,Resta del món,2013,726.0
el coll,Barri,No consta,2013,
la salut,Barri,Espanya,2013,11585.0
la salut,Barri,Resta de la Unió Europea,2013,682.0
la salut,Barri,Resta del món,2013,930.0
la salut,Barri,No consta,2013,
la vila de gracia,Barri,Espanya,2013,40937.0
la vila de gracia,Barri,Resta de la Unió Europea,2013,4409.0
la vila de gracia,Barri,Resta del món,2013,5278.0
la vila de gracia,Barri,No consta,2013,12.0
el camp den grassot i gracia nova,Barri,Espanya,2013,29869.0
el camp den grassot i gracia nova,Barri,Resta de la Unió Europea,2013,1696.0
el camp den grassot i gracia nova,Barri,Resta del món,2013,2874.0
el camp den grassot i gracia nova,Barri,No consta,2013,
el baix guinardo,Barri,Espanya,2013,22123.0
el baix guinardo,Barri,Resta de la Unió Europea,2013,907.0
el baix guinardo,Barri,Resta del món,2013,2616.0
el baix guinardo,Barri,No consta,2013,
can baro,Barri,Espanya,2013,7707.0
can baro,Barri,Resta de la Unió Europea,2013,360.0
can baro,Barri,Resta del món,2013,906.0
can baro,Barri,No consta,2013,
el guinardo,Barri,Espanya,2013,30448.0
el guinardo,Barri,Resta de la Unió Europea,2013,1193.0
el guinardo,Barri,Resta del món,2013,4068.0
el guinardo,Barri,No consta,2013,
la font den fargues,Barri,Espanya,2013,8906.0
la font den fargues,Barri,Resta de la Unió Europea,2013,217.0
la font den fargues,Barri,Resta del món,2013,376.0
la font den fargues,Barri,No consta,2013,
el carmel,Barri,Espanya,2013,27394.0
el carmel,Barri,Resta de la Unió Europea,2013,761.0
el carmel,Barri,Resta del món,2013,3642.0
el carmel,Barri,No consta,2013,
la teixonera,Barri,Espanya,2013,9940.0
la teixonera,Barri,Resta de la Unió Europea,2013,342.0
la teixonera,Barri,Resta del món,2013,1376.0
la teixonera,Barri,No consta,2013,
sant genis dels agudells,Barri,Espanya,2013,6008.0
sant genis dels agudells,Barri,Resta de la Unió Europea,2013,167.0
sant genis dels agudells,Barri,Resta del món,2013,727.0
sant genis dels agudells,Barri,No consta,2013,
montbau,Barri,Espanya,2013,4535.0
montbau,Barri,Resta de la Unió Europea,2013,105.0
montbau,Barri,Resta del món,2013,469.0
montbau,Barri,No consta,2013,
la vall dhebron,Barri,Espanya,2013,4954.0
la vall dhebron,Barri,Resta de la Unió Europea,2013,139.0
la vall dhebron,Barri,Resta del món,2013,397.0
la vall dhebron,Barri,No consta,2013,
la clota,Barri,Espanya,2013,338.0
la clota,Barri,Resta de la Unió Europea,2013,11.0
la clota,Barri,Resta del món,2013,90.0
horta,Barri,Espanya,2013,23786.0
horta,Barri,Resta de la Unió Europea,2013,619.0
horta,Barri,Resta del món,2013,2166.0
horta,Barri,No consta,2013,
vilapicina i la torre llobeta,Barri,Espanya,2013,22126.0
vilapicina i la torre llobeta,Barri,Resta de la Unió Europea,2013,451.0
vilapicina i la torre llobeta,Barri,Resta del món,2013,2970.0
vilapicina i la torre llobeta,Barri,No consta,2013,
porta,Barri,Espanya,2013,20585.0
porta,Barri,Resta de la Unió Europea,2013,397.0
porta,Barri,Resta del món,2013,3369.0
porta,Barri,No consta,2013,
el turo de la peira,Barri,Espanya,2013,11862.0
el turo de la peira,Barri,Resta de la Unió Europea,2013,254.0
el turo de la peira,Barri,Resta del món,2013,3316.0
el turo de la peira,Barri,No consta,2013,
can peguera,Barri,Espanya,2013,2109.0
can peguera,Barri,Resta de la Unió Europea,2013,19.0
can peguera,Barri,Resta del món,2013,101.0
la guineueta,Barri,Espanya,2013,13953.0
la guineueta,Barri,Resta de la Unió Europea,2013,226.0
la guineueta,Barri,Resta del món,2013,947.0
la guineueta,Barri,No consta,2013,
canyelles,Barri,Espanya,2013,6742.0
canyelles,Barri,Resta de la Unió Europea,2013,65.0
canyelles,Barri,Resta del món,2013,301.0
canyelles,Barri,No consta,2013,
les roquetes,Barri,Espanya,2013,12442.0
les roquetes,Barri,Resta de la Unió Europea,2013,386.0
les roquetes,Barri,Resta del món,2013,2946.0
les roquetes,Barri,No consta,2013,
verdun,Barri,Espanya,2013,10101.0
verdun,Barri,Resta de la Unió Europea,2013,190.0
verdun,Barri,Resta del món,2013,2045.0
verdun,Barri,No consta,2013,
la prosperitat,Barri,Espanya,2013,22373.0
la prosperitat,Barri,Resta de la Unió Europea,2013,406.0
la prosperitat,Barri,Resta del món,2013,3527.0
la prosperitat,Barri,No consta,2013,
la trinitat nova,Barri,Espanya,2013,6164.0
la trinitat nova,Barri,Resta de la Unió Europea,2013,95.0
la trinitat nova,Barri,Resta del món,2013,1296.0
la trinitat nova,Barri,No consta,2013,
torre baro,Barri,Espanya,2013,1969.0
torre baro,Barri,Resta de la Unió Europea,2013,28.0
torre baro,Barri,Resta del món,2013,199.0
torre baro,Barri,No consta,2013,
ciutat meridiana,Barri,Espanya,2013,7047.0
ciutat meridiana,Barri,Resta de la Unió Europea,2013,205.0
ciutat meridiana,Barri,Resta del món,2013,3242.0
ciutat meridiana,Barri,No consta,2013,
vallbona,Barri,Espanya,2013,1157.0
vallbona,Barri,Resta de la Unió Europea,2013,40.0
vallbona,Barri,Resta del món,2013,151.0
vallbona,Barri,No consta,2013,
la trinitat vella,Barri,Espanya,2013,6998.0
la trinitat vella,Barri,Resta de la Unió Europea,2013,252.0
la trinitat vella,Barri,Resta del món,2013,3184.0
la trinitat vella,Barri,No consta,2013,
baro de viver,Barri,Espanya,2013,2210.0
baro de viver,Barri,Resta de la Unió Europea,2013,25.0
baro de viver,Barri,Resta del món,2013,181.0
baro de viver,Barri,No consta,2013,
el bon pastor,Barri,Espanya,2013,10844.0
el bon pastor,Barri,Resta de la Unió Europea,2013,312.0
el bon pastor,Barri,Resta del món,2013,1657.0
el bon pastor,Barri,No consta,2013,
sant andreu,Barri,Espanya,2013,52004.0
sant andreu,Barri,Resta de la Unió Europea,2013,843.0
sant andreu,Barri,Resta del món,2013,3653.0
sant andreu,Barri,No consta,2013,
la sagrera,Barri,Espanya,2013,25062.0
la sagrera,Barri,Resta de la Unió Europea,2013,553.0
la sagrera,Barri,Resta del món,2013,3309.0
la sagrera,Barri,No consta,2013,
el congres i els indians,Barri,Espanya,2013,12071.0
el congres i els indians,Barri,Resta de la Unió Europea,2013,350.0
el congres i els indians,Barri,Resta del món,2013,1607.0
el congres i els indians,Barri,No consta,2013,
navas,Barri,Espanya,2013,18676.0
navas,Barri,Resta de la Unió Europea,2013,549.0
navas,Barri,Resta del món,2013,2603.0
navas,Barri,No consta,2013,6.0
el camp de larpa del clot,Barri,Espanya,2013,31989.0
el camp de larpa del clot,Barri,Resta de la Unió Europea,2013,1383.0
el camp de larpa del clot,Barri,Resta del món,2013,4603.0
el camp de larpa del clot,Barri,No consta,2013,
el clot,Barri,Espanya,2013,23291.0
el clot,Barri,Resta de la Unió Europea,2013,950.0
el clot,Barri,Resta del món,2013,2934.0
el clot,Barri,No consta,2013,
el parc i la llacuna del poblenou,Barri,Espanya,2013,11523.0
el parc i la llacuna del poblenou,Barri,Resta de la Unió Europea,2013,1142.0
el parc i la llacuna del poblenou,Barri,Resta del món,2013,1686.0
el parc i la llacuna del poblenou,Barri,No consta,2013,5.0
la vila olimpica del poblenou,Barri,Espanya,2013,7764.0
la vila olimpica del poblenou,Barri,Resta de la Unió Europea,2013,960.0
la vila olimpica del poblenou,Barri,Resta del món,2013,596.0
la vila olimpica del poblenou,Barri,No consta,2013,
el poblenou,Barri,Espanya,2013,27223.0
el poblenou,Barri,Resta de la Unió Europea,2013,2244.0
el poblenou,Barri,Resta del món,2013,3411.0
el poblenou,Barri,No consta,2013,
diagonal mar i el front maritim del poblenou,Barri,Espanya,2013,10706.0
diagonal mar i el front maritim del poblenou,Barri,Resta de la Unió Europea,2013,1020.0
diagonal mar i el front maritim del poblenou,Barri,Resta del món,2013,1202.0
diagonal mar i el front maritim del poblenou,Barri,No consta,2013,
el besos i el maresme,Barri,Espanya,2013,17117.0
el besos i el maresme,Barri,Resta de la Unió Europea,2013,640.0
el besos i el maresme,Barri,Resta del món,2013,5385.0
el besos i el maresme,Barri,No consta,2013,
provencals del poblenou,Barri,Espanya,2013,17345.0
provencals del poblenou,Barri,Resta de la Unió Europea,2013,748.0
provencals del poblenou,Barri,Resta del món,2013,1975.0
provencals del poblenou,Barri,No consta,2013,
sant marti de provencals,Barri,Espanya,2013,23088.0
sant marti de provencals,Barri,Resta de la Unió Europea,2013,571.0
sant marti de provencals,Barri,Resta del món,2013,2341.0
sant marti de provencals,Barri,No consta,2013,
la verneda i la pau,Barri,Espanya,2013,25920.0
la verneda i la pau,Barri,Resta de la Unió Europea,2013,528.0
la verneda i la pau,Barri,Resta del món,2013,2734.0
la verneda i la pau,Barri,No consta,2013,
el raval,Barri,Espanya,2014,24084.0
el raval,Barri,Resta de la Unió Europea,2014,4285.0
el raval,Barri,Resta del món,2014,19110.0
el raval,Barri,No consta,2014,11.0
el barri gotic,Barri,Espanya,2014,9126.0
el barri gotic,Barri,Resta de la Unió Europea,2014,3081.0
el barri gotic,Barri,Resta del món,2014,3525.0
el barri gotic,Barri,No consta,2014,
la barceloneta,Barri,Espanya,2014,10485.0
la barceloneta,Barri,Resta de la Unió Europea,2014,2074.0
la barceloneta,Barri,Resta del món,2014,2547.0
la barceloneta,Barri,No consta,2014,
sant pere santa caterina i la ribera,Barri,Espanya,2014,13683.0
sant pere santa caterina i la ribera,Barri,Resta de la Unió Europea,2014,4008.0
sant pere santa caterina i la ribera,Barri,Resta del món,2014,4670.0
sant pere santa caterina i la ribera,Barri,No consta,2014,7.0
el fort pienc,Barri,Espanya,2014,25265.0
el fort pienc,Barri,Resta de la Unió Europea,2014,2385.0
el fort pienc,Barri,Resta del món,2014,3830.0
el fort pienc,Barri,No consta,2014,9.0
la sagrada familia,Barri,Espanya,2014,42261.0
la sagrada familia,Barri,Resta de la Unió Europea,2014,2666.0
la sagrada familia,Barri,Resta del món,2014,6336.0
la sagrada familia,Barri,No consta,2014,20.0
la dreta de leixample,Barri,Espanya,2014,35044.0
la dreta de leixample,Barri,Resta de la Unió Europea,2014,4194.0
la dreta de leixample,Barri,Resta del món,2014,4095.0
la dreta de leixample,Barri,No consta,2014,10.0
lantiga esquerra de leixample,Barri,Espanya,2014,33678.0
lantiga esquerra de leixample,Barri,Resta de la Unió Europea,2014,3317.0
lantiga esquerra de leixample,Barri,Resta del món,2014,4724.0
lantiga esquerra de leixample,Barri,No consta,2014,9.0
la nova esquerra de leixample,Barri,Espanya,2014,47852.0
la nova esquerra de leixample,Barri,Resta de la Unió Europea,2014,3074.0
la nova esquerra de leixample,Barri,Resta del món,2014,6694.0
la nova esquerra de leixample,Barri,No consta,2014,5.0
sant antoni,Barri,Espanya,2014,30536.0
sant antoni,Barri,Resta de la Unió Europea,2014,2504.0
sant antoni,Barri,Resta del món,2014,5049.0
sant antoni,Barri,No consta,2014,7.0
el poble sec,Barri,Espanya,2014,28226.0
el poble sec,Barri,Resta de la Unió Europea,2014,3057.0
el poble sec,Barri,Resta del món,2014,9000.0
el poble sec,Barri,No consta,2014,
la marina del prat vermell,Barri,Espanya,2014,1027.0
la marina del prat vermell,Barri,Resta de la Unió Europea,2014,16.0
la marina del prat vermell,Barri,Resta del món,2014,100.0
la marina del prat vermell,Barri,No consta,2014,
la marina de port,Barri,Espanya,2014,26041.0
la marina de port,Barri,Resta de la Unió Europea,2014,669.0
la marina de port,Barri,Resta del món,2014,3340.0
la marina de port,Barri,No consta,2014,
la font de la guatlla,Barri,Espanya,2014,8404.0
la font de la guatlla,Barri,Resta de la Unió Europea,2014,600.0
la font de la guatlla,Barri,Resta del món,2014,1306.0
la font de la guatlla,Barri,No consta,2014,
hostafrancs,Barri,Espanya,2014,12332.0
hostafrancs,Barri,Resta de la Unió Europea,2014,825.0
hostafrancs,Barri,Resta del món,2014,2512.0
hostafrancs,Barri,No consta,2014,
la bordeta,Barri,Espanya,2014,15956.0
la bordeta,Barri,Resta de la Unió Europea,2014,505.0
la bordeta,Barri,Resta del món,2014,1934.0
la bordeta,Barri,No consta,2014,
sants badal,Barri,Espanya,2014,19979.0
sants badal,Barri,Resta de la Unió Europea,2014,759.0
sants badal,Barri,Resta del món,2014,3384.0
sants badal,Barri,No consta,2014,
sants,Barri,Espanya,2014,33798.0
sants,Barri,Resta de la Unió Europea,2014,1735.0
sants,Barri,Resta del món,2014,5315.0
sants,Barri,No consta,2014,
les corts,Barri,Espanya,2014,40986.0
les corts,Barri,Resta de la Unió Europea,2014,1639.0
les corts,Barri,Resta del món,2014,3360.0
les corts,Barri,No consta,2014,
la maternitat i sant ramon,Barri,Espanya,2014,21033.0
la maternitat i sant ramon,Barri,Resta de la Unió Europea,2014,642.0
la maternitat i sant ramon,Barri,Resta del món,2014,1877.0
la maternitat i sant ramon,Barri,No consta,2014,
pedralbes,Barri,Espanya,2014,9843.0
pedralbes,Barri,Resta de la Unió Europea,2014,951.0
pedralbes,Barri,Resta del món,2014,856.0
pedralbes,Barri,No consta,2014,
vallvidrera el tibidabo i les planes,Barri,Espanya,2014,3921.0
vallvidrera el tibidabo i les planes,Barri,Resta de la Unió Europea,2014,370.0
vallvidrera el tibidabo i les planes,Barri,Resta del món,2014,225.0
vallvidrera el tibidabo i les planes,Barri,No consta,2014,
sarria,Barri,Espanya,2014,21567.0
sarria,Barri,Resta de la Unió Europea,2014,1638.0
sarria,Barri,Resta del món,2014,1322.0
sarria,Barri,No consta,2014,
les tres torres,Barri,Espanya,2014,14562.0
les tres torres,Barri,Resta de la Unió Europea,2014,606.0
les tres torres,Barri,Resta del món,2014,997.0
les tres torres,Barri,No consta,2014,
sant gervasi la bonanova,Barri,Espanya,2014,22588.0
sant gervasi la bonanova,Barri,Resta de la Unió Europea,2014,1108.0
sant gervasi la bonanova,Barri,Resta del món,2014,1576.0
sant gervasi la bonanova,Barri,No consta,2014,
sant gervasi galvany,Barri,Espanya,2014,41313.0
sant gervasi galvany,Barri,Resta de la Unió Europea,2014,2202.0
sant gervasi galvany,Barri,Resta del món,2014,2935.0
sant gervasi galvany,Barri,No consta,2014,11.0
el putxet i el farro,Barri,Espanya,2014,25140.0
el putxet i el farro,Barri,Resta de la Unió Europea,2014,1639.0
el putxet i el farro,Barri,Resta del món,2014,2044.0
el putxet i el farro,Barri,No consta,2014,
vallcarca i els penitents,Barri,Espanya,2014,13477.0
vallcarca i els penitents,Barri,Resta de la Unió Europea,2014,766.0
vallcarca i els penitents,Barri,Resta del món,2014,1197.0
vallcarca i els penitents,Barri,No consta,2014,
el coll,Barri,Espanya,2014,6167.0
el coll,Barri,Resta de la Unió Europea,2014,362.0
el coll,Barri,Resta del món,2014,672.0
el coll,Barri,No consta,2014,
la salut,Barri,Espanya,2014,11596.0
la salut,Barri,Resta de la Unió Europea,2014,688.0
la salut,Barri,Resta del món,2014,873.0
la salut,Barri,No consta,2014,
la vila de gracia,Barri,Espanya,2014,40864.0
la vila de gracia,Barri,Resta de la Unió Europea,2014,4626.0
la vila de gracia,Barri,Resta del món,2014,4935.0
la vila de gracia,Barri,No consta,2014,15.0
el camp den grassot i gracia nova,Barri,Espanya,2014,29635.0
el camp den grassot i gracia nova,Barri,Resta de la Unió Europea,2014,1685.0
el camp den grassot i gracia nova,Barri,Resta del món,2014,2715.0
el camp den grassot i gracia nova,Barri,No consta,2014,6.0
el baix guinardo,Barri,Espanya,2014,22162.0
el baix guinardo,Barri,Resta de la Unió Europea,2014,962.0
el baix guinardo,Barri,Resta del món,2014,2410.0
el baix guinardo,Barri,No consta,2014,
can baro,Barri,Espanya,2014,7664.0
can baro,Barri,Resta de la Unió Europea,2014,372.0
can baro,Barri,Resta del món,2014,823.0
can baro,Barri,No consta,2014,
el guinardo,Barri,Espanya,2014,30593.0
el guinardo,Barri,Resta de la Unió Europea,2014,1176.0
el guinardo,Barri,Resta del món,2014,3768.0
el guinardo,Barri,No consta,2014,
la font den fargues,Barri,Espanya,2014,8875.0
la font den fargues,Barri,Resta de la Unió Europea,2014,195.0
la font den fargues,Barri,Resta del món,2014,367.0
la font den fargues,Barri,No consta,2014,
el carmel,Barri,Espanya,2014,27348.0
el carmel,Barri,Resta de la Unió Europea,2014,776.0
el carmel,Barri,Resta del món,2014,3531.0
el carmel,Barri,No consta,2014,
la teixonera,Barri,Espanya,2014,9938.0
la teixonera,Barri,Resta de la Unió Europea,2014,340.0
la teixonera,Barri,Resta del món,2014,1155.0
la teixonera,Barri,No consta,2014,
sant genis dels agudells,Barri,Espanya,2014,6033.0
sant genis dels agudells,Barri,Resta de la Unió Europea,2014,163.0
sant genis dels agudells,Barri,Resta del món,2014,656.0
sant genis dels agudells,Barri,No consta,2014,
montbau,Barri,Espanya,2014,4497.0
montbau,Barri,Resta de la Unió Europea,2014,100.0
montbau,Barri,Resta del món,2014,448.0
montbau,Barri,No consta,2014,
la vall dhebron,Barri,Espanya,2014,4974.0
la vall dhebron,Barri,Resta de la Unió Europea,2014,139.0
la vall dhebron,Barri,Resta del món,2014,377.0
la vall dhebron,Barri,No consta,2014,
la clota,Barri,Espanya,2014,416.0
la clota,Barri,Resta de la Unió Europea,2014,8.0
la clota,Barri,Resta del món,2014,97.0
horta,Barri,Espanya,2014,23717.0
horta,Barri,Resta de la Unió Europea,2014,645.0
horta,Barri,Resta del món,2014,2190.0
horta,Barri,No consta,2014,
vilapicina i la torre llobeta,Barri,Espanya,2014,22145.0
vilapicina i la torre llobeta,Barri,Resta de la Unió Europea,2014,491.0
vilapicina i la torre llobeta,Barri,Resta del món,2014,2693.0
vilapicina i la torre llobeta,Barri,No consta,2014,
porta,Barri,Espanya,2014,20702.0
porta,Barri,Resta de la Unió Europea,2014,430.0
porta,Barri,Resta del món,2014,3201.0
porta,Barri,No consta,2014,
el turo de la peira,Barri,Espanya,2014,11951.0
el turo de la peira,Barri,Resta de la Unió Europea,2014,240.0
el turo de la peira,Barri,Resta del món,2014,3159.0
el turo de la peira,Barri,No consta,2014,
can peguera,Barri,Espanya,2014,2122.0
can peguera,Barri,Resta de la Unió Europea,2014,25.0
can peguera,Barri,Resta del món,2014,114.0
la guineueta,Barri,Espanya,2014,13922.0
la guineueta,Barri,Resta de la Unió Europea,2014,218.0
la guineueta,Barri,Resta del món,2014,917.0
la guineueta,Barri,No consta,2014,
canyelles,Barri,Espanya,2014,6648.0
canyelles,Barri,Resta de la Unió Europea,2014,72.0
canyelles,Barri,Resta del món,2014,260.0
canyelles,Barri,No consta,2014,
les roquetes,Barri,Espanya,2014,12448.0
les roquetes,Barri,Resta de la Unió Europea,2014,409.0
les roquetes,Barri,Resta del món,2014,2708.0
les roquetes,Barri,No consta,2014,
verdun,Barri,Espanya,2014,9960.0
verdun,Barri,Resta de la Unió Europea,2014,220.0
verdun,Barri,Resta del món,2014,1939.0
verdun,Barri,No consta,2014,
la prosperitat,Barri,Espanya,2014,22440.0
la prosperitat,Barri,Resta de la Unió Europea,2014,368.0
la prosperitat,Barri,Resta del món,2014,3274.0
la prosperitat,Barri,No consta,2014,
la trinitat nova,Barri,Espanya,2014,6071.0
la trinitat nova,Barri,Resta de la Unió Europea,2014,108.0
la trinitat nova,Barri,Resta del món,2014,1211.0
la trinitat nova,Barri,No consta,2014,
torre baro,Barri,Espanya,2014,2132.0
torre baro,Barri,Resta de la Unió Europea,2014,42.0
torre baro,Barri,Resta del món,2014,381.0
torre baro,Barri,No consta,2014,
ciutat meridiana,Barri,Espanya,2014,7136.0
ciutat meridiana,Barri,Resta de la Unió Europea,2014,196.0
ciutat meridiana,Barri,Resta del món,2014,2842.0
ciutat meridiana,Barri,No consta,2014,
vallbona,Barri,Espanya,2014,1151.0
vallbona,Barri,Resta de la Unió Europea,2014,33.0
vallbona,Barri,Resta del món,2014,126.0
vallbona,Barri,No consta,2014,
la trinitat vella,Barri,Espanya,2014,7135.0
la trinitat vella,Barri,Resta de la Unió Europea,2014,240.0
la trinitat vella,Barri,Resta del món,2014,2872.0
la trinitat vella,Barri,No consta,2014,
baro de viver,Barri,Espanya,2014,2226.0
baro de viver,Barri,Resta de la Unió Europea,2014,28.0
baro de viver,Barri,Resta del món,2014,225.0
baro de viver,Barri,No consta,2014,
el bon pastor,Barri,Espanya,2014,10883.0
el bon pastor,Barri,Resta de la Unió Europea,2014,308.0
el bon pastor,Barri,Resta del món,2014,1485.0
el bon pastor,Barri,No consta,2014,
sant andreu,Barri,Espanya,2014,52108.0
sant andreu,Barri,Resta de la Unió Europea,2014,800.0
sant andreu,Barri,Resta del món,2014,3355.0
sant andreu,Barri,No consta,2014,
la sagrera,Barri,Espanya,2014,25067.0
la sagrera,Barri,Resta de la Unió Europea,2014,545.0
la sagrera,Barri,Resta del món,2014,3059.0
la sagrera,Barri,No consta,2014,
el congres i els indians,Barri,Espanya,2014,12078.0
el congres i els indians,Barri,Resta de la Unió Europea,2014,346.0
el congres i els indians,Barri,Resta del món,2014,1499.0
el congres i els indians,Barri,No consta,2014,
navas,Barri,Espanya,2014,18771.0
navas,Barri,Resta de la Unió Europea,2014,572.0
navas,Barri,Resta del món,2014,2390.0
navas,Barri,No consta,2014,6.0
el camp de larpa del clot,Barri,Espanya,2014,31977.0
el camp de larpa del clot,Barri,Resta de la Unió Europea,2014,1470.0
el camp de larpa del clot,Barri,Resta del món,2014,4348.0
el camp de larpa del clot,Barri,No consta,2014,
el clot,Barri,Espanya,2014,23285.0
el clot,Barri,Resta de la Unió Europea,2014,1001.0
el clot,Barri,Resta del món,2014,2746.0
el clot,Barri,No consta,2014,
el parc i la llacuna del poblenou,Barri,Espanya,2014,11688.0
el parc i la llacuna del poblenou,Barri,Resta de la Unió Europea,2014,1182.0
el parc i la llacuna del poblenou,Barri,Resta del món,2014,1742.0
el parc i la llacuna del poblenou,Barri,No consta,2014,5.0
la vila olimpica del poblenou,Barri,Espanya,2014,7773.0
la vila olimpica del poblenou,Barri,Resta de la Unió Europea,2014,997.0
la vila olimpica del poblenou,Barri,Resta del món,2014,597.0
la vila olimpica del poblenou,Barri,No consta,2014,
el poblenou,Barri,Espanya,2014,27425.0
el poblenou,Barri,Resta de la Unió Europea,2014,2349.0
el poblenou,Barri,Resta del món,2014,3242.0
el poblenou,Barri,No consta,2014,
diagonal mar i el front maritim del poblenou,Barri,Espanya,2014,10944.0
diagonal mar i el front maritim del poblenou,Barri,Resta de la Unió Europea,2014,1085.0
diagonal mar i el front maritim del poblenou,Barri,Resta del món,2014,1137.0
diagonal mar i el front maritim del poblenou,Barri,No consta,2014,
el besos i el maresme,Barri,Espanya,2014,17048.0
el besos i el maresme,Barri,Resta de la Unió Europea,2014,627.0
el besos i el maresme,Barri,Resta del món,2014,5165.0
el besos i el maresme,Barri,No consta,2014,
provencals del poblenou,Barri,Espanya,2014,17480.0
provencals del poblenou,Barri,Resta de la Unió Europea,2014,748.0
provencals del poblenou,Barri,Resta del món,2014,1870.0
provencals del poblenou,Barri,No consta,2014,
sant marti de provencals,Barri,Espanya,2014,23074.0
sant marti de provencals,Barri,Resta de la Unió Europea,2014,590.0
sant marti de provencals,Barri,Resta del món,2014,2252.0
sant marti de provencals,Barri,No consta,2014,
la verneda i la pau,Barri,Espanya,2014,25731.0
la verneda i la pau,Barri,Resta de la Unió Europea,2014,489.0
la verneda i la pau,Barri,Resta del món,2014,2587.0
la verneda i la pau,Barri,No consta,2014,
el raval,Barri,Espanya,2015,24498.0
el raval,Barri,Resta de la Unió Europea,2015,4347.0
el raval,Barri,Resta del món,2015,18293.0
el raval,Barri,No consta,2015,12.0
el barri gotic,Barri,Espanya,2015,9007.0
el barri gotic,Barri,Resta de la Unió Europea,2015,3079.0
el barri gotic,Barri,Resta del món,2015,3422.0
el barri gotic,Barri,No consta,2015,6.0
la barceloneta,Barri,Espanya,2015,10331.0
la barceloneta,Barri,Resta de la Unió Europea,2015,2178.0
la barceloneta,Barri,Resta del món,2015,2527.0
la barceloneta,Barri,No consta,2015,
sant pere santa caterina i la ribera,Barri,Espanya,2015,13644.0
sant pere santa caterina i la ribera,Barri,Resta de la Unió Europea,2015,4146.0
sant pere santa caterina i la ribera,Barri,Resta del món,2015,4666.0
sant pere santa caterina i la ribera,Barri,No consta,2015,12.0
el fort pienc,Barri,Espanya,2015,25417.0
el fort pienc,Barri,Resta de la Unió Europea,2015,2340.0
el fort pienc,Barri,Resta del món,2015,3778.0
el fort pienc,Barri,No consta,2015,13.0
la sagrada familia,Barri,Espanya,2015,42395.0
la sagrada familia,Barri,Resta de la Unió Europea,2015,2761.0
la sagrada familia,Barri,Resta del món,2015,5923.0
la sagrada familia,Barri,No consta,2015,15.0
la dreta de leixample,Barri,Espanya,2015,35155.0
la dreta de leixample,Barri,Resta de la Unió Europea,2015,4245.0
la dreta de leixample,Barri,Resta del món,2015,4151.0
la dreta de leixample,Barri,No consta,2015,7.0
lantiga esquerra de leixample,Barri,Espanya,2015,33877.0
lantiga esquerra de leixample,Barri,Resta de la Unió Europea,2015,3270.0
lantiga esquerra de leixample,Barri,Resta del món,2015,4506.0
lantiga esquerra de leixample,Barri,No consta,2015,9.0
la nova esquerra de leixample,Barri,Espanya,2015,48202.0
la nova esquerra de leixample,Barri,Resta de la Unió Europea,2015,3041.0
la nova esquerra de leixample,Barri,Resta del món,2015,6415.0
la nova esquerra de leixample,Barri,No consta,2015,6.0
sant antoni,Barri,Espanya,2015,30571.0
sant antoni,Barri,Resta de la Unió Europea,2015,2599.0
sant antoni,Barri,Resta del món,2015,4851.0
sant antoni,Barri,No consta,2015,10.0
el poble sec,Barri,Espanya,2015,28502.0
el poble sec,Barri,Resta de la Unió Europea,2015,3157.0
el poble sec,Barri,Resta del món,2015,8561.0
el poble sec,Barri,No consta,2015,
la marina del prat vermell,Barri,Espanya,2015,1024.0
la marina del prat vermell,Barri,Resta de la Unió Europea,2015,13.0
la marina del prat vermell,Barri,Resta del món,2015,85.0
la marina del prat vermell,Barri,No consta,2015,
la marina de port,Barri,Espanya,2015,26312.0
la marina de port,Barri,Resta de la Unió Europea,2015,696.0
la marina de port,Barri,Resta del món,2015,3228.0
la marina de port,Barri,No consta,2015,
la font de la guatlla,Barri,Espanya,2015,8464.0
la font de la guatlla,Barri,Resta de la Unió Europea,2015,625.0
la font de la guatlla,Barri,Resta del món,2015,1282.0
la font de la guatlla,Barri,No consta,2015,
hostafrancs,Barri,Espanya,2015,12546.0
hostafrancs,Barri,Resta de la Unió Europea,2015,881.0
hostafrancs,Barri,Resta del món,2015,2331.0
hostafrancs,Barri,No consta,2015,
la bordeta,Barri,Espanya,2015,16162.0
la bordeta,Barri,Resta de la Unió Europea,2015,499.0
la bordeta,Barri,Resta del món,2015,1718.0
la bordeta,Barri,No consta,2015,5.0
sants badal,Barri,Espanya,2015,20180.0
sants badal,Barri,Resta de la Unió Europea,2015,732.0
sants badal,Barri,Resta del món,2015,3100.0
sants badal,Barri,No consta,2015,
sants,Barri,Espanya,2015,34168.0
sants,Barri,Resta de la Unió Europea,2015,1733.0
sants,Barri,Resta del món,2015,4796.0
sants,Barri,No consta,2015,6.0
les corts,Barri,Espanya,2015,41256.0
les corts,Barri,Resta de la Unió Europea,2015,1562.0
les corts,Barri,Resta del món,2015,3177.0
les corts,Barri,No consta,2015,8.0
la maternitat i sant ramon,Barri,Espanya,2015,21318.0
la maternitat i sant ramon,Barri,Resta de la Unió Europea,2015,668.0
la maternitat i sant ramon,Barri,Resta del món,2015,1824.0
la maternitat i sant ramon,Barri,No consta,2015,
pedralbes,Barri,Espanya,2015,9965.0
pedralbes,Barri,Resta de la Unió Europea,2015,901.0
pedralbes,Barri,Resta del món,2015,848.0
pedralbes,Barri,No consta,2015,
vallvidrera el tibidabo i les planes,Barri,Espanya,2015,3996.0
vallvidrera el tibidabo i les planes,Barri,Resta de la Unió Europea,2015,391.0
vallvidrera el tibidabo i les planes,Barri,Resta del món,2015,217.0
vallvidrera el tibidabo i les planes,Barri,No consta,2015,
sarria,Barri,Espanya,2015,21767.0
sarria,Barri,Resta de la Unió Europea,2015,1609.0
sarria,Barri,Resta del món,2015,1260.0
sarria,Barri,No consta,2015,
les tres torres,Barri,Espanya,2015,14810.0
les tres torres,Barri,Resta de la Unió Europea,2015,623.0
les tres torres,Barri,Resta del món,2015,1068.0
les tres torres,Barri,No consta,2015,
sant gervasi la bonanova,Barri,Espanya,2015,22794.0
sant gervasi la bonanova,Barri,Resta de la Unió Europea,2015,1027.0
sant gervasi la bonanova,Barri,Resta del món,2015,1541.0
sant gervasi la bonanova,Barri,No consta,2015,6.0
sant gervasi galvany,Barri,Espanya,2015,41597.0
sant gervasi galvany,Barri,Resta de la Unió Europea,2015,2220.0
sant gervasi galvany,Barri,Resta del món,2015,2893.0
sant gervasi galvany,Barri,No consta,2015,
el putxet i el farro,Barri,Espanya,2015,25441.0
el putxet i el farro,Barri,Resta de la Unió Europea,2015,1634.0
el putxet i el farro,Barri,Resta del món,2015,1942.0
el putxet i el farro,Barri,No consta,2015,7.0
vallcarca i els penitents,Barri,Espanya,2015,13602.0
vallcarca i els penitents,Barri,Resta de la Unió Europea,2015,809.0
vallcarca i els penitents,Barri,Resta del món,2015,1107.0
vallcarca i els penitents,Barri,No consta,2015,
el coll,Barri,Espanya,2015,6321.0
el coll,Barri,Resta de la Unió Europea,2015,404.0
el coll,Barri,Resta del món,2015,626.0
el coll,Barri,No consta,2015,
la salut,Barri,Espanya,2015,11613.0
la salut,Barri,Resta de la Unió Europea,2015,729.0
la salut,Barri,Resta del món,2015,878.0
la salut,Barri,No consta,2015,
la vila de gracia,Barri,Espanya,2015,40998.0
la vila de gracia,Barri,Resta de la Unió Europea,2015,4683.0
la vila de gracia,Barri,Resta del món,2015,4746.0
la vila de gracia,Barri,No consta,2015,14.0
el camp den grassot i gracia nova,Barri,Espanya,2015,29814.0
el camp den grassot i gracia nova,Barri,Resta de la Unió Europea,2015,1645.0
el camp den grassot i gracia nova,Barri,Resta del món,2015,2445.0
el camp den grassot i gracia nova,Barri,No consta,2015,9.0
el baix guinardo,Barri,Espanya,2015,22226.0
el baix guinardo,Barri,Resta de la Unió Europea,2015,1032.0
el baix guinardo,Barri,Resta del món,2015,2214.0
el baix guinardo,Barri,No consta,2015,
can baro,Barri,Espanya,2015,7667.0
can baro,Barri,Resta de la Unió Europea,2015,365.0
can baro,Barri,Resta del món,2015,790.0
can baro,Barri,No consta,2015,
el guinardo,Barri,Espanya,2015,31167.0
el guinardo,Barri,Resta de la Unió Europea,2015,1200.0
el guinardo,Barri,Resta del món,2015,3416.0
el guinardo,Barri,No consta,2015,
la font den fargues,Barri,Espanya,2015,8887.0
la font den fargues,Barri,Resta de la Unió Europea,2015,187.0
la font den fargues,Barri,Resta del món,2015,325.0
la font den fargues,Barri,No consta,2015,
el carmel,Barri,Espanya,2015,27538.0
el carmel,Barri,Resta de la Unió Europea,2015,767.0
el carmel,Barri,Resta del món,2015,3142.0
el carmel,Barri,No consta,2015,
la teixonera,Barri,Espanya,2015,9993.0
la teixonera,Barri,Resta de la Unió Europea,2015,333.0
la teixonera,Barri,Resta del món,2015,1033.0
la teixonera,Barri,No consta,2015,
sant genis dels agudells,Barri,Espanya,2015,6013.0
sant genis dels agudells,Barri,Resta de la Unió Europea,2015,148.0
sant genis dels agudells,Barri,Resta del món,2015,560.0
sant genis dels agudells,Barri,No consta,2015,
montbau,Barri,Espanya,2015,4525.0
montbau,Barri,Resta de la Unió Europea,2015,98.0
montbau,Barri,Resta del món,2015,418.0
montbau,Barri,No consta,2015,
la vall dhebron,Barri,Espanya,2015,5019.0
la vall dhebron,Barri,Resta de la Unió Europea,2015,137.0
la vall dhebron,Barri,Resta del món,2015,311.0
la vall dhebron,Barri,No consta,2015,
la clota,Barri,Espanya,2015,452.0
la clota,Barri,Resta de la Unió Europea,2015,9.0
la clota,Barri,Resta del món,2015,81.0
horta,Barri,Espanya,2015,23831.0
horta,Barri,Resta de la Unió Europea,2015,640.0
horta,Barri,Resta del món,2015,1998.0
horta,Barri,No consta,2015,
vilapicina i la torre llobeta,Barri,Espanya,2015,22361.0
vilapicina i la torre llobeta,Barri,Resta de la Unió Europea,2015,509.0
vilapicina i la torre llobeta,Barri,Resta del món,2015,2572.0
vilapicina i la torre llobeta,Barri,No consta,2015,
porta,Barri,Espanya,2015,21045.0
porta,Barri,Resta de la Unió Europea,2015,379.0
porta,Barri,Resta del món,2015,2873.0
porta,Barri,No consta,2015,
el turo de la peira,Barri,Espanya,2015,12225.0
el turo de la peira,Barri,Resta de la Unió Europea,2015,237.0
el turo de la peira,Barri,Resta del món,2015,2866.0
el turo de la peira,Barri,No consta,2015,
can peguera,Barri,Espanya,2015,2113.0
can peguera,Barri,Resta de la Unió Europea,2015,32.0
can peguera,Barri,Resta del món,2015,130.0
la guineueta,Barri,Espanya,2015,14033.0
la guineueta,Barri,Resta de la Unió Europea,2015,217.0
la guineueta,Barri,Resta del món,2015,847.0
la guineueta,Barri,No consta,2015,
canyelles,Barri,Espanya,2015,6673.0
canyelles,Barri,Resta de la Unió Europea,2015,58.0
canyelles,Barri,Resta del món,2015,221.0
canyelles,Barri,No consta,2015,
les roquetes,Barri,Espanya,2015,12467.0
les roquetes,Barri,Resta de la Unió Europea,2015,383.0
les roquetes,Barri,Resta del món,2015,2550.0
les roquetes,Barri,No consta,2015,
verdun,Barri,Espanya,2015,10161.0
verdun,Barri,Resta de la Unió Europea,2015,230.0
verdun,Barri,Resta del món,2015,1834.0
verdun,Barri,No consta,2015,
la prosperitat,Barri,Espanya,2015,22595.0
la prosperitat,Barri,Resta de la Unió Europea,2015,355.0
la prosperitat,Barri,Resta del món,2015,3021.0
la prosperitat,Barri,No consta,2015,
la trinitat nova,Barri,Espanya,2015,6046.0
la trinitat nova,Barri,Resta de la Unió Europea,2015,95.0
la trinitat nova,Barri,Resta del món,2015,1194.0
la trinitat nova,Barri,No consta,2015,
torre baro,Barri,Espanya,2015,2302.0
torre baro,Barri,Resta de la Unió Europea,2015,49.0
torre baro,Barri,Resta del món,2015,383.0
torre baro,Barri,No consta,2015,
ciutat meridiana,Barri,Espanya,2015,7373.0
ciutat meridiana,Barri,Resta de la Unió Europea,2015,197.0
ciutat meridiana,Barri,Resta del món,2015,2669.0
ciutat meridiana,Barri,No consta,2015,
vallbona,Barri,Espanya,2015,1170.0
vallbona,Barri,Resta de la Unió Europea,2015,35.0
vallbona,Barri,Resta del món,2015,129.0
vallbona,Barri,No consta,2015,
la trinitat vella,Barri,Espanya,2015,7255.0
la trinitat vella,Barri,Resta de la Unió Europea,2015,240.0
la trinitat vella,Barri,Resta del món,2015,2573.0
la trinitat vella,Barri,No consta,2015,
baro de viver,Barri,Espanya,2015,2226.0
baro de viver,Barri,Resta de la Unió Europea,2015,32.0
baro de viver,Barri,Resta del món,2015,224.0
baro de viver,Barri,No consta,2015,
el bon pastor,Barri,Espanya,2015,10972.0
el bon pastor,Barri,Resta de la Unió Europea,2015,237.0
el bon pastor,Barri,Resta del món,2015,1350.0
el bon pastor,Barri,No consta,2015,
sant andreu,Barri,Espanya,2015,52539.0
sant andreu,Barri,Resta de la Unió Europea,2015,831.0
sant andreu,Barri,Resta del món,2015,3121.0
sant andreu,Barri,No consta,2015,
la sagrera,Barri,Espanya,2015,25423.0
la sagrera,Barri,Resta de la Unió Europea,2015,612.0
la sagrera,Barri,Resta del món,2015,2864.0
la sagrera,Barri,No consta,2015,
el congres i els indians,Barri,Espanya,2015,12280.0
el congres i els indians,Barri,Resta de la Unió Europea,2015,334.0
el congres i els indians,Barri,Resta del món,2015,1432.0
el congres i els indians,Barri,No consta,2015,
navas,Barri,Espanya,2015,19079.0
navas,Barri,Resta de la Unió Europea,2015,600.0
navas,Barri,Resta del món,2015,2281.0
navas,Barri,No consta,2015,6.0
el camp de larpa del clot,Barri,Espanya,2015,32406.0
el camp de larpa del clot,Barri,Resta de la Unió Europea,2015,1587.0
el camp de larpa del clot,Barri,Resta del món,2015,4172.0
el camp de larpa del clot,Barri,No consta,2015,
el clot,Barri,Espanya,2015,23363.0
el clot,Barri,Resta de la Unió Europea,2015,1021.0
el clot,Barri,Resta del món,2015,2544.0
el clot,Barri,No consta,2015,
el parc i la llacuna del poblenou,Barri,Espanya,2015,11808.0
el parc i la llacuna del poblenou,Barri,Resta de la Unió Europea,2015,1178.0
el parc i la llacuna del poblenou,Barri,Resta del món,2015,1721.0
el parc i la llacuna del poblenou,Barri,No consta,2015,6.0
la vila olimpica del poblenou,Barri,Espanya,2015,7826.0
la vila olimpica del poblenou,Barri,Resta de la Unió Europea,2015,934.0
la vila olimpica del poblenou,Barri,Resta del món,2015,571.0
la vila olimpica del poblenou,Barri,No consta,2015,
el poblenou,Barri,Espanya,2015,27881.0
el poblenou,Barri,Resta de la Unió Europea,2015,2553.0
el poblenou,Barri,Resta del món,2015,3000.0
el poblenou,Barri,No consta,2015,
diagonal mar i el front maritim del poblenou,Barri,Espanya,2015,11131.0
diagonal mar i el front maritim del poblenou,Barri,Resta de la Unió Europea,2015,1088.0
diagonal mar i el front maritim del poblenou,Barri,Resta del món,2015,1153.0
diagonal mar i el front maritim del poblenou,Barri,No consta,2015,
el besos i el maresme,Barri,Espanya,2015,17336.0
el besos i el maresme,Barri,Resta de la Unió Europea,2015,592.0
el besos i el maresme,Barri,Resta del món,2015,4916.0
el besos i el maresme,Barri,No consta,2015,
provencals del poblenou,Barri,Espanya,2015,17654.0
provencals del poblenou,Barri,Resta de la Unió Europea,2015,752.0
provencals del poblenou,Barri,Resta del món,2015,1756.0
provencals del poblenou,Barri,No consta,2015,
sant marti de provencals,Barri,Espanya,2015,23267.0
sant marti de provencals,Barri,Resta de la Unió Europea,2015,598.0
sant marti de provencals,Barri,Resta del món,2015,2106.0
sant marti de provencals,Barri,No consta,2015,
la verneda i la pau,Barri,Espanya,2015,25768.0
la verneda i la pau,Barri,Resta de la Unió Europea,2015,500.0
la verneda i la pau,Barri,Resta del món,2015,2458.0
la verneda i la pau,Barri,No consta,2015,
el raval,Barri,Espanya,2016,24275.0
el raval,Barri,Resta de la Unió Europea,2016,4445.0
el raval,Barri,Resta del món,2016,18466.0
el raval,Barri,No consta,2016,10.0
el barri gotic,Barri,Espanya,2016,8925.0
el barri gotic,Barri,Resta de la Unió Europea,2016,3208.0
el barri gotic,Barri,Resta del món,2016,3588.0
el barri gotic,Barri,No consta,2016,8.0
la barceloneta,Barri,Espanya,2016,10263.0
la barceloneta,Barri,Resta de la Unió Europea,2016,2290.0
la barceloneta,Barri,Resta del món,2016,2512.0
la barceloneta,Barri,No consta,2016,
sant pere santa caterina i la ribera,Barri,Espanya,2016,13513.0
sant pere santa caterina i la ribera,Barri,Resta de la Unió Europea,2016,4260.0
sant pere santa caterina i la ribera,Barri,Resta del món,2016,4599.0
sant pere santa caterina i la ribera,Barri,No consta,2016,8.0
el fort pienc,Barri,Espanya,2016,25379.0
el fort pienc,Barri,Resta de la Unió Europea,2016,2453.0
el fort pienc,Barri,Resta del món,2016,3844.0
el fort pienc,Barri,No consta,2016,17.0
la sagrada familia,Barri,Espanya,2016,42192.0
la sagrada familia,Barri,Resta de la Unió Europea,2016,2920.0
la sagrada familia,Barri,Resta del món,2016,6234.0
la sagrada familia,Barri,No consta,2016,8.0
la dreta de leixample,Barri,Espanya,2016,34998.0
la dreta de leixample,Barri,Resta de la Unió Europea,2016,4388.0
la dreta de leixample,Barri,Resta del món,2016,4289.0
la dreta de leixample,Barri,No consta,2016,17.0
lantiga esquerra de leixample,Barri,Espanya,2016,33857.0
lantiga esquerra de leixample,Barri,Resta de la Unió Europea,2016,3356.0
lantiga esquerra de leixample,Barri,Resta del món,2016,4674.0
lantiga esquerra de leixample,Barri,No consta,2016,8.0
la nova esquerra de leixample,Barri,Espanya,2016,48140.0
la nova esquerra de leixample,Barri,Resta de la Unió Europea,2016,3112.0
la nova esquerra de leixample,Barri,Resta del món,2016,6439.0
la nova esquerra de leixample,Barri,No consta,2016,8.0
sant antoni,Barri,Espanya,2016,30548.0
sant antoni,Barri,Resta de la Unió Europea,2016,2680.0
sant antoni,Barri,Resta del món,2016,4995.0
sant antoni,Barri,No consta,2016,12.0
el poble sec,Barri,Espanya,2016,28364.0
el poble sec,Barri,Resta de la Unió Europea,2016,3257.0
el poble sec,Barri,Resta del món,2016,8507.0
el poble sec,Barri,No consta,2016,
la marina del prat vermell,Barri,Espanya,2016,1059.0
la marina del prat vermell,Barri,Resta de la Unió Europea,2016,8.0
la marina del prat vermell,Barri,Resta del món,2016,79.0
la marina del prat vermell,Barri,No consta,2016,
la marina de port,Barri,Espanya,2016,26395.0
la marina de port,Barri,Resta de la Unió Europea,2016,680.0
la marina de port,Barri,Resta del món,2016,3321.0
la marina de port,Barri,No consta,2016,
la font de la guatlla,Barri,Espanya,2016,8414.0
la font de la guatlla,Barri,Resta de la Unió Europea,2016,614.0
la font de la guatlla,Barri,Resta del món,2016,1287.0
la font de la guatlla,Barri,No consta,2016,
hostafrancs,Barri,Espanya,2016,12593.0
hostafrancs,Barri,Resta de la Unió Europea,2016,915.0
hostafrancs,Barri,Resta del món,2016,2407.0
hostafrancs,Barri,No consta,2016,
la bordeta,Barri,Espanya,2016,16211.0
la bordeta,Barri,Resta de la Unió Europea,2016,517.0
la bordeta,Barri,Resta del món,2016,1788.0
la bordeta,Barri,No consta,2016,
sants badal,Barri,Espanya,2016,20040.0
sants badal,Barri,Resta de la Unió Europea,2016,764.0
sants badal,Barri,Resta del món,2016,3128.0
sants badal,Barri,No consta,2016,
sants,Barri,Espanya,2016,34228.0
sants,Barri,Resta de la Unió Europea,2016,1777.0
sants,Barri,Resta del món,2016,4821.0
sants,Barri,No consta,2016,5.0
les corts,Barri,Espanya,2016,41192.0
les corts,Barri,Resta de la Unió Europea,2016,1588.0
les corts,Barri,Resta del món,2016,3190.0
les corts,Barri,No consta,2016,6.0
la maternitat i sant ramon,Barri,Espanya,2016,21375.0
la maternitat i sant ramon,Barri,Resta de la Unió Europea,2016,663.0
la maternitat i sant ramon,Barri,Resta del món,2016,1830.0
la maternitat i sant ramon,Barri,No consta,2016,
pedralbes,Barri,Espanya,2016,10013.0
pedralbes,Barri,Resta de la Unió Europea,2016,929.0
pedralbes,Barri,Resta del món,2016,920.0
pedralbes,Barri,No consta,2016,
vallvidrera el tibidabo i les planes,Barri,Espanya,2016,4024.0
vallvidrera el tibidabo i les planes,Barri,Resta de la Unió Europea,2016,401.0
vallvidrera el tibidabo i les planes,Barri,Resta del món,2016,216.0
vallvidrera el tibidabo i les planes,Barri,No consta,2016,
sarria,Barri,Espanya,2016,21873.0
sarria,Barri,Resta de la Unió Europea,2016,1639.0
sarria,Barri,Resta del món,2016,1291.0
sarria,Barri,No consta,2016,7.0
les tres torres,Barri,Espanya,2016,15053.0
les tres torres,Barri,Resta de la Unió Europea,2016,600.0
les tres torres,Barri,Resta del món,2016,831.0
les tres torres,Barri,No consta,2016,
sant gervasi la bonanova,Barri,Espanya,2016,23026.0
sant gervasi la bonanova,Barri,Resta de la Unió Europea,2016,1048.0
sant gervasi la bonanova,Barri,Resta del món,2016,1682.0
sant gervasi la bonanova,Barri,No consta,2016,5.0
sant gervasi galvany,Barri,Espanya,2016,41862.0
sant gervasi galvany,Barri,Resta de la Unió Europea,2016,2325.0
sant gervasi galvany,Barri,Resta del món,2016,2963.0
sant gervasi galvany,Barri,No consta,2016,6.0
el putxet i el farro,Barri,Espanya,2016,25649.0
el putxet i el farro,Barri,Resta de la Unió Europea,2016,1686.0
el putxet i el farro,Barri,Resta del món,2016,1979.0
el putxet i el farro,Barri,No consta,2016,
vallcarca i els penitents,Barri,Espanya,2016,13653.0
vallcarca i els penitents,Barri,Resta de la Unió Europea,2016,820.0
vallcarca i els penitents,Barri,Resta del món,2016,1154.0
vallcarca i els penitents,Barri,No consta,2016,
el coll,Barri,Espanya,2016,6373.0
el coll,Barri,Resta de la Unió Europea,2016,397.0
el coll,Barri,Resta del món,2016,621.0
el coll,Barri,No consta,2016,
la salut,Barri,Espanya,2016,11546.0
la salut,Barri,Resta de la Unió Europea,2016,676.0
la salut,Barri,Resta del món,2016,899.0
la salut,Barri,No consta,2016,
la vila de gracia,Barri,Espanya,2016,40982.0
la vila de gracia,Barri,Resta de la Unió Europea,2016,4801.0
la vila de gracia,Barri,Resta del món,2016,4871.0
la vila de gracia,Barri,No consta,2016,16.0
el camp den grassot i gracia nova,Barri,Espanya,2016,29941.0
el camp den grassot i gracia nova,Barri,Resta de la Unió Europea,2016,1793.0
el camp den grassot i gracia nova,Barri,Resta del món,2016,2528.0
el camp den grassot i gracia nova,Barri,No consta,2016,13.0
el baix guinardo,Barri,Espanya,2016,22246.0
el baix guinardo,Barri,Resta de la Unió Europea,2016,1065.0
el baix guinardo,Barri,Resta del món,2016,2251.0
el baix guinardo,Barri,No consta,2016,
can baro,Barri,Espanya,2016,7806.0
can baro,Barri,Resta de la Unió Europea,2016,382.0
can baro,Barri,Resta del món,2016,779.0
can baro,Barri,No consta,2016,
el guinardo,Barri,Espanya,2016,31437.0
el guinardo,Barri,Resta de la Unió Europea,2016,1270.0
el guinardo,Barri,Resta del món,2016,3468.0
el guinardo,Barri,No consta,2016,
la font den fargues,Barri,Espanya,2016,8918.0
la font den fargues,Barri,Resta de la Unió Europea,2016,177.0
la font den fargues,Barri,Resta del món,2016,307.0
la font den fargues,Barri,No consta,2016,
el carmel,Barri,Espanya,2016,27381.0
el carmel,Barri,Resta de la Unió Europea,2016,790.0
el carmel,Barri,Resta del món,2016,3205.0
el carmel,Barri,No consta,2016,
la teixonera,Barri,Espanya,2016,9912.0
la teixonera,Barri,Resta de la Unió Europea,2016,309.0
la teixonera,Barri,Resta del món,2016,1059.0
la teixonera,Barri,No consta,2016,
sant genis dels agudells,Barri,Espanya,2016,5945.0
sant genis dels agudells,Barri,Resta de la Unió Europea,2016,158.0
sant genis dels agudells,Barri,Resta del món,2016,591.0
sant genis dels agudells,Barri,No consta,2016,
montbau,Barri,Espanya,2016,4553.0
montbau,Barri,Resta de la Unió Europea,2016,94.0
montbau,Barri,Resta del món,2016,406.0
montbau,Barri,No consta,2016,
la vall dhebron,Barri,Espanya,2016,5218.0
la vall dhebron,Barri,Resta de la Unió Europea,2016,153.0
la vall dhebron,Barri,Resta del món,2016,316.0
la vall dhebron,Barri,No consta,2016,
la clota,Barri,Espanya,2016,513.0
la clota,Barri,Resta de la Unió Europea,2016,8.0
la clota,Barri,Resta del món,2016,69.0
horta,Barri,Espanya,2016,23885.0
horta,Barri,Resta de la Unió Europea,2016,634.0
horta,Barri,Resta del món,2016,2078.0
horta,Barri,No consta,2016,
vilapicina i la torre llobeta,Barri,Espanya,2016,22365.0
vilapicina i la torre llobeta,Barri,Resta de la Unió Europea,2016,494.0
vilapicina i la torre llobeta,Barri,Resta del món,2016,2661.0
vilapicina i la torre llobeta,Barri,No consta,2016,
porta,Barri,Espanya,2016,21243.0
porta,Barri,Resta de la Unió Europea,2016,426.0
porta,Barri,Resta del món,2016,2896.0
porta,Barri,No consta,2016,
el turo de la peira,Barri,Espanya,2016,12269.0
el turo de la peira,Barri,Resta de la Unió Europea,2016,230.0
el turo de la peira,Barri,Resta del món,2016,2834.0
el turo de la peira,Barri,No consta,2016,
can peguera,Barri,Espanya,2016,2095.0
can peguera,Barri,Resta de la Unió Europea,2016,27.0
can peguera,Barri,Resta del món,2016,133.0
la guineueta,Barri,Espanya,2016,13954.0
la guineueta,Barri,Resta de la Unió Europea,2016,237.0
la guineueta,Barri,Resta del món,2016,859.0
la guineueta,Barri,No consta,2016,
canyelles,Barri,Espanya,2016,6628.0
canyelles,Barri,Resta de la Unió Europea,2016,50.0
canyelles,Barri,Resta del món,2016,247.0
canyelles,Barri,No consta,2016,
les roquetes,Barri,Espanya,2016,12421.0
les roquetes,Barri,Resta de la Unió Europea,2016,392.0
les roquetes,Barri,Resta del món,2016,2597.0
les roquetes,Barri,No consta,2016,
verdun,Barri,Espanya,2016,10104.0
verdun,Barri,Resta de la Unió Europea,2016,220.0
verdun,Barri,Resta del món,2016,1937.0
verdun,Barri,No consta,2016,
la prosperitat,Barri,Espanya,2016,22656.0
la prosperitat,Barri,Resta de la Unió Europea,2016,357.0
la prosperitat,Barri,Resta del món,2016,3169.0
la prosperitat,Barri,No consta,2016,
la trinitat nova,Barri,Espanya,2016,5980.0
la trinitat nova,Barri,Resta de la Unió Europea,2016,92.0
la trinitat nova,Barri,Resta del món,2016,1187.0
la trinitat nova,Barri,No consta,2016,
torre baro,Barri,Espanya,2016,2348.0
torre baro,Barri,Resta de la Unió Europea,2016,57.0
torre baro,Barri,Resta del món,2016,390.0
torre baro,Barri,No consta,2016,
ciutat meridiana,Barri,Espanya,2016,7304.0
ciutat meridiana,Barri,Resta de la Unió Europea,2016,187.0
ciutat meridiana,Barri,Resta del món,2016,2564.0
ciutat meridiana,Barri,No consta,2016,
vallbona,Barri,Espanya,2016,1196.0
vallbona,Barri,Resta de la Unió Europea,2016,26.0
vallbona,Barri,Resta del món,2016,132.0
vallbona,Barri,No consta,2016,
la trinitat vella,Barri,Espanya,2016,7254.0
la trinitat vella,Barri,Resta de la Unió Europea,2016,245.0
la trinitat vella,Barri,Resta del món,2016,2549.0
la trinitat vella,Barri,No consta,2016,
baro de viver,Barri,Espanya,2016,2249.0
baro de viver,Barri,Resta de la Unió Europea,2016,35.0
baro de viver,Barri,Resta del món,2016,227.0
baro de viver,Barri,No consta,2016,
el bon pastor,Barri,Espanya,2016,10987.0
el bon pastor,Barri,Resta de la Unió Europea,2016,248.0
el bon pastor,Barri,Resta del món,2016,1358.0
el bon pastor,Barri,No consta,2016,
sant andreu,Barri,Espanya,2016,52766.0
sant andreu,Barri,Resta de la Unió Europea,2016,841.0
sant andreu,Barri,Resta del món,2016,3087.0
sant andreu,Barri,No consta,2016,
la sagrera,Barri,Espanya,2016,25436.0
la sagrera,Barri,Resta de la Unió Europea,2016,652.0
la sagrera,Barri,Resta del món,2016,2715.0
la sagrera,Barri,No consta,2016,
el congres i els indians,Barri,Espanya,2016,12290.0
el congres i els indians,Barri,Resta de la Unió Europea,2016,351.0
el congres i els indians,Barri,Resta del món,2016,1410.0
el congres i els indians,Barri,No consta,2016,
navas,Barri,Espanya,2016,19133.0
navas,Barri,Resta de la Unió Europea,2016,619.0
navas,Barri,Resta del món,2016,2343.0
navas,Barri,No consta,2016,
el camp de larpa del clot,Barri,Espanya,2016,32284.0
el camp de larpa del clot,Barri,Resta de la Unió Europea,2016,1664.0
el camp de larpa del clot,Barri,Resta del món,2016,4179.0
el camp de larpa del clot,Barri,No consta,2016,
el clot,Barri,Espanya,2016,23287.0
el clot,Barri,Resta de la Unió Europea,2016,1046.0
el clot,Barri,Resta del món,2016,2592.0
el clot,Barri,No consta,2016,
el parc i la llacuna del poblenou,Barri,Espanya,2016,11856.0
el parc i la llacuna del poblenou,Barri,Resta de la Unió Europea,2016,1212.0
el parc i la llacuna del poblenou,Barri,Resta del món,2016,1784.0
el parc i la llacuna del poblenou,Barri,No consta,2016,7.0
la vila olimpica del poblenou,Barri,Espanya,2016,7871.0
la vila olimpica del poblenou,Barri,Resta de la Unió Europea,2016,909.0
la vila olimpica del poblenou,Barri,Resta del món,2016,565.0
la vila olimpica del poblenou,Barri,No consta,2016,
el poblenou,Barri,Espanya,2016,27996.0
el poblenou,Barri,Resta de la Unió Europea,2016,2664.0
el poblenou,Barri,Resta del món,2016,2959.0
el poblenou,Barri,No consta,2016,
diagonal mar i el front maritim del poblenou,Barri,Espanya,2016,11163.0
diagonal mar i el front maritim del poblenou,Barri,Resta de la Unió Europea,2016,1054.0
diagonal mar i el front maritim del poblenou,Barri,Resta del món,2016,1197.0
diagonal mar i el front maritim del poblenou,Barri,No consta,2016,
el besos i el maresme,Barri,Espanya,2016,17214.0
el besos i el maresme,Barri,Resta de la Unió Europea,2016,583.0
el besos i el maresme,Barri,Resta del món,2016,4985.0
el besos i el maresme,Barri,No consta,2016,
provencals del poblenou,Barri,Espanya,2016,17692.0
provencals del poblenou,Barri,Resta de la Unió Europea,2016,822.0
provencals del poblenou,Barri,Resta del món,2016,1867.0
provencals del poblenou,Barri,No consta,2016,
sant marti de provencals,Barri,Espanya,2016,23182.0
sant marti de provencals,Barri,Resta de la Unió Europea,2016,609.0
sant marti de provencals,Barri,Resta del món,2016,2239.0
sant marti de provencals,Barri,No consta,2016,
la verneda i la pau,Barri,Espanya,2016,25644.0
la verneda i la pau,Barri,Resta de la Unió Europea,2016,525.0
la verneda i la pau,Barri,Resta del món,2016,2503.0
la verneda i la pau,Barri,No consta,2016,
el raval,Barri,Espanya,2017,24108.0
el raval,Barri,Resta de la Unió Europea,2017,4731.0
el raval,Barri,Resta del món,2017,19052.0
el raval,Barri,No consta,2017,10.0
el barri gotic,Barri,Espanya,2017,8726.0
el barri gotic,Barri,Resta de la Unió Europea,2017,3392.0
el barri gotic,Barri,Resta del món,2017,4113.0
el barri gotic,Barri,No consta,2017,9.0
la barceloneta,Barri,Espanya,2017,9855.0
la barceloneta,Barri,Resta de la Unió Europea,2017,2526.0
la barceloneta,Barri,Resta del món,2017,2716.0
la barceloneta,Barri,No consta,2017,
sant pere santa caterina i la ribera,Barri,Espanya,2017,13382.0
sant pere santa caterina i la ribera,Barri,Resta de la Unió Europea,2017,4493.0
sant pere santa caterina i la ribera,Barri,Resta del món,2017,5040.0
sant pere santa caterina i la ribera,Barri,No consta,2017,8.0
el fort pienc,Barri,Espanya,2017,25063.0
el fort pienc,Barri,Resta de la Unió Europea,2017,2699.0
el fort pienc,Barri,Resta del món,2017,4356.0
el fort pienc,Barri,No consta,2017,19.0
la sagrada familia,Barri,Espanya,2017,41708.0
la sagrada familia,Barri,Resta de la Unió Europea,2017,3141.0
la sagrada familia,Barri,Resta del món,2017,6802.0
la sagrada familia,Barri,No consta,2017,7.0
la dreta de leixample,Barri,Espanya,2017,34710.0
la dreta de leixample,Barri,Resta de la Unió Europea,2017,4599.0
la dreta de leixample,Barri,Resta del món,2017,4899.0
la dreta de leixample,Barri,No consta,2017,16.0
lantiga esquerra de leixample,Barri,Espanya,2017,33598.0
lantiga esquerra de leixample,Barri,Resta de la Unió Europea,2017,3516.0
lantiga esquerra de leixample,Barri,Resta del món,2017,5322.0
lantiga esquerra de leixample,Barri,No consta,2017,8.0
la nova esquerra de leixample,Barri,Espanya,2017,47795.0
la nova esquerra de leixample,Barri,Resta de la Unió Europea,2017,3400.0
la nova esquerra de leixample,Barri,Resta del món,2017,7134.0
la nova esquerra de leixample,Barri,No consta,2017,8.0
sant antoni,Barri,Espanya,2017,30253.0
sant antoni,Barri,Resta de la Unió Europea,2017,2868.0
sant antoni,Barri,Resta del món,2017,5338.0
sant antoni,Barri,No consta,2017,11.0
el poble sec,Barri,Espanya,2017,27994.0
el poble sec,Barri,Resta de la Unió Europea,2017,3524.0
el poble sec,Barri,Resta del món,2017,8865.0
el poble sec,Barri,No consta,2017,
la marina del prat vermell,Barri,Espanya,2017,1055.0
la marina del prat vermell,Barri,Resta de la Unió Europea,2017,9.0
la marina del prat vermell,Barri,Resta del món,2017,87.0
la marina del prat vermell,Barri,No consta,2017,
la marina de port,Barri,Espanya,2017,26325.0
la marina de port,Barri,Resta de la Unió Europea,2017,721.0
la marina de port,Barri,Resta del món,2017,3574.0
la marina de port,Barri,No consta,2017,
la font de la guatlla,Barri,Espanya,2017,8401.0
la font de la guatlla,Barri,Resta de la Unió Europea,2017,637.0
la font de la guatlla,Barri,Resta del món,2017,1383.0
la font de la guatlla,Barri,No consta,2017,
hostafrancs,Barri,Espanya,2017,12423.0
hostafrancs,Barri,Resta de la Unió Europea,2017,973.0
hostafrancs,Barri,Resta del món,2017,2553.0
hostafrancs,Barri,No consta,2017,
la bordeta,Barri,Espanya,2017,16121.0
la bordeta,Barri,Resta de la Unió Europea,2017,542.0
la bordeta,Barri,Resta del món,2017,1896.0
la bordeta,Barri,No consta,2017,
sants badal,Barri,Espanya,2017,19928.0
sants badal,Barri,Resta de la Unió Europea,2017,818.0
sants badal,Barri,Resta del món,2017,3299.0
sants badal,Barri,No consta,2017,
sants,Barri,Espanya,2017,34239.0
sants,Barri,Resta de la Unió Europea,2017,1960.0
sants,Barri,Resta del món,2017,5040.0
sants,Barri,No consta,2017,5.0
les corts,Barri,Espanya,2017,41000.0
les corts,Barri,Resta de la Unió Europea,2017,1620.0
les corts,Barri,Resta del món,2017,3477.0
les corts,Barri,No consta,2017,7.0
la maternitat i sant ramon,Barri,Espanya,2017,21275.0
la maternitat i sant ramon,Barri,Resta de la Unió Europea,2017,702.0
la maternitat i sant ramon,Barri,Resta del món,2017,2003.0
la maternitat i sant ramon,Barri,No consta,2017,
pedralbes,Barri,Espanya,2017,9999.0
pedralbes,Barri,Resta de la Unió Europea,2017,987.0
pedralbes,Barri,Resta del món,2017,1126.0
pedralbes,Barri,No consta,2017,5.0
vallvidrera el tibidabo i les planes,Barri,Espanya,2017,4020.0
vallvidrera el tibidabo i les planes,Barri,Resta de la Unió Europea,2017,421.0
vallvidrera el tibidabo i les planes,Barri,Resta del món,2017,248.0
vallvidrera el tibidabo i les planes,Barri,No consta,2017,
sarria,Barri,Espanya,2017,21925.0
sarria,Barri,Resta de la Unió Europea,2017,1694.0
sarria,Barri,Resta del món,2017,1477.0
sarria,Barri,No consta,2017,10.0
les tres torres,Barri,Espanya,2017,15121.0
les tres torres,Barri,Resta de la Unió Europea,2017,654.0
les tres torres,Barri,Resta del món,2017,922.0
les tres torres,Barri,No consta,2017,
sant gervasi la bonanova,Barri,Espanya,2017,22907.0
sant gervasi la bonanova,Barri,Resta de la Unió Europea,2017,1135.0
sant gervasi la bonanova,Barri,Resta del món,2017,1862.0
sant gervasi la bonanova,Barri,No consta,2017,5.0
sant gervasi galvany,Barri,Espanya,2017,41884.0
sant gervasi galvany,Barri,Resta de la Unió Europea,2017,2545.0
sant gervasi galvany,Barri,Resta del món,2017,3380.0
sant gervasi galvany,Barri,No consta,2017,7.0
el putxet i el farro,Barri,Espanya,2017,25681.0
el putxet i el farro,Barri,Resta de la Unió Europea,2017,1732.0
el putxet i el farro,Barri,Resta del món,2017,2097.0
el putxet i el farro,Barri,No consta,2017,5.0
vallcarca i els penitents,Barri,Espanya,2017,13701.0
vallcarca i els penitents,Barri,Resta de la Unió Europea,2017,860.0
vallcarca i els penitents,Barri,Resta del món,2017,1260.0
vallcarca i els penitents,Barri,No consta,2017,
el coll,Barri,Espanya,2017,6363.0
el coll,Barri,Resta de la Unió Europea,2017,402.0
el coll,Barri,Resta del món,2017,663.0
el coll,Barri,No consta,2017,
la salut,Barri,Espanya,2017,11518.0
la salut,Barri,Resta de la Unió Europea,2017,697.0
la salut,Barri,Resta del món,2017,988.0
la salut,Barri,No consta,2017,
la vila de gracia,Barri,Espanya,2017,40481.0
la vila de gracia,Barri,Resta de la Unió Europea,2017,5063.0
la vila de gracia,Barri,Resta del món,2017,5324.0
la vila de gracia,Barri,No consta,2017,17.0
el camp den grassot i gracia nova,Barri,Espanya,2017,29774.0
el camp den grassot i gracia nova,Barri,Resta de la Unió Europea,2017,1894.0
el camp den grassot i gracia nova,Barri,Resta del món,2017,2750.0
el camp den grassot i gracia nova,Barri,No consta,2017,13.0
el baix guinardo,Barri,Espanya,2017,22249.0
el baix guinardo,Barri,Resta de la Unió Europea,2017,1115.0
el baix guinardo,Barri,Resta del món,2017,2369.0
el baix guinardo,Barri,No consta,2017,
can baro,Barri,Espanya,2017,7751.0
can baro,Barri,Resta de la Unió Europea,2017,421.0
can baro,Barri,Resta del món,2017,846.0
can baro,Barri,No consta,2017,
el guinardo,Barri,Espanya,2017,31477.0
el guinardo,Barri,Resta de la Unió Europea,2017,1364.0
el guinardo,Barri,Resta del món,2017,3695.0
el guinardo,Barri,No consta,2017,
la font den fargues,Barri,Espanya,2017,8849.0
la font den fargues,Barri,Resta de la Unió Europea,2017,190.0
la font den fargues,Barri,Resta del món,2017,351.0
la font den fargues,Barri,No consta,2017,
el carmel,Barri,Espanya,2017,27244.0
el carmel,Barri,Resta de la Unió Europea,2017,830.0
el carmel,Barri,Resta del món,2017,3508.0
el carmel,Barri,No consta,2017,
la teixonera,Barri,Espanya,2017,10054.0
la teixonera,Barri,Resta de la Unió Europea,2017,303.0
la teixonera,Barri,Resta del món,2017,1276.0
la teixonera,Barri,No consta,2017,
sant genis dels agudells,Barri,Espanya,2017,5936.0
sant genis dels agudells,Barri,Resta de la Unió Europea,2017,179.0
sant genis dels agudells,Barri,Resta del món,2017,712.0
sant genis dels agudells,Barri,No consta,2017,
montbau,Barri,Espanya,2017,4520.0
montbau,Barri,Resta de la Unió Europea,2017,120.0
montbau,Barri,Resta del món,2017,468.0
montbau,Barri,No consta,2017,
la vall dhebron,Barri,Espanya,2017,5262.0
la vall dhebron,Barri,Resta de la Unió Europea,2017,160.0
la vall dhebron,Barri,Resta del món,2017,370.0
la vall dhebron,Barri,No consta,2017,
la clota,Barri,Espanya,2017,546.0
la clota,Barri,Resta de la Unió Europea,2017,9.0
la clota,Barri,Resta del món,2017,56.0
horta,Barri,Espanya,2017,23867.0
horta,Barri,Resta de la Unió Europea,2017,642.0
horta,Barri,Resta del món,2017,2233.0
horta,Barri,No consta,2017,
vilapicina i la torre llobeta,Barri,Espanya,2017,22254.0
vilapicina i la torre llobeta,Barri,Resta de la Unió Europea,2017,527.0
vilapicina i la torre llobeta,Barri,Resta del món,2017,2835.0
vilapicina i la torre llobeta,Barri,No consta,2017,
porta,Barri,Espanya,2017,21292.0
porta,Barri,Resta de la Unió Europea,2017,460.0
porta,Barri,Resta del món,2017,3292.0
porta,Barri,No consta,2017,
el turo de la peira,Barri,Espanya,2017,12231.0
el turo de la peira,Barri,Resta de la Unió Europea,2017,242.0
el turo de la peira,Barri,Resta del món,2017,2992.0
el turo de la peira,Barri,No consta,2017,
can peguera,Barri,Espanya,2017,2096.0
can peguera,Barri,Resta de la Unió Europea,2017,27.0
can peguera,Barri,Resta del món,2017,150.0
la guineueta,Barri,Espanya,2017,14034.0
la guineueta,Barri,Resta de la Unió Europea,2017,249.0
la guineueta,Barri,Resta del món,2017,964.0
la guineueta,Barri,No consta,2017,
canyelles,Barri,Espanya,2017,6560.0
canyelles,Barri,Resta de la Unió Europea,2017,50.0
canyelles,Barri,Resta del món,2017,253.0
canyelles,Barri,No consta,2017,
les roquetes,Barri,Espanya,2017,12401.0
les roquetes,Barri,Resta de la Unió Europea,2017,404.0
les roquetes,Barri,Resta del món,2017,2826.0
les roquetes,Barri,No consta,2017,
verdun,Barri,Espanya,2017,10059.0
verdun,Barri,Resta de la Unió Europea,2017,236.0
verdun,Barri,Resta del món,2017,2073.0
verdun,Barri,No consta,2017,
la prosperitat,Barri,Espanya,2017,22540.0
la prosperitat,Barri,Resta de la Unió Europea,2017,379.0
la prosperitat,Barri,Resta del món,2017,3495.0
la prosperitat,Barri,No consta,2017,
la trinitat nova,Barri,Espanya,2017,5908.0
la trinitat nova,Barri,Resta de la Unió Europea,2017,101.0
la trinitat nova,Barri,Resta del món,2017,1262.0
la trinitat nova,Barri,No consta,2017,
torre baro,Barri,Espanya,2017,2359.0
torre baro,Barri,Resta de la Unió Europea,2017,65.0
torre baro,Barri,Resta del món,2017,435.0
torre baro,Barri,No consta,2017,
ciutat meridiana,Barri,Espanya,2017,7419.0
ciutat meridiana,Barri,Resta de la Unió Europea,2017,183.0
ciutat meridiana,Barri,Resta del món,2017,2767.0
ciutat meridiana,Barri,No consta,2017,
vallbona,Barri,Espanya,2017,1208.0
vallbona,Barri,Resta de la Unió Europea,2017,26.0
vallbona,Barri,Resta del món,2017,145.0
vallbona,Barri,No consta,2017,
la trinitat vella,Barri,Espanya,2017,7205.0
la trinitat vella,Barri,Resta de la Unió Europea,2017,255.0
la trinitat vella,Barri,Resta del món,2017,2546.0
la trinitat vella,Barri,No consta,2017,
baro de viver,Barri,Espanya,2017,2247.0
baro de viver,Barri,Resta de la Unió Europea,2017,35.0
baro de viver,Barri,Resta del món,2017,257.0
baro de viver,Barri,No consta,2017,
el bon pastor,Barri,Espanya,2017,10924.0
el bon pastor,Barri,Resta de la Unió Europea,2017,237.0
el bon pastor,Barri,Resta del món,2017,1421.0
el bon pastor,Barri,No consta,2017,
sant andreu,Barri,Espanya,2017,52833.0
sant andreu,Barri,Resta de la Unió Europea,2017,924.0
sant andreu,Barri,Resta del món,2017,3465.0
sant andreu,Barri,No consta,2017,
la sagrera,Barri,Espanya,2017,25532.0
la sagrera,Barri,Resta de la Unió Europea,2017,694.0
la sagrera,Barri,Resta del món,2017,2899.0
la sagrera,Barri,No consta,2017,
el congres i els indians,Barri,Espanya,2017,12272.0
el congres i els indians,Barri,Resta de la Unió Europea,2017,407.0
el congres i els indians,Barri,Resta del món,2017,1459.0
el congres i els indians,Barri,No consta,2017,
navas,Barri,Espanya,2017,19017.0
navas,Barri,Resta de la Unió Europea,2017,665.0
navas,Barri,Resta del món,2017,2485.0
navas,Barri,No consta,2017,
el camp de larpa del clot,Barri,Espanya,2017,31920.0
el camp de larpa del clot,Barri,Resta de la Unió Europea,2017,1832.0
el camp de larpa del clot,Barri,Resta del món,2017,4489.0
el camp de larpa del clot,Barri,No consta,2017,6.0
el clot,Barri,Espanya,2017,23176.0
el clot,Barri,Resta de la Unió Europea,2017,1153.0
el clot,Barri,Resta del món,2017,2758.0
el clot,Barri,No consta,2017,
el parc i la llacuna del poblenou,Barri,Espanya,2017,11905.0
el parc i la llacuna del poblenou,Barri,Resta de la Unió Europea,2017,1308.0
el parc i la llacuna del poblenou,Barri,Resta del món,2017,1981.0
el parc i la llacuna del poblenou,Barri,No consta,2017,8.0
la vila olimpica del poblenou,Barri,Espanya,2017,7846.0
la vila olimpica del poblenou,Barri,Resta de la Unió Europea,2017,898.0
la vila olimpica del poblenou,Barri,Resta del món,2017,659.0
la vila olimpica del poblenou,Barri,No consta,2017,
el poblenou,Barri,Espanya,2017,27937.0
el poblenou,Barri,Resta de la Unió Europea,2017,2858.0
el poblenou,Barri,Resta del món,2017,3134.0
el poblenou,Barri,No consta,2017,
diagonal mar i el front maritim del poblenou,Barri,Espanya,2017,11150.0
diagonal mar i el front maritim del poblenou,Barri,Resta de la Unió Europea,2017,1125.0
diagonal mar i el front maritim del poblenou,Barri,Resta del món,2017,1393.0
diagonal mar i el front maritim del poblenou,Barri,No consta,2017,
el besos i el maresme,Barri,Espanya,2017,17068.0
el besos i el maresme,Barri,Resta de la Unió Europea,2017,687.0
el besos i el maresme,Barri,Resta del món,2017,5308.0
el besos i el maresme,Barri,No consta,2017,
provencals del poblenou,Barri,Espanya,2017,17623.0
provencals del poblenou,Barri,Resta de la Unió Europea,2017,907.0
provencals del poblenou,Barri,Resta del món,2017,1989.0
provencals del poblenou,Barri,No consta,2017,
sant marti de provencals,Barri,Espanya,2017,22943.0
sant marti de provencals,Barri,Resta de la Unió Europea,2017,669.0
sant marti de provencals,Barri,Resta del món,2017,2575.0
sant marti de provencals,Barri,No consta,2017,
la verneda i la pau,Barri,Espanya,2017,25415.0
la verneda i la pau,Barri,Resta de la Unió Europea,2017,569.0
la verneda i la pau,Barri,Resta del món,2017,2739.0
la verneda i la pau,Barri,No consta,2017,
el raval,Barri,Espanya,2018,23732.0
el raval,Barri,Resta de la Unió Europea,2018,4884.0
el raval,Barri,Resta del món,2018,18890.0
el raval,Barri,No consta,2018,8.0
el barri gotic,Barri,Espanya,2018,8501.0
el barri gotic,Barri,Resta de la Unió Europea,2018,3377.0
el barri gotic,Barri,Resta del món,2018,5150.0
el barri gotic,Barri,No consta,2018,7.0
la barceloneta,Barri,Espanya,2018,9536.0
la barceloneta,Barri,Resta de la Unió Europea,2018,2576.0
la barceloneta,Barri,Resta del món,2018,2780.0
la barceloneta,Barri,No consta,2018,
sant pere santa caterina i la ribera,Barri,Espanya,2018,12999.0
sant pere santa caterina i la ribera,Barri,Resta de la Unió Europea,2018,4463.0
sant pere santa caterina i la ribera,Barri,Resta del món,2018,5139.0
sant pere santa caterina i la ribera,Barri,No consta,2018,
el fort pienc,Barri,Espanya,2018,24765.0
el fort pienc,Barri,Resta de la Unió Europea,2018,2771.0
el fort pienc,Barri,Resta del món,2018,4624.0
el fort pienc,Barri,No consta,2018,10.0
la sagrada familia,Barri,Espanya,2018,41116.0
la sagrada familia,Barri,Resta de la Unió Europea,2018,3343.0
la sagrada familia,Barri,Resta del món,2018,7197.0
la sagrada familia,Barri,No consta,2018,5.0
la dreta de leixample,Barri,Espanya,2018,34108.0
la dreta de leixample,Barri,Resta de la Unió Europea,2018,4664.0
la dreta de leixample,Barri,Resta del món,2018,5064.0
la dreta de leixample,Barri,No consta,2018,17.0
lantiga esquerra de leixample,Barri,Espanya,2018,33258.0
lantiga esquerra de leixample,Barri,Resta de la Unió Europea,2018,3652.0
lantiga esquerra de leixample,Barri,Resta del món,2018,5613.0
lantiga esquerra de leixample,Barri,No consta,2018,11.0
la nova esquerra de leixample,Barri,Espanya,2018,47407.0
la nova esquerra de leixample,Barri,Resta de la Unió Europea,2018,3495.0
la nova esquerra de leixample,Barri,Resta del món,2018,7351.0
la nova esquerra de leixample,Barri,No consta,2018,12.0
sant antoni,Barri,Espanya,2018,29899.0
sant antoni,Barri,Resta de la Unió Europea,2018,2913.0
sant antoni,Barri,Resta del món,2018,5534.0
sant antoni,Barri,No consta,2018,10.0
el poble sec,Barri,Espanya,2018,27371.0
el poble sec,Barri,Resta de la Unió Europea,2018,3636.0
el poble sec,Barri,Resta del món,2018,8786.0
el poble sec,Barri,No consta,2018,8.0
la marina del prat vermell,Barri,Espanya,2018,1055.0
la marina del prat vermell,Barri,Resta de la Unió Europea,2018,11.0
la marina del prat vermell,Barri,Resta del món,2018,95.0
la marina del prat vermell,Barri,No consta,2018,
la marina de port,Barri,Espanya,2018,26096.0
la marina de port,Barri,Resta de la Unió Europea,2018,785.0
la marina de port,Barri,Resta del món,2018,3869.0
la marina de port,Barri,No consta,2018,
la font de la guatlla,Barri,Espanya,2018,8320.0
la font de la guatlla,Barri,Resta de la Unió Europea,2018,640.0
la font de la guatlla,Barri,Resta del món,2018,1346.0
la font de la guatlla,Barri,No consta,2018,
hostafrancs,Barri,Espanya,2018,12253.0
hostafrancs,Barri,Resta de la Unió Europea,2018,1054.0
hostafrancs,Barri,Resta del món,2018,2661.0
hostafrancs,Barri,No consta,2018,
la bordeta,Barri,Espanya,2018,16305.0
la bordeta,Barri,Resta de la Unió Europea,2018,592.0
la bordeta,Barri,Resta del món,2018,1933.0
la bordeta,Barri,No consta,2018,
sants badal,Barri,Espanya,2018,19787.0
sants badal,Barri,Resta de la Unió Europea,2018,864.0
sants badal,Barri,Resta del món,2018,3365.0
sants badal,Barri,No consta,2018,
sants,Barri,Espanya,2018,33991.0
sants,Barri,Resta de la Unió Europea,2018,2064.0
sants,Barri,Resta del món,2018,5312.0
sants,Barri,No consta,2018,
les corts,Barri,Espanya,2018,40780.0
les corts,Barri,Resta de la Unió Europea,2018,1715.0
les corts,Barri,Resta del món,2018,3649.0
les corts,Barri,No consta,2018,8.0
la maternitat i sant ramon,Barri,Espanya,2018,21147.0
la maternitat i sant ramon,Barri,Resta de la Unió Europea,2018,748.0
la maternitat i sant ramon,Barri,Resta del món,2018,2088.0
la maternitat i sant ramon,Barri,No consta,2018,
pedralbes,Barri,Espanya,2018,9908.0
pedralbes,Barri,Resta de la Unió Europea,2018,936.0
pedralbes,Barri,Resta del món,2018,1198.0
pedralbes,Barri,No consta,2018,
vallvidrera el tibidabo i les planes,Barri,Espanya,2018,4025.0
vallvidrera el tibidabo i les planes,Barri,Resta de la Unió Europea,2018,455.0
vallvidrera el tibidabo i les planes,Barri,Resta del món,2018,230.0
vallvidrera el tibidabo i les planes,Barri,No consta,2018,
sarria,Barri,Espanya,2018,21770.0
sarria,Barri,Resta de la Unió Europea,2018,1732.0
sarria,Barri,Resta del món,2018,1605.0
sarria,Barri,No consta,2018,9.0
les tres torres,Barri,Espanya,2018,15120.0
les tres torres,Barri,Resta de la Unió Europea,2018,655.0
les tres torres,Barri,Resta del món,2018,938.0
les tres torres,Barri,No consta,2018,
sant gervasi la bonanova,Barri,Espanya,2018,22931.0
sant gervasi la bonanova,Barri,Resta de la Unió Europea,2018,1108.0
sant gervasi la bonanova,Barri,Resta del món,2018,1850.0
sant gervasi la bonanova,Barri,No consta,2018,
sant gervasi galvany,Barri,Espanya,2018,41785.0
sant gervasi galvany,Barri,Resta de la Unió Europea,2018,2585.0
sant gervasi galvany,Barri,Resta del món,2018,3438.0
sant gervasi galvany,Barri,No consta,2018,11.0
el putxet i el farro,Barri,Espanya,2018,25602.0
el putxet i el farro,Barri,Resta de la Unió Europea,2018,1804.0
el putxet i el farro,Barri,Resta del món,2018,2180.0
el putxet i el farro,Barri,No consta,2018,
vallcarca i els penitents,Barri,Espanya,2018,13728.0
vallcarca i els penitents,Barri,Resta de la Unió Europea,2018,893.0
vallcarca i els penitents,Barri,Resta del món,2018,1363.0
vallcarca i els penitents,Barri,No consta,2018,
el coll,Barri,Espanya,2018,6353.0
el coll,Barri,Resta de la Unió Europea,2018,386.0
el coll,Barri,Resta del món,2018,721.0
el coll,Barri,No consta,2018,
la salut,Barri,Espanya,2018,11441.0
la salut,Barri,Resta de la Unió Europea,2018,742.0
la salut,Barri,Resta del món,2018,1074.0
la salut,Barri,No consta,2018,
la vila de gracia,Barri,Espanya,2018,39922.0
la vila de gracia,Barri,Resta de la Unió Europea,2018,5079.0
la vila de gracia,Barri,Resta del món,2018,5404.0
la vila de gracia,Barri,No consta,2018,16.0
el camp den grassot i gracia nova,Barri,Espanya,2018,29680.0
el camp den grassot i gracia nova,Barri,Resta de la Unió Europea,2018,1989.0
el camp den grassot i gracia nova,Barri,Resta del món,2018,2982.0
el camp den grassot i gracia nova,Barri,No consta,2018,12.0
el baix guinardo,Barri,Espanya,2018,22101.0
el baix guinardo,Barri,Resta de la Unió Europea,2018,1200.0
el baix guinardo,Barri,Resta del món,2018,2490.0
el baix guinardo,Barri,No consta,2018,
can baro,Barri,Espanya,2018,7760.0
can baro,Barri,Resta de la Unió Europea,2018,436.0
can baro,Barri,Resta del món,2018,873.0
can baro,Barri,No consta,2018,
el guinardo,Barri,Espanya,2018,31459.0
el guinardo,Barri,Resta de la Unió Europea,2018,1531.0
el guinardo,Barri,Resta del món,2018,3899.0
el guinardo,Barri,No consta,2018,
la font den fargues,Barri,Espanya,2018,8821.0
la font den fargues,Barri,Resta de la Unió Europea,2018,236.0
la font den fargues,Barri,Resta del món,2018,389.0
la font den fargues,Barri,No consta,2018,
el carmel,Barri,Espanya,2018,27060.0
el carmel,Barri,Resta de la Unió Europea,2018,889.0
el carmel,Barri,Resta del món,2018,3883.0
el carmel,Barri,No consta,2018,
la teixonera,Barri,Espanya,2018,10003.0
la teixonera,Barri,Resta de la Unió Europea,2018,338.0
la teixonera,Barri,Resta del món,2018,1308.0
la teixonera,Barri,No consta,2018,
sant genis dels agudells,Barri,Espanya,2018,5979.0
sant genis dels agudells,Barri,Resta de la Unió Europea,2018,194.0
sant genis dels agudells,Barri,Resta del món,2018,838.0
sant genis dels agudells,Barri,No consta,2018,
montbau,Barri,Espanya,2018,4456.0
montbau,Barri,Resta de la Unió Europea,2018,122.0
montbau,Barri,Resta del món,2018,521.0
montbau,Barri,No consta,2018,
la vall dhebron,Barri,Espanya,2018,5204.0
la vall dhebron,Barri,Resta de la Unió Europea,2018,155.0
la vall dhebron,Barri,Resta del món,2018,378.0
la vall dhebron,Barri,No consta,2018,
la clota,Barri,Espanya,2018,575.0
la clota,Barri,Resta de la Unió Europea,2018,10.0
la clota,Barri,Resta del món,2018,72.0
horta,Barri,Espanya,2018,23788.0
horta,Barri,Resta de la Unió Europea,2018,665.0
horta,Barri,Resta del món,2018,2413.0
horta,Barri,No consta,2018,
vilapicina i la torre llobeta,Barri,Espanya,2018,22141.0
vilapicina i la torre llobeta,Barri,Resta de la Unió Europea,2018,574.0
vilapicina i la torre llobeta,Barri,Resta del món,2018,2957.0
vilapicina i la torre llobeta,Barri,No consta,2018,
porta,Barri,Espanya,2018,21287.0
porta,Barri,Resta de la Unió Europea,2018,510.0
porta,Barri,Resta del món,2018,3770.0
porta,Barri,No consta,2018,
el turo de la peira,Barri,Espanya,2018,12172.0
el turo de la peira,Barri,Resta de la Unió Europea,2018,274.0
el turo de la peira,Barri,Resta del món,2018,3128.0
el turo de la peira,Barri,No consta,2018,
can peguera,Barri,Espanya,2018,2065.0
can peguera,Barri,Resta de la Unió Europea,2018,24.0
can peguera,Barri,Resta del món,2018,181.0
la guineueta,Barri,Espanya,2018,14029.0
la guineueta,Barri,Resta de la Unió Europea,2018,250.0
la guineueta,Barri,Resta del món,2018,1014.0
la guineueta,Barri,No consta,2018,
canyelles,Barri,Espanya,2018,6562.0
canyelles,Barri,Resta de la Unió Europea,2018,52.0
canyelles,Barri,Resta del món,2018,271.0
canyelles,Barri,No consta,2018,
les roquetes,Barri,Espanya,2018,12341.0
les roquetes,Barri,Resta de la Unió Europea,2018,379.0
les roquetes,Barri,Resta del món,2018,3043.0
les roquetes,Barri,No consta,2018,
verdun,Barri,Espanya,2018,9991.0
verdun,Barri,Resta de la Unió Europea,2018,257.0
verdun,Barri,Resta del món,2018,2197.0
verdun,Barri,No consta,2018,
la prosperitat,Barri,Espanya,2018,22350.0
la prosperitat,Barri,Resta de la Unió Europea,2018,422.0
la prosperitat,Barri,Resta del món,2018,3799.0
la prosperitat,Barri,No consta,2018,
la trinitat nova,Barri,Espanya,2018,5821.0
la trinitat nova,Barri,Resta de la Unió Europea,2018,116.0
la trinitat nova,Barri,Resta del món,2018,1428.0
la trinitat nova,Barri,No consta,2018,
torre baro,Barri,Espanya,2018,2371.0
torre baro,Barri,Resta de la Unió Europea,2018,72.0
torre baro,Barri,Resta del món,2018,450.0
torre baro,Barri,No consta,2018,
ciutat meridiana,Barri,Espanya,2018,7429.0
ciutat meridiana,Barri,Resta de la Unió Europea,2018,172.0
ciutat meridiana,Barri,Resta del món,2018,3021.0
ciutat meridiana,Barri,No consta,2018,
vallbona,Barri,Espanya,2018,1214.0
vallbona,Barri,Resta de la Unió Europea,2018,26.0
vallbona,Barri,Resta del món,2018,159.0
vallbona,Barri,No consta,2018,
la trinitat vella,Barri,Espanya,2018,7154.0
la trinitat vella,Barri,Resta de la Unió Europea,2018,232.0
la trinitat vella,Barri,Resta del món,2018,2685.0
la trinitat vella,Barri,No consta,2018,
baro de viver,Barri,Espanya,2018,2211.0
baro de viver,Barri,Resta de la Unió Europea,2018,39.0
baro de viver,Barri,Resta del món,2018,285.0
baro de viver,Barri,No consta,2018,
el bon pastor,Barri,Espanya,2018,10865.0
el bon pastor,Barri,Resta de la Unió Europea,2018,250.0
el bon pastor,Barri,Resta del món,2018,1625.0
el bon pastor,Barri,No consta,2018,
sant andreu,Barri,Espanya,2018,53073.0
sant andreu,Barri,Resta de la Unió Europea,2018,985.0
sant andreu,Barri,Resta del món,2018,3603.0
sant andreu,Barri,No consta,2018,
la sagrera,Barri,Espanya,2018,25451.0
la sagrera,Barri,Resta de la Unió Europea,2018,758.0
la sagrera,Barri,Resta del món,2018,3079.0
la sagrera,Barri,No consta,2018,
el congres i els indians,Barri,Espanya,2018,12250.0
el congres i els indians,Barri,Resta de la Unió Europea,2018,416.0
el congres i els indians,Barri,Resta del món,2018,1527.0
el congres i els indians,Barri,No consta,2018,
navas,Barri,Espanya,2018,18881.0
navas,Barri,Resta de la Unió Europea,2018,719.0
navas,Barri,Resta del món,2018,2555.0
navas,Barri,No consta,2018,
el camp de larpa del clot,Barri,Espanya,2018,31613.0
el camp de larpa del clot,Barri,Resta de la Unió Europea,2018,2027.0
el camp de larpa del clot,Barri,Resta del món,2018,4682.0
el camp de larpa del clot,Barri,No consta,2018,5.0
el clot,Barri,Espanya,2018,22953.0
el clot,Barri,Resta de la Unió Europea,2018,1240.0
el clot,Barri,Resta del món,2018,2854.0
el clot,Barri,No consta,2018,
el parc i la llacuna del poblenou,Barri,Espanya,2018,12002.0
el parc i la llacuna del poblenou,Barri,Resta de la Unió Europea,2018,1377.0
el parc i la llacuna del poblenou,Barri,Resta del món,2018,2039.0
el parc i la llacuna del poblenou,Barri,No consta,2018,7.0
la vila olimpica del poblenou,Barri,Espanya,2018,7747.0
la vila olimpica del poblenou,Barri,Resta de la Unió Europea,2018,929.0
la vila olimpica del poblenou,Barri,Resta del món,2018,635.0
la vila olimpica del poblenou,Barri,No consta,2018,
el poblenou,Barri,Espanya,2018,27827.0
el poblenou,Barri,Resta de la Unió Europea,2018,2968.0
el poblenou,Barri,Resta del món,2018,3187.0
el poblenou,Barri,No consta,2018,
diagonal mar i el front maritim del poblenou,Barri,Espanya,2018,11017.0
diagonal mar i el front maritim del poblenou,Barri,Resta de la Unió Europea,2018,1100.0
diagonal mar i el front maritim del poblenou,Barri,Resta del món,2018,1526.0
diagonal mar i el front maritim del poblenou,Barri,No consta,2018,
el besos i el maresme,Barri,Espanya,2018,17073.0
el besos i el maresme,Barri,Resta de la Unió Europea,2018,797.0
el besos i el maresme,Barri,Resta del món,2018,5848.0
el besos i el maresme,Barri,No consta,2018,
provencals del poblenou,Barri,Espanya,2018,17570.0
provencals del poblenou,Barri,Resta de la Unió Europea,2018,1004.0
provencals del poblenou,Barri,Resta del món,2018,2054.0
provencals del poblenou,Barri,No consta,2018,
sant marti de provencals,Barri,Espanya,2018,22794.0
sant marti de provencals,Barri,Resta de la Unió Europea,2018,690.0
sant marti de provencals,Barri,Resta del món,2018,2608.0
sant marti de provencals,Barri,No consta,2018,
la verneda i la pau,Barri,Espanya,2018,25159.0
la verneda i la pau,Barri,Resta de la Unió Europea,2018,616.0
la verneda i la pau,Barri,Resta del món,2018,3037.0
la verneda i la pau,Barri,No consta,2018,
el raval,Barri,Espanya,2019,23170.0
el raval,Barri,Resta de la Unió Europea,2019,5502.0
el raval,Barri,Resta del món,2019,19530.0
el raval,Barri,No consta,2019,8.0
el barri gotic,Barri,Espanya,2019,8387.0
el barri gotic,Barri,Resta de la Unió Europea,2019,3846.0
el barri gotic,Barri,Resta del món,2019,6938.0
el barri gotic,Barri,No consta,2019,9.0
la barceloneta,Barri,Espanya,2019,9246.0
la barceloneta,Barri,Resta de la Unió Europea,2019,2868.0
la barceloneta,Barri,Resta del món,2019,3058.0
la barceloneta,Barri,No consta,2019,
sant pere santa caterina i la ribera,Barri,Espanya,2019,12743.0
sant pere santa caterina i la ribera,Barri,Resta de la Unió Europea,2019,4990.0
sant pere santa caterina i la ribera,Barri,Resta del món,2019,5433.0
sant pere santa caterina i la ribera,Barri,No consta,2019,
el fort pienc,Barri,Espanya,2019,24533.0
el fort pienc,Barri,Resta de la Unió Europea,2019,3093.0
el fort pienc,Barri,Resta del món,2019,5106.0
el fort pienc,Barri,No consta,2019,6.0
la sagrada familia,Barri,Espanya,2019,40442.0
la sagrada familia,Barri,Resta de la Unió Europea,2019,3734.0
la sagrada familia,Barri,Resta del món,2019,7732.0
la sagrada familia,Barri,No consta,2019,9.0
la dreta de leixample,Barri,Espanya,2019,33531.0
la dreta de leixample,Barri,Resta de la Unió Europea,2019,5148.0
la dreta de leixample,Barri,Resta del món,2019,5496.0
la dreta de leixample,Barri,No consta,2019,14.0
lantiga esquerra de leixample,Barri,Espanya,2019,32702.0
lantiga esquerra de leixample,Barri,Resta de la Unió Europea,2019,4099.0
lantiga esquerra de leixample,Barri,Resta del món,2019,6229.0
lantiga esquerra de leixample,Barri,No consta,2019,9.0
la nova esquerra de leixample,Barri,Espanya,2019,46872.0
la nova esquerra de leixample,Barri,Resta de la Unió Europea,2019,3953.0
la nova esquerra de leixample,Barri,Resta del món,2019,7831.0
la nova esquerra de leixample,Barri,No consta,2019,12.0
sant antoni,Barri,Espanya,2019,29517.0
sant antoni,Barri,Resta de la Unió Europea,2019,3256.0
sant antoni,Barri,Resta del món,2019,5837.0
sant antoni,Barri,No consta,2019,12.0
el poble sec,Barri,Espanya,2019,26961.0
el poble sec,Barri,Resta de la Unió Europea,2019,4184.0
el poble sec,Barri,Resta del món,2019,9284.0
el poble sec,Barri,No consta,2019,11.0
la marina del prat vermell,Barri,Espanya,2019,1068.0
la marina del prat vermell,Barri,Resta de la Unió Europea,2019,12.0
la marina del prat vermell,Barri,Resta del món,2019,119.0
la marina del prat vermell,Barri,No consta,2019,
la marina de port,Barri,Espanya,2019,25871.0
la marina de port,Barri,Resta de la Unió Europea,2019,842.0
la marina de port,Barri,Resta del món,2019,4374.0
la marina de port,Barri,No consta,2019,
la font de la guatlla,Barri,Espanya,2019,8167.0
la font de la guatlla,Barri,Resta de la Unió Europea,2019,731.0
la font de la guatlla,Barri,Resta del món,2019,1474.0
la font de la guatlla,Barri,No consta,2019,
hostafrancs,Barri,Espanya,2019,12135.0
hostafrancs,Barri,Resta de la Unió Europea,2019,1189.0
hostafrancs,Barri,Resta del món,2019,2829.0
hostafrancs,Barri,No consta,2019,
la bordeta,Barri,Espanya,2019,16507.0
la bordeta,Barri,Resta de la Unió Europea,2019,679.0
la bordeta,Barri,Resta del món,2019,2255.0
la bordeta,Barri,No consta,2019,
sants badal,Barri,Espanya,2019,19806.0
sants badal,Barri,Resta de la Unió Europea,2019,963.0
sants badal,Barri,Resta del món,2019,3703.0
sants badal,Barri,No consta,2019,
sants,Barri,Espanya,2019,33669.0
sants,Barri,Resta de la Unió Europea,2019,2338.0
sants,Barri,Resta del món,2019,6301.0
sants,Barri,No consta,2019,
les corts,Barri,Espanya,2019,40607.0
les corts,Barri,Resta de la Unió Europea,2019,1847.0
les corts,Barri,Resta del món,2019,4136.0
les corts,Barri,No consta,2019,9.0
la maternitat i sant ramon,Barri,Espanya,2019,20934.0
la maternitat i sant ramon,Barri,Resta de la Unió Europea,2019,832.0
la maternitat i sant ramon,Barri,Resta del món,2019,2225.0
la maternitat i sant ramon,Barri,No consta,2019,
pedralbes,Barri,Espanya,2019,9812.0
pedralbes,Barri,Resta de la Unió Europea,2019,966.0
pedralbes,Barri,Resta del món,2019,1221.0
pedralbes,Barri,No consta,2019,
vallvidrera el tibidabo i les planes,Barri,Espanya,2019,3981.0
vallvidrera el tibidabo i les planes,Barri,Resta de la Unió Europea,2019,495.0
vallvidrera el tibidabo i les planes,Barri,Resta del món,2019,251.0
vallvidrera el tibidabo i les planes,Barri,No consta,2019,
sarria,Barri,Espanya,2019,21520.0
sarria,Barri,Resta de la Unió Europea,2019,1882.0
sarria,Barri,Resta del món,2019,1728.0
sarria,Barri,No consta,2019,7.0
les tres torres,Barri,Espanya,2019,14986.0
les tres torres,Barri,Resta de la Unió Europea,2019,723.0
les tres torres,Barri,Resta del món,2019,986.0
les tres torres,Barri,No consta,2019,
sant gervasi la bonanova,Barri,Espanya,2019,22802.0
sant gervasi la bonanova,Barri,Resta de la Unió Europea,2019,1294.0
sant gervasi la bonanova,Barri,Resta del món,2019,2012.0
sant gervasi la bonanova,Barri,No consta,2019,
sant gervasi galvany,Barri,Espanya,2019,41528.0
sant gervasi galvany,Barri,Resta de la Unió Europea,2019,2793.0
sant gervasi galvany,Barri,Resta del món,2019,3665.0
sant gervasi galvany,Barri,No consta,2019,7.0
el putxet i el farro,Barri,Espanya,2019,25428.0
el putxet i el farro,Barri,Resta de la Unió Europea,2019,2002.0
el putxet i el farro,Barri,Resta del món,2019,2352.0
el putxet i el farro,Barri,No consta,2019,
vallcarca i els penitents,Barri,Espanya,2019,13671.0
vallcarca i els penitents,Barri,Resta de la Unió Europea,2019,983.0
vallcarca i els penitents,Barri,Resta del món,2019,1454.0
vallcarca i els penitents,Barri,No consta,2019,
el coll,Barri,Espanya,2019,6303.0
el coll,Barri,Resta de la Unió Europea,2019,450.0
el coll,Barri,Resta del món,2019,765.0
el coll,Barri,No consta,2019,
la salut,Barri,Espanya,2019,11393.0
la salut,Barri,Resta de la Unió Europea,2019,852.0
la salut,Barri,Resta del món,2019,1184.0
la salut,Barri,No consta,2019,
la vila de gracia,Barri,Espanya,2019,39452.0
la vila de gracia,Barri,Resta de la Unió Europea,2019,5673.0
la vila de gracia,Barri,Resta del món,2019,5662.0
la vila de gracia,Barri,No consta,2019,16.0
el camp den grassot i gracia nova,Barri,Espanya,2019,29519.0
el camp den grassot i gracia nova,Barri,Resta de la Unió Europea,2019,2313.0
el camp den grassot i gracia nova,Barri,Resta del món,2019,3363.0
el camp den grassot i gracia nova,Barri,No consta,2019,
el baix guinardo,Barri,Espanya,2019,22023.0
el baix guinardo,Barri,Resta de la Unió Europea,2019,1312.0
el baix guinardo,Barri,Resta del món,2019,2652.0
el baix guinardo,Barri,No consta,2019,
can baro,Barri,Espanya,2019,7719.0
can baro,Barri,Resta de la Unió Europea,2019,501.0
can baro,Barri,Resta del món,2019,1025.0
can baro,Barri,No consta,2019,
el guinardo,Barri,Espanya,2019,31216.0
el guinardo,Barri,Resta de la Unió Europea,2019,1746.0
el guinardo,Barri,Resta del món,2019,4252.0
el guinardo,Barri,No consta,2019,
la font den fargues,Barri,Espanya,2019,8814.0
la font den fargues,Barri,Resta de la Unió Europea,2019,275.0
la font den fargues,Barri,Resta del món,2019,417.0
la font den fargues,Barri,No consta,2019,
el carmel,Barri,Espanya,2019,26790.0
el carmel,Barri,Resta de la Unió Europea,2019,1019.0
el carmel,Barri,Resta del món,2019,4366.0
el carmel,Barri,No consta,2019,
la teixonera,Barri,Espanya,2019,9906.0
la teixonera,Barri,Resta de la Unió Europea,2019,395.0
la teixonera,Barri,Resta del món,2019,1486.0
la teixonera,Barri,No consta,2019,
sant genis dels agudells,Barri,Espanya,2019,5999.0
sant genis dels agudells,Barri,Resta de la Unió Europea,2019,203.0
sant genis dels agudells,Barri,Resta del món,2019,1044.0
sant genis dels agudells,Barri,No consta,2019,
montbau,Barri,Espanya,2019,4420.0
montbau,Barri,Resta de la Unió Europea,2019,155.0
montbau,Barri,Resta del món,2019,551.0
montbau,Barri,No consta,2019,
la vall dhebron,Barri,Espanya,2019,5253.0
la vall dhebron,Barri,Resta de la Unió Europea,2019,166.0
la vall dhebron,Barri,Resta del món,2019,384.0
la vall dhebron,Barri,No consta,2019,
la clota,Barri,Espanya,2019,591.0
la clota,Barri,Resta de la Unió Europea,2019,13.0
la clota,Barri,Resta del món,2019,82.0
horta,Barri,Espanya,2019,23692.0
horta,Barri,Resta de la Unió Europea,2019,713.0
horta,Barri,Resta del món,2019,3074.0
horta,Barri,No consta,2019,
vilapicina i la torre llobeta,Barri,Espanya,2019,21972.0
vilapicina i la torre llobeta,Barri,Resta de la Unió Europea,2019,638.0
vilapicina i la torre llobeta,Barri,Resta del món,2019,3282.0
vilapicina i la torre llobeta,Barri,No consta,2019,
porta,Barri,Espanya,2019,21204.0
porta,Barri,Resta de la Unió Europea,2019,615.0
porta,Barri,Resta del món,2019,4736.0
porta,Barri,No consta,2019,
el turo de la peira,Barri,Espanya,2019,12133.0
el turo de la peira,Barri,Resta de la Unió Europea,2019,300.0
el turo de la peira,Barri,Resta del món,2019,3349.0
el turo de la peira,Barri,No consta,2019,
can peguera,Barri,Espanya,2019,2045.0
can peguera,Barri,Resta de la Unió Europea,2019,26.0
can peguera,Barri,Resta del món,2019,218.0
la guineueta,Barri,Espanya,2019,13917.0
la guineueta,Barri,Resta de la Unió Europea,2019,273.0
la guineueta,Barri,Resta del món,2019,1208.0
la guineueta,Barri,No consta,2019,
canyelles,Barri,Espanya,2019,6477.0
canyelles,Barri,Resta de la Unió Europea,2019,63.0
canyelles,Barri,Resta del món,2019,344.0
canyelles,Barri,No consta,2019,
les roquetes,Barri,Espanya,2019,12415.0
les roquetes,Barri,Resta de la Unió Europea,2019,413.0
les roquetes,Barri,Resta del món,2019,3401.0
les roquetes,Barri,No consta,2019,
verdun,Barri,Espanya,2019,9830.0
verdun,Barri,Resta de la Unió Europea,2019,277.0
verdun,Barri,Resta del món,2019,2471.0
verdun,Barri,No consta,2019,
la prosperitat,Barri,Espanya,2019,22398.0
la prosperitat,Barri,Resta de la Unió Europea,2019,475.0
la prosperitat,Barri,Resta del món,2019,3982.0
la prosperitat,Barri,No consta,2019,
la trinitat nova,Barri,Espanya,2019,5861.0
la trinitat nova,Barri,Resta de la Unió Europea,2019,134.0
la trinitat nova,Barri,Resta del món,2019,1625.0
la trinitat nova,Barri,No consta,2019,
torre baro,Barri,Espanya,2019,2382.0
torre baro,Barri,Resta de la Unió Europea,2019,82.0
torre baro,Barri,Resta del món,2019,467.0
torre baro,Barri,No consta,2019,
ciutat meridiana,Barri,Espanya,2019,7431.0
ciutat meridiana,Barri,Resta de la Unió Europea,2019,190.0
ciutat meridiana,Barri,Resta del món,2019,3243.0
ciutat meridiana,Barri,No consta,2019,
vallbona,Barri,Espanya,2019,1196.0
vallbona,Barri,Resta de la Unió Europea,2019,32.0
vallbona,Barri,Resta del món,2019,178.0
vallbona,Barri,No consta,2019,
la trinitat vella,Barri,Espanya,2019,7131.0
la trinitat vella,Barri,Resta de la Unió Europea,2019,301.0
la trinitat vella,Barri,Resta del món,2019,2905.0
la trinitat vella,Barri,No consta,2019,
baro de viver,Barri,Espanya,2019,2233.0
baro de viver,Barri,Resta de la Unió Europea,2019,44.0
baro de viver,Barri,Resta del món,2019,327.0
baro de viver,Barri,No consta,2019,
el bon pastor,Barri,Espanya,2019,10831.0
el bon pastor,Barri,Resta de la Unió Europea,2019,284.0
el bon pastor,Barri,Resta del món,2019,2011.0
el bon pastor,Barri,No consta,2019,
sant andreu,Barri,Espanya,2019,52995.0
sant andreu,Barri,Resta de la Unió Europea,2019,1149.0
sant andreu,Barri,Resta del món,2019,3815.0
sant andreu,Barri,No consta,2019,
la sagrera,Barri,Espanya,2019,25261.0
la sagrera,Barri,Resta de la Unió Europea,2019,853.0
la sagrera,Barri,Resta del món,2019,3369.0
la sagrera,Barri,No consta,2019,6.0
el congres i els indians,Barri,Espanya,2019,12304.0
el congres i els indians,Barri,Resta de la Unió Europea,2019,485.0
el congres i els indians,Barri,Resta del món,2019,1766.0
el congres i els indians,Barri,No consta,2019,
navas,Barri,Espanya,2019,18719.0
navas,Barri,Resta de la Unió Europea,2019,872.0
navas,Barri,Resta del món,2019,2683.0
navas,Barri,No consta,2019,5.0
el camp de larpa del clot,Barri,Espanya,2019,31461.0
el camp de larpa del clot,Barri,Resta de la Unió Europea,2019,2337.0
el camp de larpa del clot,Barri,Resta del món,2019,5110.0
el camp de larpa del clot,Barri,No consta,2019,
el clot,Barri,Espanya,2019,22798.0
el clot,Barri,Resta de la Unió Europea,2019,1363.0
el clot,Barri,Resta del món,2019,3019.0
el clot,Barri,No consta,2019,
el parc i la llacuna del poblenou,Barri,Espanya,2019,12055.0
el parc i la llacuna del poblenou,Barri,Resta de la Unió Europea,2019,1560.0
el parc i la llacuna del poblenou,Barri,Resta del món,2019,2090.0
el parc i la llacuna del poblenou,Barri,No consta,2019,8.0
la vila olimpica del poblenou,Barri,Espanya,2019,7647.0
la vila olimpica del poblenou,Barri,Resta de la Unió Europea,2019,1004.0
la vila olimpica del poblenou,Barri,Resta del món,2019,696.0
la vila olimpica del poblenou,Barri,No consta,2019,
el poblenou,Barri,Espanya,2019,27393.0
el poblenou,Barri,Resta de la Unió Europea,2019,3347.0
el poblenou,Barri,Resta del món,2019,3425.0
el poblenou,Barri,No consta,2019,5.0
diagonal mar i el front maritim del poblenou,Barri,Espanya,2019,10919.0
diagonal mar i el front maritim del poblenou,Barri,Resta de la Unió Europea,2019,1190.0
diagonal mar i el front maritim del poblenou,Barri,Resta del món,2019,1516.0
diagonal mar i el front maritim del poblenou,Barri,No consta,2019,
el besos i el maresme,Barri,Espanya,2019,17002.0
el besos i el maresme,Barri,Resta de la Unió Europea,2019,965.0
el besos i el maresme,Barri,Resta del món,2019,6878.0
el besos i el maresme,Barri,No consta,2019,
provencals del poblenou,Barri,Espanya,2019,17676.0
provencals del poblenou,Barri,Resta de la Unió Europea,2019,1166.0
provencals del poblenou,Barri,Resta del món,2019,2273.0
provencals del poblenou,Barri,No consta,2019,
sant marti de provencals,Barri,Espanya,2019,22567.0
sant marti de provencals,Barri,Resta de la Unió Europea,2019,792.0
sant marti de provencals,Barri,Resta del món,2019,2807.0
sant marti de provencals,Barri,No consta,2019,
la verneda i la pau,Barri,Espanya,2019,24903.0
la verneda i la pau,Barri,Resta de la Unió Europea,2019,673.0
la verneda i la pau,Barri,Resta del món,2019,3306.0
la verneda i la pau,Barri,No consta,2019,
el raval,Barri,Espanya,2020,22660.0
el raval,Barri,Resta de la Unió Europea,2020,5602.0
el raval,Barri,Resta del món,2020,19906.0
el raval,Barri,No consta,2020,12.0
el barri gotic,Barri,Espanya,2020,8270.0
el barri gotic,Barri,Resta de la Unió Europea,2020,3891.0
el barri gotic,Barri,Resta del món,2020,9541.0
el barri gotic,Barri,No consta,2020,13.0
la barceloneta,Barri,Espanya,2020,8990.0
la barceloneta,Barri,Resta de la Unió Europea,2020,2893.0
la barceloneta,Barri,Resta del món,2020,3227.0
la barceloneta,Barri,No consta,2020,
sant pere santa caterina i la ribera,Barri,Espanya,2020,12519.0
sant pere santa caterina i la ribera,Barri,Resta de la Unió Europea,2020,4985.0
sant pere santa caterina i la ribera,Barri,Resta del món,2020,5731.0
sant pere santa caterina i la ribera,Barri,No consta,2020,6.0
el fort pienc,Barri,Espanya,2020,24267.0
el fort pienc,Barri,Resta de la Unió Europea,2020,3298.0
el fort pienc,Barri,Resta del món,2020,5901.0
el fort pienc,Barri,No consta,2020,7.0
la sagrada familia,Barri,Espanya,2020,39901.0
la sagrada familia,Barri,Resta de la Unió Europea,2020,4033.0
la sagrada familia,Barri,Resta del món,2020,8303.0
la sagrada familia,Barri,No consta,2020,15.0
la dreta de leixample,Barri,Espanya,2020,33034.0
la dreta de leixample,Barri,Resta de la Unió Europea,2020,5409.0
la dreta de leixample,Barri,Resta del món,2020,5842.0
la dreta de leixample,Barri,No consta,2020,13.0
lantiga esquerra de leixample,Barri,Espanya,2020,32133.0
lantiga esquerra de leixample,Barri,Resta de la Unió Europea,2020,4304.0
lantiga esquerra de leixample,Barri,Resta del món,2020,6695.0
lantiga esquerra de leixample,Barri,No consta,2020,11.0
la nova esquerra de leixample,Barri,Espanya,2020,46259.0
la nova esquerra de leixample,Barri,Resta de la Unió Europea,2020,4109.0
la nova esquerra de leixample,Barri,Resta del món,2020,8268.0
la nova esquerra de leixample,Barri,No consta,2020,12.0
sant antoni,Barri,Espanya,2020,29208.0
sant antoni,Barri,Resta de la Unió Europea,2020,3413.0
sant antoni,Barri,Resta del món,2020,6328.0
sant antoni,Barri,No consta,2020,9.0
el poble sec,Barri,Espanya,2020,26347.0
el poble sec,Barri,Resta de la Unió Europea,2020,4439.0
el poble sec,Barri,Resta del món,2020,9399.0
el poble sec,Barri,No consta,2020,
la marina del prat vermell,Barri,Espanya,2020,1060.0
la marina del prat vermell,Barri,Resta de la Unió Europea,2020,13.0
la marina del prat vermell,Barri,Resta del món,2020,154.0
la marina del prat vermell,Barri,No consta,2020,
la marina de port,Barri,Espanya,2020,25797.0
la marina de port,Barri,Resta de la Unió Europea,2020,892.0
la marina de port,Barri,Resta del món,2020,4661.0
la marina de port,Barri,No consta,2020,
la font de la guatlla,Barri,Espanya,2020,8112.0
la font de la guatlla,Barri,Resta de la Unió Europea,2020,714.0
la font de la guatlla,Barri,Resta del món,2020,1551.0
la font de la guatlla,Barri,No consta,2020,
hostafrancs,Barri,Espanya,2020,12005.0
hostafrancs,Barri,Resta de la Unió Europea,2020,1277.0
hostafrancs,Barri,Resta del món,2020,2916.0
hostafrancs,Barri,No consta,2020,5.0
la bordeta,Barri,Espanya,2020,16478.0
la bordeta,Barri,Resta de la Unió Europea,2020,731.0
la bordeta,Barri,Resta del món,2020,2357.0
la bordeta,Barri,No consta,2020,
sants badal,Barri,Espanya,2020,19714.0
sants badal,Barri,Resta de la Unió Europea,2020,1060.0
sants badal,Barri,Resta del món,2020,4161.0
sants badal,Barri,No consta,2020,
sants,Barri,Espanya,2020,33449.0
sants,Barri,Resta de la Unió Europea,2020,2509.0
sants,Barri,Resta del món,2020,7802.0
sants,Barri,No consta,2020,
les corts,Barri,Espanya,2020,40268.0
les corts,Barri,Resta de la Unió Europea,2020,1916.0
les corts,Barri,Resta del món,2020,4536.0
les corts,Barri,No consta,2020,11.0
la maternitat i sant ramon,Barri,Espanya,2020,20689.0
la maternitat i sant ramon,Barri,Resta de la Unió Europea,2020,911.0
la maternitat i sant ramon,Barri,Resta del món,2020,2366.0
la maternitat i sant ramon,Barri,No consta,2020,
pedralbes,Barri,Espanya,2020,9702.0
pedralbes,Barri,Resta de la Unió Europea,2020,989.0
pedralbes,Barri,Resta del món,2020,1245.0
pedralbes,Barri,No consta,2020,
vallvidrera el tibidabo i les planes,Barri,Espanya,2020,3976.0
vallvidrera el tibidabo i les planes,Barri,Resta de la Unió Europea,2020,470.0
vallvidrera el tibidabo i les planes,Barri,Resta del món,2020,264.0
vallvidrera el tibidabo i les planes,Barri,No consta,2020,
sarria,Barri,Espanya,2020,21515.0
sarria,Barri,Resta de la Unió Europea,2020,1941.0
sarria,Barri,Resta del món,2020,1783.0
sarria,Barri,No consta,2020,
les tres torres,Barri,Espanya,2020,14886.0
les tres torres,Barri,Resta de la Unió Europea,2020,726.0
les tres torres,Barri,Resta del món,2020,1032.0
les tres torres,Barri,No consta,2020,
sant gervasi la bonanova,Barri,Espanya,2020,22637.0
sant gervasi la bonanova,Barri,Resta de la Unió Europea,2020,1339.0
sant gervasi la bonanova,Barri,Resta del món,2020,2269.0
sant gervasi la bonanova,Barri,No consta,2020,
sant gervasi galvany,Barri,Espanya,2020,41219.0
sant gervasi galvany,Barri,Resta de la Unió Europea,2020,2872.0
sant gervasi galvany,Barri,Resta del món,2020,3880.0
sant gervasi galvany,Barri,No consta,2020,5.0
el putxet i el farro,Barri,Espanya,2020,25472.0
el putxet i el farro,Barri,Resta de la Unió Europea,2020,2169.0
el putxet i el farro,Barri,Resta del món,2020,2695.0
el putxet i el farro,Barri,No consta,2020,
vallcarca i els penitents,Barri,Espanya,2020,13668.0
vallcarca i els penitents,Barri,Resta de la Unió Europea,2020,1082.0
vallcarca i els penitents,Barri,Resta del món,2020,1595.0
vallcarca i els penitents,Barri,No consta,2020,
el coll,Barri,Espanya,2020,6235.0
el coll,Barri,Resta de la Unió Europea,2020,465.0
el coll,Barri,Resta del món,2020,917.0
el coll,Barri,No consta,2020,
la salut,Barri,Espanya,2020,11309.0
la salut,Barri,Resta de la Unió Europea,2020,891.0
la salut,Barri,Resta del món,2020,1275.0
la salut,Barri,No consta,2020,
la vila de gracia,Barri,Espanya,2020,38891.0
la vila de gracia,Barri,Resta de la Unió Europea,2020,5996.0
la vila de gracia,Barri,Resta del món,2020,6022.0
la vila de gracia,Barri,No consta,2020,17.0
el camp den grassot i gracia nova,Barri,Espanya,2020,29313.0
el camp den grassot i gracia nova,Barri,Resta de la Unió Europea,2020,2488.0
el camp den grassot i gracia nova,Barri,Resta del món,2020,3679.0
el camp den grassot i gracia nova,Barri,No consta,2020,
el baix guinardo,Barri,Espanya,2020,21925.0
el baix guinardo,Barri,Resta de la Unió Europea,2020,1377.0
el baix guinardo,Barri,Resta del món,2020,2876.0
el baix guinardo,Barri,No consta,2020,
can baro,Barri,Espanya,2020,7661.0
can baro,Barri,Resta de la Unió Europea,2020,563.0
can baro,Barri,Resta del món,2020,1105.0
can baro,Barri,No consta,2020,
el guinardo,Barri,Espanya,2020,31110.0
el guinardo,Barri,Resta de la Unió Europea,2020,1875.0
el guinardo,Barri,Resta del món,2020,4597.0
el guinardo,Barri,No consta,2020,
la font den fargues,Barri,Espanya,2020,8725.0
la font den fargues,Barri,Resta de la Unió Europea,2020,313.0
la font den fargues,Barri,Resta del món,2020,506.0
la font den fargues,Barri,No consta,2020,
el carmel,Barri,Espanya,2020,26469.0
el carmel,Barri,Resta de la Unió Europea,2020,1149.0
el carmel,Barri,Resta del món,2020,4894.0
el carmel,Barri,No consta,2020,
la teixonera,Barri,Espanya,2020,9786.0
la teixonera,Barri,Resta de la Unió Europea,2020,426.0
la teixonera,Barri,Resta del món,2020,1714.0
la teixonera,Barri,No consta,2020,
sant genis dels agudells,Barri,Espanya,2020,5978.0
sant genis dels agudells,Barri,Resta de la Unió Europea,2020,231.0
sant genis dels agudells,Barri,Resta del món,2020,1181.0
sant genis dels agudells,Barri,No consta,2020,
montbau,Barri,Espanya,2020,4367.0
montbau,Barri,Resta de la Unió Europea,2020,180.0
montbau,Barri,Resta del món,2020,625.0
montbau,Barri,No consta,2020,
la vall dhebron,Barri,Espanya,2020,5275.0
la vall dhebron,Barri,Resta de la Unió Europea,2020,169.0
la vall dhebron,Barri,Resta del món,2020,442.0
la vall dhebron,Barri,No consta,2020,
la clota,Barri,Espanya,2020,600.0
la clota,Barri,Resta de la Unió Europea,2020,28.0
la clota,Barri,Resta del món,2020,81.0
horta,Barri,Espanya,2020,23751.0
horta,Barri,Resta de la Unió Europea,2020,742.0
horta,Barri,Resta del món,2020,3868.0
horta,Barri,No consta,2020,
vilapicina i la torre llobeta,Barri,Espanya,2020,21902.0
vilapicina i la torre llobeta,Barri,Resta de la Unió Europea,2020,677.0
vilapicina i la torre llobeta,Barri,Resta del món,2020,3502.0
vilapicina i la torre llobeta,Barri,No consta,2020,
porta,Barri,Espanya,2020,21131.0
porta,Barri,Resta de la Unió Europea,2020,635.0
porta,Barri,Resta del món,2020,6046.0
porta,Barri,No consta,2020,
el turo de la peira,Barri,Espanya,2020,12203.0
el turo de la peira,Barri,Resta de la Unió Europea,2020,321.0
el turo de la peira,Barri,Resta del món,2020,3703.0
el turo de la peira,Barri,No consta,2020,
can peguera,Barri,Espanya,2020,2015.0
can peguera,Barri,Resta de la Unió Europea,2020,26.0
can peguera,Barri,Resta del món,2020,233.0
la guineueta,Barri,Espanya,2020,13777.0
la guineueta,Barri,Resta de la Unió Europea,2020,290.0
la guineueta,Barri,Resta del món,2020,1353.0
la guineueta,Barri,No consta,2020,
canyelles,Barri,Espanya,2020,6408.0
canyelles,Barri,Resta de la Unió Europea,2020,74.0
canyelles,Barri,Resta del món,2020,387.0
canyelles,Barri,No consta,2020,
les roquetes,Barri,Espanya,2020,12343.0
les roquetes,Barri,Resta de la Unió Europea,2020,433.0
les roquetes,Barri,Resta del món,2020,3618.0
les roquetes,Barri,No consta,2020,
verdun,Barri,Espanya,2020,9826.0
verdun,Barri,Resta de la Unió Europea,2020,303.0
verdun,Barri,Resta del món,2020,2669.0
verdun,Barri,No consta,2020,
la prosperitat,Barri,Espanya,2020,22275.0
la prosperitat,Barri,Resta de la Unió Europea,2020,518.0
la prosperitat,Barri,Resta del món,2020,4233.0
la prosperitat,Barri,No consta,2020,
la trinitat nova,Barri,Espanya,2020,5792.0
la trinitat nova,Barri,Resta de la Unió Europea,2020,135.0
la trinitat nova,Barri,Resta del món,2020,1742.0
la trinitat nova,Barri,No consta,2020,
torre baro,Barri,Espanya,2020,2350.0
torre baro,Barri,Resta de la Unió Europea,2020,70.0
torre baro,Barri,Resta del món,2020,505.0
torre baro,Barri,No consta,2020,
ciutat meridiana,Barri,Espanya,2020,7456.0
ciutat meridiana,Barri,Resta de la Unió Europea,2020,201.0
ciutat meridiana,Barri,Resta del món,2020,3434.0
ciutat meridiana,Barri,No consta,2020,
vallbona,Barri,Espanya,2020,1192.0
vallbona,Barri,Resta de la Unió Europea,2020,35.0
vallbona,Barri,Resta del món,2020,193.0
vallbona,Barri,No consta,2020,
la trinitat vella,Barri,Espanya,2020,7105.0
la trinitat vella,Barri,Resta de la Unió Europea,2020,310.0
la trinitat vella,Barri,Resta del món,2020,3072.0
la trinitat vella,Barri,No consta,2020,
baro de viver,Barri,Espanya,2020,2233.0
baro de viver,Barri,Resta de la Unió Europea,2020,44.0
baro de viver,Barri,Resta del món,2020,348.0
baro de viver,Barri,No consta,2020,
el bon pastor,Barri,Espanya,2020,10796.0
el bon pastor,Barri,Resta de la Unió Europea,2020,289.0
el bon pastor,Barri,Resta del món,2020,2567.0
el bon pastor,Barri,No consta,2020,
sant andreu,Barri,Espanya,2020,52860.0
sant andreu,Barri,Resta de la Unió Europea,2020,1257.0
sant andreu,Barri,Resta del món,2020,4389.0
sant andreu,Barri,No consta,2020,
la sagrera,Barri,Espanya,2020,25038.0
la sagrera,Barri,Resta de la Unió Europea,2020,891.0
la sagrera,Barri,Resta del món,2020,3676.0
la sagrera,Barri,No consta,2020,
el congres i els indians,Barri,Espanya,2020,12287.0
el congres i els indians,Barri,Resta de la Unió Europea,2020,538.0
el congres i els indians,Barri,Resta del món,2020,1901.0
el congres i els indians,Barri,No consta,2020,
navas,Barri,Espanya,2020,18622.0
navas,Barri,Resta de la Unió Europea,2020,932.0
navas,Barri,Resta del món,2020,2899.0
navas,Barri,No consta,2020,
el camp de larpa del clot,Barri,Espanya,2020,31019.0
el camp de larpa del clot,Barri,Resta de la Unió Europea,2020,2521.0
el camp de larpa del clot,Barri,Resta del món,2020,5587.0
el camp de larpa del clot,Barri,No consta,2020,9.0
el clot,Barri,Espanya,2020,22392.0
el clot,Barri,Resta de la Unió Europea,2020,1510.0
el clot,Barri,Resta del món,2020,3177.0
el clot,Barri,No consta,2020,
el parc i la llacuna del poblenou,Barri,Espanya,2020,12101.0
el parc i la llacuna del poblenou,Barri,Resta de la Unió Europea,2020,1664.0
el parc i la llacuna del poblenou,Barri,Resta del món,2020,2170.0
el parc i la llacuna del poblenou,Barri,No consta,2020,8.0
la vila olimpica del poblenou,Barri,Espanya,2020,7568.0
la vila olimpica del poblenou,Barri,Resta de la Unió Europea,2020,1078.0
la vila olimpica del poblenou,Barri,Resta del món,2020,738.0
la vila olimpica del poblenou,Barri,No consta,2020,
el poblenou,Barri,Espanya,2020,27175.0
el poblenou,Barri,Resta de la Unió Europea,2020,3658.0
el poblenou,Barri,Resta del món,2020,3598.0
el poblenou,Barri,No consta,2020,5.0
diagonal mar i el front maritim del poblenou,Barri,Espanya,2020,10745.0
diagonal mar i el front maritim del poblenou,Barri,Resta de la Unió Europea,2020,1214.0
diagonal mar i el front maritim del poblenou,Barri,Resta del món,2020,1565.0
diagonal mar i el front maritim del poblenou,Barri,No consta,2020,
el besos i el maresme,Barri,Espanya,2020,16742.0
el besos i el maresme,Barri,Resta de la Unió Europea,2020,1042.0
el besos i el maresme,Barri,Resta del món,2020,7917.0
el besos i el maresme,Barri,No consta,2020,
provencals del poblenou,Barri,Espanya,2020,17615.0
provencals del poblenou,Barri,Resta de la Unió Europea,2020,1238.0
provencals del poblenou,Barri,Resta del món,2020,2463.0
provencals del poblenou,Barri,No consta,2020,
sant marti de provencals,Barri,Espanya,2020,22343.0
sant marti de provencals,Barri,Resta de la Unió Europea,2020,794.0
sant marti de provencals,Barri,Resta del món,2020,3028.0
sant marti de provencals,Barri,No consta,2020,
la verneda i la pau,Barri,Espanya,2020,24619.0
la verneda i la pau,Barri,Resta de la Unió Europea,2020,713.0
la verneda i la pau,Barri,Resta del món,2020,3544.0
la verneda i la pau,Barri,No consta,2020,
el raval,Barri,Espanya,2021,22691.0
el raval,Barri,Resta de la Unió Europea,2021,5033.0
el raval,Barri,Resta del món,2021,20949.0
el raval,Barri,No consta,2021,15.0
el barri gotic,Barri,Espanya,2021,8257.0
el barri gotic,Barri,Resta de la Unió Europea,2021,3436.0
el barri gotic,Barri,Resta del món,2021,11145.0
el barri gotic,Barri,No consta,2021,12.0
la barceloneta,Barri,Espanya,2021,8786.0
la barceloneta,Barri,Resta de la Unió Europea,2021,2759.0
la barceloneta,Barri,Resta del món,2021,3577.0
la barceloneta,Barri,No consta,2021,
sant pere santa caterina i la ribera,Barri,Espanya,2021,12204.0
sant pere santa caterina i la ribera,Barri,Resta de la Unió Europea,2021,4454.0
sant pere santa caterina i la ribera,Barri,Resta del món,2021,6342.0
sant pere santa caterina i la ribera,Barri,No consta,2021,9.0
el fort pienc,Barri,Espanya,2021,23846.0
el fort pienc,Barri,Resta de la Unió Europea,2021,3231.0
el fort pienc,Barri,Resta del món,2021,6358.0
el fort pienc,Barri,No consta,2021,10.0
la sagrada familia,Barri,Espanya,2021,39292.0
la sagrada familia,Barri,Resta de la Unió Europea,2021,3939.0
la sagrada familia,Barri,Resta del món,2021,8923.0
la sagrada familia,Barri,No consta,2021,10.0
la dreta de leixample,Barri,Espanya,2021,32116.0
la dreta de leixample,Barri,Resta de la Unió Europea,2021,5073.0
la dreta de leixample,Barri,Resta del món,2021,6889.0
la dreta de leixample,Barri,No consta,2021,10.0
lantiga esquerra de leixample,Barri,Espanya,2021,31607.0
lantiga esquerra de leixample,Barri,Resta de la Unió Europea,2021,4128.0
lantiga esquerra de leixample,Barri,Resta del món,2021,7303.0
lantiga esquerra de leixample,Barri,No consta,2021,8.0
la nova esquerra de leixample,Barri,Espanya,2021,45465.0
la nova esquerra de leixample,Barri,Resta de la Unió Europea,2021,3840.0
la nova esquerra de leixample,Barri,Resta del món,2021,8590.0
la nova esquerra de leixample,Barri,No consta,2021,11.0
sant antoni,Barri,Espanya,2021,28751.0
sant antoni,Barri,Resta de la Unió Europea,2021,3150.0
sant antoni,Barri,Resta del món,2021,6788.0
sant antoni,Barri,No consta,2021,11.0
el poble sec,Barri,Espanya,2021,25993.0
el poble sec,Barri,Resta de la Unió Europea,2021,4189.0
el poble sec,Barri,Resta del món,2021,10019.0
el poble sec,Barri,No consta,2021,
la marina del prat vermell,Barri,Espanya,2021,1158.0
la marina del prat vermell,Barri,Resta de la Unió Europea,2021,28.0
la marina del prat vermell,Barri,Resta del món,2021,170.0
la marina del prat vermell,Barri,No consta,2021,
la marina de port,Barri,Espanya,2021,25518.0
la marina de port,Barri,Resta de la Unió Europea,2021,886.0
la marina de port,Barri,Resta del món,2021,4687.0
la marina de port,Barri,No consta,2021,
la font de la guatlla,Barri,Espanya,2021,7933.0
la font de la guatlla,Barri,Resta de la Unió Europea,2021,661.0
la font de la guatlla,Barri,Resta del món,2021,1645.0
la font de la guatlla,Barri,No consta,2021,
hostafrancs,Barri,Espanya,2021,11796.0
hostafrancs,Barri,Resta de la Unió Europea,2021,1210.0
hostafrancs,Barri,Resta del món,2021,3090.0
hostafrancs,Barri,No consta,2021,6.0
la bordeta,Barri,Espanya,2021,16317.0
la bordeta,Barri,Resta de la Unió Europea,2021,745.0
la bordeta,Barri,Resta del món,2021,2388.0
la bordeta,Barri,No consta,2021,
sants badal,Barri,Espanya,2021,19615.0
sants badal,Barri,Resta de la Unió Europea,2021,1022.0
sants badal,Barri,Resta del món,2021,4263.0
sants badal,Barri,No consta,2021,
sants,Barri,Espanya,2021,33058.0
sants,Barri,Resta de la Unió Europea,2021,2465.0
sants,Barri,Resta del món,2021,8153.0
sants,Barri,No consta,2021,
les corts,Barri,Espanya,2021,39474.0
les corts,Barri,Resta de la Unió Europea,2021,1839.0
les corts,Barri,Resta del món,2021,4619.0
les corts,Barri,No consta,2021,11.0
la maternitat i sant ramon,Barri,Espanya,2021,20418.0
la maternitat i sant ramon,Barri,Resta de la Unió Europea,2021,840.0
la maternitat i sant ramon,Barri,Resta del món,2021,2565.0
la maternitat i sant ramon,Barri,No consta,2021,
pedralbes,Barri,Espanya,2021,9607.0
pedralbes,Barri,Resta de la Unió Europea,2021,847.0
pedralbes,Barri,Resta del món,2021,1354.0
pedralbes,Barri,No consta,2021,
vallvidrera el tibidabo i les planes,Barri,Espanya,2021,4015.0
vallvidrera el tibidabo i les planes,Barri,Resta de la Unió Europea,2021,428.0
vallvidrera el tibidabo i les planes,Barri,Resta del món,2021,317.0
vallvidrera el tibidabo i les planes,Barri,No consta,2021,
sarria,Barri,Espanya,2021,21002.0
sarria,Barri,Resta de la Unió Europea,2021,1737.0
sarria,Barri,Resta del món,2021,2027.0
sarria,Barri,No consta,2021,
les tres torres,Barri,Espanya,2021,14559.0
les tres torres,Barri,Resta de la Unió Europea,2021,677.0
les tres torres,Barri,Resta del món,2021,1120.0
les tres torres,Barri,No consta,2021,
sant gervasi la bonanova,Barri,Espanya,2021,22284.0
sant gervasi la bonanova,Barri,Resta de la Unió Europea,2021,1283.0
sant gervasi la bonanova,Barri,Resta del món,2021,2417.0
sant gervasi la bonanova,Barri,No consta,2021,
sant gervasi galvany,Barri,Espanya,2021,40478.0
sant gervasi galvany,Barri,Resta de la Unió Europea,2021,2690.0
sant gervasi galvany,Barri,Resta del món,2021,4173.0
sant gervasi galvany,Barri,No consta,2021,5.0
el putxet i el farro,Barri,Espanya,2021,25131.0
el putxet i el farro,Barri,Resta de la Unió Europea,2021,1950.0
el putxet i el farro,Barri,Resta del món,2021,2901.0
el putxet i el farro,Barri,No consta,2021,
vallcarca i els penitents,Barri,Espanya,2021,13537.0
vallcarca i els penitents,Barri,Resta de la Unió Europea,2021,1028.0
vallcarca i els penitents,Barri,Resta del món,2021,1760.0
vallcarca i els penitents,Barri,No consta,2021,
el coll,Barri,Espanya,2021,6214.0
el coll,Barri,Resta de la Unió Europea,2021,443.0
el coll,Barri,Resta del món,2021,1031.0
el coll,Barri,No consta,2021,
la salut,Barri,Espanya,2021,11189.0
la salut,Barri,Resta de la Unió Europea,2021,837.0
la salut,Barri,Resta del món,2021,1426.0
la salut,Barri,No consta,2021,
la vila de gracia,Barri,Espanya,2021,38104.0
la vila de gracia,Barri,Resta de la Unió Europea,2021,5576.0
la vila de gracia,Barri,Resta del món,2021,6760.0
la vila de gracia,Barri,No consta,2021,16.0
el camp den grassot i gracia nova,Barri,Espanya,2021,28887.0
el camp den grassot i gracia nova,Barri,Resta de la Unió Europea,2021,2393.0
el camp den grassot i gracia nova,Barri,Resta del món,2021,4068.0
el camp den grassot i gracia nova,Barri,No consta,2021,
el baix guinardo,Barri,Espanya,2021,21386.0
el baix guinardo,Barri,Resta de la Unió Europea,2021,1362.0
el baix guinardo,Barri,Resta del món,2021,3091.0
el baix guinardo,Barri,No consta,2021,
can baro,Barri,Espanya,2021,7605.0
can baro,Barri,Resta de la Unió Europea,2021,555.0
can baro,Barri,Resta del món,2021,1159.0
can baro,Barri,No consta,2021,
el guinardo,Barri,Espanya,2021,30730.0
el guinardo,Barri,Resta de la Unió Europea,2021,1800.0
el guinardo,Barri,Resta del món,2021,4791.0
el guinardo,Barri,No consta,2021,
la font den fargues,Barri,Espanya,2021,8652.0
la font den fargues,Barri,Resta de la Unió Europea,2021,295.0
la font den fargues,Barri,Resta del món,2021,558.0
la font den fargues,Barri,No consta,2021,
el carmel,Barri,Espanya,2021,26248.0
el carmel,Barri,Resta de la Unió Europea,2021,1136.0
el carmel,Barri,Resta del món,2021,5340.0
el carmel,Barri,No consta,2021,
la teixonera,Barri,Espanya,2021,9837.0
la teixonera,Barri,Resta de la Unió Europea,2021,426.0
la teixonera,Barri,Resta del món,2021,1780.0
la teixonera,Barri,No consta,2021,
sant genis dels agudells,Barri,Espanya,2021,5921.0
sant genis dels agudells,Barri,Resta de la Unió Europea,2021,240.0
sant genis dels agudells,Barri,Resta del món,2021,1223.0
sant genis dels agudells,Barri,No consta,2021,
montbau,Barri,Espanya,2021,4287.0
montbau,Barri,Resta de la Unió Europea,2021,179.0
montbau,Barri,Resta del món,2021,648.0
montbau,Barri,No consta,2021,
la vall dhebron,Barri,Espanya,2021,5282.0
la vall dhebron,Barri,Resta de la Unió Europea,2021,170.0
la vall dhebron,Barri,Resta del món,2021,480.0
la vall dhebron,Barri,No consta,2021,
la clota,Barri,Espanya,2021,590.0
la clota,Barri,Resta de la Unió Europea,2021,29.0
la clota,Barri,Resta del món,2021,79.0
horta,Barri,Espanya,2021,23413.0
horta,Barri,Resta de la Unió Europea,2021,692.0
horta,Barri,Resta del món,2021,3949.0
horta,Barri,No consta,2021,
vilapicina i la torre llobeta,Barri,Espanya,2021,21659.0
vilapicina i la torre llobeta,Barri,Resta de la Unió Europea,2021,663.0
vilapicina i la torre llobeta,Barri,Resta del món,2021,3551.0
vilapicina i la torre llobeta,Barri,No consta,2021,
porta,Barri,Espanya,2021,20834.0
porta,Barri,Resta de la Unió Europea,2021,636.0
porta,Barri,Resta del món,2021,6325.0
porta,Barri,No consta,2021,
el turo de la peira,Barri,Espanya,2021,12083.0
el turo de la peira,Barri,Resta de la Unió Europea,2021,297.0
el turo de la peira,Barri,Resta del món,2021,3803.0
el turo de la peira,Barri,No consta,2021,
can peguera,Barri,Espanya,2021,1968.0
can peguera,Barri,Resta de la Unió Europea,2021,25.0
can peguera,Barri,Resta del món,2021,222.0
la guineueta,Barri,Espanya,2021,13526.0
la guineueta,Barri,Resta de la Unió Europea,2021,267.0
la guineueta,Barri,Resta del món,2021,1474.0
la guineueta,Barri,No consta,2021,
canyelles,Barri,Espanya,2021,6364.0
canyelles,Barri,Resta de la Unió Europea,2021,72.0
canyelles,Barri,Resta del món,2021,377.0
canyelles,Barri,No consta,2021,
les roquetes,Barri,Espanya,2021,12432.0
les roquetes,Barri,Resta de la Unió Europea,2021,422.0
les roquetes,Barri,Resta del món,2021,3709.0
les roquetes,Barri,No consta,2021,
verdun,Barri,Espanya,2021,9768.0
verdun,Barri,Resta de la Unió Europea,2021,300.0
verdun,Barri,Resta del món,2021,2797.0
verdun,Barri,No consta,2021,
la prosperitat,Barri,Espanya,2021,22015.0
la prosperitat,Barri,Resta de la Unió Europea,2021,515.0
la prosperitat,Barri,Resta del món,2021,4337.0
la prosperitat,Barri,No consta,2021,
la trinitat nova,Barri,Espanya,2021,5758.0
la trinitat nova,Barri,Resta de la Unió Europea,2021,132.0
la trinitat nova,Barri,Resta del món,2021,1738.0
la trinitat nova,Barri,No consta,2021,
torre baro,Barri,Espanya,2021,2322.0
torre baro,Barri,Resta de la Unió Europea,2021,77.0
torre baro,Barri,Resta del món,2021,524.0
torre baro,Barri,No consta,2021,
ciutat meridiana,Barri,Espanya,2021,7436.0
ciutat meridiana,Barri,Resta de la Unió Europea,2021,189.0
ciutat meridiana,Barri,Resta del món,2021,3527.0
ciutat meridiana,Barri,No consta,2021,
vallbona,Barri,Espanya,2021,1161.0
vallbona,Barri,Resta de la Unió Europea,2021,33.0
vallbona,Barri,Resta del món,2021,206.0
vallbona,Barri,No consta,2021,
la trinitat vella,Barri,Espanya,2021,7126.0
la trinitat vella,Barri,Resta de la Unió Europea,2021,319.0
la trinitat vella,Barri,Resta del món,2021,3068.0
la trinitat vella,Barri,No consta,2021,
baro de viver,Barri,Espanya,2021,2226.0
baro de viver,Barri,Resta de la Unió Europea,2021,43.0
baro de viver,Barri,Resta del món,2021,384.0
baro de viver,Barri,No consta,2021,
el bon pastor,Barri,Espanya,2021,10707.0
el bon pastor,Barri,Resta de la Unió Europea,2021,282.0
el bon pastor,Barri,Resta del món,2021,2741.0
el bon pastor,Barri,No consta,2021,
sant andreu,Barri,Espanya,2021,52401.0
sant andreu,Barri,Resta de la Unió Europea,2021,1206.0
sant andreu,Barri,Resta del món,2021,4613.0
sant andreu,Barri,No consta,2021,5.0
la sagrera,Barri,Espanya,2021,24932.0
la sagrera,Barri,Resta de la Unió Europea,2021,862.0
la sagrera,Barri,Resta del món,2021,3771.0
la sagrera,Barri,No consta,2021,
el congres i els indians,Barri,Espanya,2021,12113.0
el congres i els indians,Barri,Resta de la Unió Europea,2021,517.0
el congres i els indians,Barri,Resta del món,2021,1919.0
el congres i els indians,Barri,No consta,2021,
navas,Barri,Espanya,2021,18405.0
navas,Barri,Resta de la Unió Europea,2021,858.0
navas,Barri,Resta del món,2021,3033.0
navas,Barri,No consta,2021,
el camp de larpa del clot,Barri,Espanya,2021,30473.0
el camp de larpa del clot,Barri,Resta de la Unió Europea,2021,2451.0
el camp de larpa del clot,Barri,Resta del món,2021,5905.0
el camp de larpa del clot,Barri,No consta,2021,9.0
el clot,Barri,Espanya,2021,22049.0
el clot,Barri,Resta de la Unió Europea,2021,1496.0
el clot,Barri,Resta del món,2021,3211.0
el clot,Barri,No consta,2021,
el parc i la llacuna del poblenou,Barri,Espanya,2021,12028.0
el parc i la llacuna del poblenou,Barri,Resta de la Unió Europea,2021,1531.0
el parc i la llacuna del poblenou,Barri,Resta del món,2021,2347.0
el parc i la llacuna del poblenou,Barri,No consta,2021,8.0
la vila olimpica del poblenou,Barri,Espanya,2021,7476.0
la vila olimpica del poblenou,Barri,Resta de la Unió Europea,2021,1030.0
la vila olimpica del poblenou,Barri,Resta del món,2021,886.0
la vila olimpica del poblenou,Barri,No consta,2021,
el poblenou,Barri,Espanya,2021,26855.0
el poblenou,Barri,Resta de la Unió Europea,2021,3487.0
el poblenou,Barri,Resta del món,2021,4066.0
el poblenou,Barri,No consta,2021,
diagonal mar i el front maritim del poblenou,Barri,Espanya,2021,10601.0
diagonal mar i el front maritim del poblenou,Barri,Resta de la Unió Europea,2021,1186.0
diagonal mar i el front maritim del poblenou,Barri,Resta del món,2021,1747.0
diagonal mar i el front maritim del poblenou,Barri,No consta,2021,
el besos i el maresme,Barri,Espanya,2021,16820.0
el besos i el maresme,Barri,Resta de la Unió Europea,2021,977.0
el besos i el maresme,Barri,Resta del món,2021,8315.0
el besos i el maresme,Barri,No consta,2021,
provencals del poblenou,Barri,Espanya,2021,17406.0
provencals del poblenou,Barri,Resta de la Unió Europea,2021,1185.0
provencals del poblenou,Barri,Resta del món,2021,2588.0
provencals del poblenou,Barri,No consta,2021,6.0
sant marti de provencals,Barri,Espanya,2021,22206.0
sant marti de provencals,Barri,Resta de la Unió Europea,2021,801.0
sant marti de provencals,Barri,Resta del món,2021,3219.0
sant marti de provencals,Barri,No consta,2021,
la verneda i la pau,Barri,Espanya,2021,24384.0
la verneda i la pau,Barri,Resta de la Unió Europea,2021,703.0
la verneda i la pau,Barri,Resta del món,2021,3708.0
la verneda i la pau,Barri,No consta,2021,
el raval,Barri,Espanya,2022,22369.0
el raval,Barri,Resta de la Unió Europea,2022,4909.0
el raval,Barri,Resta del món,2022,19223.0
el raval,Barri,No consta,2022,19.0
el barri gotic,Barri,Espanya,2022,8243.0
el barri gotic,Barri,Resta de la Unió Europea,2022,3505.0
el barri gotic,Barri,Resta del món,2022,10994.0
el barri gotic,Barri,No consta,2022,6.0
la barceloneta,Barri,Espanya,2022,8472.0
la barceloneta,Barri,Resta de la Unió Europea,2022,2598.0
la barceloneta,Barri,Resta del món,2022,3270.0
la barceloneta,Barri,No consta,2022,
sant pere santa caterina i la ribera,Barri,Espanya,2022,12056.0
sant pere santa caterina i la ribera,Barri,Resta de la Unió Europea,2022,4498.0
sant pere santa caterina i la ribera,Barri,Resta del món,2022,5856.0
sant pere santa caterina i la ribera,Barri,No consta,2022,8.0
el fort pienc,Barri,Espanya,2022,23655.0
el fort pienc,Barri,Resta de la Unió Europea,2022,3404.0
el fort pienc,Barri,Resta del món,2022,6381.0
el fort pienc,Barri,No consta,2022,5.0
la sagrada familia,Barri,Espanya,2022,38684.0
la sagrada familia,Barri,Resta de la Unió Europea,2022,4184.0
la sagrada familia,Barri,Resta del món,2022,8522.0
la sagrada familia,Barri,No consta,2022,12.0
la dreta de leixample,Barri,Espanya,2022,31611.0
la dreta de leixample,Barri,Resta de la Unió Europea,2022,5671.0
la dreta de leixample,Barri,Resta del món,2022,6866.0
la dreta de leixample,Barri,No consta,2022,8.0
lantiga esquerra de leixample,Barri,Espanya,2022,31079.0
lantiga esquerra de leixample,Barri,Resta de la Unió Europea,2022,4401.0
lantiga esquerra de leixample,Barri,Resta del món,2022,6877.0
lantiga esquerra de leixample,Barri,No consta,2022,8.0
la nova esquerra de leixample,Barri,Espanya,2022,44984.0
la nova esquerra de leixample,Barri,Resta de la Unió Europea,2022,4135.0
la nova esquerra de leixample,Barri,Resta del món,2022,8186.0
la nova esquerra de leixample,Barri,No consta,2022,9.0
sant antoni,Barri,Espanya,2022,28444.0
sant antoni,Barri,Resta de la Unió Europea,2022,3234.0
sant antoni,Barri,Resta del món,2022,6486.0
sant antoni,Barri,No consta,2022,11.0
el poble sec,Barri,Espanya,2022,25612.0
el poble sec,Barri,Resta de la Unió Europea,2022,4231.0
el poble sec,Barri,Resta del món,2022,9296.0
el poble sec,Barri,No consta,2022,
la marina del prat vermell,Barri,Espanya,2022,1298.0
la marina del prat vermell,Barri,Resta de la Unió Europea,2022,41.0
la marina del prat vermell,Barri,Resta del món,2022,178.0
la marina del prat vermell,Barri,No consta,2022,
la marina de port,Barri,Espanya,2022,25144.0
la marina de port,Barri,Resta de la Unió Europea,2022,903.0
la marina de port,Barri,Resta del món,2022,4379.0
la marina de port,Barri,No consta,2022,
la font de la guatlla,Barri,Espanya,2022,7904.0
la font de la guatlla,Barri,Resta de la Unió Europea,2022,682.0
la font de la guatlla,Barri,Resta del món,2022,1771.0
la font de la guatlla,Barri,No consta,2022,
hostafrancs,Barri,Espanya,2022,11615.0
hostafrancs,Barri,Resta de la Unió Europea,2022,1253.0
hostafrancs,Barri,Resta del món,2022,2990.0
hostafrancs,Barri,No consta,2022,
la bordeta,Barri,Espanya,2022,16271.0
la bordeta,Barri,Resta de la Unió Europea,2022,758.0
la bordeta,Barri,Resta del món,2022,2196.0
la bordeta,Barri,No consta,2022,
sants badal,Barri,Espanya,2022,19191.0
sants badal,Barri,Resta de la Unió Europea,2022,1021.0
sants badal,Barri,Resta del món,2022,3994.0
sants badal,Barri,No consta,2022,
sants,Barri,Espanya,2022,32781.0
sants,Barri,Resta de la Unió Europea,2022,2564.0
sants,Barri,Resta del món,2022,7681.0
sants,Barri,No consta,2022,
les corts,Barri,Espanya,2022,39313.0
les corts,Barri,Resta de la Unió Europea,2022,1926.0
les corts,Barri,Resta del món,2022,4416.0
les corts,Barri,No consta,2022,5.0
la maternitat i sant ramon,Barri,Espanya,2022,20171.0
la maternitat i sant ramon,Barri,Resta de la Unió Europea,2022,919.0
la maternitat i sant ramon,Barri,Resta del món,2022,2593.0
la maternitat i sant ramon,Barri,No consta,2022,
pedralbes,Barri,Espanya,2022,9635.0
pedralbes,Barri,Resta de la Unió Europea,2022,861.0
pedralbes,Barri,Resta del món,2022,1234.0
pedralbes,Barri,No consta,2022,
vallvidrera el tibidabo i les planes,Barri,Espanya,2022,4034.0
vallvidrera el tibidabo i les planes,Barri,Resta de la Unió Europea,2022,451.0
vallvidrera el tibidabo i les planes,Barri,Resta del món,2022,320.0
vallvidrera el tibidabo i les planes,Barri,No consta,2022,
sarria,Barri,Espanya,2022,20904.0
sarria,Barri,Resta de la Unió Europea,2022,1822.0
sarria,Barri,Resta del món,2022,1901.0
sarria,Barri,No consta,2022,5.0
les tres torres,Barri,Espanya,2022,14326.0
les tres torres,Barri,Resta de la Unió Europea,2022,692.0
les tres torres,Barri,Resta del món,2022,1088.0
les tres torres,Barri,No consta,2022,
sant gervasi la bonanova,Barri,Espanya,2022,22077.0
sant gervasi la bonanova,Barri,Resta de la Unió Europea,2022,1345.0
sant gervasi la bonanova,Barri,Resta del món,2022,2270.0
sant gervasi la bonanova,Barri,No consta,2022,
sant gervasi galvany,Barri,Espanya,2022,40045.0
sant gervasi galvany,Barri,Resta de la Unió Europea,2022,2990.0
sant gervasi galvany,Barri,Resta del món,2022,4143.0
sant gervasi galvany,Barri,No consta,2022,
el putxet i el farro,Barri,Espanya,2022,24896.0
el putxet i el farro,Barri,Resta de la Unió Europea,2022,2038.0
el putxet i el farro,Barri,Resta del món,2022,2848.0
el putxet i el farro,Barri,No consta,2022,
vallcarca i els penitents,Barri,Espanya,2022,13358.0
vallcarca i els penitents,Barri,Resta de la Unió Europea,2022,1056.0
vallcarca i els penitents,Barri,Resta del món,2022,1667.0
vallcarca i els penitents,Barri,No consta,2022,
el coll,Barri,Espanya,2022,6162.0
el coll,Barri,Resta de la Unió Europea,2022,458.0
el coll,Barri,Resta del món,2022,991.0
el coll,Barri,No consta,2022,
la salut,Barri,Espanya,2022,11162.0
la salut,Barri,Resta de la Unió Europea,2022,843.0
la salut,Barri,Resta del món,2022,1329.0
la salut,Barri,No consta,2022,
la vila de gracia,Barri,Espanya,2022,37324.0
la vila de gracia,Barri,Resta de la Unió Europea,2022,5870.0
la vila de gracia,Barri,Resta del món,2022,6646.0
la vila de gracia,Barri,No consta,2022,12.0
el camp den grassot i gracia nova,Barri,Espanya,2022,28314.0
el camp den grassot i gracia nova,Barri,Resta de la Unió Europea,2022,2619.0
el camp den grassot i gracia nova,Barri,Resta del món,2022,4092.0
el camp den grassot i gracia nova,Barri,No consta,2022,8.0
el baix guinardo,Barri,Espanya,2022,21018.0
el baix guinardo,Barri,Resta de la Unió Europea,2022,1494.0
el baix guinardo,Barri,Resta del món,2022,3075.0
el baix guinardo,Barri,No consta,2022,
can baro,Barri,Espanya,2022,7566.0
can baro,Barri,Resta de la Unió Europea,2022,563.0
can baro,Barri,Resta del món,2022,1141.0
can baro,Barri,No consta,2022,
el guinardo,Barri,Espanya,2022,30520.0
el guinardo,Barri,Resta de la Unió Europea,2022,1853.0
el guinardo,Barri,Resta del món,2022,4617.0
el guinardo,Barri,No consta,2022,
la font den fargues,Barri,Espanya,2022,8700.0
la font den fargues,Barri,Resta de la Unió Europea,2022,289.0
la font den fargues,Barri,Resta del món,2022,538.0
la font den fargues,Barri,No consta,2022,
el carmel,Barri,Espanya,2022,25984.0
el carmel,Barri,Resta de la Unió Europea,2022,1121.0
el carmel,Barri,Resta del món,2022,5013.0
el carmel,Barri,No consta,2022,
la teixonera,Barri,Espanya,2022,9770.0
la teixonera,Barri,Resta de la Unió Europea,2022,422.0
la teixonera,Barri,Resta del món,2022,1725.0
la teixonera,Barri,No consta,2022,
sant genis dels agudells,Barri,Espanya,2022,5865.0
sant genis dels agudells,Barri,Resta de la Unió Europea,2022,233.0
sant genis dels agudells,Barri,Resta del món,2022,1163.0
sant genis dels agudells,Barri,No consta,2022,
montbau,Barri,Espanya,2022,4197.0
montbau,Barri,Resta de la Unió Europea,2022,198.0
montbau,Barri,Resta del món,2022,619.0
montbau,Barri,No consta,2022,
la vall dhebron,Barri,Espanya,2022,5246.0
la vall dhebron,Barri,Resta de la Unió Europea,2022,177.0
la vall dhebron,Barri,Resta del món,2022,446.0
la vall dhebron,Barri,No consta,2022,
la clota,Barri,Espanya,2022,576.0
la clota,Barri,Resta de la Unió Europea,2022,23.0
la clota,Barri,Resta del món,2022,70.0
horta,Barri,Espanya,2022,23411.0
horta,Barri,Resta de la Unió Europea,2022,691.0
horta,Barri,Resta del món,2022,3772.0
horta,Barri,No consta,2022,
vilapicina i la torre llobeta,Barri,Espanya,2022,21610.0
vilapicina i la torre llobeta,Barri,Resta de la Unió Europea,2022,690.0
vilapicina i la torre llobeta,Barri,Resta del món,2022,3364.0
vilapicina i la torre llobeta,Barri,No consta,2022,
porta,Barri,Espanya,2022,20778.0
porta,Barri,Resta de la Unió Europea,2022,636.0
porta,Barri,Resta del món,2022,5979.0
porta,Barri,No consta,2022,
el turo de la peira,Barri,Espanya,2022,12117.0
el turo de la peira,Barri,Resta de la Unió Europea,2022,306.0
el turo de la peira,Barri,Resta del món,2022,3599.0
el turo de la peira,Barri,No consta,2022,
can peguera,Barri,Espanya,2022,1963.0
can peguera,Barri,Resta de la Unió Europea,2022,29.0
can peguera,Barri,Resta del món,2022,195.0
la guineueta,Barri,Espanya,2022,13445.0
la guineueta,Barri,Resta de la Unió Europea,2022,267.0
la guineueta,Barri,Resta del món,2022,1340.0
la guineueta,Barri,No consta,2022,
canyelles,Barri,Espanya,2022,6301.0
canyelles,Barri,Resta de la Unió Europea,2022,73.0
canyelles,Barri,Resta del món,2022,413.0
canyelles,Barri,No consta,2022,
les roquetes,Barri,Espanya,2022,12336.0
les roquetes,Barri,Resta de la Unió Europea,2022,387.0
les roquetes,Barri,Resta del món,2022,3433.0
les roquetes,Barri,No consta,2022,
verdun,Barri,Espanya,2022,9678.0
verdun,Barri,Resta de la Unió Europea,2022,297.0
verdun,Barri,Resta del món,2022,2583.0
verdun,Barri,No consta,2022,
la prosperitat,Barri,Espanya,2022,21777.0
la prosperitat,Barri,Resta de la Unió Europea,2022,508.0
la prosperitat,Barri,Resta del món,2022,4059.0
la prosperitat,Barri,No consta,2022,
la trinitat nova,Barri,Espanya,2022,5708.0
la trinitat nova,Barri,Resta de la Unió Europea,2022,141.0
la trinitat nova,Barri,Resta del món,2022,1572.0
la trinitat nova,Barri,No consta,2022,
torre baro,Barri,Espanya,2022,2319.0
torre baro,Barri,Resta de la Unió Europea,2022,82.0
torre baro,Barri,Resta del món,2022,507.0
torre baro,Barri,No consta,2022,
ciutat meridiana,Barri,Espanya,2022,7422.0
ciutat meridiana,Barri,Resta de la Unió Europea,2022,182.0
ciutat meridiana,Barri,Resta del món,2022,3204.0
ciutat meridiana,Barri,No consta,2022,
vallbona,Barri,Espanya,2022,1187.0
vallbona,Barri,Resta de la Unió Europea,2022,34.0
vallbona,Barri,Resta del món,2022,198.0
vallbona,Barri,No consta,2022,
la trinitat vella,Barri,Espanya,2022,7197.0
la trinitat vella,Barri,Resta de la Unió Europea,2022,325.0
la trinitat vella,Barri,Resta del món,2022,2836.0
la trinitat vella,Barri,No consta,2022,
baro de viver,Barri,Espanya,2022,2207.0
baro de viver,Barri,Resta de la Unió Europea,2022,47.0
baro de viver,Barri,Resta del món,2022,349.0
baro de viver,Barri,No consta,2022,
el bon pastor,Barri,Espanya,2022,10627.0
el bon pastor,Barri,Resta de la Unió Europea,2022,286.0
el bon pastor,Barri,Resta del món,2022,2640.0
el bon pastor,Barri,No consta,2022,
sant andreu,Barri,Espanya,2022,51951.0
sant andreu,Barri,Resta de la Unió Europea,2022,1205.0
sant andreu,Barri,Resta del món,2022,4445.0
sant andreu,Barri,No consta,2022,
la sagrera,Barri,Espanya,2022,24763.0
la sagrera,Barri,Resta de la Unió Europea,2022,907.0
la sagrera,Barri,Resta del món,2022,3768.0
la sagrera,Barri,No consta,2022,
el congres i els indians,Barri,Espanya,2022,12091.0
el congres i els indians,Barri,Resta de la Unió Europea,2022,532.0
el congres i els indians,Barri,Resta del món,2022,1694.0
el congres i els indians,Barri,No consta,2022,
navas,Barri,Espanya,2022,18270.0
navas,Barri,Resta de la Unió Europea,2022,884.0
navas,Barri,Resta del món,2022,2790.0
navas,Barri,No consta,2022,
el camp de larpa del clot,Barri,Espanya,2022,30104.0
el camp de larpa del clot,Barri,Resta de la Unió Europea,2022,2568.0
el camp de larpa del clot,Barri,Resta del món,2022,5528.0
el camp de larpa del clot,Barri,No consta,2022,7.0
el clot,Barri,Espanya,2022,21673.0
el clot,Barri,Resta de la Unió Europea,2022,1599.0
el clot,Barri,Resta del món,2022,3105.0
el clot,Barri,No consta,2022,
el parc i la llacuna del poblenou,Barri,Espanya,2022,11954.0
el parc i la llacuna del poblenou,Barri,Resta de la Unió Europea,2022,1675.0
el parc i la llacuna del poblenou,Barri,Resta del món,2022,2330.0
el parc i la llacuna del poblenou,Barri,No consta,2022,
la vila olimpica del poblenou,Barri,Espanya,2022,7395.0
la vila olimpica del poblenou,Barri,Resta de la Unió Europea,2022,1097.0
la vila olimpica del poblenou,Barri,Resta del món,2022,881.0
la vila olimpica del poblenou,Barri,No consta,2022,
el poblenou,Barri,Espanya,2022,26420.0
el poblenou,Barri,Resta de la Unió Europea,2022,3685.0
el poblenou,Barri,Resta del món,2022,3994.0
el poblenou,Barri,No consta,2022,
diagonal mar i el front maritim del poblenou,Barri,Espanya,2022,10477.0
diagonal mar i el front maritim del poblenou,Barri,Resta de la Unió Europea,2022,1269.0
diagonal mar i el front maritim del poblenou,Barri,Resta del món,2022,1643.0
diagonal mar i el front maritim del poblenou,Barri,No consta,2022,
el besos i el maresme,Barri,Espanya,2022,16979.0
el besos i el maresme,Barri,Resta de la Unió Europea,2022,1024.0
el besos i el maresme,Barri,Resta del món,2022,8342.0
el besos i el maresme,Barri,No consta,2022,
provencals del poblenou,Barri,Espanya,2022,17380.0
provencals del poblenou,Barri,Resta de la Unió Europea,2022,1225.0
provencals del poblenou,Barri,Resta del món,2022,2480.0
provencals del poblenou,Barri,No consta,2022,7.0
sant marti de provencals,Barri,Espanya,2022,21898.0
sant marti de provencals,Barri,Resta de la Unió Europea,2022,824.0
sant marti de provencals,Barri,Resta del món,2022,3126.0
sant marti de provencals,Barri,No consta,2022,
la verneda i la pau,Barri,Espanya,2022,24391.0
la verneda i la pau,Barri,Resta de la Unió Europea,2022,736.0
la verneda i la pau,Barri,Resta del món,2022,3626.0
la verneda i la pau,Barri,No consta,2022,
el raval,Barri,Espanya,2023,22396.0
el raval,Barri,Resta de la Unió Europea,2023,4563.0
el raval,Barri,Resta del món,2023,18693.0
el raval,Barri,No consta,2023,19.0
el barri gotic,Barri,Espanya,2023,8385.0
el barri gotic,Barri,Resta de la Unió Europea,2023,3281.0
el barri gotic,Barri,Resta del món,2023,12784.0
el barri gotic,Barri,No consta,2023,10.0
la barceloneta,Barri,Espanya,2023,8264.0
la barceloneta,Barri,Resta de la Unió Europea,2023,2619.0
la barceloneta,Barri,Resta del món,2023,3390.0
la barceloneta,Barri,No consta,2023,
sant pere santa caterina i la ribera,Barri,Espanya,2023,11764.0
sant pere santa caterina i la ribera,Barri,Resta de la Unió Europea,2023,4284.0
sant pere santa caterina i la ribera,Barri,Resta del món,2023,5989.0
sant pere santa caterina i la ribera,Barri,No consta,2023,
el fort pienc,Barri,Espanya,2023,23354.0
el fort pienc,Barri,Resta de la Unió Europea,2023,3445.0
el fort pienc,Barri,Resta del món,2023,7600.0
el fort pienc,Barri,No consta,2023,
la sagrada familia,Barri,Espanya,2023,38208.0
la sagrada familia,Barri,Resta de la Unió Europea,2023,4323.0
la sagrada familia,Barri,Resta del món,2023,9172.0
la sagrada familia,Barri,No consta,2023,9.0
la dreta de leixample,Barri,Espanya,2023,31090.0
la dreta de leixample,Barri,Resta de la Unió Europea,2023,5647.0
la dreta de leixample,Barri,Resta del món,2023,7359.0
la dreta de leixample,Barri,No consta,2023,9.0
lantiga esquerra de leixample,Barri,Espanya,2023,30600.0
lantiga esquerra de leixample,Barri,Resta de la Unió Europea,2023,4463.0
lantiga esquerra de leixample,Barri,Resta del món,2023,7674.0
lantiga esquerra de leixample,Barri,No consta,2023,14.0
la nova esquerra de leixample,Barri,Espanya,2023,44518.0
la nova esquerra de leixample,Barri,Resta de la Unió Europea,2023,4156.0
la nova esquerra de leixample,Barri,Resta del món,2023,8895.0
la nova esquerra de leixample,Barri,No consta,2023,15.0
sant antoni,Barri,Espanya,2023,28147.0
sant antoni,Barri,Resta de la Unió Europea,2023,3279.0
sant antoni,Barri,Resta del món,2023,6834.0
sant antoni,Barri,No consta,2023,9.0
el poble sec,Barri,Espanya,2023,25344.0
el poble sec,Barri,Resta de la Unió Europea,2023,4096.0
el poble sec,Barri,Resta del món,2023,9332.0
el poble sec,Barri,No consta,2023,6.0
la marina del prat vermell,Barri,Espanya,2023,1387.0
la marina del prat vermell,Barri,Resta de la Unió Europea,2023,86.0
la marina del prat vermell,Barri,Resta del món,2023,205.0
la marina del prat vermell,Barri,No consta,2023,
la marina de port,Barri,Espanya,2023,24880.0
la marina de port,Barri,Resta de la Unió Europea,2023,907.0
la marina de port,Barri,Resta del món,2023,4649.0
la marina de port,Barri,No consta,2023,
la font de la guatlla,Barri,Espanya,2023,7836.0
la font de la guatlla,Barri,Resta de la Unió Europea,2023,676.0
la font de la guatlla,Barri,Resta del món,2023,1980.0
la font de la guatlla,Barri,No consta,2023,7.0
hostafrancs,Barri,Espanya,2023,11595.0
hostafrancs,Barri,Resta de la Unió Europea,2023,1227.0
hostafrancs,Barri,Resta del món,2023,3143.0
hostafrancs,Barri,No consta,2023,
la bordeta,Barri,Espanya,2023,16219.0
la bordeta,Barri,Resta de la Unió Europea,2023,812.0
la bordeta,Barri,Resta del món,2023,2691.0
la bordeta,Barri,No consta,2023,6.0
sants badal,Barri,Espanya,2023,19081.0
sants badal,Barri,Resta de la Unió Europea,2023,948.0
sants badal,Barri,Resta del món,2023,4336.0
sants badal,Barri,No consta,2023,
sants,Barri,Espanya,2023,32879.0
sants,Barri,Resta de la Unió Europea,2023,2510.0
sants,Barri,Resta del món,2023,9108.0
sants,Barri,No consta,2023,11.0
les corts,Barri,Espanya,2023,38799.0
les corts,Barri,Resta de la Unió Europea,2023,2050.0
les corts,Barri,Resta del món,2023,5106.0
les corts,Barri,No consta,2023,10.0
la maternitat i sant ramon,Barri,Espanya,2023,20060.0
la maternitat i sant ramon,Barri,Resta de la Unió Europea,2023,977.0
la maternitat i sant ramon,Barri,Resta del món,2023,3015.0
la maternitat i sant ramon,Barri,No consta,2023,7.0
pedralbes,Barri,Espanya,2023,9723.0
pedralbes,Barri,Resta de la Unió Europea,2023,885.0
pedralbes,Barri,Resta del món,2023,1522.0
pedralbes,Barri,No consta,2023,
vallvidrera el tibidabo i les planes,Barri,Espanya,2023,4028.0
vallvidrera el tibidabo i les planes,Barri,Resta de la Unió Europea,2023,438.0
vallvidrera el tibidabo i les planes,Barri,Resta del món,2023,365.0
vallvidrera el tibidabo i les planes,Barri,No consta,2023,
sarria,Barri,Espanya,2023,20818.0
sarria,Barri,Resta de la Unió Europea,2023,1837.0
sarria,Barri,Resta del món,2023,2196.0
sarria,Barri,No consta,2023,7.0
les tres torres,Barri,Espanya,2023,14247.0
les tres torres,Barri,Resta de la Unió Europea,2023,755.0
les tres torres,Barri,Resta del món,2023,1272.0
les tres torres,Barri,No consta,2023,
sant gervasi la bonanova,Barri,Espanya,2023,21933.0
sant gervasi la bonanova,Barri,Resta de la Unió Europea,2023,1465.0
sant gervasi la bonanova,Barri,Resta del món,2023,2734.0
sant gervasi la bonanova,Barri,No consta,2023,
sant gervasi galvany,Barri,Espanya,2023,39587.0
sant gervasi galvany,Barri,Resta de la Unió Europea,2023,3216.0
sant gervasi galvany,Barri,Resta del món,2023,4861.0
sant gervasi galvany,Barri,No consta,2023,10.0
el putxet i el farro,Barri,Espanya,2023,24640.0
el putxet i el farro,Barri,Resta de la Unió Europea,2023,2081.0
el putxet i el farro,Barri,Resta del món,2023,3302.0
el putxet i el farro,Barri,No consta,2023,7.0
vallcarca i els penitents,Barri,Espanya,2023,13372.0
vallcarca i els penitents,Barri,Resta de la Unió Europea,2023,1059.0
vallcarca i els penitents,Barri,Resta del món,2023,1898.0
vallcarca i els penitents,Barri,No consta,2023,
el coll,Barri,Espanya,2023,6179.0
el coll,Barri,Resta de la Unió Europea,2023,431.0
el coll,Barri,Resta del món,2023,1130.0
el coll,Barri,No consta,2023,
la salut,Barri,Espanya,2023,11072.0
la salut,Barri,Resta de la Unió Europea,2023,915.0
la salut,Barri,Resta del món,2023,1501.0
la salut,Barri,No consta,2023,
la vila de gracia,Barri,Espanya,2023,36891.0
la vila de gracia,Barri,Resta de la Unió Europea,2023,5808.0
la vila de gracia,Barri,Resta del món,2023,7335.0
la vila de gracia,Barri,No consta,2023,14.0
el camp den grassot i gracia nova,Barri,Espanya,2023,27897.0
el camp den grassot i gracia nova,Barri,Resta de la Unió Europea,2023,2740.0
el camp den grassot i gracia nova,Barri,Resta del món,2023,4671.0
el camp den grassot i gracia nova,Barri,No consta,2023,11.0
el baix guinardo,Barri,Espanya,2023,20851.0
el baix guinardo,Barri,Resta de la Unió Europea,2023,1509.0
el baix guinardo,Barri,Resta del món,2023,3357.0
el baix guinardo,Barri,No consta,2023,
can baro,Barri,Espanya,2023,7526.0
can baro,Barri,Resta de la Unió Europea,2023,535.0
can baro,Barri,Resta del món,2023,1359.0
can baro,Barri,No consta,2023,
el guinardo,Barri,Espanya,2023,30475.0
el guinardo,Barri,Resta de la Unió Europea,2023,1872.0
el guinardo,Barri,Resta del món,2023,5224.0
el guinardo,Barri,No consta,2023,
la font den fargues,Barri,Espanya,2023,8785.0
la font den fargues,Barri,Resta de la Unió Europea,2023,311.0
la font den fargues,Barri,Resta del món,2023,613.0
la font den fargues,Barri,No consta,2023,
el carmel,Barri,Espanya,2023,25842.0
el carmel,Barri,Resta de la Unió Europea,2023,1110.0
el carmel,Barri,Resta del món,2023,5557.0
el carmel,Barri,No consta,2023,
la teixonera,Barri,Espanya,2023,9743.0
la teixonera,Barri,Resta de la Unió Europea,2023,426.0
la teixonera,Barri,Resta del món,2023,1917.0
la teixonera,Barri,No consta,2023,
sant genis dels agudells,Barri,Espanya,2023,5867.0
sant genis dels agudells,Barri,Resta de la Unió Europea,2023,237.0
sant genis dels agudells,Barri,Resta del món,2023,1281.0
sant genis dels agudells,Barri,No consta,2023,
montbau,Barri,Espanya,2023,4225.0
montbau,Barri,Resta de la Unió Europea,2023,181.0
montbau,Barri,Resta del món,2023,768.0
montbau,Barri,No consta,2023,
la vall dhebron,Barri,Espanya,2023,5214.0
la vall dhebron,Barri,Resta de la Unió Europea,2023,166.0
la vall dhebron,Barri,Resta del món,2023,494.0
la vall dhebron,Barri,No consta,2023,
la clota,Barri,Espanya,2023,597.0
la clota,Barri,Resta de la Unió Europea,2023,20.0
la clota,Barri,Resta del món,2023,82.0
horta,Barri,Espanya,2023,23574.0
horta,Barri,Resta de la Unió Europea,2023,703.0
horta,Barri,Resta del món,2023,5117.0
horta,Barri,No consta,2023,
vilapicina i la torre llobeta,Barri,Espanya,2023,21438.0
vilapicina i la torre llobeta,Barri,Resta de la Unió Europea,2023,673.0
vilapicina i la torre llobeta,Barri,Resta del món,2023,3805.0
vilapicina i la torre llobeta,Barri,No consta,2023,
porta,Barri,Espanya,2023,21069.0
porta,Barri,Resta de la Unió Europea,2023,661.0
porta,Barri,Resta del món,2023,7245.0
porta,Barri,No consta,2023,
el turo de la peira,Barri,Espanya,2023,12209.0
el turo de la peira,Barri,Resta de la Unió Europea,2023,331.0
el turo de la peira,Barri,Resta del món,2023,3751.0
el turo de la peira,Barri,No consta,2023,
can peguera,Barri,Espanya,2023,1971.0
can peguera,Barri,Resta de la Unió Europea,2023,21.0
can peguera,Barri,Resta del món,2023,178.0
la guineueta,Barri,Espanya,2023,13440.0
la guineueta,Barri,Resta de la Unió Europea,2023,263.0
la guineueta,Barri,Resta del món,2023,1557.0
la guineueta,Barri,No consta,2023,5.0
canyelles,Barri,Espanya,2023,6252.0
canyelles,Barri,Resta de la Unió Europea,2023,66.0
canyelles,Barri,Resta del món,2023,467.0
canyelles,Barri,No consta,2023,
les roquetes,Barri,Espanya,2023,12246.0
les roquetes,Barri,Resta de la Unió Europea,2023,405.0
les roquetes,Barri,Resta del món,2023,3871.0
les roquetes,Barri,No consta,2023,
verdun,Barri,Espanya,2023,9686.0
verdun,Barri,Resta de la Unió Europea,2023,311.0
verdun,Barri,Resta del món,2023,2777.0
verdun,Barri,No consta,2023,
la prosperitat,Barri,Espanya,2023,21673.0
la prosperitat,Barri,Resta de la Unió Europea,2023,531.0
la prosperitat,Barri,Resta del món,2023,4457.0
la prosperitat,Barri,No consta,2023,
la trinitat nova,Barri,Espanya,2023,5777.0
la trinitat nova,Barri,Resta de la Unió Europea,2023,127.0
la trinitat nova,Barri,Resta del món,2023,1720.0
la trinitat nova,Barri,No consta,2023,
torre baro,Barri,Espanya,2023,2335.0
torre baro,Barri,Resta de la Unió Europea,2023,80.0
torre baro,Barri,Resta del món,2023,524.0
torre baro,Barri,No consta,2023,
ciutat meridiana,Barri,Espanya,2023,7483.0
ciutat meridiana,Barri,Resta de la Unió Europea,2023,179.0
ciutat meridiana,Barri,Resta del món,2023,3195.0
ciutat meridiana,Barri,No consta,2023,
vallbona,Barri,Espanya,2023,1171.0
vallbona,Barri,Resta de la Unió Europea,2023,28.0
vallbona,Barri,Resta del món,2023,221.0
vallbona,Barri,No consta,2023,
la trinitat vella,Barri,Espanya,2023,7226.0
la trinitat vella,Barri,Resta de la Unió Europea,2023,291.0
la trinitat vella,Barri,Resta del món,2023,2769.0
la trinitat vella,Barri,No consta,2023,
baro de viver,Barri,Espanya,2023,2191.0
baro de viver,Barri,Resta de la Unió Europea,2023,41.0
baro de viver,Barri,Resta del món,2023,350.0
baro de viver,Barri,No consta,2023,
el bon pastor,Barri,Espanya,2023,10632.0
el bon pastor,Barri,Resta de la Unió Europea,2023,280.0
el bon pastor,Barri,Resta del món,2023,3522.0
el bon pastor,Barri,No consta,2023,
sant andreu,Barri,Espanya,2023,51747.0
sant andreu,Barri,Resta de la Unió Europea,2023,1217.0
sant andreu,Barri,Resta del món,2023,4936.0
sant andreu,Barri,No consta,2023,
la sagrera,Barri,Espanya,2023,24585.0
la sagrera,Barri,Resta de la Unió Europea,2023,983.0
la sagrera,Barri,Resta del món,2023,4336.0
la sagrera,Barri,No consta,2023,
el congres i els indians,Barri,Espanya,2023,12148.0
el congres i els indians,Barri,Resta de la Unió Europea,2023,507.0
el congres i els indians,Barri,Resta del món,2023,1966.0
el congres i els indians,Barri,No consta,2023,
navas,Barri,Espanya,2023,18201.0
navas,Barri,Resta de la Unió Europea,2023,881.0
navas,Barri,Resta del món,2023,2979.0
navas,Barri,No consta,2023,
el camp de larpa del clot,Barri,Espanya,2023,29706.0
el camp de larpa del clot,Barri,Resta de la Unió Europea,2023,2634.0
el camp de larpa del clot,Barri,Resta del món,2023,5998.0
el camp de larpa del clot,Barri,No consta,2023,5.0
el clot,Barri,Espanya,2023,21573.0
el clot,Barri,Resta de la Unió Europea,2023,1639.0
el clot,Barri,Resta del món,2023,3255.0
el clot,Barri,No consta,2023,
el parc i la llacuna del poblenou,Barri,Espanya,2023,11959.0
el parc i la llacuna del poblenou,Barri,Resta de la Unió Europea,2023,1827.0
el parc i la llacuna del poblenou,Barri,Resta del món,2023,2624.0
el parc i la llacuna del poblenou,Barri,No consta,2023,
la vila olimpica del poblenou,Barri,Espanya,2023,7253.0
la vila olimpica del poblenou,Barri,Resta de la Unió Europea,2023,1087.0
la vila olimpica del poblenou,Barri,Resta del món,2023,995.0
la vila olimpica del poblenou,Barri,No consta,2023,
el poblenou,Barri,Espanya,2023,26090.0
el poblenou,Barri,Resta de la Unió Europea,2023,3725.0
el poblenou,Barri,Resta del món,2023,4330.0
el poblenou,Barri,No consta,2023,6.0
diagonal mar i el front maritim del poblenou,Barri,Espanya,2023,10316.0
diagonal mar i el front maritim del poblenou,Barri,Resta de la Unió Europea,2023,1242.0
diagonal mar i el front maritim del poblenou,Barri,Resta del món,2023,1893.0
diagonal mar i el front maritim del poblenou,Barri,No consta,2023,
el besos i el maresme,Barri,Espanya,2023,17111.0
el besos i el maresme,Barri,Resta de la Unió Europea,2023,1032.0
el besos i el maresme,Barri,Resta del món,2023,9742.0
el besos i el maresme,Barri,No consta,2023,7.0
provencals del poblenou,Barri,Espanya,2023,17163.0
provencals del poblenou,Barri,Resta de la Unió Europea,2023,1278.0
provencals del poblenou,Barri,Resta del món,2023,2829.0
provencals del poblenou,Barri,No consta,2023,
sant marti de provencals,Barri,Espanya,2023,21702.0
sant marti de provencals,Barri,Resta de la Unió Europea,2023,897.0
sant marti de provencals,Barri,Resta del món,2023,3565.0
sant marti de provencals,Barri,No consta,2023,5.0
la verneda i la pau,Barri,Espanya,2023,24199.0
la verneda i la pau,Barri,Resta de la Unió Europea,2023,745.0
la verneda i la pau,Barri,Resta del món,2023,4304.0
la verneda i la pau,Barri,No consta,2023,
el raval,Barri,Espanya,2024,22634.0
el raval,Barri,Resta de la Unió Europea,2024,4840.0
el raval,Barri,Resta del món,2024,19440.0
el raval,Barri,No consta,2024,20.0
el barri gotic,Barri,Espanya,2024,8612.0
el barri gotic,Barri,Resta de la Unió Europea,2024,3402.0
el barri gotic,Barri,Resta del món,2024,15200.0
el barri gotic,Barri,No consta,2024,8.0
la barceloneta,Barri,Espanya,2024,8247.0
la barceloneta,Barri,Resta de la Unió Europea,2024,2675.0
la barceloneta,Barri,Resta del món,2024,3603.0
la barceloneta,Barri,No consta,2024,
sant pere santa caterina i la ribera,Barri,Espanya,2024,11653.0
sant pere santa caterina i la ribera,Barri,Resta de la Unió Europea,2024,4479.0
sant pere santa caterina i la ribera,Barri,Resta del món,2024,6338.0
sant pere santa caterina i la ribera,Barri,No consta,2024,
el fort pienc,Barri,Espanya,2024,23311.0
el fort pienc,Barri,Resta de la Unió Europea,2024,3788.0
el fort pienc,Barri,Resta del món,2024,9010.0
el fort pienc,Barri,No consta,2024,10.0
la sagrada familia,Barri,Espanya,2024,37999.0
la sagrada familia,Barri,Resta de la Unió Europea,2024,4684.0
la sagrada familia,Barri,Resta del món,2024,10131.0
la sagrada familia,Barri,No consta,2024,11.0
la dreta de leixample,Barri,Espanya,2024,30939.0
la dreta de leixample,Barri,Resta de la Unió Europea,2024,5932.0
la dreta de leixample,Barri,Resta del món,2024,8004.0
la dreta de leixample,Barri,No consta,2024,12.0
lantiga esquerra de leixample,Barri,Espanya,2024,30574.0
lantiga esquerra de leixample,Barri,Resta de la Unió Europea,2024,4691.0
lantiga esquerra de leixample,Barri,Resta del món,2024,8529.0
lantiga esquerra de leixample,Barri,No consta,2024,14.0
la nova esquerra de leixample,Barri,Espanya,2024,44384.0
la nova esquerra de leixample,Barri,Resta de la Unió Europea,2024,4412.0
la nova esquerra de leixample,Barri,Resta del món,2024,9481.0
la nova esquerra de leixample,Barri,No consta,2024,22.0
sant antoni,Barri,Espanya,2024,27923.0
sant antoni,Barri,Resta de la Unió Europea,2024,3575.0
sant antoni,Barri,Resta del món,2024,7189.0
sant antoni,Barri,No consta,2024,11.0
el poble sec,Barri,Espanya,2024,25210.0
el poble sec,Barri,Resta de la Unió Europea,2024,4315.0
el poble sec,Barri,Resta del món,2024,9643.0
el poble sec,Barri,No consta,2024,9.0
la marina del prat vermell,Barri,Espanya,2024,1513.0
la marina del prat vermell,Barri,Resta de la Unió Europea,2024,129.0
la marina del prat vermell,Barri,Resta del món,2024,335.0
la marina del prat vermell,Barri,No consta,2024,
la marina de port,Barri,Espanya,2024,24805.0
la marina de port,Barri,Resta de la Unió Europea,2024,973.0
la marina de port,Barri,Resta del món,2024,5181.0
la marina de port,Barri,No consta,2024,
la font de la guatlla,Barri,Espanya,2024,7877.0
la font de la guatlla,Barri,Resta de la Unió Europea,2024,710.0
la font de la guatlla,Barri,Resta del món,2024,2105.0
la font de la guatlla,Barri,No consta,2024,7.0
hostafrancs,Barri,Espanya,2024,11548.0
hostafrancs,Barri,Resta de la Unió Europea,2024,1277.0
hostafrancs,Barri,Resta del món,2024,3364.0
hostafrancs,Barri,No consta,2024,
la bordeta,Barri,Espanya,2024,16249.0
la bordeta,Barri,Resta de la Unió Europea,2024,908.0
la bordeta,Barri,Resta del món,2024,3232.0
la bordeta,Barri,No consta,2024,
sants badal,Barri,Espanya,2024,19211.0
sants badal,Barri,Resta de la Unió Europea,2024,1014.0
sants badal,Barri,Resta del món,2024,4704.0
sants badal,Barri,No consta,2024,
sants,Barri,Espanya,2024,33233.0
sants,Barri,Resta de la Unió Europea,2024,2661.0
sants,Barri,Resta del món,2024,11152.0
sants,Barri,No consta,2024,17.0
les corts,Barri,Espanya,2024,38627.0
les corts,Barri,Resta de la Unió Europea,2024,2239.0
les corts,Barri,Resta del món,2024,5861.0
les corts,Barri,No consta,2024,13.0
la maternitat i sant ramon,Barri,Espanya,2024,19982.0
la maternitat i sant ramon,Barri,Resta de la Unió Europea,2024,1041.0
la maternitat i sant ramon,Barri,Resta del món,2024,3288.0
la maternitat i sant ramon,Barri,No consta,2024,
pedralbes,Barri,Espanya,2024,9771.0
pedralbes,Barri,Resta de la Unió Europea,2024,980.0
pedralbes,Barri,Resta del món,2024,1747.0
pedralbes,Barri,No consta,2024,
vallvidrera el tibidabo i les planes,Barri,Espanya,2024,4013.0
vallvidrera el tibidabo i les planes,Barri,Resta de la Unió Europea,2024,463.0
vallvidrera el tibidabo i les planes,Barri,Resta del món,2024,424.0
vallvidrera el tibidabo i les planes,Barri,No consta,2024,
sarria,Barri,Espanya,2024,20736.0
sarria,Barri,Resta de la Unió Europea,2024,1941.0
sarria,Barri,Resta del món,2024,2433.0
sarria,Barri,No consta,2024,
les tres torres,Barri,Espanya,2024,14187.0
les tres torres,Barri,Resta de la Unió Europea,2024,801.0
les tres torres,Barri,Resta del món,2024,1403.0
les tres torres,Barri,No consta,2024,
sant gervasi la bonanova,Barri,Espanya,2024,22010.0
sant gervasi la bonanova,Barri,Resta de la Unió Europea,2024,1552.0
sant gervasi la bonanova,Barri,Resta del món,2024,3186.0
sant gervasi la bonanova,Barri,No consta,2024,
sant gervasi galvany,Barri,Espanya,2024,39361.0
sant gervasi galvany,Barri,Resta de la Unió Europea,2024,3360.0
sant gervasi galvany,Barri,Resta del món,2024,5663.0
sant gervasi galvany,Barri,No consta,2024,14.0
el putxet i el farro,Barri,Espanya,2024,24484.0
el putxet i el farro,Barri,Resta de la Unió Europea,2024,2268.0
el putxet i el farro,Barri,Resta del món,2024,3576.0
el putxet i el farro,Barri,No consta,2024,7.0
vallcarca i els penitents,Barri,Espanya,2024,13366.0
vallcarca i els penitents,Barri,Resta de la Unió Europea,2024,1133.0
vallcarca i els penitents,Barri,Resta del món,2024,2178.0
vallcarca i els penitents,Barri,No consta,2024,
el coll,Barri,Espanya,2024,6184.0
el coll,Barri,Resta de la Unió Europea,2024,492.0
el coll,Barri,Resta del món,2024,1267.0
el coll,Barri,No consta,2024,
la salut,Barri,Espanya,2024,11010.0
la salut,Barri,Resta de la Unió Europea,2024,974.0
la salut,Barri,Resta del món,2024,1693.0
la salut,Barri,No consta,2024,
la vila de gracia,Barri,Espanya,2024,36907.0
la vila de gracia,Barri,Resta de la Unió Europea,2024,6174.0
la vila de gracia,Barri,Resta del món,2024,7977.0
la vila de gracia,Barri,No consta,2024,17.0
el camp den grassot i gracia nova,Barri,Espanya,2024,27941.0
el camp den grassot i gracia nova,Barri,Resta de la Unió Europea,2024,3011.0
el camp den grassot i gracia nova,Barri,Resta del món,2024,5452.0
el camp den grassot i gracia nova,Barri,No consta,2024,8.0
el baix guinardo,Barri,Espanya,2024,20886.0
el baix guinardo,Barri,Resta de la Unió Europea,2024,1681.0
el baix guinardo,Barri,Resta del món,2024,3709.0
el baix guinardo,Barri,No consta,2024,
can baro,Barri,Espanya,2024,7577.0
can baro,Barri,Resta de la Unió Europea,2024,566.0
can baro,Barri,Resta del món,2024,1381.0
can baro,Barri,No consta,2024,
el guinardo,Barri,Espanya,2024,30417.0
el guinardo,Barri,Resta de la Unió Europea,2024,2037.0
el guinardo,Barri,Resta del món,2024,5696.0
el guinardo,Barri,No consta,2024,
la font den fargues,Barri,Espanya,2024,8792.0
la font den fargues,Barri,Resta de la Unió Europea,2024,338.0
la font den fargues,Barri,Resta del món,2024,707.0
la font den fargues,Barri,No consta,2024,
el carmel,Barri,Espanya,2024,25870.0
el carmel,Barri,Resta de la Unió Europea,2024,1193.0
el carmel,Barri,Resta del món,2024,5971.0
el carmel,Barri,No consta,2024,
la teixonera,Barri,Espanya,2024,9818.0
la teixonera,Barri,Resta de la Unió Europea,2024,486.0
la teixonera,Barri,Resta del món,2024,2128.0
la teixonera,Barri,No consta,2024,
sant genis dels agudells,Barri,Espanya,2024,5990.0
sant genis dels agudells,Barri,Resta de la Unió Europea,2024,275.0
sant genis dels agudells,Barri,Resta del món,2024,1501.0
sant genis dels agudells,Barri,No consta,2024,
montbau,Barri,Espanya,2024,4226.0
montbau,Barri,Resta de la Unió Europea,2024,196.0
montbau,Barri,Resta del món,2024,864.0
montbau,Barri,No consta,2024,
la vall dhebron,Barri,Espanya,2024,5184.0
la vall dhebron,Barri,Resta de la Unió Europea,2024,164.0
la vall dhebron,Barri,Resta del món,2024,541.0
la vall dhebron,Barri,No consta,2024,
la clota,Barri,Espanya,2024,730.0
la clota,Barri,Resta de la Unió Europea,2024,16.0
la clota,Barri,Resta del món,2024,95.0
horta,Barri,Espanya,2024,23704.0
horta,Barri,Resta de la Unió Europea,2024,787.0
horta,Barri,Resta del món,2024,6598.0
horta,Barri,No consta,2024,
vilapicina i la torre llobeta,Barri,Espanya,2024,21499.0
vilapicina i la torre llobeta,Barri,Resta de la Unió Europea,2024,734.0
vilapicina i la torre llobeta,Barri,Resta del món,2024,4057.0
vilapicina i la torre llobeta,Barri,No consta,2024,
porta,Barri,Espanya,2024,21505.0
porta,Barri,Resta de la Unió Europea,2024,696.0
porta,Barri,Resta del món,2024,9125.0
porta,Barri,No consta,2024,
el turo de la peira,Barri,Espanya,2024,12462.0
el turo de la peira,Barri,Resta de la Unió Europea,2024,367.0
el turo de la peira,Barri,Resta del món,2024,3987.0
el turo de la peira,Barri,No consta,2024,
can peguera,Barri,Espanya,2024,1963.0
can peguera,Barri,Resta de la Unió Europea,2024,28.0
can peguera,Barri,Resta del món,2024,189.0
la guineueta,Barri,Espanya,2024,13450.0
la guineueta,Barri,Resta de la Unió Europea,2024,286.0
la guineueta,Barri,Resta del món,2024,1636.0
la guineueta,Barri,No consta,2024,
canyelles,Barri,Espanya,2024,6211.0
canyelles,Barri,Resta de la Unió Europea,2024,59.0
canyelles,Barri,Resta del món,2024,526.0
canyelles,Barri,No consta,2024,
les roquetes,Barri,Espanya,2024,12320.0
les roquetes,Barri,Resta de la Unió Europea,2024,436.0
les roquetes,Barri,Resta del món,2024,4184.0
les roquetes,Barri,No consta,2024,
verdun,Barri,Espanya,2024,9908.0
verdun,Barri,Resta de la Unió Europea,2024,336.0
verdun,Barri,Resta del món,2024,2950.0
verdun,Barri,No consta,2024,
la prosperitat,Barri,Espanya,2024,21870.0
la prosperitat,Barri,Resta de la Unió Europea,2024,582.0
la prosperitat,Barri,Resta del món,2024,4838.0
la prosperitat,Barri,No consta,2024,
la trinitat nova,Barri,Espanya,2024,5806.0
la trinitat nova,Barri,Resta de la Unió Europea,2024,124.0
la trinitat nova,Barri,Resta del món,2024,1796.0
la trinitat nova,Barri,No consta,2024,
torre baro,Barri,Espanya,2024,2440.0
torre baro,Barri,Resta de la Unió Europea,2024,83.0
torre baro,Barri,Resta del món,2024,596.0
torre baro,Barri,No consta,2024,
ciutat meridiana,Barri,Espanya,2024,7644.0
ciutat meridiana,Barri,Resta de la Unió Europea,2024,166.0
ciutat meridiana,Barri,Resta del món,2024,3280.0
ciutat meridiana,Barri,No consta,2024,
vallbona,Barri,Espanya,2024,1187.0
vallbona,Barri,Resta de la Unió Europea,2024,24.0
vallbona,Barri,Resta del món,2024,225.0
vallbona,Barri,No consta,2024,
la trinitat vella,Barri,Espanya,2024,7394.0
la trinitat vella,Barri,Resta de la Unió Europea,2024,316.0
la trinitat vella,Barri,Resta del món,2024,2950.0
la trinitat vella,Barri,No consta,2024,
baro de viver,Barri,Espanya,2024,2188.0
baro de viver,Barri,Resta de la Unió Europea,2024,41.0
baro de viver,Barri,Resta del món,2024,383.0
baro de viver,Barri,No consta,2024,
el bon pastor,Barri,Espanya,2024,10870.0
el bon pastor,Barri,Resta de la Unió Europea,2024,338.0
el bon pastor,Barri,Resta del món,2024,4589.0
el bon pastor,Barri,No consta,2024,
sant andreu,Barri,Espanya,2024,51729.0
sant andreu,Barri,Resta de la Unió Europea,2024,1355.0
sant andreu,Barri,Resta del món,2024,5564.0
sant andreu,Barri,No consta,2024,
la sagrera,Barri,Espanya,2024,24563.0
la sagrera,Barri,Resta de la Unió Europea,2024,1102.0
la sagrera,Barri,Resta del món,2024,4724.0
la sagrera,Barri,No consta,2024,
el congres i els indians,Barri,Espanya,2024,12190.0
el congres i els indians,Barri,Resta de la Unió Europea,2024,584.0
el congres i els indians,Barri,Resta del món,2024,2169.0
el congres i els indians,Barri,No consta,2024,
navas,Barri,Espanya,2024,18221.0
navas,Barri,Resta de la Unió Europea,2024,986.0
navas,Barri,Resta del món,2024,3201.0
navas,Barri,No consta,2024,
el camp de larpa del clot,Barri,Espanya,2024,29710.0
el camp de larpa del clot,Barri,Resta de la Unió Europea,2024,2841.0
el camp de larpa del clot,Barri,Resta del món,2024,6503.0
el camp de larpa del clot,Barri,No consta,2024,6.0
el clot,Barri,Espanya,2024,21416.0
el clot,Barri,Resta de la Unió Europea,2024,1816.0
el clot,Barri,Resta del món,2024,3533.0
el clot,Barri,No consta,2024,
el parc i la llacuna del poblenou,Barri,Espanya,2024,12079.0
el parc i la llacuna del poblenou,Barri,Resta de la Unió Europea,2024,1929.0
el parc i la llacuna del poblenou,Barri,Resta del món,2024,3029.0
el parc i la llacuna del poblenou,Barri,No consta,2024,
la vila olimpica del poblenou,Barri,Espanya,2024,7181.0
la vila olimpica del poblenou,Barri,Resta de la Unió Europea,2024,1118.0
la vila olimpica del poblenou,Barri,Resta del món,2024,1063.0
la vila olimpica del poblenou,Barri,No consta,2024,
el poblenou,Barri,Espanya,2024,25779.0
el poblenou,Barri,Resta de la Unió Europea,2024,4005.0
el poblenou,Barri,Resta del món,2024,4775.0
el poblenou,Barri,No consta,2024,
diagonal mar i el front maritim del poblenou,Barri,Espanya,2024,10240.0
diagonal mar i el front maritim del poblenou,Barri,Resta de la Unió Europea,2024,1254.0
diagonal mar i el front maritim del poblenou,Barri,Resta del món,2024,1998.0
diagonal mar i el front maritim del poblenou,Barri,No consta,2024,
el besos i el maresme,Barri,Espanya,2024,17484.0
el besos i el maresme,Barri,Resta de la Unió Europea,2024,1193.0
el besos i el maresme,Barri,Resta del món,2024,11801.0
el besos i el maresme,Barri,No consta,2024,7.0
provencals del poblenou,Barri,Espanya,2024,17090.0
provencals del poblenou,Barri,Resta de la Unió Europea,2024,1360.0
provencals del poblenou,Barri,Resta del món,2024,3060.0
provencals del poblenou,Barri,No consta,2024,
sant marti de provencals,Barri,Espanya,2024,21602.0
sant marti de provencals,Barri,Resta de la Unió Europea,2024,993.0
sant marti de provencals,Barri,Resta del món,2024,3974.0
sant marti de provencals,Barri,No consta,2024,6.0
la verneda i la pau,Barri,Espanya,2024,24257.0
la verneda i la pau,Barri,Resta de la Unió Europea,2024,908.0
la verneda i la pau,Barri,Resta del món,2024,5178.0
la verneda i la pau,Barri,No consta,2024,
el raval,Barri,Espanya,2025,23364.0
el raval,Barri,Resta de la Unió Europea,2025,5064.0
el raval,Barri,Resta del món,2025,21471.0
el raval,Barri,No consta,2025,18.0
el barri gotic,Barri,Espanya,2025,8903.0
el barri gotic,Barri,Resta de la Unió Europea,2025,3415.0
el barri gotic,Barri,Resta del món,2025,15552.0
el barri gotic,Barri,No consta,2025,8.0
la barceloneta,Barri,Espanya,2025,8199.0
la barceloneta,Barri,Resta de la Unió Europea,2025,2753.0
la barceloneta,Barri,Resta del món,2025,3793.0
la barceloneta,Barri,No consta,2025,
sant pere santa caterina i la ribera,Barri,Espanya,2025,11667.0
sant pere santa caterina i la ribera,Barri,Resta de la Unió Europea,2025,4565.0
sant pere santa caterina i la ribera,Barri,Resta del món,2025,6526.0
sant pere santa caterina i la ribera,Barri,No consta,2025,9.0
el fort pienc,Barri,Espanya,2025,23397.0
el fort pienc,Barri,Resta de la Unió Europea,2025,4039.0
el fort pienc,Barri,Resta del món,2025,9175.0
el fort pienc,Barri,No consta,2025,10.0
la sagrada familia,Barri,Espanya,2025,37982.0
la sagrada familia,Barri,Resta de la Unió Europea,2025,5008.0
la sagrada familia,Barri,Resta del món,2025,10555.0
la sagrada familia,Barri,No consta,2025,10.0
la dreta de leixample,Barri,Espanya,2025,30740.0
la dreta de leixample,Barri,Resta de la Unió Europea,2025,6364.0
la dreta de leixample,Barri,Resta del món,2025,8546.0
la dreta de leixample,Barri,No consta,2025,17.0
lantiga esquerra de leixample,Barri,Espanya,2025,30495.0
lantiga esquerra de leixample,Barri,Resta de la Unió Europea,2025,4932.0
lantiga esquerra de leixample,Barri,Resta del món,2025,8577.0
lantiga esquerra de leixample,Barri,No consta,2025,17.0
la nova esquerra de leixample,Barri,Espanya,2025,44517.0
la nova esquerra de leixample,Barri,Resta de la Unió Europea,2025,4653.0
la nova esquerra de leixample,Barri,Resta del món,2025,9930.0
la nova esquerra de leixample,Barri,No consta,2025,22.0
sant antoni,Barri,Espanya,2025,27886.0
sant antoni,Barri,Resta de la Unió Europea,2025,3807.0
sant antoni,Barri,Resta del món,2025,7522.0
sant antoni,Barri,No consta,2025,8.0
el poble sec,Barri,Espanya,2025,25332.0
el poble sec,Barri,Resta de la Unió Europea,2025,4542.0
el poble sec,Barri,Resta del món,2025,10420.0
el poble sec,Barri,No consta,2025,6.0
la marina del prat vermell,Barri,Espanya,2025,2149.0
la marina del prat vermell,Barri,Resta de la Unió Europea,2025,214.0
la marina del prat vermell,Barri,Resta del món,2025,513.0
la marina del prat vermell,Barri,No consta,2025,
la marina de port,Barri,Espanya,2025,24805.0
la marina de port,Barri,Resta de la Unió Europea,2025,997.0
la marina de port,Barri,Resta del món,2025,5843.0
la marina de port,Barri,No consta,2025,
la font de la guatlla,Barri,Espanya,2025,7854.0
la font de la guatlla,Barri,Resta de la Unió Europea,2025,753.0
la font de la guatlla,Barri,Resta del món,2025,2250.0
la font de la guatlla,Barri,No consta,2025,
hostafrancs,Barri,Espanya,2025,11506.0
hostafrancs,Barri,Resta de la Unió Europea,2025,1360.0
hostafrancs,Barri,Resta del món,2025,3931.0
hostafrancs,Barri,No consta,2025,
la bordeta,Barri,Espanya,2025,16355.0
la bordeta,Barri,Resta de la Unió Europea,2025,985.0
la bordeta,Barri,Resta del món,2025,3895.0
la bordeta,Barri,No consta,2025,7.0
sants badal,Barri,Espanya,2025,19241.0
sants badal,Barri,Resta de la Unió Europea,2025,1088.0
sants badal,Barri,Resta del món,2025,5001.0
sants badal,Barri,No consta,2025,8.0
sants,Barri,Espanya,2025,33338.0
sants,Barri,Resta de la Unió Europea,2025,2816.0
sants,Barri,Resta del món,2025,11069.0
sants,Barri,No consta,2025,16.0
les corts,Barri,Espanya,2025,38614.0
les corts,Barri,Resta de la Unió Europea,2025,2314.0
les corts,Barri,Resta del món,2025,6117.0
les corts,Barri,No consta,2025,12.0
la maternitat i sant ramon,Barri,Espanya,2025,19980.0
la maternitat i sant ramon,Barri,Resta de la Unió Europea,2025,1147.0
la maternitat i sant ramon,Barri,Resta del món,2025,3559.0
la maternitat i sant ramon,Barri,No consta,2025,
pedralbes,Barri,Espanya,2025,9826.0
pedralbes,Barri,Resta de la Unió Europea,2025,1000.0
pedralbes,Barri,Resta del món,2025,1823.0
pedralbes,Barri,No consta,2025,
vallvidrera el tibidabo i les planes,Barri,Espanya,2025,4025.0
vallvidrera el tibidabo i les planes,Barri,Resta de la Unió Europea,2025,478.0
vallvidrera el tibidabo i les planes,Barri,Resta del món,2025,458.0
vallvidrera el tibidabo i les planes,Barri,No consta,2025,
sarria,Barri,Espanya,2025,20758.0
sarria,Barri,Resta de la Unió Europea,2025,2037.0
sarria,Barri,Resta del món,2025,2484.0
sarria,Barri,No consta,2025,
les tres torres,Barri,Espanya,2025,14053.0
les tres torres,Barri,Resta de la Unió Europea,2025,854.0
les tres torres,Barri,Resta del món,2025,1468.0
les tres torres,Barri,No consta,2025,
sant gervasi la bonanova,Barri,Espanya,2025,22013.0
sant gervasi la bonanova,Barri,Resta de la Unió Europea,2025,1606.0
sant gervasi la bonanova,Barri,Resta del món,2025,3210.0
sant gervasi la bonanova,Barri,No consta,2025,7.0
sant gervasi galvany,Barri,Espanya,2025,39564.0
sant gervasi galvany,Barri,Resta de la Unió Europea,2025,3661.0
sant gervasi galvany,Barri,Resta del món,2025,6225.0
sant gervasi galvany,Barri,No consta,2025,11.0
el putxet i el farro,Barri,Espanya,2025,24624.0
el putxet i el farro,Barri,Resta de la Unió Europea,2025,2370.0
el putxet i el farro,Barri,Resta del món,2025,3761.0
el putxet i el farro,Barri,No consta,2025,
vallcarca i els penitents,Barri,Espanya,2025,13361.0
vallcarca i els penitents,Barri,Resta de la Unió Europea,2025,1226.0
vallcarca i els penitents,Barri,Resta del món,2025,2331.0
vallcarca i els penitents,Barri,No consta,2025,
el coll,Barri,Espanya,2025,6207.0
el coll,Barri,Resta de la Unió Europea,2025,554.0
el coll,Barri,Resta del món,2025,1330.0
el coll,Barri,No consta,2025,
la salut,Barri,Espanya,2025,11100.0
la salut,Barri,Resta de la Unió Europea,2025,1051.0
la salut,Barri,Resta del món,2025,1864.0
la salut,Barri,No consta,2025,
la vila de gracia,Barri,Espanya,2025,37036.0
la vila de gracia,Barri,Resta de la Unió Europea,2025,6391.0
la vila de gracia,Barri,Resta del món,2025,8385.0
la vila de gracia,Barri,No consta,2025,21.0
el camp den grassot i gracia nova,Barri,Espanya,2025,27979.0
el camp den grassot i gracia nova,Barri,Resta de la Unió Europea,2025,3088.0
el camp den grassot i gracia nova,Barri,Resta del món,2025,5668.0
el camp den grassot i gracia nova,Barri,No consta,2025,8.0
el baix guinardo,Barri,Espanya,2025,20855.0
el baix guinardo,Barri,Resta de la Unió Europea,2025,1763.0
el baix guinardo,Barri,Resta del món,2025,3912.0
el baix guinardo,Barri,No consta,2025,6.0
can baro,Barri,Espanya,2025,7548.0
can baro,Barri,Resta de la Unió Europea,2025,615.0
can baro,Barri,Resta del món,2025,1508.0
can baro,Barri,No consta,2025,
el guinardo,Barri,Espanya,2025,30675.0
el guinardo,Barri,Resta de la Unió Europea,2025,2197.0
el guinardo,Barri,Resta del món,2025,6185.0
el guinardo,Barri,No consta,2025,
la font den fargues,Barri,Espanya,2025,8781.0
la font den fargues,Barri,Resta de la Unió Europea,2025,348.0
la font den fargues,Barri,Resta del món,2025,823.0
la font den fargues,Barri,No consta,2025,
el carmel,Barri,Espanya,2025,25939.0
el carmel,Barri,Resta de la Unió Europea,2025,1263.0
el carmel,Barri,Resta del món,2025,6488.0
el carmel,Barri,No consta,2025,
la teixonera,Barri,Espanya,2025,9772.0
la teixonera,Barri,Resta de la Unió Europea,2025,514.0
la teixonera,Barri,Resta del món,2025,2319.0
la teixonera,Barri,No consta,2025,
sant genis dels agudells,Barri,Espanya,2025,6014.0
sant genis dels agudells,Barri,Resta de la Unió Europea,2025,292.0
sant genis dels agudells,Barri,Resta del món,2025,1519.0
sant genis dels agudells,Barri,No consta,2025,
montbau,Barri,Espanya,2025,4191.0
montbau,Barri,Resta de la Unió Europea,2025,213.0
montbau,Barri,Resta del món,2025,939.0
montbau,Barri,No consta,2025,
la vall dhebron,Barri,Espanya,2025,5224.0
la vall dhebron,Barri,Resta de la Unió Europea,2025,190.0
la vall dhebron,Barri,Resta del món,2025,576.0
la vall dhebron,Barri,No consta,2025,
la clota,Barri,Espanya,2025,892.0
la clota,Barri,Resta de la Unió Europea,2025,34.0
la clota,Barri,Resta del món,2025,145.0
horta,Barri,Espanya,2025,23881.0
horta,Barri,Resta de la Unió Europea,2025,867.0
horta,Barri,Resta del món,2025,6510.0
horta,Barri,No consta,2025,
vilapicina i la torre llobeta,Barri,Espanya,2025,21537.0
vilapicina i la torre llobeta,Barri,Resta de la Unió Europea,2025,804.0
vilapicina i la torre llobeta,Barri,Resta del món,2025,4203.0
vilapicina i la torre llobeta,Barri,No consta,2025,
porta,Barri,Espanya,2025,21565.0
porta,Barri,Resta de la Unió Europea,2025,713.0
porta,Barri,Resta del món,2025,9081.0
porta,Barri,No consta,2025,
el turo de la peira,Barri,Espanya,2025,12679.0
el turo de la peira,Barri,Resta de la Unió Europea,2025,427.0
el turo de la peira,Barri,Resta del món,2025,4345.0
el turo de la peira,Barri,No consta,2025,5.0
can peguera,Barri,Espanya,2025,1935.0
can peguera,Barri,Resta de la Unió Europea,2025,31.0
can peguera,Barri,Resta del món,2025,204.0
la guineueta,Barri,Espanya,2025,13512.0
la guineueta,Barri,Resta de la Unió Europea,2025,296.0
la guineueta,Barri,Resta del món,2025,1847.0
la guineueta,Barri,No consta,2025,
canyelles,Barri,Espanya,2025,6208.0
canyelles,Barri,Resta de la Unió Europea,2025,56.0
canyelles,Barri,Resta del món,2025,552.0
canyelles,Barri,No consta,2025,
les roquetes,Barri,Espanya,2025,12442.0
les roquetes,Barri,Resta de la Unió Europea,2025,453.0
les roquetes,Barri,Resta del món,2025,4425.0
les roquetes,Barri,No consta,2025,
verdun,Barri,Espanya,2025,10086.0
verdun,Barri,Resta de la Unió Europea,2025,368.0
verdun,Barri,Resta del món,2025,3057.0
verdun,Barri,No consta,2025,
la prosperitat,Barri,Espanya,2025,21998.0
la prosperitat,Barri,Resta de la Unió Europea,2025,692.0
la prosperitat,Barri,Resta del món,2025,5230.0
la prosperitat,Barri,No consta,2025,
la trinitat nova,Barri,Espanya,2025,5953.0
la trinitat nova,Barri,Resta de la Unió Europea,2025,141.0
la trinitat nova,Barri,Resta del món,2025,1871.0
la trinitat nova,Barri,No consta,2025,
torre baro,Barri,Espanya,2025,2532.0
torre baro,Barri,Resta de la Unió Europea,2025,89.0
torre baro,Barri,Resta del món,2025,603.0
torre baro,Barri,No consta,2025,
ciutat meridiana,Barri,Espanya,2025,7821.0
ciutat meridiana,Barri,Resta de la Unió Europea,2025,168.0
ciutat meridiana,Barri,Resta del món,2025,3362.0
ciutat meridiana,Barri,No consta,2025,
vallbona,Barri,Espanya,2025,1183.0
vallbona,Barri,Resta de la Unió Europea,2025,25.0
vallbona,Barri,Resta del món,2025,244.0
vallbona,Barri,No consta,2025,
la trinitat vella,Barri,Espanya,2025,7625.0
la trinitat vella,Barri,Resta de la Unió Europea,2025,352.0
la trinitat vella,Barri,Resta del món,2025,3183.0
la trinitat vella,Barri,No consta,2025,
baro de viver,Barri,Espanya,2025,2182.0
baro de viver,Barri,Resta de la Unió Europea,2025,55.0
baro de viver,Barri,Resta del món,2025,441.0
baro de viver,Barri,No consta,2025,
el bon pastor,Barri,Espanya,2025,10985.0
el bon pastor,Barri,Resta de la Unió Europea,2025,329.0
el bon pastor,Barri,Resta del món,2025,4603.0
el bon pastor,Barri,No consta,2025,
sant andreu,Barri,Espanya,2025,51665.0
sant andreu,Barri,Resta de la Unió Europea,2025,1477.0
sant andreu,Barri,Resta del món,2025,5842.0
sant andreu,Barri,No consta,2025,
la sagrera,Barri,Espanya,2025,24535.0
la sagrera,Barri,Resta de la Unió Europea,2025,1212.0
la sagrera,Barri,Resta del món,2025,5213.0
la sagrera,Barri,No consta,2025,5.0
el congres i els indians,Barri,Espanya,2025,12319.0
el congres i els indians,Barri,Resta de la Unió Europea,2025,649.0
el congres i els indians,Barri,Resta del món,2025,2203.0
el congres i els indians,Barri,No consta,2025,
navas,Barri,Espanya,2025,18188.0
navas,Barri,Resta de la Unió Europea,2025,1181.0
navas,Barri,Resta del món,2025,3416.0
navas,Barri,No consta,2025,5.0
el camp de larpa del clot,Barri,Espanya,2025,29790.0
el camp de larpa del clot,Barri,Resta de la Unió Europea,2025,3101.0
el camp de larpa del clot,Barri,Resta del món,2025,6907.0
el camp de larpa del clot,Barri,No consta,2025,6.0
el clot,Barri,Espanya,2025,21342.0
el clot,Barri,Resta de la Unió Europea,2025,1902.0
el clot,Barri,Resta del món,2025,3858.0
el clot,Barri,No consta,2025,
el parc i la llacuna del poblenou,Barri,Espanya,2025,12209.0
el parc i la llacuna del poblenou,Barri,Resta de la Unió Europea,2025,2014.0
el parc i la llacuna del poblenou,Barri,Resta del món,2025,3378.0
el parc i la llacuna del poblenou,Barri,No consta,2025,
la vila olimpica del poblenou,Barri,Espanya,2025,7086.0
la vila olimpica del poblenou,Barri,Resta de la Unió Europea,2025,1187.0
la vila olimpica del poblenou,Barri,Resta del món,2025,1070.0
la vila olimpica del poblenou,Barri,No consta,2025,
el poblenou,Barri,Espanya,2025,25577.0
el poblenou,Barri,Resta de la Unió Europea,2025,4267.0
el poblenou,Barri,Resta del món,2025,4968.0
el poblenou,Barri,No consta,2025,6.0
diagonal mar i el front maritim del poblenou,Barri,Espanya,2025,10225.0
diagonal mar i el front maritim del poblenou,Barri,Resta de la Unió Europea,2025,1330.0
diagonal mar i el front maritim del poblenou,Barri,Resta del món,2025,2133.0
diagonal mar i el front maritim del poblenou,Barri,No consta,2025,
el besos i el maresme,Barri,Espanya,2025,17670.0
el besos i el maresme,Barri,Resta de la Unió Europea,2025,1221.0
el besos i el maresme,Barri,Resta del món,2025,11827.0
el besos i el maresme,Barri,No consta,2025,6.0
provencals del poblenou,Barri,Espanya,2025,17124.0
provencals del poblenou,Barri,Resta de la Unió Europea,2025,1450.0
provencals del poblenou,Barri,Resta del món,2025,3326.0
provencals del poblenou,Barri,No consta,2025,
sant marti de provencals,Barri,Espanya,2025,21565.0
sant marti de provencals,Barri,Resta de la Unió Europea,2025,1099.0
sant marti de provencals,Barri,Resta del món,2025,4307.0
sant marti de provencals,Barri,No consta,2025,5.0
la verneda i la pau,Barri,Espanya,2025,24318.0
la verneda i la pau,Barri,Resta de la Unió Europea,2025,996.0
la verneda i la pau,Barri,Resta del món,2025,5857.0
la verneda i la pau,Barri,No consta,2025,
